best_residual,bezout,case,degree,duplicates,engine,extract_seconds,failures,json,median_residual,n,requested_count,requested_roots,returncode,seed_index,stderr_tail,stdout_tail,success,total_seconds,trials_used,unique_roots,wall_seconds,worst_residual
3.856686919844596e-14,4,"2,2",2,3,200,0.026159048080444336,0,/Users/ivanbesevic/Documents/poussiere/benchmarks/200_201_300_complete/200_ks2x2_seed0.json,6.39357212216029e-13,2,4,4,0,0,,"========================================================================================================================
200 autonomous 118-BACKBONE + EQUAL-VALUE SAFE + GATED FINITE-SLOPE HALLEY NumPy Pandrosion
No dependency on previous Python scripts; 118-style homothetic/Mobius starts + 120 equal-value-safe probes + gated finite-slope Halley correction; no Newton/Jacobian fallback path.
========================================================================================================================
case=ks(2,2), seed=125315038, terms=12, Bezout=4
roots=4/4 success=True trials=7 duplicates=3 failures=0
seconds: generation=0.03, extract=0.03, total=0.05
best_root: residual=3.032e-10, trial=0, Lambda=1.2339460808244847e-06, theta=0.0, startopt_ratio=0.9999999865744338
out=/Users/ivanbesevic/Documents/poussiere/benchmarks/200_201_300_complete/200_ks2x2_seed0.json
",True,0.05467510223388672,7,4,0.11748623847961426,3.032053520973002e-10
1.3472327678558681e-13,4,"2,2",2,3,201,0.02524280548095703,0,/Users/ivanbesevic/Documents/poussiere/benchmarks/200_201_300_complete/201_ks2x2_seed0.json,3.478942424410843e-12,2,4,4,0,0,,"========================================================================================================================
201 autonomous LOG-STABLE OPTIMAL-PROBE TENSOR-HALLEY NumPy Pandrosion
No dependency on previous Python scripts; 118/120/200 backbone + logarithmic stability + optimal-probe energy + tensorial gated finite-slope Halley; no Newton/Jacobian fallback path.
========================================================================================================================
case=ks(2,2), seed=125315038, terms=12, Bezout=4
roots=4/4 success=True trials=7 duplicates=3 failures=0
seconds: generation=0.01, extract=0.03, total=0.03
best_root: residual=5.170e-10, trial=0, Lambda=1.2339460808244847e-06, theta=0.0, startopt_ratio=0.9999999865744338
out=/Users/ivanbesevic/Documents/poussiere/benchmarks/200_201_300_complete/201_ks2x2_seed0.json
",True,0.03332996368408203,7,4,0.08671784400939941,5.169912724924825e-10
3.955339950528449e-15,4,"2,2",2,3,300,0.03423905372619629,0,/Users/ivanbesevic/Documents/poussiere/benchmarks/200_201_300_complete/300_ks2x2_seed0.json,1.3767110044153404e-09,2,4,4,0,0,,"========================================================================================================================
300 autonomous ATLAS-GEODESIC INVERSE-JET NumPy Pandrosion
No dependency on previous Python scripts; 118/120/200 backbone + logarithmic stability + optimal-probe energy + tensorial gated finite-slope Halley; no Newton/Jacobian fallback path.
========================================================================================================================
case=ks(2,2), seed=125315038, terms=12, Bezout=4
roots=4/4 success=True trials=7 duplicates=3 failures=0
seconds: generation=0.01, extract=0.03, total=0.04
best_root: residual=2.906e-09, trial=0, Lambda=1.2339460808244847e-06, theta=0.0, startopt_ratio=0.9999999865744338
out=/Users/ivanbesevic/Documents/poussiere/benchmarks/200_201_300_complete/300_ks2x2_seed0.json
",True,0.04247403144836426,7,4,0.09560108184814453,2.906378732575794e-09
2.8441001681421824e-16,4,"2,2",2,3,200,0.021759986877441406,0,/Users/ivanbesevic/Documents/poussiere/benchmarks/200_201_300_complete/200_ks2x2_seed1.json,2.561164539358973e-14,2,4,4,0,1,,"========================================================================================================================
200 autonomous 118-BACKBONE + EQUAL-VALUE SAFE + GATED FINITE-SLOPE HALLEY NumPy Pandrosion
No dependency on previous Python scripts; 118-style homothetic/Mobius starts + 120 equal-value-safe probes + gated finite-slope Halley correction; no Newton/Jacobian fallback path.
========================================================================================================================
case=ks(2,2), seed=1102160111, terms=12, Bezout=4
roots=4/4 success=True trials=7 duplicates=3 failures=0
seconds: generation=0.01, extract=0.02, total=0.03
best_root: residual=1.762e-10, trial=2, Lambda=1048576.0, theta=164.0, startopt_ratio=0.007225009081018349
out=/Users/ivanbesevic/Documents/poussiere/benchmarks/200_201_300_complete/200_ks2x2_seed1.json
",True,0.030334949493408203,7,4,0.08253312110900879,1.761532548143407e-10
5.155369359468229e-16,4,"2,2",2,3,201,0.022644996643066406,0,/Users/ivanbesevic/Documents/poussiere/benchmarks/200_201_300_complete/201_ks2x2_seed1.json,7.11392364266206e-14,2,4,4,0,1,,"========================================================================================================================
201 autonomous LOG-STABLE OPTIMAL-PROBE TENSOR-HALLEY NumPy Pandrosion
No dependency on previous Python scripts; 118/120/200 backbone + logarithmic stability + optimal-probe energy + tensorial gated finite-slope Halley; no Newton/Jacobian fallback path.
========================================================================================================================
case=ks(2,2), seed=1102160111, terms=12, Bezout=4
roots=4/4 success=True trials=7 duplicates=3 failures=0
seconds: generation=0.01, extract=0.02, total=0.03
best_root: residual=2.157e-10, trial=2, Lambda=1048576.0, theta=164.0, startopt_ratio=0.007225009081018349
out=/Users/ivanbesevic/Documents/poussiere/benchmarks/200_201_300_complete/201_ks2x2_seed1.json
",True,0.03155875205993652,7,4,0.08491110801696777,2.15650841840864e-10
3.787898901196402e-16,4,"2,2",2,3,300,0.03203415870666504,0,/Users/ivanbesevic/Documents/poussiere/benchmarks/200_201_300_complete/300_ks2x2_seed1.json,7.002798094399643e-11,2,4,4,0,1,,"========================================================================================================================
300 autonomous ATLAS-GEODESIC INVERSE-JET NumPy Pandrosion
No dependency on previous Python scripts; 118/120/200 backbone + logarithmic stability + optimal-probe energy + tensorial gated finite-slope Halley; no Newton/Jacobian fallback path.
========================================================================================================================
case=ks(2,2), seed=1102160111, terms=12, Bezout=4
roots=4/4 success=True trials=7 duplicates=3 failures=0
seconds: generation=0.01, extract=0.03, total=0.04
best_root: residual=3.788e-16, trial=2, Lambda=1048576.0, theta=164.0, startopt_ratio=0.007225009081018349
out=/Users/ivanbesevic/Documents/poussiere/benchmarks/200_201_300_complete/300_ks2x2_seed1.json
",True,0.0411069393157959,7,4,0.09391999244689941,7.005316912609489e-09
3.247402347028583e-15,4,"2,2",2,4,200,0.030303955078125,2,/Users/ivanbesevic/Documents/poussiere/benchmarks/200_201_300_complete/200_ks2x2_seed2.json,2.868905078076444e-11,2,4,4,0,2,,"========================================================================================================================
200 autonomous 118-BACKBONE + EQUAL-VALUE SAFE + GATED FINITE-SLOPE HALLEY NumPy Pandrosion
No dependency on previous Python scripts; 118-style homothetic/Mobius starts + 120 equal-value-safe probes + gated finite-slope Halley correction; no Newton/Jacobian fallback path.
========================================================================================================================
case=ks(2,2), seed=1416315366, terms=12, Bezout=4
roots=4/4 success=True trials=10 duplicates=4 failures=2
seconds: generation=0.01, extract=0.03, total=0.04
best_root: residual=3.187e-14, trial=9, Lambda=1048576.0, theta=24.000000000000004, startopt_ratio=0.001224992337621971
out=/Users/ivanbesevic/Documents/poussiere/benchmarks/200_201_300_complete/200_ks2x2_seed2.json
",True,0.03893876075744629,10,4,0.09104514122009277,7.572684128450162e-09
3.927683650008203e-16,4,"2,2",2,4,201,0.03207588195800781,2,/Users/ivanbesevic/Documents/poussiere/benchmarks/200_201_300_complete/201_ks2x2_seed2.json,1.3746771448506478e-13,2,4,4,0,2,,"========================================================================================================================
201 autonomous LOG-STABLE OPTIMAL-PROBE TENSOR-HALLEY NumPy Pandrosion
No dependency on previous Python scripts; 118/120/200 backbone + logarithmic stability + optimal-probe energy + tensorial gated finite-slope Halley; no Newton/Jacobian fallback path.
========================================================================================================================
case=ks(2,2), seed=1416315366, terms=12, Bezout=4
roots=4/4 success=True trials=10 duplicates=4 failures=2
seconds: generation=0.01, extract=0.03, total=0.04
best_root: residual=1.375e-13, trial=9, Lambda=1048576.0, theta=24.000000000000004, startopt_ratio=0.001224992337621971
out=/Users/ivanbesevic/Documents/poussiere/benchmarks/200_201_300_complete/201_ks2x2_seed2.json
",True,0.04092073440551758,10,4,0.09356689453125,7.141009937724729e-11
9.42055475210265e-16,4,"2,2",2,4,300,0.04147195816040039,2,/Users/ivanbesevic/Documents/poussiere/benchmarks/200_201_300_complete/300_ks2x2_seed2.json,1.5220441239056762e-14,2,4,4,0,2,,"========================================================================================================================
300 autonomous ATLAS-GEODESIC INVERSE-JET NumPy Pandrosion
No dependency on previous Python scripts; 118/120/200 backbone + logarithmic stability + optimal-probe energy + tensorial gated finite-slope Halley; no Newton/Jacobian fallback path.
========================================================================================================================
case=ks(2,2), seed=1416315366, terms=12, Bezout=4
roots=4/4 success=True trials=10 duplicates=4 failures=2
seconds: generation=0.01, extract=0.04, total=0.05
best_root: residual=9.421e-16, trial=9, Lambda=1048576.0, theta=24.000000000000004, startopt_ratio=0.001224992337621971
out=/Users/ivanbesevic/Documents/poussiere/benchmarks/200_201_300_complete/300_ks2x2_seed2.json
",True,0.04975318908691406,10,4,0.1026759147644043,4.775792176388215e-10
5.008035812649783e-16,4,"2,2",2,11,200,0.05171394348144531,3,/Users/ivanbesevic/Documents/poussiere/benchmarks/200_201_300_complete/200_ks2x2_seed3.json,9.630824789273724e-16,2,4,4,0,3,,"========================================================================================================================
200 autonomous 118-BACKBONE + EQUAL-VALUE SAFE + GATED FINITE-SLOPE HALLEY NumPy Pandrosion
No dependency on previous Python scripts; 118-style homothetic/Mobius starts + 120 equal-value-safe probes + gated finite-slope Halley correction; no Newton/Jacobian fallback path.
========================================================================================================================
case=ks(2,2), seed=1103600935, terms=12, Bezout=4
roots=4/4 success=True trials=18 duplicates=11 failures=3
seconds: generation=0.01, extract=0.05, total=0.06
best_root: residual=5.217e-16, trial=7, Lambda=488957.28170624166, theta=18.0, startopt_ratio=0.3364000542187284
out=/Users/ivanbesevic/Documents/poussiere/benchmarks/200_201_300_complete/200_ks2x2_seed3.json
",True,0.059949636459350586,18,4,0.11263680458068848,1.0503202712244532e-15
2.8576114088871287e-16,4,"2,2",2,11,201,0.05279898643493652,3,/Users/ivanbesevic/Documents/poussiere/benchmarks/200_201_300_complete/201_ks2x2_seed3.json,4.967007407645019e-16,2,4,4,0,3,,"========================================================================================================================
201 autonomous LOG-STABLE OPTIMAL-PROBE TENSOR-HALLEY NumPy Pandrosion
No dependency on previous Python scripts; 118/120/200 backbone + logarithmic stability + optimal-probe energy + tensorial gated finite-slope Halley; no Newton/Jacobian fallback path.
========================================================================================================================
case=ks(2,2), seed=1103600935, terms=12, Bezout=4
roots=4/4 success=True trials=18 duplicates=11 failures=3
seconds: generation=0.01, extract=0.05, total=0.06
best_root: residual=2.858e-16, trial=7, Lambda=488957.28170624166, theta=18.0, startopt_ratio=0.3364000542187284
out=/Users/ivanbesevic/Documents/poussiere/benchmarks/200_201_300_complete/201_ks2x2_seed3.json
",True,0.061232805252075195,18,4,0.1152029037475586,3.1313406925571506e-15
5.367672863358296e-16,4,"2,2",2,11,300,0.07261180877685547,3,/Users/ivanbesevic/Documents/poussiere/benchmarks/200_201_300_complete/300_ks2x2_seed3.json,5.450640484503822e-10,2,4,4,0,3,,"========================================================================================================================
300 autonomous ATLAS-GEODESIC INVERSE-JET NumPy Pandrosion
No dependency on previous Python scripts; 118/120/200 backbone + logarithmic stability + optimal-probe energy + tensorial gated finite-slope Halley; no Newton/Jacobian fallback path.
========================================================================================================================
case=ks(2,2), seed=1103600935, terms=12, Bezout=4
roots=4/4 success=True trials=18 duplicates=11 failures=3
seconds: generation=0.01, extract=0.07, total=0.08
best_root: residual=5.368e-16, trial=7, Lambda=488957.28170624166, theta=18.0, startopt_ratio=0.3364000542187284
out=/Users/ivanbesevic/Documents/poussiere/benchmarks/200_201_300_complete/300_ks2x2_seed3.json
",True,0.08090400695800781,18,4,0.134674072265625,3.6705151240363143e-09
6.591583993652515e-16,4,"2,2",2,7,200,0.036164045333862305,2,/Users/ivanbesevic/Documents/poussiere/benchmarks/200_201_300_complete/200_ks2x2_seed4.json,6.104200773166884e-14,2,4,4,0,4,,"========================================================================================================================
200 autonomous 118-BACKBONE + EQUAL-VALUE SAFE + GATED FINITE-SLOPE HALLEY NumPy Pandrosion
No dependency on previous Python scripts; 118-style homothetic/Mobius starts + 120 equal-value-safe probes + gated finite-slope Halley correction; no Newton/Jacobian fallback path.
========================================================================================================================
case=ks(2,2), seed=809515332, terms=12, Bezout=4
roots=4/4 success=True trials=13 duplicates=7 failures=2
seconds: generation=0.01, extract=0.04, total=0.04
best_root: residual=6.104e-14, trial=0, Lambda=1.2339460808244847e-06, theta=0.0, startopt_ratio=0.999999991585299
out=/Users/ivanbesevic/Documents/poussiere/benchmarks/200_201_300_complete/200_ks2x2_seed4.json
",True,0.044363975524902344,13,4,0.09663605690002441,1.1974125565724708e-09
1.6476622377199301e-15,4,"2,2",2,7,201,0.037294864654541016,2,/Users/ivanbesevic/Documents/poussiere/benchmarks/200_201_300_complete/201_ks2x2_seed4.json,1.798634820682585e-13,2,4,4,0,4,,"========================================================================================================================
201 autonomous LOG-STABLE OPTIMAL-PROBE TENSOR-HALLEY NumPy Pandrosion
No dependency on previous Python scripts; 118/120/200 backbone + logarithmic stability + optimal-probe energy + tensorial gated finite-slope Halley; no Newton/Jacobian fallback path.
========================================================================================================================
case=ks(2,2), seed=809515332, terms=12, Bezout=4
roots=4/4 success=True trials=13 duplicates=7 failures=2
seconds: generation=0.01, extract=0.04, total=0.05
best_root: residual=1.799e-13, trial=0, Lambda=1.2339460808244847e-06, theta=0.0, startopt_ratio=0.999999991585299
out=/Users/ivanbesevic/Documents/poussiere/benchmarks/200_201_300_complete/201_ks2x2_seed4.json
",True,0.04545092582702637,13,4,0.10246777534484863,2.2190948521745726e-09
6.119333386465384e-15,4,"2,2",2,7,300,0.050431013107299805,2,/Users/ivanbesevic/Documents/poussiere/benchmarks/200_201_300_complete/300_ks2x2_seed4.json,1.2314337993885325e-09,2,4,4,0,4,,"========================================================================================================================
300 autonomous ATLAS-GEODESIC INVERSE-JET NumPy Pandrosion
No dependency on previous Python scripts; 118/120/200 backbone + logarithmic stability + optimal-probe energy + tensorial gated finite-slope Halley; no Newton/Jacobian fallback path.
========================================================================================================================
case=ks(2,2), seed=809515332, terms=12, Bezout=4
roots=4/4 success=True trials=13 duplicates=7 failures=2
seconds: generation=0.01, extract=0.05, total=0.06
best_root: residual=8.425e-09, trial=0, Lambda=1.2339460808244847e-06, theta=0.0, startopt_ratio=0.999999991585299
out=/Users/ivanbesevic/Documents/poussiere/benchmarks/200_201_300_complete/300_ks2x2_seed4.json
",True,0.05896615982055664,13,4,0.11210989952087402,8.424878441119931e-09
1.7979101253009106e-15,9,"2,3",3,95,200,0.37460780143737793,5,/Users/ivanbesevic/Documents/poussiere/benchmarks/200_201_300_complete/200_ks2x3_seed0.json,7.119751817619263e-13,2,9,9,0,0,,"========================================================================================================================
200 autonomous 118-BACKBONE + EQUAL-VALUE SAFE + GATED FINITE-SLOPE HALLEY NumPy Pandrosion
No dependency on previous Python scripts; 118-style homothetic/Mobius starts + 120 equal-value-safe probes + gated finite-slope Halley correction; no Newton/Jacobian fallback path.
========================================================================================================================
case=ks(2,3), seed=1758292748, terms=20, Bezout=9
roots=9/9 success=True trials=109 duplicates=95 failures=5
seconds: generation=0.01, extract=0.37, total=0.38
best_root: residual=7.120e-13, trial=5, Lambda=307241.8482784513, theta=108.0, startopt_ratio=0.01968298669494411
out=/Users/ivanbesevic/Documents/poussiere/benchmarks/200_201_300_complete/200_ks2x3_seed0.json
",True,0.38320469856262207,109,9,0.43815088272094727,3.6760605067782103e-09
3.6624741468941755e-15,9,"2,3",3,95,201,0.38991618156433105,5,/Users/ivanbesevic/Documents/poussiere/benchmarks/200_201_300_complete/201_ks2x3_seed0.json,2.6059968190221707e-12,2,9,9,0,0,,"========================================================================================================================
201 autonomous LOG-STABLE OPTIMAL-PROBE TENSOR-HALLEY NumPy Pandrosion
No dependency on previous Python scripts; 118/120/200 backbone + logarithmic stability + optimal-probe energy + tensorial gated finite-slope Halley; no Newton/Jacobian fallback path.
========================================================================================================================
case=ks(2,3), seed=1758292748, terms=20, Bezout=9
roots=9/9 success=True trials=109 duplicates=95 failures=5
seconds: generation=0.01, extract=0.39, total=0.40
best_root: residual=2.606e-12, trial=5, Lambda=307241.8482784513, theta=108.0, startopt_ratio=0.01968298669494411
out=/Users/ivanbesevic/Documents/poussiere/benchmarks/200_201_300_complete/201_ks2x3_seed0.json
",True,0.39867496490478516,109,9,0.45580410957336426,6.330169684615451e-09
1.4217791915866692e-15,9,"2,3",3,207,300,1.1121010780334473,4,/Users/ivanbesevic/Documents/poussiere/benchmarks/200_201_300_complete/300_ks2x3_seed0.json,1.3138423284949008e-12,2,9,9,0,0,,"========================================================================================================================
300 autonomous ATLAS-GEODESIC INVERSE-JET NumPy Pandrosion
No dependency on previous Python scripts; 118/120/200 backbone + logarithmic stability + optimal-probe energy + tensorial gated finite-slope Halley; no Newton/Jacobian fallback path.
========================================================================================================================
case=ks(2,3), seed=1758292748, terms=20, Bezout=9
roots=9/9 success=True trials=220 duplicates=207 failures=4
seconds: generation=0.01, extract=1.11, total=1.12
best_root: residual=1.422e-15, trial=5, Lambda=307241.8482784513, theta=108.0, startopt_ratio=0.01968298669494411
out=/Users/ivanbesevic/Documents/poussiere/benchmarks/200_201_300_complete/300_ks2x3_seed0.json
",True,1.1210670471191406,220,9,1.1823279857635498,2.2145713219569722e-09
5.580527502014626e-16,9,"2,3",3,78,200,0.31242799758911133,2,/Users/ivanbesevic/Documents/poussiere/benchmarks/200_201_300_complete/200_ks2x3_seed1.json,6.526520439180524e-13,2,9,9,0,1,,"========================================================================================================================
200 autonomous 118-BACKBONE + EQUAL-VALUE SAFE + GATED FINITE-SLOPE HALLEY NumPy Pandrosion
No dependency on previous Python scripts; 118-style homothetic/Mobius starts + 120 equal-value-safe probes + gated finite-slope Halley correction; no Newton/Jacobian fallback path.
========================================================================================================================
case=ks(2,3), seed=788669912, terms=20, Bezout=9
roots=9/9 success=True trials=89 duplicates=78 failures=2
seconds: generation=0.01, extract=0.31, total=0.32
best_root: residual=4.701e-10, trial=14, Lambda=6659.569431669384, theta=172.0, startopt_ratio=3.326225767785401e-05
out=/Users/ivanbesevic/Documents/poussiere/benchmarks/200_201_300_complete/200_ks2x3_seed1.json
",True,0.32134389877319336,89,9,0.37799501419067383,1.178744037338e-09
4.373154964984119e-16,9,"2,3",3,78,201,0.3261559009552002,2,/Users/ivanbesevic/Documents/poussiere/benchmarks/200_201_300_complete/201_ks2x3_seed1.json,2.060771555637337e-12,2,9,9,0,1,,"========================================================================================================================
201 autonomous LOG-STABLE OPTIMAL-PROBE TENSOR-HALLEY NumPy Pandrosion
No dependency on previous Python scripts; 118/120/200 backbone + logarithmic stability + optimal-probe energy + tensorial gated finite-slope Halley; no Newton/Jacobian fallback path.
========================================================================================================================
case=ks(2,3), seed=788669912, terms=20, Bezout=9
roots=9/9 success=True trials=89 duplicates=78 failures=2
seconds: generation=0.01, extract=0.33, total=0.34
best_root: residual=1.008e-09, trial=14, Lambda=6659.569431669384, theta=172.0, startopt_ratio=3.326225767785401e-05
out=/Users/ivanbesevic/Documents/poussiere/benchmarks/200_201_300_complete/201_ks2x3_seed1.json
",True,0.33511805534362793,89,9,0.391679048538208,1.806522795696952e-09
1.647720681002301e-15,9,"2,3",3,83,300,0.44854092597961426,0,/Users/ivanbesevic/Documents/poussiere/benchmarks/200_201_300_complete/300_ks2x3_seed1.json,3.8342067420344994e-13,2,9,9,0,1,,"========================================================================================================================
300 autonomous ATLAS-GEODESIC INVERSE-JET NumPy Pandrosion
No dependency on previous Python scripts; 118/120/200 backbone + logarithmic stability + optimal-probe energy + tensorial gated finite-slope Halley; no Newton/Jacobian fallback path.
========================================================================================================================
case=ks(2,3), seed=788669912, terms=20, Bezout=9
roots=9/9 success=True trials=92 duplicates=83 failures=0
seconds: generation=0.01, extract=0.45, total=0.46
best_root: residual=6.296e-15, trial=14, Lambda=6659.569431669384, theta=172.0, startopt_ratio=3.326225767785401e-05
out=/Users/ivanbesevic/Documents/poussiere/benchmarks/200_201_300_complete/300_ks2x3_seed1.json
",True,0.4572579860687256,92,9,0.513268232345581,3.1347691273630687e-10
1.0980128164946024e-15,9,"2,3",3,34,200,0.20122981071472168,2,/Users/ivanbesevic/Documents/poussiere/benchmarks/200_201_300_complete/200_ks2x3_seed2.json,7.264329320467945e-15,2,9,9,0,2,,"========================================================================================================================
200 autonomous 118-BACKBONE + EQUAL-VALUE SAFE + GATED FINITE-SLOPE HALLEY NumPy Pandrosion
No dependency on previous Python scripts; 118-style homothetic/Mobius starts + 120 equal-value-safe probes + gated finite-slope Halley correction; no Newton/Jacobian fallback path.
========================================================================================================================
case=ks(2,3), seed=2049645671, terms=20, Bezout=9
roots=9/9 success=True trials=45 duplicates=34 failures=2
seconds: generation=0.01, extract=0.20, total=0.21
best_root: residual=2.963e-15, trial=3, Lambda=475528.4351483534, theta=128.0, startopt_ratio=0.001728001819483042
out=/Users/ivanbesevic/Documents/poussiere/benchmarks/200_201_300_complete/200_ks2x3_seed2.json
",True,0.20980095863342285,45,9,0.2648050785064697,5.595667961663005e-09
4.652682298944613e-16,9,"2,3",3,34,201,0.20779919624328613,2,/Users/ivanbesevic/Documents/poussiere/benchmarks/200_201_300_complete/201_ks2x3_seed2.json,2.0356552994310694e-14,2,9,9,0,2,,"========================================================================================================================
201 autonomous LOG-STABLE OPTIMAL-PROBE TENSOR-HALLEY NumPy Pandrosion
No dependency on previous Python scripts; 118/120/200 backbone + logarithmic stability + optimal-probe energy + tensorial gated finite-slope Halley; no Newton/Jacobian fallback path.
========================================================================================================================
case=ks(2,3), seed=2049645671, terms=20, Bezout=9
roots=9/9 success=True trials=45 duplicates=34 failures=2
seconds: generation=0.01, extract=0.21, total=0.22
best_root: residual=3.384e-15, trial=3, Lambda=475528.4351483534, theta=128.0, startopt_ratio=0.001728001819483042
out=/Users/ivanbesevic/Documents/poussiere/benchmarks/200_201_300_complete/201_ks2x3_seed2.json
",True,0.21609997749328613,45,9,0.27118730545043945,9.194560495480847e-09
5.551115123125783e-16,9,"2,3",3,188,300,1.0602061748504639,8,/Users/ivanbesevic/Documents/poussiere/benchmarks/200_201_300_complete/300_ks2x3_seed2.json,2.566959944169121e-12,2,9,9,0,2,,"========================================================================================================================
300 autonomous ATLAS-GEODESIC INVERSE-JET NumPy Pandrosion
No dependency on previous Python scripts; 118/120/200 backbone + logarithmic stability + optimal-probe energy + tensorial gated finite-slope Halley; no Newton/Jacobian fallback path.
========================================================================================================================
case=ks(2,3), seed=2049645671, terms=20, Bezout=9
roots=9/9 success=True trials=205 duplicates=188 failures=8
seconds: generation=0.01, extract=1.06, total=1.07
best_root: residual=2.368e-10, trial=3, Lambda=475528.4351483534, theta=128.0, startopt_ratio=0.001728001819483042
out=/Users/ivanbesevic/Documents/poussiere/benchmarks/200_201_300_complete/300_ks2x3_seed2.json
",True,1.0689401626586914,205,9,1.1265583038330078,9.583318045045926e-09
4.782987168225453e-15,9,"2,3",3,41,200,0.19666171073913574,0,/Users/ivanbesevic/Documents/poussiere/benchmarks/200_201_300_complete/200_ks2x3_seed3.json,2.31348230182794e-12,2,9,9,0,3,,"========================================================================================================================
200 autonomous 118-BACKBONE + EQUAL-VALUE SAFE + GATED FINITE-SLOPE HALLEY NumPy Pandrosion
No dependency on previous Python scripts; 118-style homothetic/Mobius starts + 120 equal-value-safe probes + gated finite-slope Halley correction; no Newton/Jacobian fallback path.
========================================================================================================================
case=ks(2,3), seed=899627301, terms=20, Bezout=9
roots=9/9 success=True trials=50 duplicates=41 failures=0
seconds: generation=0.01, extract=0.20, total=0.21
best_root: residual=1.743e-13, trial=20, Lambda=2356.5084255409383, theta=90.0, startopt_ratio=0.0006141116761831681
out=/Users/ivanbesevic/Documents/poussiere/benchmarks/200_201_300_complete/200_ks2x3_seed3.json
",True,0.20520496368408203,50,9,0.26096320152282715,4.190898511437896e-09
9.930136612989092e-16,9,"2,3",3,41,201,0.20693492889404297,0,/Users/ivanbesevic/Documents/poussiere/benchmarks/200_201_300_complete/201_ks2x3_seed3.json,5.579007180489124e-12,2,9,9,0,3,,"========================================================================================================================
201 autonomous LOG-STABLE OPTIMAL-PROBE TENSOR-HALLEY NumPy Pandrosion
No dependency on previous Python scripts; 118/120/200 backbone + logarithmic stability + optimal-probe energy + tensorial gated finite-slope Halley; no Newton/Jacobian fallback path.
========================================================================================================================
case=ks(2,3), seed=899627301, terms=20, Bezout=9
roots=9/9 success=True trials=50 duplicates=41 failures=0
seconds: generation=0.01, extract=0.21, total=0.22
best_root: residual=6.534e-13, trial=20, Lambda=2356.5084255409383, theta=90.0, startopt_ratio=0.0006141116761831681
out=/Users/ivanbesevic/Documents/poussiere/benchmarks/200_201_300_complete/201_ks2x3_seed3.json
",True,0.21534061431884766,50,9,0.2711460590362549,7.054062714838539e-09
1.39663232372568e-15,9,"2,3",3,41,300,0.26729607582092285,0,/Users/ivanbesevic/Documents/poussiere/benchmarks/200_201_300_complete/300_ks2x3_seed3.json,8.107959527954693e-13,2,9,9,0,3,,"========================================================================================================================
300 autonomous ATLAS-GEODESIC INVERSE-JET NumPy Pandrosion
No dependency on previous Python scripts; 118/120/200 backbone + logarithmic stability + optimal-probe energy + tensorial gated finite-slope Halley; no Newton/Jacobian fallback path.
========================================================================================================================
case=ks(2,3), seed=899627301, terms=20, Bezout=9
roots=9/9 success=True trials=50 duplicates=41 failures=0
seconds: generation=0.01, extract=0.27, total=0.28
best_root: residual=2.574e-09, trial=20, Lambda=2356.5084255409383, theta=90.0, startopt_ratio=0.0006141116761831681
out=/Users/ivanbesevic/Documents/poussiere/benchmarks/200_201_300_complete/300_ks2x3_seed3.json
",True,0.2758622169494629,50,9,0.33334898948669434,2.5740122236269288e-09
3.467364658907009e-16,9,"2,3",3,158,200,0.5726051330566406,7,/Users/ivanbesevic/Documents/poussiere/benchmarks/200_201_300_complete/200_ks2x3_seed4.json,9.445544954514262e-15,2,9,9,0,4,,"========================================================================================================================
200 autonomous 118-BACKBONE + EQUAL-VALUE SAFE + GATED FINITE-SLOPE HALLEY NumPy Pandrosion
No dependency on previous Python scripts; 118-style homothetic/Mobius starts + 120 equal-value-safe probes + gated finite-slope Halley correction; no Newton/Jacobian fallback path.
========================================================================================================================
case=ks(2,3), seed=163523047, terms=20, Bezout=9
roots=9/9 success=True trials=174 duplicates=158 failures=7
seconds: generation=0.01, extract=0.57, total=0.58
best_root: residual=9.446e-15, trial=4, Lambda=1048576.0, theta=140.0, startopt_ratio=0.0058319821747637
out=/Users/ivanbesevic/Documents/poussiere/benchmarks/200_201_300_complete/200_ks2x3_seed4.json
",True,0.5811009407043457,174,9,0.6384718418121338,6.418866345115048e-09
4.3199839306544087e-16,9,"2,3",3,158,201,0.5989871025085449,7,/Users/ivanbesevic/Documents/poussiere/benchmarks/200_201_300_complete/201_ks2x3_seed4.json,8.331852114593072e-15,2,9,9,0,4,,"========================================================================================================================
201 autonomous LOG-STABLE OPTIMAL-PROBE TENSOR-HALLEY NumPy Pandrosion
No dependency on previous Python scripts; 118/120/200 backbone + logarithmic stability + optimal-probe energy + tensorial gated finite-slope Halley; no Newton/Jacobian fallback path.
========================================================================================================================
case=ks(2,3), seed=163523047, terms=20, Bezout=9
roots=9/9 success=True trials=174 duplicates=158 failures=7
seconds: generation=0.01, extract=0.60, total=0.61
best_root: residual=2.423e-14, trial=4, Lambda=1048576.0, theta=140.0, startopt_ratio=0.0058319821747637
out=/Users/ivanbesevic/Documents/poussiere/benchmarks/200_201_300_complete/201_ks2x3_seed4.json
",True,0.6077120304107666,174,9,0.6657557487487793,1.2794711131979068e-09
3.04126265848902e-16,9,"2,3",3,54,300,0.3165411949157715,2,/Users/ivanbesevic/Documents/poussiere/benchmarks/200_201_300_complete/300_ks2x3_seed4.json,5.198986064684429e-14,2,9,9,0,4,,"========================================================================================================================
300 autonomous ATLAS-GEODESIC INVERSE-JET NumPy Pandrosion
No dependency on previous Python scripts; 118/120/200 backbone + logarithmic stability + optimal-probe energy + tensorial gated finite-slope Halley; no Newton/Jacobian fallback path.
========================================================================================================================
case=ks(2,3), seed=163523047, terms=20, Bezout=9
roots=9/9 success=True trials=65 duplicates=54 failures=2
seconds: generation=0.01, extract=0.32, total=0.33
best_root: residual=5.960e-15, trial=4, Lambda=1048576.0, theta=140.0, startopt_ratio=0.0058319821747637
out=/Users/ivanbesevic/Documents/poussiere/benchmarks/200_201_300_complete/300_ks2x3_seed4.json
",True,0.32518815994262695,65,9,0.3815169334411621,8.544061394697961e-09
1.6653345369377348e-16,16,"2,4",4,35,200,0.24081707000732422,1,/Users/ivanbesevic/Documents/poussiere/benchmarks/200_201_300_complete/200_ks2x4_seed0.json,5.15066910629897e-14,2,12,12,0,0,,"========================================================================================================================
200 autonomous 118-BACKBONE + EQUAL-VALUE SAFE + GATED FINITE-SLOPE HALLEY NumPy Pandrosion
No dependency on previous Python scripts; 118-style homothetic/Mobius starts + 120 equal-value-safe probes + gated finite-slope Halley correction; no Newton/Jacobian fallback path.
========================================================================================================================
case=ks(2,4), seed=1677141180, terms=30, Bezout=16
roots=12/12 success=True trials=48 duplicates=35 failures=1
seconds: generation=0.01, extract=0.24, total=0.25
best_root: residual=2.664e-09, trial=14, Lambda=119388.72431684588, theta=18.0, startopt_ratio=1.3410313938844297e-06
out=/Users/ivanbesevic/Documents/poussiere/benchmarks/200_201_300_complete/200_ks2x4_seed0.json
",True,0.24950122833251953,48,12,0.3035609722137451,3.813320294653865e-09
7.676812899781355e-16,16,"2,4",4,35,201,0.249556303024292,1,/Users/ivanbesevic/Documents/poussiere/benchmarks/200_201_300_complete/201_ks2x4_seed0.json,9.644816117669725e-14,2,12,12,0,0,,"========================================================================================================================
201 autonomous LOG-STABLE OPTIMAL-PROBE TENSOR-HALLEY NumPy Pandrosion
No dependency on previous Python scripts; 118/120/200 backbone + logarithmic stability + optimal-probe energy + tensorial gated finite-slope Halley; no Newton/Jacobian fallback path.
========================================================================================================================
case=ks(2,4), seed=1677141180, terms=30, Bezout=16
roots=12/12 success=True trials=48 duplicates=35 failures=1
seconds: generation=0.01, extract=0.25, total=0.26
best_root: residual=5.139e-09, trial=14, Lambda=119388.72431684588, theta=18.0, startopt_ratio=1.3410313938844297e-06
out=/Users/ivanbesevic/Documents/poussiere/benchmarks/200_201_300_complete/201_ks2x4_seed0.json
",True,0.2581009864807129,48,12,0.31415891647338867,7.1827484631638835e-09
4.089590340794787e-14,16,"2,4",4,33,300,0.30124902725219727,2,/Users/ivanbesevic/Documents/poussiere/benchmarks/200_201_300_complete/300_ks2x4_seed0.json,2.107330713567003e-11,2,12,12,0,0,,"========================================================================================================================
300 autonomous ATLAS-GEODESIC INVERSE-JET NumPy Pandrosion
No dependency on previous Python scripts; 118/120/200 backbone + logarithmic stability + optimal-probe energy + tensorial gated finite-slope Halley; no Newton/Jacobian fallback path.
========================================================================================================================
case=ks(2,4), seed=1677141180, terms=30, Bezout=16
roots=12/12 success=True trials=47 duplicates=33 failures=2
seconds: generation=0.01, extract=0.30, total=0.31
best_root: residual=2.107e-11, trial=14, Lambda=119388.72431684588, theta=18.0, startopt_ratio=1.3410313938844297e-06
out=/Users/ivanbesevic/Documents/poussiere/benchmarks/200_201_300_complete/300_ks2x4_seed0.json
",True,0.31017613410949707,47,12,0.365447998046875,6.035651219322506e-09
6.684427777288335e-16,16,"2,4",4,24,200,0.19171571731567383,0,/Users/ivanbesevic/Documents/poussiere/benchmarks/200_201_300_complete/200_ks2x4_seed1.json,1.0877205147253581e-10,2,12,12,0,1,,"========================================================================================================================
200 autonomous 118-BACKBONE + EQUAL-VALUE SAFE + GATED FINITE-SLOPE HALLEY NumPy Pandrosion
No dependency on previous Python scripts; 118-style homothetic/Mobius starts + 120 equal-value-safe probes + gated finite-slope Halley correction; no Newton/Jacobian fallback path.
========================================================================================================================
case=ks(2,4), seed=2020015459, terms=30, Bezout=16
roots=12/12 success=True trials=36 duplicates=24 failures=0
seconds: generation=0.01, extract=0.19, total=0.20
best_root: residual=9.531e-12, trial=12, Lambda=1048576.0, theta=89.0, startopt_ratio=1.5006209218080708e-06
out=/Users/ivanbesevic/Documents/poussiere/benchmarks/200_201_300_complete/200_ks2x4_seed1.json
",True,0.20012688636779785,36,12,0.2569551467895508,9.378149550990084e-09
5.828670879282072e-16,16,"2,4",4,24,201,0.20105195045471191,0,/Users/ivanbesevic/Documents/poussiere/benchmarks/200_201_300_complete/201_ks2x4_seed1.json,2.0107815405369786e-11,2,12,12,0,1,,"========================================================================================================================
201 autonomous LOG-STABLE OPTIMAL-PROBE TENSOR-HALLEY NumPy Pandrosion
No dependency on previous Python scripts; 118/120/200 backbone + logarithmic stability + optimal-probe energy + tensorial gated finite-slope Halley; no Newton/Jacobian fallback path.
========================================================================================================================
case=ks(2,4), seed=2020015459, terms=30, Bezout=16
roots=12/12 success=True trials=36 duplicates=24 failures=0
seconds: generation=0.01, extract=0.20, total=0.21
best_root: residual=2.011e-11, trial=12, Lambda=1048576.0, theta=89.0, startopt_ratio=1.5006209218080708e-06
out=/Users/ivanbesevic/Documents/poussiere/benchmarks/200_201_300_complete/201_ks2x4_seed1.json
",True,0.2093491554260254,36,12,0.2640218734741211,7.052302612437837e-10
1.942890293094024e-16,16,"2,4",4,24,300,0.24482989311218262,0,/Users/ivanbesevic/Documents/poussiere/benchmarks/200_201_300_complete/300_ks2x4_seed1.json,2.9168234447737117e-13,2,12,12,0,1,,"========================================================================================================================
300 autonomous ATLAS-GEODESIC INVERSE-JET NumPy Pandrosion
No dependency on previous Python scripts; 118/120/200 backbone + logarithmic stability + optimal-probe energy + tensorial gated finite-slope Halley; no Newton/Jacobian fallback path.
========================================================================================================================
case=ks(2,4), seed=2020015459, terms=30, Bezout=16
roots=12/12 success=True trials=36 duplicates=24 failures=0
seconds: generation=0.01, extract=0.24, total=0.25
best_root: residual=1.699e-09, trial=12, Lambda=1048576.0, theta=89.0, startopt_ratio=1.5006209218080708e-06
out=/Users/ivanbesevic/Documents/poussiere/benchmarks/200_201_300_complete/300_ks2x4_seed1.json
",True,0.25363993644714355,36,12,0.3086709976196289,3.1436918599679934e-09
6.808099033552841e-16,16,"2,4",4,62,200,0.3908100128173828,4,/Users/ivanbesevic/Documents/poussiere/benchmarks/200_201_300_complete/200_ks2x4_seed2.json,3.0679614964059385e-11,2,12,12,0,2,,"========================================================================================================================
200 autonomous 118-BACKBONE + EQUAL-VALUE SAFE + GATED FINITE-SLOPE HALLEY NumPy Pandrosion
No dependency on previous Python scripts; 118-style homothetic/Mobius starts + 120 equal-value-safe probes + gated finite-slope Halley correction; no Newton/Jacobian fallback path.
========================================================================================================================
case=ks(2,4), seed=1191724032, terms=30, Bezout=16
roots=12/12 success=True trials=78 duplicates=62 failures=4
seconds: generation=0.01, extract=0.39, total=0.40
best_root: residual=3.171e-11, trial=13, Lambda=1048576.0, theta=48.00000000000001, startopt_ratio=8.196590181252008e-07
out=/Users/ivanbesevic/Documents/poussiere/benchmarks/200_201_300_complete/200_ks2x4_seed2.json
",True,0.3997159004211426,78,12,0.45612382888793945,3.2965830557731854e-09
6.524059525901931e-16,16,"2,4",4,62,201,0.3981151580810547,4,/Users/ivanbesevic/Documents/poussiere/benchmarks/200_201_300_complete/201_ks2x4_seed2.json,3.5128414301565405e-11,2,12,12,0,2,,"========================================================================================================================
201 autonomous LOG-STABLE OPTIMAL-PROBE TENSOR-HALLEY NumPy Pandrosion
No dependency on previous Python scripts; 118/120/200 backbone + logarithmic stability + optimal-probe energy + tensorial gated finite-slope Halley; no Newton/Jacobian fallback path.
========================================================================================================================
case=ks(2,4), seed=1191724032, terms=30, Bezout=16
roots=12/12 success=True trials=78 duplicates=62 failures=4
seconds: generation=0.01, extract=0.40, total=0.41
best_root: residual=1.184e-10, trial=13, Lambda=1048576.0, theta=48.00000000000001, startopt_ratio=8.196590181252008e-07
out=/Users/ivanbesevic/Documents/poussiere/benchmarks/200_201_300_complete/201_ks2x4_seed2.json
",True,0.4075009822845459,78,12,0.46569013595581055,4.627966915701515e-09
2.336215937464074e-16,16,"2,4",4,61,300,0.47670698165893555,2,/Users/ivanbesevic/Documents/poussiere/benchmarks/200_201_300_complete/300_ks2x4_seed2.json,9.671081779759798e-12,2,12,12,0,2,,"========================================================================================================================
300 autonomous ATLAS-GEODESIC INVERSE-JET NumPy Pandrosion
No dependency on previous Python scripts; 118/120/200 backbone + logarithmic stability + optimal-probe energy + tensorial gated finite-slope Halley; no Newton/Jacobian fallback path.
========================================================================================================================
case=ks(2,4), seed=1191724032, terms=30, Bezout=16
roots=12/12 success=True trials=75 duplicates=61 failures=2
seconds: generation=0.01, extract=0.48, total=0.49
best_root: residual=4.613e-10, trial=11, Lambda=284581.8979669879, theta=32.0, startopt_ratio=2.5269962489196864e-06
out=/Users/ivanbesevic/Documents/poussiere/benchmarks/200_201_300_complete/300_ks2x4_seed2.json
",True,0.48582887649536133,75,12,0.5423779487609863,6.779002129116977e-10
1.962615573354719e-16,16,"2,4",4,21,200,0.19011402130126953,0,/Users/ivanbesevic/Documents/poussiere/benchmarks/200_201_300_complete/200_ks2x4_seed3.json,3.323249719641005e-12,2,12,12,0,3,,"========================================================================================================================
200 autonomous 118-BACKBONE + EQUAL-VALUE SAFE + GATED FINITE-SLOPE HALLEY NumPy Pandrosion
No dependency on previous Python scripts; 118-style homothetic/Mobius starts + 120 equal-value-safe probes + gated finite-slope Halley correction; no Newton/Jacobian fallback path.
========================================================================================================================
case=ks(2,4), seed=898234875, terms=30, Bezout=16
roots=12/12 success=True trials=33 duplicates=21 failures=0
seconds: generation=0.01, extract=0.19, total=0.20
best_root: residual=2.045e-11, trial=32, Lambda=123.75517035919833, theta=164.0, startopt_ratio=3.638070996175841e-07
out=/Users/ivanbesevic/Documents/poussiere/benchmarks/200_201_300_complete/200_ks2x4_seed3.json
",True,0.19907402992248535,33,12,0.2554640769958496,7.072463651606119e-09
2.1138016631127878e-16,16,"2,4",4,21,201,0.19769692420959473,0,/Users/ivanbesevic/Documents/poussiere/benchmarks/200_201_300_complete/201_ks2x4_seed3.json,5.516767807327926e-13,2,12,12,0,3,,"========================================================================================================================
201 autonomous LOG-STABLE OPTIMAL-PROBE TENSOR-HALLEY NumPy Pandrosion
No dependency on previous Python scripts; 118/120/200 backbone + logarithmic stability + optimal-probe energy + tensorial gated finite-slope Halley; no Newton/Jacobian fallback path.
========================================================================================================================
case=ks(2,4), seed=898234875, terms=30, Bezout=16
roots=12/12 success=True trials=33 duplicates=21 failures=0
seconds: generation=0.01, extract=0.20, total=0.21
best_root: residual=4.926e-11, trial=32, Lambda=123.75517035919833, theta=164.0, startopt_ratio=3.638070996175841e-07
out=/Users/ivanbesevic/Documents/poussiere/benchmarks/200_201_300_complete/201_ks2x4_seed3.json
",True,0.2063281536102295,33,12,0.2617039680480957,7.903978862527227e-09
9.125634816017134e-16,16,"2,4",4,21,300,0.25743889808654785,0,/Users/ivanbesevic/Documents/poussiere/benchmarks/200_201_300_complete/300_ks2x4_seed3.json,2.7807220800200686e-13,2,12,12,0,3,,"========================================================================================================================
300 autonomous ATLAS-GEODESIC INVERSE-JET NumPy Pandrosion
No dependency on previous Python scripts; 118/120/200 backbone + logarithmic stability + optimal-probe energy + tensorial gated finite-slope Halley; no Newton/Jacobian fallback path.
========================================================================================================================
case=ks(2,4), seed=898234875, terms=30, Bezout=16
roots=12/12 success=True trials=33 duplicates=21 failures=0
seconds: generation=0.01, extract=0.26, total=0.27
best_root: residual=7.773e-14, trial=32, Lambda=123.75517035919833, theta=164.0, startopt_ratio=3.638070996175841e-07
out=/Users/ivanbesevic/Documents/poussiere/benchmarks/200_201_300_complete/300_ks2x4_seed3.json
",True,0.2663242816925049,33,12,0.3227999210357666,2.910392524292887e-09
2.3135566778103808e-15,16,"2,4",4,18,200,0.1757509708404541,1,/Users/ivanbesevic/Documents/poussiere/benchmarks/200_201_300_complete/200_ks2x4_seed4.json,8.09927929816677e-13,2,12,12,0,4,,"========================================================================================================================
200 autonomous 118-BACKBONE + EQUAL-VALUE SAFE + GATED FINITE-SLOPE HALLEY NumPy Pandrosion
No dependency on previous Python scripts; 118-style homothetic/Mobius starts + 120 equal-value-safe probes + gated finite-slope Halley correction; no Newton/Jacobian fallback path.
========================================================================================================================
case=ks(2,4), seed=1411265138, terms=30, Bezout=16
roots=12/12 success=True trials=31 duplicates=18 failures=1
seconds: generation=0.01, extract=0.18, total=0.18
best_root: residual=4.121e-14, trial=17, Lambda=1048576.0, theta=12.000000000000002, startopt_ratio=4.299277690691434e-06
out=/Users/ivanbesevic/Documents/poussiere/benchmarks/200_201_300_complete/200_ks2x4_seed4.json
",True,0.18467998504638672,31,12,0.23892998695373535,4.084418861192248e-09
4.053454519487839e-15,16,"2,4",4,18,201,0.18269705772399902,1,/Users/ivanbesevic/Documents/poussiere/benchmarks/200_201_300_complete/201_ks2x4_seed4.json,2.4367791659792206e-12,2,12,12,0,4,,"========================================================================================================================
201 autonomous LOG-STABLE OPTIMAL-PROBE TENSOR-HALLEY NumPy Pandrosion
No dependency on previous Python scripts; 118/120/200 backbone + logarithmic stability + optimal-probe energy + tensorial gated finite-slope Halley; no Newton/Jacobian fallback path.
========================================================================================================================
case=ks(2,4), seed=1411265138, terms=30, Bezout=16
roots=12/12 success=True trials=31 duplicates=18 failures=1
seconds: generation=0.01, extract=0.18, total=0.19
best_root: residual=2.390e-14, trial=17, Lambda=1048576.0, theta=12.000000000000002, startopt_ratio=4.299277690691434e-06
out=/Users/ivanbesevic/Documents/poussiere/benchmarks/200_201_300_complete/201_ks2x4_seed4.json
",True,0.1917409896850586,31,12,0.2476351261138916,6.245190706020408e-09
4.014976168611859e-16,16,"2,4",4,61,300,0.45747900009155273,4,/Users/ivanbesevic/Documents/poussiere/benchmarks/200_201_300_complete/300_ks2x4_seed4.json,3.066525841576598e-12,2,12,12,0,4,,"========================================================================================================================
300 autonomous ATLAS-GEODESIC INVERSE-JET NumPy Pandrosion
No dependency on previous Python scripts; 118/120/200 backbone + logarithmic stability + optimal-probe energy + tensorial gated finite-slope Halley; no Newton/Jacobian fallback path.
========================================================================================================================
case=ks(2,4), seed=1411265138, terms=30, Bezout=16
roots=12/12 success=True trials=77 duplicates=61 failures=4
seconds: generation=0.01, extract=0.46, total=0.47
best_root: residual=7.927e-11, trial=59, Lambda=1048576.0, theta=100.0, startopt_ratio=0.005314393530029357
out=/Users/ivanbesevic/Documents/poussiere/benchmarks/200_201_300_complete/300_ks2x4_seed4.json
",True,0.4665031433105469,77,12,0.5228519439697266,5.705609922551832e-09
3.236828524569469e-16,25,"2,5",5,34,200,0.2297649383544922,3,/Users/ivanbesevic/Documents/poussiere/benchmarks/200_201_300_complete/200_ks2x5_seed0.json,1.3688487116941981e-13,2,12,12,0,0,,"========================================================================================================================
200 autonomous 118-BACKBONE + EQUAL-VALUE SAFE + GATED FINITE-SLOPE HALLEY NumPy Pandrosion
No dependency on previous Python scripts; 118-style homothetic/Mobius starts + 120 equal-value-safe probes + gated finite-slope Halley correction; no Newton/Jacobian fallback path.
========================================================================================================================
case=ks(2,5), seed=692535776, terms=42, Bezout=25
roots=12/12 success=True trials=49 duplicates=34 failures=3
seconds: generation=0.01, extract=0.23, total=0.24
best_root: residual=9.172e-09, trial=22, Lambda=2661.3005420262966, theta=40.0, startopt_ratio=0.00018926869676466282
out=/Users/ivanbesevic/Documents/poussiere/benchmarks/200_201_300_complete/200_ks2x5_seed0.json
",True,0.23889803886413574,49,12,0.2955038547515869,9.171864055496205e-09
4.079219866531555e-16,25,"2,5",5,34,201,0.23876118659973145,3,/Users/ivanbesevic/Documents/poussiere/benchmarks/200_201_300_complete/201_ks2x5_seed0.json,2.2100279786712528e-13,2,12,12,0,0,,"========================================================================================================================
201 autonomous LOG-STABLE OPTIMAL-PROBE TENSOR-HALLEY NumPy Pandrosion
No dependency on previous Python scripts; 118/120/200 backbone + logarithmic stability + optimal-probe energy + tensorial gated finite-slope Halley; no Newton/Jacobian fallback path.
========================================================================================================================
case=ks(2,5), seed=692535776, terms=42, Bezout=25
roots=12/12 success=True trials=49 duplicates=34 failures=3
seconds: generation=0.01, extract=0.24, total=0.25
best_root: residual=2.035e-15, trial=22, Lambda=2661.3005420262966, theta=40.0, startopt_ratio=0.00018926869676466282
out=/Users/ivanbesevic/Documents/poussiere/benchmarks/200_201_300_complete/201_ks2x5_seed0.json
",True,0.2472989559173584,49,12,0.30263209342956543,4.0519932075795395e-09
9.222205069512407e-16,25,"2,5",5,16,300,0.23041987419128418,3,/Users/ivanbesevic/Documents/poussiere/benchmarks/200_201_300_complete/300_ks2x5_seed0.json,1.5172949693816564e-11,2,12,12,0,0,,"========================================================================================================================
300 autonomous ATLAS-GEODESIC INVERSE-JET NumPy Pandrosion
No dependency on previous Python scripts; 118/120/200 backbone + logarithmic stability + optimal-probe energy + tensorial gated finite-slope Halley; no Newton/Jacobian fallback path.
========================================================================================================================
case=ks(2,5), seed=692535776, terms=42, Bezout=25
roots=12/12 success=True trials=31 duplicates=16 failures=3
seconds: generation=0.01, extract=0.23, total=0.24
best_root: residual=1.281e-12, trial=2, Lambda=1048576.0, theta=128.0, startopt_ratio=4.437117687034203e-06
out=/Users/ivanbesevic/Documents/poussiere/benchmarks/200_201_300_complete/300_ks2x5_seed0.json
",True,0.23903393745422363,31,12,0.29508090019226074,1.5677572396575397e-09
4.1738759029465395e-16,25,"2,5",5,11,200,0.15756487846374512,2,/Users/ivanbesevic/Documents/poussiere/benchmarks/200_201_300_complete/200_ks2x5_seed1.json,3.217074285337532e-13,2,12,12,0,1,,"========================================================================================================================
200 autonomous 118-BACKBONE + EQUAL-VALUE SAFE + GATED FINITE-SLOPE HALLEY NumPy Pandrosion
No dependency on previous Python scripts; 118-style homothetic/Mobius starts + 120 equal-value-safe probes + gated finite-slope Halley correction; no Newton/Jacobian fallback path.
========================================================================================================================
case=ks(2,5), seed=709653174, terms=42, Bezout=25
roots=12/12 success=True trials=25 duplicates=11 failures=2
seconds: generation=0.01, extract=0.16, total=0.17
best_root: residual=4.174e-16, trial=12, Lambda=299249.7974070448, theta=40.0, startopt_ratio=5.252140960394311e-08
out=/Users/ivanbesevic/Documents/poussiere/benchmarks/200_201_300_complete/200_ks2x5_seed1.json
",True,0.16614103317260742,25,12,0.22044086456298828,2.9159636139248207e-10
5.8575115842189e-16,25,"2,5",5,11,201,0.1621861457824707,2,/Users/ivanbesevic/Documents/poussiere/benchmarks/200_201_300_complete/201_ks2x5_seed1.json,6.467327001770892e-13,2,12,12,0,1,,"========================================================================================================================
201 autonomous LOG-STABLE OPTIMAL-PROBE TENSOR-HALLEY NumPy Pandrosion
No dependency on previous Python scripts; 118/120/200 backbone + logarithmic stability + optimal-probe energy + tensorial gated finite-slope Halley; no Newton/Jacobian fallback path.
========================================================================================================================
case=ks(2,5), seed=709653174, terms=42, Bezout=25
roots=12/12 success=True trials=25 duplicates=11 failures=2
seconds: generation=0.01, extract=0.16, total=0.17
best_root: residual=5.858e-16, trial=12, Lambda=299249.7974070448, theta=40.0, startopt_ratio=5.252140960394311e-08
out=/Users/ivanbesevic/Documents/poussiere/benchmarks/200_201_300_complete/201_ks2x5_seed1.json
",True,0.17119693756103516,25,12,0.22594404220581055,4.981086770523086e-10
1.6028131487732082e-15,25,"2,5",5,15,300,0.23062515258789062,2,/Users/ivanbesevic/Documents/poussiere/benchmarks/200_201_300_complete/300_ks2x5_seed1.json,4.685803600583059e-13,2,12,12,0,1,,"========================================================================================================================
300 autonomous ATLAS-GEODESIC INVERSE-JET NumPy Pandrosion
No dependency on previous Python scripts; 118/120/200 backbone + logarithmic stability + optimal-probe energy + tensorial gated finite-slope Halley; no Newton/Jacobian fallback path.
========================================================================================================================
case=ks(2,5), seed=709653174, terms=42, Bezout=25
roots=12/12 success=True trials=29 duplicates=15 failures=2
seconds: generation=0.01, extract=0.23, total=0.24
best_root: residual=1.603e-15, trial=5, Lambda=288438.4756065873, theta=108.0, startopt_ratio=0.0014348929761212798
out=/Users/ivanbesevic/Documents/poussiere/benchmarks/200_201_300_complete/300_ks2x5_seed1.json
",True,0.23929286003112793,29,12,0.295274019241333,9.858548687878554e-09
8.025154038416283e-16,25,"2,5",5,23,200,0.18392086029052734,1,/Users/ivanbesevic/Documents/poussiere/benchmarks/200_201_300_complete/200_ks2x5_seed2.json,1.5715074127922536e-13,2,12,12,0,2,,"========================================================================================================================
200 autonomous 118-BACKBONE + EQUAL-VALUE SAFE + GATED FINITE-SLOPE HALLEY NumPy Pandrosion
No dependency on previous Python scripts; 118-style homothetic/Mobius starts + 120 equal-value-safe probes + gated finite-slope Halley correction; no Newton/Jacobian fallback path.
========================================================================================================================
case=ks(2,5), seed=2106661684, terms=42, Bezout=25
roots=12/12 success=True trials=36 duplicates=23 failures=1
seconds: generation=0.01, extract=0.18, total=0.19
best_root: residual=6.662e-15, trial=11, Lambda=542401.1946679661, theta=86.0, startopt_ratio=1.567185498676748e-07
out=/Users/ivanbesevic/Documents/poussiere/benchmarks/200_201_300_complete/200_ks2x5_seed2.json
",True,0.19267678260803223,36,12,0.24734711647033691,6.942259776927703e-09
7.021666937153402e-16,25,"2,5",5,23,201,0.19219398498535156,1,/Users/ivanbesevic/Documents/poussiere/benchmarks/200_201_300_complete/201_ks2x5_seed2.json,8.097180079799249e-14,2,12,12,0,2,,"========================================================================================================================
201 autonomous LOG-STABLE OPTIMAL-PROBE TENSOR-HALLEY NumPy Pandrosion
No dependency on previous Python scripts; 118/120/200 backbone + logarithmic stability + optimal-probe energy + tensorial gated finite-slope Halley; no Newton/Jacobian fallback path.
========================================================================================================================
case=ks(2,5), seed=2106661684, terms=42, Bezout=25
roots=12/12 success=True trials=36 duplicates=23 failures=1
seconds: generation=0.01, extract=0.19, total=0.20
best_root: residual=6.621e-15, trial=11, Lambda=542401.1946679661, theta=86.0, startopt_ratio=1.567185498676748e-07
out=/Users/ivanbesevic/Documents/poussiere/benchmarks/200_201_300_complete/201_ks2x5_seed2.json
",True,0.20094799995422363,36,12,0.2557990550994873,2.845281464986662e-09
4.050792900924367e-16,25,"2,5",5,23,300,0.24364805221557617,1,/Users/ivanbesevic/Documents/poussiere/benchmarks/200_201_300_complete/300_ks2x5_seed2.json,7.955008883113855e-11,2,12,12,0,2,,"========================================================================================================================
300 autonomous ATLAS-GEODESIC INVERSE-JET NumPy Pandrosion
No dependency on previous Python scripts; 118/120/200 backbone + logarithmic stability + optimal-probe energy + tensorial gated finite-slope Halley; no Newton/Jacobian fallback path.
========================================================================================================================
case=ks(2,5), seed=2106661684, terms=42, Bezout=25
roots=12/12 success=True trials=36 duplicates=23 failures=1
seconds: generation=0.01, extract=0.24, total=0.25
best_root: residual=4.638e-13, trial=11, Lambda=542401.1946679661, theta=86.0, startopt_ratio=1.567185498676748e-07
out=/Users/ivanbesevic/Documents/poussiere/benchmarks/200_201_300_complete/300_ks2x5_seed2.json
",True,0.2523162364959717,36,12,0.3083672523498535,3.00199986297974e-09
4.839349969133127e-16,25,"2,5",5,21,200,0.2314009666442871,1,/Users/ivanbesevic/Documents/poussiere/benchmarks/200_201_300_complete/200_ks2x5_seed3.json,1.3835489396020748e-12,2,12,12,0,3,,"========================================================================================================================
200 autonomous 118-BACKBONE + EQUAL-VALUE SAFE + GATED FINITE-SLOPE HALLEY NumPy Pandrosion
No dependency on previous Python scripts; 118-style homothetic/Mobius starts + 120 equal-value-safe probes + gated finite-slope Halley correction; no Newton/Jacobian fallback path.
========================================================================================================================
case=ks(2,5), seed=1034375148, terms=42, Bezout=25
roots=12/12 success=True trials=34 duplicates=21 failures=1
seconds: generation=0.01, extract=0.23, total=0.24
best_root: residual=1.384e-12, trial=15, Lambda=1048576.0, theta=6.000000000000001, startopt_ratio=5.2524452660897007e-08
out=/Users/ivanbesevic/Documents/poussiere/benchmarks/200_201_300_complete/200_ks2x5_seed3.json
",True,0.2400798797607422,34,12,0.2942390441894531,4.864592938980654e-10
6.080941944488118e-16,25,"2,5",5,21,201,0.23931431770324707,1,/Users/ivanbesevic/Documents/poussiere/benchmarks/200_201_300_complete/201_ks2x5_seed3.json,3.308130805622053e-12,2,12,12,0,3,,"========================================================================================================================
201 autonomous LOG-STABLE OPTIMAL-PROBE TENSOR-HALLEY NumPy Pandrosion
No dependency on previous Python scripts; 118/120/200 backbone + logarithmic stability + optimal-probe energy + tensorial gated finite-slope Halley; no Newton/Jacobian fallback path.
========================================================================================================================
case=ks(2,5), seed=1034375148, terms=42, Bezout=25
roots=12/12 success=True trials=34 duplicates=21 failures=1
seconds: generation=0.01, extract=0.24, total=0.25
best_root: residual=3.308e-12, trial=15, Lambda=1048576.0, theta=6.000000000000001, startopt_ratio=5.2524452660897007e-08
out=/Users/ivanbesevic/Documents/poussiere/benchmarks/200_201_300_complete/201_ks2x5_seed3.json
",True,0.24802613258361816,34,12,0.3036160469055176,8.773819320360743e-10
6.555011376345987e-16,25,"2,5",5,21,300,0.2985999584197998,1,/Users/ivanbesevic/Documents/poussiere/benchmarks/200_201_300_complete/300_ks2x5_seed3.json,8.155173576144203e-12,2,12,12,0,3,,"========================================================================================================================
300 autonomous ATLAS-GEODESIC INVERSE-JET NumPy Pandrosion
No dependency on previous Python scripts; 118/120/200 backbone + logarithmic stability + optimal-probe energy + tensorial gated finite-slope Halley; no Newton/Jacobian fallback path.
========================================================================================================================
case=ks(2,5), seed=1034375148, terms=42, Bezout=25
roots=12/12 success=True trials=34 duplicates=21 failures=1
seconds: generation=0.01, extract=0.30, total=0.31
best_root: residual=6.555e-16, trial=15, Lambda=1048576.0, theta=6.000000000000001, startopt_ratio=5.2524452660897007e-08
out=/Users/ivanbesevic/Documents/poussiere/benchmarks/200_201_300_complete/300_ks2x5_seed3.json
",True,0.3073856830596924,34,12,0.36281919479370117,2.922858625735154e-09
4.379755957367587e-16,25,"2,5",5,13,200,0.16341900825500488,1,/Users/ivanbesevic/Documents/poussiere/benchmarks/200_201_300_complete/200_ks2x5_seed4.json,1.7380466099850762e-13,2,12,12,0,4,,"========================================================================================================================
200 autonomous 118-BACKBONE + EQUAL-VALUE SAFE + GATED FINITE-SLOPE HALLEY NumPy Pandrosion
No dependency on previous Python scripts; 118-style homothetic/Mobius starts + 120 equal-value-safe probes + gated finite-slope Halley correction; no Newton/Jacobian fallback path.
========================================================================================================================
case=ks(2,5), seed=1889539744, terms=42, Bezout=25
roots=12/12 success=True trials=26 duplicates=13 failures=1
seconds: generation=0.01, extract=0.16, total=0.17
best_root: residual=3.828e-15, trial=25, Lambda=657992.5182321108, theta=94.0, startopt_ratio=0.06563557299036117
out=/Users/ivanbesevic/Documents/poussiere/benchmarks/200_201_300_complete/200_ks2x5_seed4.json
",True,0.17240595817565918,26,12,0.22813701629638672,9.107276018728384e-09
8.101585801848734e-16,25,"2,5",5,13,201,0.17249798774719238,1,/Users/ivanbesevic/Documents/poussiere/benchmarks/200_201_300_complete/201_ks2x5_seed4.json,1.5688358818848954e-14,2,12,12,0,4,,"========================================================================================================================
201 autonomous LOG-STABLE OPTIMAL-PROBE TENSOR-HALLEY NumPy Pandrosion
No dependency on previous Python scripts; 118/120/200 backbone + logarithmic stability + optimal-probe energy + tensorial gated finite-slope Halley; no Newton/Jacobian fallback path.
========================================================================================================================
case=ks(2,5), seed=1889539744, terms=42, Bezout=25
roots=12/12 success=True trials=26 duplicates=13 failures=1
seconds: generation=0.01, extract=0.17, total=0.18
best_root: residual=4.330e-15, trial=25, Lambda=657992.5182321108, theta=94.0, startopt_ratio=0.06563557299036117
out=/Users/ivanbesevic/Documents/poussiere/benchmarks/200_201_300_complete/201_ks2x5_seed4.json
",True,0.18115496635437012,26,12,0.23625969886779785,5.4868094079964233e-11
1.8261818889970782e-15,25,"2,5",5,13,300,0.2291700839996338,3,/Users/ivanbesevic/Documents/poussiere/benchmarks/200_201_300_complete/300_ks2x5_seed4.json,1.2351866180200074e-12,2,12,12,0,4,,"========================================================================================================================
300 autonomous ATLAS-GEODESIC INVERSE-JET NumPy Pandrosion
No dependency on previous Python scripts; 118/120/200 backbone + logarithmic stability + optimal-probe energy + tensorial gated finite-slope Halley; no Newton/Jacobian fallback path.
========================================================================================================================
case=ks(2,5), seed=1889539744, terms=42, Bezout=25
roots=12/12 success=True trials=28 duplicates=13 failures=3
seconds: generation=0.01, extract=0.23, total=0.24
best_root: residual=4.327e-12, trial=0, Lambda=1.2339460808244847e-06, theta=0.0, startopt_ratio=0.9999999918785578
out=/Users/ivanbesevic/Documents/poussiere/benchmarks/200_201_300_complete/300_ks2x5_seed4.json
",True,0.23764610290527344,28,12,0.2925560474395752,4.769228267803006e-09
2.1477866287870186e-15,8,"3,2",2,32,200,0.13696599006652832,2,/Users/ivanbesevic/Documents/poussiere/benchmarks/200_201_300_complete/200_ks3x2_seed0.json,1.4182664603370259e-14,3,8,8,0,0,,"========================================================================================================================
200 autonomous 118-BACKBONE + EQUAL-VALUE SAFE + GATED FINITE-SLOPE HALLEY NumPy Pandrosion
No dependency on previous Python scripts; 118-style homothetic/Mobius starts + 120 equal-value-safe probes + gated finite-slope Halley correction; no Newton/Jacobian fallback path.
========================================================================================================================
case=ks(3,2), seed=853857574, terms=30, Bezout=8
roots=8/8 success=True trials=42 duplicates=32 failures=2
seconds: generation=0.01, extract=0.14, total=0.15
best_root: residual=1.336e-14, trial=41, Lambda=254323.29345096898, theta=172.0, startopt_ratio=0.07290007148699604
out=/Users/ivanbesevic/Documents/poussiere/benchmarks/200_201_300_complete/200_ks3x2_seed0.json
",True,0.1457381248474121,42,8,0.2015068531036377,6.206204826351818e-09
1.0175362097255202e-15,8,"3,2",2,32,201,0.14338111877441406,2,/Users/ivanbesevic/Documents/poussiere/benchmarks/200_201_300_complete/201_ks3x2_seed0.json,5.5529910830537324e-14,3,8,8,0,0,,"========================================================================================================================
201 autonomous LOG-STABLE OPTIMAL-PROBE TENSOR-HALLEY NumPy Pandrosion
No dependency on previous Python scripts; 118/120/200 backbone + logarithmic stability + optimal-probe energy + tensorial gated finite-slope Halley; no Newton/Jacobian fallback path.
========================================================================================================================
case=ks(3,2), seed=853857574, terms=30, Bezout=8
roots=8/8 success=True trials=42 duplicates=32 failures=2
seconds: generation=0.01, extract=0.14, total=0.15
best_root: residual=5.553e-14, trial=41, Lambda=254323.29345096898, theta=172.0, startopt_ratio=0.07290007148699604
out=/Users/ivanbesevic/Documents/poussiere/benchmarks/200_201_300_complete/201_ks3x2_seed0.json
",True,0.15207386016845703,42,8,0.2072291374206543,8.669041167043177e-09
4.769700983088376e-16,8,"3,2",2,193,300,0.9043929576873779,30,/Users/ivanbesevic/Documents/poussiere/benchmarks/200_201_300_complete/300_ks3x2_seed0.json,1.925547513424054e-12,3,8,8,0,0,,"========================================================================================================================
300 autonomous ATLAS-GEODESIC INVERSE-JET NumPy Pandrosion
No dependency on previous Python scripts; 118/120/200 backbone + logarithmic stability + optimal-probe energy + tensorial gated finite-slope Halley; no Newton/Jacobian fallback path.
========================================================================================================================
case=ks(3,2), seed=853857574, terms=30, Bezout=8
roots=8/8 success=True trials=231 duplicates=193 failures=30
seconds: generation=0.01, extract=0.90, total=0.91
best_root: residual=7.053e-10, trial=31, Lambda=1048576.0, theta=90.0, startopt_ratio=0.00014520237855655013
out=/Users/ivanbesevic/Documents/poussiere/benchmarks/200_201_300_complete/300_ks3x2_seed0.json
",True,0.912971019744873,231,8,0.9704239368438721,7.052653108427805e-10
1.620554865521817e-15,8,"3,2",2,32,200,0.14861798286437988,7,/Users/ivanbesevic/Documents/poussiere/benchmarks/200_201_300_complete/200_ks3x2_seed1.json,1.544534115943287e-13,3,8,8,0,1,,"========================================================================================================================
200 autonomous 118-BACKBONE + EQUAL-VALUE SAFE + GATED FINITE-SLOPE HALLEY NumPy Pandrosion
No dependency on previous Python scripts; 118-style homothetic/Mobius starts + 120 equal-value-safe probes + gated finite-slope Halley correction; no Newton/Jacobian fallback path.
========================================================================================================================
case=ks(3,2), seed=2094235828, terms=30, Bezout=8
roots=8/8 success=True trials=47 duplicates=32 failures=7
seconds: generation=0.01, extract=0.15, total=0.16
best_root: residual=1.141e-09, trial=11, Lambda=3268.3057860867248, theta=100.0, startopt_ratio=0.0009747819558279449
out=/Users/ivanbesevic/Documents/poussiere/benchmarks/200_201_300_complete/200_ks3x2_seed1.json
",True,0.157501220703125,47,8,0.21378588676452637,1.1406208141299139e-09
8.733087987518192e-16,8,"3,2",2,32,201,0.15471291542053223,7,/Users/ivanbesevic/Documents/poussiere/benchmarks/200_201_300_complete/201_ks3x2_seed1.json,5.507909632981803e-13,3,8,8,0,1,,"========================================================================================================================
201 autonomous LOG-STABLE OPTIMAL-PROBE TENSOR-HALLEY NumPy Pandrosion
No dependency on previous Python scripts; 118/120/200 backbone + logarithmic stability + optimal-probe energy + tensorial gated finite-slope Halley; no Newton/Jacobian fallback path.
========================================================================================================================
case=ks(3,2), seed=2094235828, terms=30, Bezout=8
roots=8/8 success=True trials=47 duplicates=32 failures=7
seconds: generation=0.01, extract=0.15, total=0.16
best_root: residual=2.149e-09, trial=11, Lambda=3268.3057860867248, theta=100.0, startopt_ratio=0.0009747819558279449
out=/Users/ivanbesevic/Documents/poussiere/benchmarks/200_201_300_complete/201_ks3x2_seed1.json
",True,0.16363883018493652,47,8,0.22010421752929688,2.1493043733169424e-09
1.678466658188255e-15,8,"3,2",2,26,300,0.1804978847503662,7,/Users/ivanbesevic/Documents/poussiere/benchmarks/200_201_300_complete/300_ks3x2_seed1.json,6.072073721246263e-13,3,8,8,0,1,,"========================================================================================================================
300 autonomous ATLAS-GEODESIC INVERSE-JET NumPy Pandrosion
No dependency on previous Python scripts; 118/120/200 backbone + logarithmic stability + optimal-probe energy + tensorial gated finite-slope Halley; no Newton/Jacobian fallback path.
========================================================================================================================
case=ks(3,2), seed=2094235828, terms=30, Bezout=8
roots=8/8 success=True trials=41 duplicates=26 failures=7
seconds: generation=0.01, extract=0.18, total=0.19
best_root: residual=1.678e-15, trial=11, Lambda=3268.3057860867248, theta=100.0, startopt_ratio=0.0009747819558279449
out=/Users/ivanbesevic/Documents/poussiere/benchmarks/200_201_300_complete/300_ks3x2_seed1.json
",True,0.18921208381652832,41,8,0.24457335472106934,6.0797960036565345e-09
5.20740757162067e-16,8,"3,2",2,72,200,0.26956605911254883,7,/Users/ivanbesevic/Documents/poussiere/benchmarks/200_201_300_complete/200_ks3x2_seed2.json,1.7577624155408813e-12,3,8,8,0,2,,"========================================================================================================================
200 autonomous 118-BACKBONE + EQUAL-VALUE SAFE + GATED FINITE-SLOPE HALLEY NumPy Pandrosion
No dependency on previous Python scripts; 118-style homothetic/Mobius starts + 120 equal-value-safe probes + gated finite-slope Halley correction; no Newton/Jacobian fallback path.
========================================================================================================================
case=ks(3,2), seed=342645357, terms=30, Bezout=8
roots=8/8 success=True trials=87 duplicates=72 failures=7
seconds: generation=0.01, extract=0.27, total=0.28
best_root: residual=7.426e-12, trial=50, Lambda=1.9755959961086431, theta=86.0, startopt_ratio=0.002462642276155122
out=/Users/ivanbesevic/Documents/poussiere/benchmarks/200_201_300_complete/200_ks3x2_seed2.json
",True,0.2781040668487549,87,8,0.33388376235961914,3.714371161731582e-09
4.685680459230494e-16,8,"3,2",2,72,201,0.2798130512237549,7,/Users/ivanbesevic/Documents/poussiere/benchmarks/200_201_300_complete/201_ks3x2_seed2.json,5.0705642683725435e-12,3,8,8,0,2,,"========================================================================================================================
201 autonomous LOG-STABLE OPTIMAL-PROBE TENSOR-HALLEY NumPy Pandrosion
No dependency on previous Python scripts; 118/120/200 backbone + logarithmic stability + optimal-probe energy + tensorial gated finite-slope Halley; no Newton/Jacobian fallback path.
========================================================================================================================
case=ks(3,2), seed=342645357, terms=30, Bezout=8
roots=8/8 success=True trials=87 duplicates=72 failures=7
seconds: generation=0.01, extract=0.28, total=0.29
best_root: residual=1.609e-11, trial=50, Lambda=1.9755959961086431, theta=86.0, startopt_ratio=0.002462642276155122
out=/Users/ivanbesevic/Documents/poussiere/benchmarks/200_201_300_complete/201_ks3x2_seed2.json
",True,0.28862619400024414,87,8,0.3458280563354492,4.678493683494704e-09
4.509747244882934e-16,8,"3,2",2,218,300,1.0302050113677979,16,/Users/ivanbesevic/Documents/poussiere/benchmarks/200_201_300_complete/300_ks3x2_seed2.json,3.188549806168767e-10,3,8,8,0,2,,"========================================================================================================================
300 autonomous ATLAS-GEODESIC INVERSE-JET NumPy Pandrosion
No dependency on previous Python scripts; 118/120/200 backbone + logarithmic stability + optimal-probe energy + tensorial gated finite-slope Halley; no Newton/Jacobian fallback path.
========================================================================================================================
case=ks(3,2), seed=342645357, terms=30, Bezout=8
roots=8/8 success=True trials=242 duplicates=218 failures=16
seconds: generation=0.01, extract=1.03, total=1.04
best_root: residual=8.517e-09, trial=7, Lambda=1048576.0, theta=94.0, startopt_ratio=0.33639998595544407
out=/Users/ivanbesevic/Documents/poussiere/benchmarks/200_201_300_complete/300_ks3x2_seed2.json
",True,1.0390398502349854,242,8,1.0991849899291992,8.516698524145395e-09
6.017265405022454e-16,8,"3,2",2,41,200,0.16631388664245605,10,/Users/ivanbesevic/Documents/poussiere/benchmarks/200_201_300_complete/200_ks3x2_seed3.json,6.5009463394693345e-12,3,8,8,0,3,,"========================================================================================================================
200 autonomous 118-BACKBONE + EQUAL-VALUE SAFE + GATED FINITE-SLOPE HALLEY NumPy Pandrosion
No dependency on previous Python scripts; 118-style homothetic/Mobius starts + 120 equal-value-safe probes + gated finite-slope Halley correction; no Newton/Jacobian fallback path.
========================================================================================================================
case=ks(3,2), seed=991867219, terms=30, Bezout=8
roots=8/8 success=True trials=59 duplicates=41 failures=10
seconds: generation=0.01, extract=0.17, total=0.18
best_root: residual=3.674e-09, trial=19, Lambda=39.2225709949991, theta=100.0, startopt_ratio=0.0031198061994089504
out=/Users/ivanbesevic/Documents/poussiere/benchmarks/200_201_300_complete/200_ks3x2_seed3.json
",True,0.17837977409362793,59,8,0.23761892318725586,7.897513211721216e-09
5.396300654998293e-16,8,"3,2",2,41,201,0.17163801193237305,10,/Users/ivanbesevic/Documents/poussiere/benchmarks/200_201_300_complete/201_ks3x2_seed3.json,3.090369605767606e-13,3,8,8,0,3,,"========================================================================================================================
201 autonomous LOG-STABLE OPTIMAL-PROBE TENSOR-HALLEY NumPy Pandrosion
No dependency on previous Python scripts; 118/120/200 backbone + logarithmic stability + optimal-probe energy + tensorial gated finite-slope Halley; no Newton/Jacobian fallback path.
========================================================================================================================
case=ks(3,2), seed=991867219, terms=30, Bezout=8
roots=8/8 success=True trials=59 duplicates=41 failures=10
seconds: generation=0.01, extract=0.17, total=0.18
best_root: residual=6.977e-09, trial=19, Lambda=39.2225709949991, theta=100.0, startopt_ratio=0.0031198061994089504
out=/Users/ivanbesevic/Documents/poussiere/benchmarks/200_201_300_complete/201_ks3x2_seed3.json
",True,0.18094491958618164,59,8,0.23690390586853027,6.977428599087827e-09
5.185169430563076e-16,8,"3,2",2,57,300,0.30176210403442383,8,/Users/ivanbesevic/Documents/poussiere/benchmarks/200_201_300_complete/300_ks3x2_seed3.json,1.2006566064440692e-11,3,8,8,0,3,,"========================================================================================================================
300 autonomous ATLAS-GEODESIC INVERSE-JET NumPy Pandrosion
No dependency on previous Python scripts; 118/120/200 backbone + logarithmic stability + optimal-probe energy + tensorial gated finite-slope Halley; no Newton/Jacobian fallback path.
========================================================================================================================
case=ks(3,2), seed=991867219, terms=30, Bezout=8
roots=8/8 success=True trials=73 duplicates=57 failures=8
seconds: generation=0.01, extract=0.30, total=0.31
best_root: residual=1.201e-11, trial=19, Lambda=39.2225709949991, theta=100.0, startopt_ratio=0.0031198061994089504
out=/Users/ivanbesevic/Documents/poussiere/benchmarks/200_201_300_complete/300_ks3x2_seed3.json
",True,0.3106212615966797,73,8,0.3683311939239502,2.003099558464337e-10
2.8245304391402273e-15,8,"3,2",2,30,200,0.1360011100769043,5,/Users/ivanbesevic/Documents/poussiere/benchmarks/200_201_300_complete/200_ks3x2_seed4.json,4.7349157253726447e-14,3,8,8,0,4,,"========================================================================================================================
200 autonomous 118-BACKBONE + EQUAL-VALUE SAFE + GATED FINITE-SLOPE HALLEY NumPy Pandrosion
No dependency on previous Python scripts; 118-style homothetic/Mobius starts + 120 equal-value-safe probes + gated finite-slope Halley correction; no Newton/Jacobian fallback path.
========================================================================================================================
case=ks(3,2), seed=801676614, terms=30, Bezout=8
roots=8/8 success=True trials=43 duplicates=30 failures=5
seconds: generation=0.01, extract=0.14, total=0.14
best_root: residual=1.226e-14, trial=0, Lambda=1.2339460808244847e-06, theta=0.0, startopt_ratio=0.999999894005807
out=/Users/ivanbesevic/Documents/poussiere/benchmarks/200_201_300_complete/200_ks3x2_seed4.json
",True,0.1445150375366211,43,8,0.2010190486907959,5.42290648012798e-10
3.1465569529417232e-15,8,"3,2",2,30,201,0.14386725425720215,5,/Users/ivanbesevic/Documents/poussiere/benchmarks/200_201_300_complete/201_ks3x2_seed4.json,1.3625725162207997e-13,3,8,8,0,4,,"========================================================================================================================
201 autonomous LOG-STABLE OPTIMAL-PROBE TENSOR-HALLEY NumPy Pandrosion
No dependency on previous Python scripts; 118/120/200 backbone + logarithmic stability + optimal-probe energy + tensorial gated finite-slope Halley; no Newton/Jacobian fallback path.
========================================================================================================================
case=ks(3,2), seed=801676614, terms=30, Bezout=8
roots=8/8 success=True trials=43 duplicates=30 failures=5
seconds: generation=0.01, extract=0.14, total=0.15
best_root: residual=1.806e-14, trial=0, Lambda=1.2339460808244847e-06, theta=0.0, startopt_ratio=0.999999894005807
out=/Users/ivanbesevic/Documents/poussiere/benchmarks/200_201_300_complete/201_ks3x2_seed4.json
",True,0.15275216102600098,43,8,0.20925116539001465,8.43501658556754e-10
7.215595591812694e-15,8,"3,2",2,138,300,0.6262309551239014,13,/Users/ivanbesevic/Documents/poussiere/benchmarks/200_201_300_complete/300_ks3x2_seed4.json,5.818837525237432e-12,3,8,8,0,4,,"========================================================================================================================
300 autonomous ATLAS-GEODESIC INVERSE-JET NumPy Pandrosion
No dependency on previous Python scripts; 118/120/200 backbone + logarithmic stability + optimal-probe energy + tensorial gated finite-slope Halley; no Newton/Jacobian fallback path.
========================================================================================================================
case=ks(3,2), seed=801676614, terms=30, Bezout=8
roots=8/8 success=True trials=159 duplicates=138 failures=13
seconds: generation=0.01, extract=0.63, total=0.64
best_root: residual=1.214e-09, trial=0, Lambda=1.2339460808244847e-06, theta=0.0, startopt_ratio=0.999999894005807
out=/Users/ivanbesevic/Documents/poussiere/benchmarks/200_201_300_complete/300_ks3x2_seed4.json
",True,0.635037899017334,159,8,0.6927599906921387,1.2143171552343813e-09
9.122468574731976e-16,27,"3,3",3,18,200,0.17473506927490234,1,/Users/ivanbesevic/Documents/poussiere/benchmarks/200_201_300_complete/200_ks3x3_seed0.json,1.0519068228602105e-12,3,12,12,0,0,,"========================================================================================================================
200 autonomous 118-BACKBONE + EQUAL-VALUE SAFE + GATED FINITE-SLOPE HALLEY NumPy Pandrosion
No dependency on previous Python scripts; 118-style homothetic/Mobius starts + 120 equal-value-safe probes + gated finite-slope Halley correction; no Newton/Jacobian fallback path.
========================================================================================================================
case=ks(3,3), seed=612744585, terms=60, Bezout=27
roots=12/12 success=True trials=31 duplicates=18 failures=1
seconds: generation=0.01, extract=0.17, total=0.18
best_root: residual=4.511e-09, trial=9, Lambda=522258.34038767614, theta=80.0, startopt_ratio=4.287236345672162e-05
out=/Users/ivanbesevic/Documents/poussiere/benchmarks/200_201_300_complete/200_ks3x3_seed0.json
",True,0.1839432716369629,31,12,0.23966598510742188,9.836561796272936e-09
1.2640409922594522e-15,27,"3,3",3,18,201,0.18175196647644043,1,/Users/ivanbesevic/Documents/poussiere/benchmarks/200_201_300_complete/201_ks3x3_seed0.json,1.1219170344568691e-13,3,12,12,0,0,,"========================================================================================================================
201 autonomous LOG-STABLE OPTIMAL-PROBE TENSOR-HALLEY NumPy Pandrosion
No dependency on previous Python scripts; 118/120/200 backbone + logarithmic stability + optimal-probe energy + tensorial gated finite-slope Halley; no Newton/Jacobian fallback path.
========================================================================================================================
case=ks(3,3), seed=612744585, terms=60, Bezout=27
roots=12/12 success=True trials=31 duplicates=18 failures=1
seconds: generation=0.01, extract=0.18, total=0.19
best_root: residual=7.655e-09, trial=9, Lambda=522258.34038767614, theta=80.0, startopt_ratio=4.287236345672162e-05
out=/Users/ivanbesevic/Documents/poussiere/benchmarks/200_201_300_complete/201_ks3x3_seed0.json
",True,0.19071674346923828,31,12,0.24595427513122559,7.655062155437457e-09
2.284066337337019e-15,27,"3,3",3,21,300,0.2451629638671875,1,/Users/ivanbesevic/Documents/poussiere/benchmarks/200_201_300_complete/300_ks3x3_seed0.json,9.968831063594134e-11,3,12,12,0,0,,"========================================================================================================================
300 autonomous ATLAS-GEODESIC INVERSE-JET NumPy Pandrosion
No dependency on previous Python scripts; 118/120/200 backbone + logarithmic stability + optimal-probe energy + tensorial gated finite-slope Halley; no Newton/Jacobian fallback path.
========================================================================================================================
case=ks(3,3), seed=612744585, terms=60, Bezout=27
roots=12/12 success=True trials=34 duplicates=21 failures=1
seconds: generation=0.01, extract=0.25, total=0.25
best_root: residual=2.284e-15, trial=33, Lambda=106.06192823149303, theta=100.0, startopt_ratio=4.198516595011769e-05
out=/Users/ivanbesevic/Documents/poussiere/benchmarks/200_201_300_complete/300_ks3x3_seed0.json
",True,0.2542450428009033,34,12,0.31067919731140137,3.5561202841516397e-09
4.69850742124972e-16,27,"3,3",3,16,200,0.15050697326660156,0,/Users/ivanbesevic/Documents/poussiere/benchmarks/200_201_300_complete/200_ks3x3_seed1.json,7.347805324881808e-13,3,12,12,0,1,,"========================================================================================================================
200 autonomous 118-BACKBONE + EQUAL-VALUE SAFE + GATED FINITE-SLOPE HALLEY NumPy Pandrosion
No dependency on previous Python scripts; 118-style homothetic/Mobius starts + 120 equal-value-safe probes + gated finite-slope Halley correction; no Newton/Jacobian fallback path.
========================================================================================================================
case=ks(3,3), seed=1944581561, terms=60, Bezout=27
roots=12/12 success=True trials=28 duplicates=16 failures=0
seconds: generation=0.01, extract=0.15, total=0.16
best_root: residual=4.699e-16, trial=12, Lambda=1048576.0, theta=89.0, startopt_ratio=4.287603759793281e-05
out=/Users/ivanbesevic/Documents/poussiere/benchmarks/200_201_300_complete/200_ks3x3_seed1.json
",True,0.15947294235229492,28,12,0.2148890495300293,6.772525982358874e-09
3.954560803480502e-16,27,"3,3",3,16,201,0.15642976760864258,0,/Users/ivanbesevic/Documents/poussiere/benchmarks/200_201_300_complete/201_ks3x3_seed1.json,1.4231485791963452e-12,3,12,12,0,1,,"========================================================================================================================
201 autonomous LOG-STABLE OPTIMAL-PROBE TENSOR-HALLEY NumPy Pandrosion
No dependency on previous Python scripts; 118/120/200 backbone + logarithmic stability + optimal-probe energy + tensorial gated finite-slope Halley; no Newton/Jacobian fallback path.
========================================================================================================================
case=ks(3,3), seed=1944581561, terms=60, Bezout=27
roots=12/12 success=True trials=28 duplicates=16 failures=0
seconds: generation=0.01, extract=0.16, total=0.16
best_root: residual=3.955e-16, trial=12, Lambda=1048576.0, theta=89.0, startopt_ratio=4.287603759793281e-05
out=/Users/ivanbesevic/Documents/poussiere/benchmarks/200_201_300_complete/201_ks3x3_seed1.json
",True,0.1649610996246338,28,12,0.22010421752929688,9.941087591758129e-09
5.143447792929288e-16,27,"3,3",3,15,300,0.19362616539001465,0,/Users/ivanbesevic/Documents/poussiere/benchmarks/200_201_300_complete/300_ks3x3_seed1.json,1.4723882621595916e-11,3,12,12,0,1,,"========================================================================================================================
300 autonomous ATLAS-GEODESIC INVERSE-JET NumPy Pandrosion
No dependency on previous Python scripts; 118/120/200 backbone + logarithmic stability + optimal-probe energy + tensorial gated finite-slope Halley; no Newton/Jacobian fallback path.
========================================================================================================================
case=ks(3,3), seed=1944581561, terms=60, Bezout=27
roots=12/12 success=True trials=27 duplicates=15 failures=0
seconds: generation=0.01, extract=0.19, total=0.20
best_root: residual=2.438e-10, trial=18, Lambda=712047.2866933267, theta=18.0, startopt_ratio=4.2875204293728146e-05
out=/Users/ivanbesevic/Documents/poussiere/benchmarks/200_201_300_complete/300_ks3x3_seed1.json
",True,0.2025442123413086,27,12,0.26131200790405273,2.7592651067559375e-09
2.367047822544223e-15,27,"3,3",3,14,200,0.13680815696716309,0,/Users/ivanbesevic/Documents/poussiere/benchmarks/200_201_300_complete/200_ks3x3_seed2.json,2.1608046336982862e-13,3,12,12,0,2,,"========================================================================================================================
200 autonomous 118-BACKBONE + EQUAL-VALUE SAFE + GATED FINITE-SLOPE HALLEY NumPy Pandrosion
No dependency on previous Python scripts; 118-style homothetic/Mobius starts + 120 equal-value-safe probes + gated finite-slope Halley correction; no Newton/Jacobian fallback path.
========================================================================================================================
case=ks(3,3), seed=1273453173, terms=60, Bezout=27
roots=12/12 success=True trials=26 duplicates=14 failures=0
seconds: generation=0.01, extract=0.14, total=0.15
best_root: residual=4.808e-11, trial=21, Lambda=0.0005016912482844748, theta=12.000000000000002, startopt_ratio=0.9995578414745196
out=/Users/ivanbesevic/Documents/poussiere/benchmarks/200_201_300_complete/200_ks3x3_seed2.json
",True,0.14534211158752441,26,12,0.2000730037689209,8.032529693003046e-10
2.2079207130766657e-15,27,"3,3",3,14,201,0.1413590908050537,0,/Users/ivanbesevic/Documents/poussiere/benchmarks/200_201_300_complete/201_ks3x3_seed2.json,5.900089898695692e-13,3,12,12,0,2,,"========================================================================================================================
201 autonomous LOG-STABLE OPTIMAL-PROBE TENSOR-HALLEY NumPy Pandrosion
No dependency on previous Python scripts; 118/120/200 backbone + logarithmic stability + optimal-probe energy + tensorial gated finite-slope Halley; no Newton/Jacobian fallback path.
========================================================================================================================
case=ks(3,3), seed=1273453173, terms=60, Bezout=27
roots=12/12 success=True trials=26 duplicates=14 failures=0
seconds: generation=0.01, extract=0.14, total=0.15
best_root: residual=7.755e-11, trial=21, Lambda=0.0005016912482844748, theta=12.000000000000002, startopt_ratio=0.9995578414745196
out=/Users/ivanbesevic/Documents/poussiere/benchmarks/200_201_300_complete/201_ks3x3_seed2.json
",True,0.15010523796081543,26,12,0.2053070068359375,1.3075195529488353e-09
3.5714350255115303e-16,27,"3,3",3,14,300,0.18067502975463867,0,/Users/ivanbesevic/Documents/poussiere/benchmarks/200_201_300_complete/300_ks3x3_seed2.json,2.1983346256932952e-11,3,12,12,0,2,,"========================================================================================================================
300 autonomous ATLAS-GEODESIC INVERSE-JET NumPy Pandrosion
No dependency on previous Python scripts; 118/120/200 backbone + logarithmic stability + optimal-probe energy + tensorial gated finite-slope Halley; no Newton/Jacobian fallback path.
========================================================================================================================
case=ks(3,3), seed=1273453173, terms=60, Bezout=27
roots=12/12 success=True trials=26 duplicates=14 failures=0
seconds: generation=0.01, extract=0.18, total=0.19
best_root: residual=3.194e-13, trial=21, Lambda=0.0005016912482844748, theta=12.000000000000002, startopt_ratio=0.9995578414745196
out=/Users/ivanbesevic/Documents/poussiere/benchmarks/200_201_300_complete/300_ks3x3_seed2.json
",True,0.18917226791381836,26,12,0.24555492401123047,4.175223211229996e-09
3.440348102478323e-15,27,"3,3",3,20,200,0.16906189918518066,3,/Users/ivanbesevic/Documents/poussiere/benchmarks/200_201_300_complete/200_ks3x3_seed3.json,3.334342448928262e-12,3,12,12,0,3,,"========================================================================================================================
200 autonomous 118-BACKBONE + EQUAL-VALUE SAFE + GATED FINITE-SLOPE HALLEY NumPy Pandrosion
No dependency on previous Python scripts; 118-style homothetic/Mobius starts + 120 equal-value-safe probes + gated finite-slope Halley correction; no Newton/Jacobian fallback path.
========================================================================================================================
case=ks(3,3), seed=23749617, terms=60, Bezout=27
roots=12/12 success=True trials=35 duplicates=20 failures=3
seconds: generation=0.01, extract=0.17, total=0.18
best_root: residual=2.316e-11, trial=6, Lambda=1048576.0, theta=116.00000000000001, startopt_ratio=0.06400003510398368
out=/Users/ivanbesevic/Documents/poussiere/benchmarks/200_201_300_complete/200_ks3x3_seed3.json
",True,0.1775989532470703,35,12,0.23336505889892578,2.332713766298814e-09
3.1985215122904828e-15,27,"3,3",3,20,201,0.1779499053955078,3,/Users/ivanbesevic/Documents/poussiere/benchmarks/200_201_300_complete/201_ks3x3_seed3.json,7.041126278436624e-12,3,12,12,0,3,,"========================================================================================================================
201 autonomous LOG-STABLE OPTIMAL-PROBE TENSOR-HALLEY NumPy Pandrosion
No dependency on previous Python scripts; 118/120/200 backbone + logarithmic stability + optimal-probe energy + tensorial gated finite-slope Halley; no Newton/Jacobian fallback path.
========================================================================================================================
case=ks(3,3), seed=23749617, terms=60, Bezout=27
roots=12/12 success=True trials=35 duplicates=20 failures=3
seconds: generation=0.01, extract=0.18, total=0.19
best_root: residual=4.575e-11, trial=6, Lambda=1048576.0, theta=116.00000000000001, startopt_ratio=0.06400003510398368
out=/Users/ivanbesevic/Documents/poussiere/benchmarks/200_201_300_complete/201_ks3x3_seed3.json
",True,0.18658113479614258,35,12,0.24123191833496094,3.2621262365716283e-09
4.308824046522781e-16,27,"3,3",3,20,300,0.2434830665588379,3,/Users/ivanbesevic/Documents/poussiere/benchmarks/200_201_300_complete/300_ks3x3_seed3.json,1.026607542023133e-11,3,12,12,0,3,,"========================================================================================================================
300 autonomous ATLAS-GEODESIC INVERSE-JET NumPy Pandrosion
No dependency on previous Python scripts; 118/120/200 backbone + logarithmic stability + optimal-probe energy + tensorial gated finite-slope Halley; no Newton/Jacobian fallback path.
========================================================================================================================
case=ks(3,3), seed=23749617, terms=60, Bezout=27
roots=12/12 success=True trials=35 duplicates=20 failures=3
seconds: generation=0.01, extract=0.24, total=0.25
best_root: residual=5.633e-16, trial=2, Lambda=1048576.0, theta=164.0, startopt_ratio=0.0006141247485798718
out=/Users/ivanbesevic/Documents/poussiere/benchmarks/200_201_300_complete/300_ks3x3_seed3.json
",True,0.252349853515625,35,12,0.30866289138793945,4.2187677253655075e-09
5.403879419618045e-16,27,"3,3",3,40,200,0.2739450931549072,5,/Users/ivanbesevic/Documents/poussiere/benchmarks/200_201_300_complete/200_ks3x3_seed4.json,7.685686782808218e-14,3,12,12,0,4,,"========================================================================================================================
200 autonomous 118-BACKBONE + EQUAL-VALUE SAFE + GATED FINITE-SLOPE HALLEY NumPy Pandrosion
No dependency on previous Python scripts; 118-style homothetic/Mobius starts + 120 equal-value-safe probes + gated finite-slope Halley correction; no Newton/Jacobian fallback path.
========================================================================================================================
case=ks(3,3), seed=1326637865, terms=60, Bezout=27
roots=12/12 success=True trials=57 duplicates=40 failures=5
seconds: generation=0.01, extract=0.27, total=0.28
best_root: residual=4.905e-11, trial=7, Lambda=1041236.4943590225, theta=89.0, startopt_ratio=0.1951119993076453
out=/Users/ivanbesevic/Documents/poussiere/benchmarks/200_201_300_complete/200_ks3x3_seed4.json
",True,0.2826559543609619,57,12,0.339141845703125,6.270236181599978e-09
8.566372960945295e-16,27,"3,3",3,40,201,0.28344011306762695,5,/Users/ivanbesevic/Documents/poussiere/benchmarks/200_201_300_complete/201_ks3x3_seed4.json,2.591179435795561e-13,3,12,12,0,4,,"========================================================================================================================
201 autonomous LOG-STABLE OPTIMAL-PROBE TENSOR-HALLEY NumPy Pandrosion
No dependency on previous Python scripts; 118/120/200 backbone + logarithmic stability + optimal-probe energy + tensorial gated finite-slope Halley; no Newton/Jacobian fallback path.
========================================================================================================================
case=ks(3,3), seed=1326637865, terms=60, Bezout=27
roots=12/12 success=True trials=57 duplicates=40 failures=5
seconds: generation=0.01, extract=0.28, total=0.29
best_root: residual=9.883e-11, trial=7, Lambda=1041236.4943590225, theta=89.0, startopt_ratio=0.1951119993076453
out=/Users/ivanbesevic/Documents/poussiere/benchmarks/200_201_300_complete/201_ks3x3_seed4.json
",True,0.2918410301208496,57,12,0.34810686111450195,8.798536786553687e-09
3.132324617386636e-15,27,"3,3",3,19,300,0.23616600036621094,3,/Users/ivanbesevic/Documents/poussiere/benchmarks/200_201_300_complete/300_ks3x3_seed4.json,1.618336632626098e-10,3,12,12,0,4,,"========================================================================================================================
300 autonomous ATLAS-GEODESIC INVERSE-JET NumPy Pandrosion
No dependency on previous Python scripts; 118/120/200 backbone + logarithmic stability + optimal-probe energy + tensorial gated finite-slope Halley; no Newton/Jacobian fallback path.
========================================================================================================================
case=ks(3,3), seed=1326637865, terms=60, Bezout=27
roots=12/12 success=True trials=34 duplicates=19 failures=3
seconds: generation=0.01, extract=0.24, total=0.24
best_root: residual=1.747e-09, trial=17, Lambda=954623.7247524979, theta=172.0, startopt_ratio=3.735114353797463e-05
out=/Users/ivanbesevic/Documents/poussiere/benchmarks/200_201_300_complete/300_ks3x3_seed4.json
",True,0.2448289394378662,34,12,0.30108094215393066,7.12310332041586e-09
1.1775693440128312e-16,64,"3,4",4,20,200,0.22339987754821777,1,/Users/ivanbesevic/Documents/poussiere/benchmarks/200_201_300_complete/200_ks3x4_seed0.json,1.3704451988861812e-13,3,12,12,0,0,,"========================================================================================================================
200 autonomous 118-BACKBONE + EQUAL-VALUE SAFE + GATED FINITE-SLOPE HALLEY NumPy Pandrosion
No dependency on previous Python scripts; 118-style homothetic/Mobius starts + 120 equal-value-safe probes + gated finite-slope Halley correction; no Newton/Jacobian fallback path.
========================================================================================================================
case=ks(3,4), seed=616668615, terms=105, Bezout=64
roots=12/12 success=True trials=33 duplicates=20 failures=1
seconds: generation=0.01, extract=0.22, total=0.23
best_root: residual=4.479e-11, trial=2, Lambda=1048576.0, theta=164.0, startopt_ratio=5.220052047574692e-05
out=/Users/ivanbesevic/Documents/poussiere/benchmarks/200_201_300_complete/200_ks3x4_seed0.json
",True,0.23219871520996094,33,12,0.2871589660644531,4.143211685643399e-09
3.925231146709438e-16,64,"3,4",4,20,201,0.21017718315124512,1,/Users/ivanbesevic/Documents/poussiere/benchmarks/200_201_300_complete/201_ks3x4_seed0.json,1.144751386001845e-13,3,12,12,0,0,,"========================================================================================================================
201 autonomous LOG-STABLE OPTIMAL-PROBE TENSOR-HALLEY NumPy Pandrosion
No dependency on previous Python scripts; 118/120/200 backbone + logarithmic stability + optimal-probe energy + tensorial gated finite-slope Halley; no Newton/Jacobian fallback path.
========================================================================================================================
case=ks(3,4), seed=616668615, terms=105, Bezout=64
roots=12/12 success=True trials=33 duplicates=20 failures=1
seconds: generation=0.01, extract=0.21, total=0.22
best_root: residual=8.597e-11, trial=2, Lambda=1048576.0, theta=164.0, startopt_ratio=5.220052047574692e-05
out=/Users/ivanbesevic/Documents/poussiere/benchmarks/200_201_300_complete/201_ks3x4_seed0.json
",True,0.2189629077911377,33,12,0.27516889572143555,6.785290639622738e-09
3.950272747723015e-15,64,"3,4",4,15,300,0.23192477226257324,0,/Users/ivanbesevic/Documents/poussiere/benchmarks/200_201_300_complete/300_ks3x4_seed0.json,1.622629990670944e-11,3,12,12,0,0,,"========================================================================================================================
300 autonomous ATLAS-GEODESIC INVERSE-JET NumPy Pandrosion
No dependency on previous Python scripts; 118/120/200 backbone + logarithmic stability + optimal-probe energy + tensorial gated finite-slope Halley; no Newton/Jacobian fallback path.
========================================================================================================================
case=ks(3,4), seed=616668615, terms=105, Bezout=64
roots=12/12 success=True trials=27 duplicates=15 failures=0
seconds: generation=0.01, extract=0.23, total=0.24
best_root: residual=5.329e-09, trial=25, Lambda=52618.59804246258, theta=91.0, startopt_ratio=0.11316492813551066
out=/Users/ivanbesevic/Documents/poussiere/benchmarks/200_201_300_complete/300_ks3x4_seed0.json
",True,0.2403268814086914,27,12,0.2952749729156494,5.328814912642126e-09
1.8585876218927496e-15,64,"3,4",4,12,200,0.1925349235534668,3,/Users/ivanbesevic/Documents/poussiere/benchmarks/200_201_300_complete/200_ks3x4_seed1.json,4.394022931967176e-12,3,12,12,0,1,,"========================================================================================================================
200 autonomous 118-BACKBONE + EQUAL-VALUE SAFE + GATED FINITE-SLOPE HALLEY NumPy Pandrosion
No dependency on previous Python scripts; 118-style homothetic/Mobius starts + 120 equal-value-safe probes + gated finite-slope Halley correction; no Newton/Jacobian fallback path.
========================================================================================================================
case=ks(3,4), seed=979117441, terms=105, Bezout=64
roots=12/12 success=True trials=27 duplicates=12 failures=3
seconds: generation=0.01, extract=0.19, total=0.20
best_root: residual=7.748e-15, trial=6, Lambda=1048576.0, theta=116.00000000000001, startopt_ratio=0.025600003683320036
out=/Users/ivanbesevic/Documents/poussiere/benchmarks/200_201_300_complete/200_ks3x4_seed1.json
",True,0.20112991333007812,27,12,0.2564101219177246,2.733179896294319e-09
1.2701777491411144e-15,64,"3,4",4,12,201,0.2038257122039795,3,/Users/ivanbesevic/Documents/poussiere/benchmarks/200_201_300_complete/201_ks3x4_seed1.json,1.0228217588148203e-11,3,12,12,0,1,,"========================================================================================================================
201 autonomous LOG-STABLE OPTIMAL-PROBE TENSOR-HALLEY NumPy Pandrosion
No dependency on previous Python scripts; 118/120/200 backbone + logarithmic stability + optimal-probe energy + tensorial gated finite-slope Halley; no Newton/Jacobian fallback path.
========================================================================================================================
case=ks(3,4), seed=979117441, terms=105, Bezout=64
roots=12/12 success=True trials=27 duplicates=12 failures=3
seconds: generation=0.01, extract=0.20, total=0.21
best_root: residual=1.093e-14, trial=6, Lambda=1048576.0, theta=116.00000000000001, startopt_ratio=0.025600003683320036
out=/Users/ivanbesevic/Documents/poussiere/benchmarks/200_201_300_complete/201_ks3x4_seed1.json
",True,0.21225881576538086,27,12,0.26729822158813477,4.121164643612093e-09
8.627699134216878e-16,64,"3,4",4,13,300,0.22774696350097656,1,/Users/ivanbesevic/Documents/poussiere/benchmarks/200_201_300_complete/300_ks3x4_seed1.json,7.387623019286808e-14,3,12,12,0,1,,"========================================================================================================================
300 autonomous ATLAS-GEODESIC INVERSE-JET NumPy Pandrosion
No dependency on previous Python scripts; 118/120/200 backbone + logarithmic stability + optimal-probe energy + tensorial gated finite-slope Halley; no Newton/Jacobian fallback path.
========================================================================================================================
case=ks(3,4), seed=979117441, terms=105, Bezout=64
roots=12/12 success=True trials=26 duplicates=13 failures=1
seconds: generation=0.01, extract=0.23, total=0.24
best_root: residual=2.798e-15, trial=25, Lambda=657992.5182321108, theta=94.0, startopt_ratio=0.11316522547681662
out=/Users/ivanbesevic/Documents/poussiere/benchmarks/200_201_300_complete/300_ks3x4_seed1.json
",True,0.2366478443145752,26,12,0.2919638156890869,3.6548511730691264e-09
2.1362779772819814e-15,64,"3,4",4,11,200,0.1801137924194336,3,/Users/ivanbesevic/Documents/poussiere/benchmarks/200_201_300_complete/200_ks3x4_seed2.json,5.492356675515858e-13,3,12,12,0,2,,"========================================================================================================================
200 autonomous 118-BACKBONE + EQUAL-VALUE SAFE + GATED FINITE-SLOPE HALLEY NumPy Pandrosion
No dependency on previous Python scripts; 118-style homothetic/Mobius starts + 120 equal-value-safe probes + gated finite-slope Halley correction; no Newton/Jacobian fallback path.
========================================================================================================================
case=ks(3,4), seed=2054625166, terms=105, Bezout=64
roots=12/12 success=True trials=26 duplicates=11 failures=3
seconds: generation=0.01, extract=0.18, total=0.19
best_root: residual=5.492e-13, trial=2, Lambda=1048576.0, theta=164.0, startopt_ratio=5.220053247346357e-05
out=/Users/ivanbesevic/Documents/poussiere/benchmarks/200_201_300_complete/200_ks3x4_seed2.json
",True,0.18865680694580078,26,12,0.24393081665039062,9.973550732485295e-09
2.4876491105670564e-15,64,"3,4",4,11,201,0.18747997283935547,3,/Users/ivanbesevic/Documents/poussiere/benchmarks/200_201_300_complete/201_ks3x4_seed2.json,3.829021407324936e-13,3,12,12,0,2,,"========================================================================================================================
201 autonomous LOG-STABLE OPTIMAL-PROBE TENSOR-HALLEY NumPy Pandrosion
No dependency on previous Python scripts; 118/120/200 backbone + logarithmic stability + optimal-probe energy + tensorial gated finite-slope Halley; no Newton/Jacobian fallback path.
========================================================================================================================
case=ks(3,4), seed=2054625166, terms=105, Bezout=64
roots=12/12 success=True trials=26 duplicates=11 failures=3
seconds: generation=0.01, extract=0.19, total=0.20
best_root: residual=1.176e-12, trial=2, Lambda=1048576.0, theta=164.0, startopt_ratio=5.220053247346357e-05
out=/Users/ivanbesevic/Documents/poussiere/benchmarks/200_201_300_complete/201_ks3x4_seed2.json
",True,0.19611215591430664,26,12,0.25047802925109863,2.9751486488382108e-09
9.412373634839028e-16,64,"3,4",4,14,300,0.23953676223754883,3,/Users/ivanbesevic/Documents/poussiere/benchmarks/200_201_300_complete/300_ks3x4_seed2.json,6.08881606173718e-11,3,12,12,0,2,,"========================================================================================================================
300 autonomous ATLAS-GEODESIC INVERSE-JET NumPy Pandrosion
No dependency on previous Python scripts; 118/120/200 backbone + logarithmic stability + optimal-probe energy + tensorial gated finite-slope Halley; no Newton/Jacobian fallback path.
========================================================================================================================
case=ks(3,4), seed=2054625166, terms=105, Bezout=64
roots=12/12 success=True trials=29 duplicates=14 failures=3
seconds: generation=0.01, extract=0.24, total=0.25
best_root: residual=9.412e-16, trial=28, Lambda=50889.407485895696, theta=6.000000000000001, startopt_ratio=2.993992008013649e-07
out=/Users/ivanbesevic/Documents/poussiere/benchmarks/200_201_300_complete/300_ks3x4_seed2.json
",True,0.24828314781188965,29,12,0.3040173053741455,7.452188064980859e-09
3.3483452607611144e-15,64,"3,4",4,13,200,0.19425296783447266,3,/Users/ivanbesevic/Documents/poussiere/benchmarks/200_201_300_complete/200_ks3x4_seed3.json,1.0703563391004303e-13,3,12,12,0,3,,"========================================================================================================================
200 autonomous 118-BACKBONE + EQUAL-VALUE SAFE + GATED FINITE-SLOPE HALLEY NumPy Pandrosion
No dependency on previous Python scripts; 118-style homothetic/Mobius starts + 120 equal-value-safe probes + gated finite-slope Halley correction; no Newton/Jacobian fallback path.
========================================================================================================================
case=ks(3,4), seed=466071337, terms=105, Bezout=64
roots=12/12 success=True trials=28 duplicates=13 failures=3
seconds: generation=0.01, extract=0.19, total=0.20
best_root: residual=3.245e-14, trial=0, Lambda=1.2339460808244847e-06, theta=0.0, startopt_ratio=0.9999999158067737
out=/Users/ivanbesevic/Documents/poussiere/benchmarks/200_201_300_complete/200_ks3x4_seed3.json
",True,0.20276403427124023,28,12,0.25766825675964355,1.316646387266447e-09
5.7243814028925596e-15,64,"3,4",4,13,201,0.20006990432739258,3,/Users/ivanbesevic/Documents/poussiere/benchmarks/200_201_300_complete/201_ks3x4_seed3.json,1.9234959141045939e-13,3,12,12,0,3,,"========================================================================================================================
201 autonomous LOG-STABLE OPTIMAL-PROBE TENSOR-HALLEY NumPy Pandrosion
No dependency on previous Python scripts; 118/120/200 backbone + logarithmic stability + optimal-probe energy + tensorial gated finite-slope Halley; no Newton/Jacobian fallback path.
========================================================================================================================
case=ks(3,4), seed=466071337, terms=105, Bezout=64
roots=12/12 success=True trials=28 duplicates=13 failures=3
seconds: generation=0.01, extract=0.20, total=0.21
best_root: residual=5.887e-14, trial=0, Lambda=1.2339460808244847e-06, theta=0.0, startopt_ratio=0.9999999158067737
out=/Users/ivanbesevic/Documents/poussiere/benchmarks/200_201_300_complete/201_ks3x4_seed3.json
",True,0.2088470458984375,28,12,0.26342320442199707,1.5078669101982688e-09
8.386594157882081e-16,64,"3,4",4,7,300,0.2100670337677002,5,/Users/ivanbesevic/Documents/poussiere/benchmarks/200_201_300_complete/300_ks3x4_seed3.json,2.9894281695064885e-11,3,12,12,0,3,,"========================================================================================================================
300 autonomous ATLAS-GEODESIC INVERSE-JET NumPy Pandrosion
No dependency on previous Python scripts; 118/120/200 backbone + logarithmic stability + optimal-probe energy + tensorial gated finite-slope Halley; no Newton/Jacobian fallback path.
========================================================================================================================
case=ks(3,4), seed=466071337, terms=105, Bezout=64
roots=12/12 success=True trials=24 duplicates=7 failures=5
seconds: generation=0.01, extract=0.21, total=0.22
best_root: residual=2.989e-11, trial=21, Lambda=1048576.0, theta=86.0, startopt_ratio=0.00020735992853928377
out=/Users/ivanbesevic/Documents/poussiere/benchmarks/200_201_300_complete/300_ks3x4_seed3.json
",True,0.2187330722808838,24,12,0.2744767665863037,3.6209938962101884e-09
5.835275607609835e-16,64,"3,4",4,11,200,0.1864480972290039,3,/Users/ivanbesevic/Documents/poussiere/benchmarks/200_201_300_complete/200_ks3x4_seed4.json,1.8257544221294427e-13,3,12,12,0,4,,"========================================================================================================================
200 autonomous 118-BACKBONE + EQUAL-VALUE SAFE + GATED FINITE-SLOPE HALLEY NumPy Pandrosion
No dependency on previous Python scripts; 118-style homothetic/Mobius starts + 120 equal-value-safe probes + gated finite-slope Halley correction; no Newton/Jacobian fallback path.
========================================================================================================================
case=ks(3,4), seed=173313761, terms=105, Bezout=64
roots=12/12 success=True trials=26 duplicates=11 failures=3
seconds: generation=0.01, extract=0.19, total=0.20
best_root: residual=1.010e-14, trial=15, Lambda=1048576.0, theta=172.0, startopt_ratio=1.5005857497596087e-06
out=/Users/ivanbesevic/Documents/poussiere/benchmarks/200_201_300_complete/200_ks3x4_seed4.json
",True,0.19544315338134766,26,12,0.2501840591430664,1.2883229966376627e-09
5.28085841456928e-16,64,"3,4",4,11,201,0.18944287300109863,3,/Users/ivanbesevic/Documents/poussiere/benchmarks/200_201_300_complete/201_ks3x4_seed4.json,4.0801202927099064e-13,3,12,12,0,4,,"========================================================================================================================
201 autonomous LOG-STABLE OPTIMAL-PROBE TENSOR-HALLEY NumPy Pandrosion
No dependency on previous Python scripts; 118/120/200 backbone + logarithmic stability + optimal-probe energy + tensorial gated finite-slope Halley; no Newton/Jacobian fallback path.
========================================================================================================================
case=ks(3,4), seed=173313761, terms=105, Bezout=64
roots=12/12 success=True trials=26 duplicates=11 failures=3
seconds: generation=0.01, extract=0.19, total=0.20
best_root: residual=1.594e-14, trial=15, Lambda=1048576.0, theta=172.0, startopt_ratio=1.5005857497596087e-06
out=/Users/ivanbesevic/Documents/poussiere/benchmarks/200_201_300_complete/201_ks3x4_seed4.json
",True,0.19811487197875977,26,12,0.25521421432495117,2.137759921616256e-09
3.2878350919498195e-15,64,"3,4",4,8,300,0.2424788475036621,5,/Users/ivanbesevic/Documents/poussiere/benchmarks/200_201_300_complete/300_ks3x4_seed4.json,2.1551828251777893e-13,3,12,12,0,4,,"========================================================================================================================
300 autonomous ATLAS-GEODESIC INVERSE-JET NumPy Pandrosion
No dependency on previous Python scripts; 118/120/200 backbone + logarithmic stability + optimal-probe energy + tensorial gated finite-slope Halley; no Newton/Jacobian fallback path.
========================================================================================================================
case=ks(3,4), seed=173313761, terms=105, Bezout=64
roots=12/12 success=True trials=25 duplicates=8 failures=5
seconds: generation=0.01, extract=0.24, total=0.25
best_root: residual=1.766e-09, trial=9, Lambda=1048576.0, theta=12.000000000000002, startopt_ratio=1.5006247351926489e-06
out=/Users/ivanbesevic/Documents/poussiere/benchmarks/200_201_300_complete/300_ks3x4_seed4.json
",True,0.2511899471282959,25,12,0.3068118095397949,9.87274242735341e-09
1.137640067256873e-15,16,"4,2",2,75,200,0.3059389591217041,8,/Users/ivanbesevic/Documents/poussiere/benchmarks/200_201_300_complete/200_ks4x2_seed0.json,3.4974712864862977e-13,4,12,12,0,0,,"========================================================================================================================
200 autonomous 118-BACKBONE + EQUAL-VALUE SAFE + GATED FINITE-SLOPE HALLEY NumPy Pandrosion
No dependency on previous Python scripts; 118-style homothetic/Mobius starts + 120 equal-value-safe probes + gated finite-slope Halley correction; no Newton/Jacobian fallback path.
========================================================================================================================
case=ks(4,2), seed=1664500989, terms=60, Bezout=16
roots=12/12 success=True trials=95 duplicates=75 failures=8
seconds: generation=0.01, extract=0.31, total=0.31
best_root: residual=1.138e-15, trial=0, Lambda=1.2339460808244847e-06, theta=0.0, startopt_ratio=0.9999999653002452
out=/Users/ivanbesevic/Documents/poussiere/benchmarks/200_201_300_complete/200_ks4x2_seed0.json
",True,0.3144991397857666,95,12,0.3702569007873535,4.546250700440006e-09
1.4128276408010783e-15,16,"4,2",2,75,201,0.31754422187805176,8,/Users/ivanbesevic/Documents/poussiere/benchmarks/200_201_300_complete/201_ks4x2_seed0.json,8.249610988766702e-13,4,12,12,0,0,,"========================================================================================================================
201 autonomous LOG-STABLE OPTIMAL-PROBE TENSOR-HALLEY NumPy Pandrosion
No dependency on previous Python scripts; 118/120/200 backbone + logarithmic stability + optimal-probe energy + tensorial gated finite-slope Halley; no Newton/Jacobian fallback path.
========================================================================================================================
case=ks(4,2), seed=1664500989, terms=60, Bezout=16
roots=12/12 success=True trials=95 duplicates=75 failures=8
seconds: generation=0.01, extract=0.32, total=0.33
best_root: residual=1.413e-15, trial=0, Lambda=1.2339460808244847e-06, theta=0.0, startopt_ratio=0.9999999653002452
out=/Users/ivanbesevic/Documents/poussiere/benchmarks/200_201_300_complete/201_ks4x2_seed0.json
",True,0.32642412185668945,95,12,0.3832700252532959,6.637541406980951e-09
2.665835984225005e-16,16,"4,2",2,33,300,0.22967982292175293,8,/Users/ivanbesevic/Documents/poussiere/benchmarks/200_201_300_complete/300_ks4x2_seed0.json,1.837235111198093e-11,4,12,12,0,0,,"========================================================================================================================
300 autonomous ATLAS-GEODESIC INVERSE-JET NumPy Pandrosion
No dependency on previous Python scripts; 118/120/200 backbone + logarithmic stability + optimal-probe energy + tensorial gated finite-slope Halley; no Newton/Jacobian fallback path.
========================================================================================================================
case=ks(4,2), seed=1664500989, terms=60, Bezout=16
roots=12/12 success=True trials=53 duplicates=33 failures=8
seconds: generation=0.01, extract=0.23, total=0.24
best_root: residual=2.666e-16, trial=0, Lambda=1.2339460808244847e-06, theta=0.0, startopt_ratio=0.9999999653002452
out=/Users/ivanbesevic/Documents/poussiere/benchmarks/200_201_300_complete/300_ks4x2_seed0.json
",True,0.23846101760864258,53,12,0.294116735458374,7.188723703094828e-09
1.748301791825975e-15,16,"4,2",2,89,200,0.37583279609680176,11,/Users/ivanbesevic/Documents/poussiere/benchmarks/200_201_300_complete/200_ks4x2_seed1.json,5.294409515324545e-14,4,12,12,0,1,,"========================================================================================================================
200 autonomous 118-BACKBONE + EQUAL-VALUE SAFE + GATED FINITE-SLOPE HALLEY NumPy Pandrosion
No dependency on previous Python scripts; 118-style homothetic/Mobius starts + 120 equal-value-safe probes + gated finite-slope Halley correction; no Newton/Jacobian fallback path.
========================================================================================================================
case=ks(4,2), seed=1977060929, terms=60, Bezout=16
roots=12/12 success=True trials=112 duplicates=89 failures=11
seconds: generation=0.01, extract=0.38, total=0.38
best_root: residual=1.748e-15, trial=4, Lambda=1048576.0, theta=140.0, startopt_ratio=0.0324000035986543
out=/Users/ivanbesevic/Documents/poussiere/benchmarks/200_201_300_complete/200_ks4x2_seed1.json
",True,0.3846008777618408,112,12,0.4434781074523926,6.585234139732158e-09
1.3126252612598277e-15,16,"4,2",2,89,201,0.3750178813934326,11,/Users/ivanbesevic/Documents/poussiere/benchmarks/200_201_300_complete/201_ks4x2_seed1.json,1.454522273941843e-13,4,12,12,0,1,,"========================================================================================================================
201 autonomous LOG-STABLE OPTIMAL-PROBE TENSOR-HALLEY NumPy Pandrosion
No dependency on previous Python scripts; 118/120/200 backbone + logarithmic stability + optimal-probe energy + tensorial gated finite-slope Halley; no Newton/Jacobian fallback path.
========================================================================================================================
case=ks(4,2), seed=1977060929, terms=60, Bezout=16
roots=12/12 success=True trials=112 duplicates=89 failures=11
seconds: generation=0.01, extract=0.38, total=0.39
best_root: residual=1.313e-15, trial=4, Lambda=1048576.0, theta=140.0, startopt_ratio=0.0324000035986543
out=/Users/ivanbesevic/Documents/poussiere/benchmarks/200_201_300_complete/201_ks4x2_seed1.json
",True,0.3854708671569824,112,12,0.458698034286499,8.201629791619132e-09
9.859286797386135e-15,16,"4,2",2,35,300,0.25100111961364746,5,/Users/ivanbesevic/Documents/poussiere/benchmarks/200_201_300_complete/300_ks4x2_seed1.json,6.938687559228686e-12,4,12,12,0,1,,"========================================================================================================================
300 autonomous ATLAS-GEODESIC INVERSE-JET NumPy Pandrosion
No dependency on previous Python scripts; 118/120/200 backbone + logarithmic stability + optimal-probe energy + tensorial gated finite-slope Halley; no Newton/Jacobian fallback path.
========================================================================================================================
case=ks(4,2), seed=1977060929, terms=60, Bezout=16
roots=12/12 success=True trials=52 duplicates=35 failures=5
seconds: generation=0.01, extract=0.25, total=0.26
best_root: residual=2.643e-12, trial=4, Lambda=1048576.0, theta=140.0, startopt_ratio=0.0324000035986543
out=/Users/ivanbesevic/Documents/poussiere/benchmarks/200_201_300_complete/300_ks4x2_seed1.json
",True,0.2593851089477539,52,12,0.31586503982543945,2.1272068728567316e-09
2.227417367656084e-15,16,"4,2",2,14,200,0.11104416847229004,5,/Users/ivanbesevic/Documents/poussiere/benchmarks/200_201_300_complete/200_ks4x2_seed2.json,3.9182640849141734e-11,4,12,12,0,2,,"========================================================================================================================
200 autonomous 118-BACKBONE + EQUAL-VALUE SAFE + GATED FINITE-SLOPE HALLEY NumPy Pandrosion
No dependency on previous Python scripts; 118-style homothetic/Mobius starts + 120 equal-value-safe probes + gated finite-slope Halley correction; no Newton/Jacobian fallback path.
========================================================================================================================
case=ks(4,2), seed=345646764, terms=60, Bezout=16
roots=12/12 success=True trials=31 duplicates=14 failures=5
seconds: generation=0.01, extract=0.11, total=0.12
best_root: residual=6.342e-11, trial=14, Lambda=1048576.0, theta=24.000000000000004, startopt_ratio=0.0011130995981104084
out=/Users/ivanbesevic/Documents/poussiere/benchmarks/200_201_300_complete/200_ks4x2_seed2.json
",True,0.11995196342468262,31,12,0.17609763145446777,1.3366476370199428e-09
1.904558900508863e-15,16,"4,2",2,14,201,0.11716890335083008,5,/Users/ivanbesevic/Documents/poussiere/benchmarks/200_201_300_complete/201_ks4x2_seed2.json,5.917190266165446e-11,4,12,12,0,2,,"========================================================================================================================
201 autonomous LOG-STABLE OPTIMAL-PROBE TENSOR-HALLEY NumPy Pandrosion
No dependency on previous Python scripts; 118/120/200 backbone + logarithmic stability + optimal-probe energy + tensorial gated finite-slope Halley; no Newton/Jacobian fallback path.
========================================================================================================================
case=ks(4,2), seed=345646764, terms=60, Bezout=16
roots=12/12 success=True trials=31 duplicates=14 failures=5
seconds: generation=0.01, extract=0.12, total=0.13
best_root: residual=1.517e-10, trial=14, Lambda=1048576.0, theta=24.000000000000004, startopt_ratio=0.0011130995981104084
out=/Users/ivanbesevic/Documents/poussiere/benchmarks/200_201_300_complete/201_ks4x2_seed2.json
",True,0.12581968307495117,31,12,0.1810159683227539,2.354433512571319e-09
4.8631895202705905e-15,16,"4,2",2,31,300,0.2263031005859375,8,/Users/ivanbesevic/Documents/poussiere/benchmarks/200_201_300_complete/300_ks4x2_seed2.json,2.2097386599603057e-13,4,12,12,0,2,,"========================================================================================================================
300 autonomous ATLAS-GEODESIC INVERSE-JET NumPy Pandrosion
No dependency on previous Python scripts; 118/120/200 backbone + logarithmic stability + optimal-probe energy + tensorial gated finite-slope Halley; no Newton/Jacobian fallback path.
========================================================================================================================
case=ks(4,2), seed=345646764, terms=60, Bezout=16
roots=12/12 success=True trials=51 duplicates=31 failures=8
seconds: generation=0.01, extract=0.23, total=0.23
best_root: residual=6.931e-14, trial=4, Lambda=118637.15778847618, theta=90.0, startopt_ratio=0.03239952762461332
out=/Users/ivanbesevic/Documents/poussiere/benchmarks/200_201_300_complete/300_ks4x2_seed2.json
",True,0.2348620891571045,51,12,0.29088902473449707,6.028386872256413e-10
1.010657698267778e-15,16,"4,2",2,46,200,0.22191691398620605,9,/Users/ivanbesevic/Documents/poussiere/benchmarks/200_201_300_complete/200_ks4x2_seed3.json,1.046083518532878e-12,4,12,12,0,3,,"========================================================================================================================
200 autonomous 118-BACKBONE + EQUAL-VALUE SAFE + GATED FINITE-SLOPE HALLEY NumPy Pandrosion
No dependency on previous Python scripts; 118-style homothetic/Mobius starts + 120 equal-value-safe probes + gated finite-slope Halley correction; no Newton/Jacobian fallback path.
========================================================================================================================
case=ks(4,2), seed=230920569, terms=60, Bezout=16
roots=12/12 success=True trials=67 duplicates=46 failures=9
seconds: generation=0.01, extract=0.22, total=0.23
best_root: residual=5.409e-11, trial=2, Lambda=1048576.0, theta=164.0, startopt_ratio=0.007224995401822945
out=/Users/ivanbesevic/Documents/poussiere/benchmarks/200_201_300_complete/200_ks4x2_seed3.json
",True,0.23071694374084473,67,12,0.2872650623321533,2.543301133025254e-09
8.078076586706796e-16,16,"4,2",2,46,201,0.2317659854888916,9,/Users/ivanbesevic/Documents/poussiere/benchmarks/200_201_300_complete/201_ks4x2_seed3.json,2.7624143535933197e-12,4,12,12,0,3,,"========================================================================================================================
201 autonomous LOG-STABLE OPTIMAL-PROBE TENSOR-HALLEY NumPy Pandrosion
No dependency on previous Python scripts; 118/120/200 backbone + logarithmic stability + optimal-probe energy + tensorial gated finite-slope Halley; no Newton/Jacobian fallback path.
========================================================================================================================
case=ks(4,2), seed=230920569, terms=60, Bezout=16
roots=12/12 success=True trials=67 duplicates=46 failures=9
seconds: generation=0.01, extract=0.23, total=0.24
best_root: residual=9.990e-11, trial=2, Lambda=1048576.0, theta=164.0, startopt_ratio=0.007224995401822945
out=/Users/ivanbesevic/Documents/poussiere/benchmarks/200_201_300_complete/201_ks4x2_seed3.json
",True,0.2408750057220459,67,12,0.2988150119781494,4.22934166501922e-09
7.070865672341163e-16,16,"4,2",2,27,300,0.21874094009399414,8,/Users/ivanbesevic/Documents/poussiere/benchmarks/200_201_300_complete/300_ks4x2_seed3.json,2.186986122641362e-12,4,12,12,0,3,,"========================================================================================================================
300 autonomous ATLAS-GEODESIC INVERSE-JET NumPy Pandrosion
No dependency on previous Python scripts; 118/120/200 backbone + logarithmic stability + optimal-probe energy + tensorial gated finite-slope Halley; no Newton/Jacobian fallback path.
========================================================================================================================
case=ks(4,2), seed=230920569, terms=60, Bezout=16
roots=12/12 success=True trials=47 duplicates=27 failures=8
seconds: generation=0.01, extract=0.22, total=0.23
best_root: residual=8.262e-09, trial=27, Lambda=62.26478156342952, theta=86.0, startopt_ratio=0.0012563963741048692
out=/Users/ivanbesevic/Documents/poussiere/benchmarks/200_201_300_complete/300_ks4x2_seed3.json
",True,0.22740888595581055,47,12,0.28333091735839844,8.262343841944602e-09
9.433833935899771e-16,16,"4,2",2,49,200,0.24376296997070312,13,/Users/ivanbesevic/Documents/poussiere/benchmarks/200_201_300_complete/200_ks4x2_seed4.json,4.885347163601824e-14,4,12,12,0,4,,"========================================================================================================================
200 autonomous 118-BACKBONE + EQUAL-VALUE SAFE + GATED FINITE-SLOPE HALLEY NumPy Pandrosion
No dependency on previous Python scripts; 118-style homothetic/Mobius starts + 120 equal-value-safe probes + gated finite-slope Halley correction; no Newton/Jacobian fallback path.
========================================================================================================================
case=ks(4,2), seed=261529078, terms=60, Bezout=16
roots=12/12 success=True trials=74 duplicates=49 failures=13
seconds: generation=0.01, extract=0.24, total=0.25
best_root: residual=4.677e-15, trial=73, Lambda=13872.10780520285, theta=80.0, startopt_ratio=0.0030210960673272653
out=/Users/ivanbesevic/Documents/poussiere/benchmarks/200_201_300_complete/200_ks4x2_seed4.json
",True,0.25267601013183594,74,12,0.3093879222869873,3.74024211351195e-10
1.4624449402428884e-15,16,"4,2",2,49,201,0.25546908378601074,13,/Users/ivanbesevic/Documents/poussiere/benchmarks/200_201_300_complete/201_ks4x2_seed4.json,1.1046078885051234e-13,4,12,12,0,4,,"========================================================================================================================
201 autonomous LOG-STABLE OPTIMAL-PROBE TENSOR-HALLEY NumPy Pandrosion
No dependency on previous Python scripts; 118/120/200 backbone + logarithmic stability + optimal-probe energy + tensorial gated finite-slope Halley; no Newton/Jacobian fallback path.
========================================================================================================================
case=ks(4,2), seed=261529078, terms=60, Bezout=16
roots=12/12 success=True trials=74 duplicates=49 failures=13
seconds: generation=0.01, extract=0.26, total=0.26
best_root: residual=9.246e-15, trial=73, Lambda=13872.10780520285, theta=80.0, startopt_ratio=0.0030210960673272653
out=/Users/ivanbesevic/Documents/poussiere/benchmarks/200_201_300_complete/201_ks4x2_seed4.json
",True,0.26404523849487305,74,12,0.32041501998901367,5.59527650855312e-10
4.119739996032822e-16,16,"4,2",2,35,300,0.27536988258361816,8,/Users/ivanbesevic/Documents/poussiere/benchmarks/200_201_300_complete/300_ks4x2_seed4.json,4.710012652659413e-13,4,12,12,0,4,,"========================================================================================================================
300 autonomous ATLAS-GEODESIC INVERSE-JET NumPy Pandrosion
No dependency on previous Python scripts; 118/120/200 backbone + logarithmic stability + optimal-probe energy + tensorial gated finite-slope Halley; no Newton/Jacobian fallback path.
========================================================================================================================
case=ks(4,2), seed=261529078, terms=60, Bezout=16
roots=12/12 success=True trials=55 duplicates=35 failures=8
seconds: generation=0.01, extract=0.28, total=0.28
best_root: residual=1.871e-15, trial=11, Lambda=1383.5705940671928, theta=90.0, startopt_ratio=0.0013331965774173807
out=/Users/ivanbesevic/Documents/poussiere/benchmarks/200_201_300_complete/300_ks4x2_seed4.json
",True,0.284329891204834,55,12,0.34195590019226074,7.223104079894047e-10
