p,x,raw_y,lambda_raw_abs,lambda_two_chart,lambda_projective_K4,y_two_chart,y_K4
2,1e-12,1000000000000.0,0.999998000002,8.881784197001252e-16,8.881784197001252e-16,1.0000000000000036,1.0000000000000036
2,1.0471285480508985e-12,954992586021.4369,0.9999979534161096,0.01151241682229076,0.01151241682229076,1.0471285480509032,1.0471285480509032
2,1.096478196143183e-12,912010839355.9115,0.9999979057450968,0.023021782435583393,0.023021782435583393,1.0964781961431846,1.0964781961431846
2,1.148153621496884e-12,870963589956.0797,0.9999978569636858,0.03452504886475316,0.03452504886475316,1.1481536214968862,1.1481536214968862
2,1.202264434617413e-12,831763771102.6709,0.9999978070460123,0.04601917459512517,0.04601917459512517,1.2022644346174163,1.2022644346174163
2,1.258925411794166e-12,794328234724.2822,0.9999977559656092,0.05750112778453775,0.05750112778453775,1.2589254117941704,1.2589254117941704
2,1.3182567385564048e-12,758577575029.185,0.9999977036953935,0.0689678894536635,0.0689678894536635,1.3182567385564103,1.3182567385564103
2,1.3803842646028866e-12,724435960074.9891,0.9999976502076509,0.08041645664749186,0.08041645664749186,1.3803842646028879,1.3803842646028879
2,1.445439770745928e-12,691830970918.9363,0.9999975954740217,0.09184384556096792,0.09184384556096792,1.4454397707459303,1.4454397707459303
2,1.5135612484362072e-12,660693448007.5964,0.9999975394654855,0.1032470946219215,0.1032470946219215,1.5135612484362109,1.5135612484362109
2,1.5848931924611108e-12,630957344480.1943,0.9999974821523462,0.11462326752458585,0.11462326752458585,1.584893192461116,1.584893192461116
2,1.659586907437563e-12,602559586074.3569,0.9999974235042158,0.1259694562071927,0.1259694562071927,1.6595869074375689,1.6595869074375689
2,1.7378008287493763e-12,575439937337.1566,0.9999973634899985,0.1372827837673366,0.1372827837673366,1.7378008287493838,1.7378008287493838
2,1.8197008586099825e-12,549540873857.6248,0.9999973020778742,0.14856040730904907,0.13728278376733472,1.8197008586099854,1.7378008287493716
2,1.9054607179632443e-12,524807460249.7734,0.9999972392352817,0.1597995207157632,0.12596945620719102,1.9054607179632488,1.659586907437557
2,1.9952623149688827e-12,501187233627.2715,0.9999971749289013,0.17099735734361998,0.11462326752458407,1.995262314968888,1.5848931924611047
2,2.089296130854041e-12,478630092322.638,0.9999971091246371,0.18215119262988777,0.10324709462191972,2.089296130854048,1.5135612484362002
2,2.1877616239495518e-12,457088189614.8752,0.9999970417875992,0.19325834661154895,0.09184384556096625,2.187761623949561,1.4454397707459201
2,2.29086765276777e-12,436515832240.16656,0.9999969728820849,0.20431618634943394,0.08041645664749097,2.290867652767773,1.380384264602883
2,2.398832919019495e-12,416869383470.3346,0.9999969023715598,0.2153221282536405,0.06896788945366172,2.398832919019499,1.3182567385564008
2,2.5118864315095823e-12,398107170553.4969,0.9999968302186388,0.22627364030628694,0.0575011277845362,2.5118864315095886,1.2589254117941615
2,2.6302679918953816e-12,380189396320.5612,0.9999967563850658,0.23716824417806226,0.04601917459512361,2.63026799189539,1.2022644346174076
2,2.7542287033381634e-12,363078054770.10175,0.9999966808316936,0.2480035172353351,0.034525048864751495,2.7542287033381743,1.148153621496878
2,2.8840315031266117e-12,346736850452.53094,0.9999966035184631,0.25877709443500596,0.023021782435581506,2.884031503126624,1.0964781961431769
2,3.0199517204020193e-12,331131121482.59076,0.9999965244043824,0.26948667010463423,0.011512416822288984,3.0199517204020236,1.0471285480508956
2,3.1622776601683794e-12,316227766016.83795,0.9999964434475045,0.2801299996057707,8.881784197001252e-16,3.1622776601683866,1.0000000000000036
2,3.3113112148259077e-12,301995172040.2019,0.9999963606049054,0.2907049008787653,0.01151241682229076,3.311311214825918,1.0471285480509032
2,3.4673685045253096e-12,288403150312.66113,0.9999962758326614,0.3012092558677455,0.02302178243558428,3.4673685045253233,1.0964781961431884
2,3.6307805477010174e-12,275422870333.81635,0.9999961890858257,0.3116410118247912,0.03452504886475405,3.6307805477010326,1.1481536214968902
2,3.8018939632056125e-12,263026799189.53815,0.9999961003184042,0.32199818249271683,0.04601917459512517,3.801893963205618,1.2022644346174163
2,3.9810717055349695e-12,251188643150.9582,0.9999960094833322,0.3322788491662445,0.05750112778453775,3.981071705534978,1.2589254117941704
2,4.168693834703346e-12,239883291901.9495,0.999995916532448,0.34248116163166387,0.0689678894536635,4.168693834703359,1.3182567385564103
2,4.365158322401665e-12,229086765276.777,0.9999958214164686,0.3526033389854748,0.08041645664749286,4.36515832240168,1.3803842646028928
2,4.5708818961487516e-12,218776162394.9552,0.9999957240849627,0.3626436703327883,0.0918438455609688,4.57088189614877,1.4454397707459357
2,4.78630092322638e-12,208929613085.40408,0.9999956244863247,0.3726005153666251,0.1032470946219215,4.786300923226387,1.5135612484362109
2,5.011872336272715e-12,199526231496.88828,0.9999955225677466,0.3824723048295261,0.11462326752458585,5.011872336272725,1.584893192461116
2,5.248074602497734e-12,190546071796.32443,0.9999954182751906,0.3922575408592005,0.1259694562071927,5.248074602497746,1.6595869074375689
2,5.495408738576248e-12,181970085860.99826,0.9999953115533602,0.40195479722021665,0.1372827837673366,5.495408738576265,1.7378008287493838
2,5.754399373371567e-12,173780082874.93762,0.9999952023456707,0.4115627194240057,0.13728278376733472,5.754399373371589,1.7378008287493716
2,6.0255958607435685e-12,165958690743.75632,0.9999950905942198,0.42108002473967543,0.12596945620719202,6.025595860743575,1.659586907437563
2,6.309573444801943e-12,158489319246.11108,0.9999949762397561,0.4305055020983978,0.11462326752458496,6.309573444801951,1.5848931924611105
2,6.6069344800759645e-12,151356124843.62073,0.9999948592216483,0.4398380118943044,0.10324709462192072,6.606934480075979,1.5135612484362055
2,6.918309709189362e-12,144543977074.5928,0.9999947394778528,0.44907648568507263,0.09184384556096703,6.9183097091893835,1.4454397707459252
2,7.244359600749891e-12,138038426460.28867,0.9999946169448808,0.45821992579550563,0.08041645664749097,7.2443596007499185,1.380384264602883
2,7.585775750291852e-12,131825673855.64047,0.9999944915577649,0.467267404827616,0.06896788945366172,7.585775750291882,1.3182567385564008
2,7.943282347242821e-12,125892541179.41663,0.999994363250024,0.47621806508083764,0.057501127784536976,7.943282347242832,1.258925411794166
2,8.317637711026709e-12,120226443461.74132,0.999994231953629,0.48507111788614,0.04601917459512439,8.317637711026725,1.202264434617412
2,8.709635899560796e-12,114815362149.68842,0.9999940975989658,0.4938258428578868,0.03452504886475238,8.709635899560821,1.1481536214968822
2,9.120108393559116e-12,109647819614.31828,0.9999939601147994,0.5024815870674223,0.023021782435582394,9.120108393559143,1.0964781961431807
2,9.549925860214368e-12,104712854805.08986,0.9999938194282347,0.5110377641423945,0.011512416822288984,9.549925860214406,1.0471285480508956
2,1e-11,100000000000.0,0.9999936754646797,0.5194938532959152,0.0,9.999999999999975,1.0
2,1.0471285480508984e-11,95499258602.14369,0.999993528147804,0.5110377641423933,0.011512416822289873,9.549925860214337,1.0471285480508994
2,1.0964781961431828e-11,91201083935.59116,0.9999933773994999,0.502481587067421,0.023021782435583393,9.120108393559079,1.0964781961431846
2,1.148153621496884e-11,87096358995.60797,0.9999932231398402,0.49382584285788544,0.03452504886475316,8.709635899560759,1.1481536214968862
2,1.202264434617413e-11,83176377110.26709,0.9999930652870361,0.48507111788613866,0.04601917459512517,8.317637711026666,1.2022644346174163
2,1.2589254117941662e-11,79432823472.42822,0.9999929037573938,0.47621806508083697,0.057501127784536976,7.943282347242803,1.258925411794166
2,1.3182567385564101e-11,75857757502.9182,0.9999927384652696,0.46726740482761386,0.0689678894536635,7.585775750291801,1.3182567385564103
2,1.3803842646028866e-11,72443596007.49892,0.9999925693230256,0.4582199257955042,0.08041645664749186,7.244359600749867,1.3803842646028879
2,1.445439770745928e-11,69183097091.89363,0.9999923962409822,0.4490764856850712,0.09184384556096792,6.918309709189334,1.4454397707459303
2,1.5135612484362072e-11,66069344800.75964,0.9999922191273712,0.43983801189430294,0.1032470946219215,6.606934480075932,1.5135612484362109
2,1.5848931924611107e-11,63095734448.01943,0.9999920378882867,0.430505502098397,0.11462326752458496,6.309573444801929,1.5848931924611105
2,1.659586907437563e-11,60255958607.435684,0.9999918524276356,0.42108002473967476,0.12596945620719202,6.025595860743554,1.659586907437563
2,1.7378008287493762e-11,57543993733.71567,0.9999916626470865,0.41156271942400424,0.1372827837673356,5.754399373371548,1.7378008287493776
2,1.8197008586099825e-11,54954087385.76248,0.9999914684460178,0.4019547972202152,0.13728278376733472,5.495408738576226,1.7378008287493716
2,1.9054607179632443e-11,52480746024.97734,0.9999912697214642,0.39225754085919884,0.12596945620719102,5.2480746024977085,1.659586907437557
2,1.9952623149688828e-11,50118723362.72715,0.999991066368062,0.38247230482952455,0.11462326752458407,5.011872336272689,1.5848931924611047
2,2.089296130854041e-11,47863009232.2638,0.9999908582779934,0.3726005153666243,0.10324709462192072,4.786300923226369,1.5135612484362055
2,2.187761623949552e-11,45708818961.48752,0.9999906453409293,0.36264367033278677,0.09184384556096703,4.570881896148737,1.4454397707459252
2,2.29086765276777e-11,43651583224.016655,0.9999904274439707,0.35260333898547325,0.08041645664749097,4.365158322401649,1.380384264602883
2,2.3988329190194948e-11,41686938347.03346,0.999990204471589,0.3424811616316623,0.06896788945366172,4.16869383470333,1.3182567385564008
2,2.5118864315095823e-11,39810717055.34969,0.999989976305565,0.33227884916624284,0.0575011277845362,3.9810717055349496,1.2589254117941615
2,2.6302679918953815e-11,38018939632.05613,0.9999897428249253,0.3219981824927153,0.04601917459512361,3.801893963205591,1.2022644346174076
2,2.7542287033381634e-11,36307805477.01018,0.9999895039058793,0.31164101182478965,0.03452504886475238,3.630780547701007,1.1481536214968822
2,2.8840315031266117e-11,34673685045.2531,0.9999892594217529,0.30120925586774383,0.023021782435582394,3.4673685045252984,1.0964781961431807
2,3.019951720402019e-11,33113112148.25908,0.9999890092429216,0.29070490087876366,0.011512416822288984,3.3113112148258943,1.0471285480508956
2,3.1622776601683794e-11,31622776601.683792,0.9999887532367414,0.2801299996057691,8.881784197001252e-16,3.1622776601683644,1.0000000000000036
2,3.311311214825908e-11,30199517204.020187,0.9999884912674791,0.26948667010463256,0.01151241682229076,3.0199517204020023,1.0471285480509032
2,3.4673685045253096e-11,28840315031.266117,0.9999882231962398,0.2587770944350044,0.023021782435583393,2.8840315031266037,1.0964781961431846
2,3.6307805477010174e-11,27542287033.381634,0.9999879488808937,0.24800351723533332,0.03452504886475316,2.7542287033381547,1.1481536214968862
2,3.801893963205613e-11,26302679918.95381,0.9999876681760002,0.2371682441780606,0.04601917459512517,2.6302679918953715,1.2022644346174163
2,3.9810717055349695e-11,25118864315.09582,0.9999873809327313,0.22627364030628516,0.05750112778453775,2.5118864315095704,1.2589254117941704
2,4.168693834703364e-11,23988329190.194847,0.9999870869987927,0.21532212825363783,0.06896788945366439,2.398832919019473,1.318256738556415
2,4.3651583224016655e-11,22908676527.6777,0.9999867862183425,0.20431618634943227,0.08041645664749286,2.290867652767757,1.3803842646028928
2,4.570881896148752e-11,21877616239.495518,0.9999864784319091,0.19325834661154728,0.09184384556096792,2.1877616239495454,1.4454397707459303
2,4.78630092322638e-11,20892961308.54041,0.999986163476307,0.182151192629886,0.1032470946219215,2.089296130854033,1.5135612484362109
2,5.011872336272715e-11,19952623149.688828,0.999985841184549,0.17099735734361843,0.11462326752458585,1.995262314968874,1.584893192461116
2,5.248074602497734e-11,19054607179.632442,0.9999855113857592,0.1597995207157613,0.1259694562071927,1.9054607179632352,1.6595869074375689
2,5.495408738576248e-11,18197008586.099827,0.9999851739050813,0.14856040730904752,0.1372827837673366,1.8197008586099725,1.7378008287493838
2,5.7543993733715666e-11,17378008287.493763,0.9999848285635865,0.13728278376733472,0.13728278376733472,1.7378008287493716,1.7378008287493716
2,6.025595860743569e-11,16595869074.37563,0.9999844751781785,0.12596945620719102,0.12596945620719102,1.659586907437557,1.659586907437557
2,6.309573444801942e-11,15848931924.61111,0.999984113561496,0.11462326752458407,0.11462326752458407,1.5848931924611047,1.5848931924611047
2,6.606934480075964e-11,15135612484.362072,0.9999837435218143,0.10324709462191972,0.10324709462191972,1.5135612484362002,1.5135612484362002
2,6.918309709189363e-11,14454397707.45928,0.999983364862943,0.09184384556096625,0.09184384556096625,1.4454397707459201,1.4454397707459201
2,7.244359600749891e-11,13803842646.028866,0.9999829773841219,0.08041645664749097,0.08041645664749097,1.380384264602883,1.380384264602883
2,7.585775750291851e-11,13182567385.564047,0.9999825808799151,0.06896788945366172,0.06896788945366172,1.3182567385564008,1.3182567385564008
2,7.943282347242822e-11,12589254117.941662,0.9999821751401016,0.0575011277845362,0.0575011277845362,1.2589254117941615,1.2589254117941615
2,8.317637711026709e-11,12022644346.17413,0.9999817599495641,0.04601917459512361,0.04601917459512361,1.2022644346174076,1.2022644346174076
2,8.709635899560797e-11,11481536214.96884,0.9999813350881751,0.034525048864751495,0.034525048864751495,1.148153621496878,1.148153621496878
2,9.120108393559115e-11,10964781961.43183,0.99998090033068,0.023021782435581506,0.023021782435581506,1.0964781961431769,1.0964781961431769
2,9.549925860214369e-11,10471285480.508986,0.9999804554465775,0.011512416822288984,0.011512416822288984,1.0471285480508956,1.0471285480508956
2,1e-10,10000000000.0,0.999980000199998,8.881784197001252e-16,8.881784197001252e-16,1.0000000000000036,1.0000000000000036
2,1.0471285480508985e-10,9549925860.214369,0.999979534349578,0.01151241682229076,0.01151241682229076,1.0471285480509032,1.0471285480509032
2,1.0964781961431829e-10,9120108393.559114,0.9999790576483323,0.02302178243558428,0.02302178243558428,1.0964781961431884,1.0964781961431884
2,1.1481536214968841e-10,8709635899.560797,0.9999785698435235,0.03452504886475405,0.03452504886475405,1.1481536214968902,1.1481536214968902
2,1.2022644346174132e-10,8317637711.026708,0.9999780706765274,0.04601917459512517,0.04601917459512517,1.2022644346174163,1.2022644346174163
2,1.2589254117941662e-10,7943282347.242822,0.9999775598826962,0.05750112778453775,0.05750112778453775,1.2589254117941704,1.2589254117941704
2,1.31825673855641e-10,7585775750.291821,0.9999770371912183,0.06896788945366439,0.06896788945366439,1.318256738556415,1.318256738556415
2,1.3803842646028866e-10,7244359600.749891,0.9999765023249748,0.08041645664749286,0.08041645664749286,1.3803842646028928,1.3803842646028928
2,1.445439770745928e-10,6918309709.189363,0.9999759550003922,0.0918438455609688,0.0918438455609688,1.4454397707459357,1.4454397707459357
2,1.5135612484362072e-10,6606934480.075964,0.9999753949272923,0.1032470946219215,0.1032470946219215,1.5135612484362109,1.5135612484362109
2,1.584893192461111e-10,6309573444.801943,0.9999748218087388,0.11462326752458585,0.11462326752458585,1.584893192461116,1.584893192461116
2,1.6595869074375631e-10,6025595860.743568,0.9999742353408793,0.1259694562071927,0.1259694562071927,1.6595869074375689,1.6595869074375689
2,1.7378008287493763e-10,5754399373.371567,0.9999736352127845,0.1372827837673366,0.1372827837673366,1.7378008287493838,1.7378008287493838
2,1.8197008586099825e-10,5495408738.576248,0.9999730211062834,0.14856040730905007,0.13728278376733472,1.8197008586099919,1.7378008287493716
2,1.9054607179632522e-10,5248074602.497712,0.9999723926957949,0.15979952071576475,0.12596945620719013,1.9054607179632623,1.6595869074375513
2,1.9952623149688828e-10,5011872336.272715,0.9999717496481544,0.17099735734361998,0.11462326752458496,1.995262314968888,1.5848931924611105
2,2.0892961308540407e-10,4786300923.22638,0.9999710916224382,0.18215119262988777,0.10324709462192072,2.089296130854048,1.5135612484362055
2,2.1877616239495518e-10,4570881896.148752,0.9999704182697825,0.19325834661154895,0.09184384556096703,2.187761623949561,1.4454397707459252
2,2.29086765276777e-10,4365158322.401666,0.9999697292331978,0.20431618634943494,0.08041645664749097,2.2908676527677816,1.380384264602883
2,2.398832919019485e-10,4168693834.7033634,0.9999690241473809,0.2153221282536405,0.06896788945366272,2.398832919019499,1.3182567385564057
2,2.511886431509582e-10,3981071705.5349693,0.9999683026385201,0.22627364030628694,0.057501127784536976,2.5118864315095886,1.258925411794166
2,2.6302679918953814e-10,3801893963.2056127,0.9999675643240978,0.23716824417806226,0.04601917459512439,2.63026799189539,1.202264434617412
2,2.754228703338163e-10,3630780547.701018,0.9999668088126878,0.2480035172353351,0.03452504886475238,2.7542287033381743,1.1481536214968822
2,2.8840315031266117e-10,3467368504.5253096,0.9999660357037473,0.25877709443500596,0.023021782435582394,2.884031503126624,1.0964781961431807
2,3.0199517204020193e-10,3311311214.8259077,0.9999652445874049,0.2694866701046351,0.011512416822288984,3.0199517204020347,1.0471285480508956
2,3.1622776601683795e-10,3162277660.1683793,0.9999644350442435,0.2801299996057707,0.0,3.1622776601683866,1.0
2,3.3113112148259076e-10,3019951720.402019,0.999963606645078,0.2907049008787653,0.011512416822289873,3.311311214825918,1.0471285480508994
2,3.4673685045253093e-10,2884031503.1266117,0.9999627589507275,0.3012092558677455,0.023021782435583393,3.4673685045253233,1.0964781961431846
2,3.6307805477010177e-10,2754228703.3381634,0.999961891511783,0.3116410118247912,0.03452504886475316,3.6307805477010326,1.1481536214968862
2,3.801893963205613e-10,2630267991.8953815,0.9999610038683688,0.3219981824927176,0.04601917459512517,3.8018939632056314,1.2022644346174163
2,3.9810717055349694e-10,2511886431.509582,0.9999600955498991,0.3322788491662453,0.05750112778453775,3.9810717055349922,1.2589254117941704
2,4.1686938347033633e-10,2398832919.019485,0.9999591660748284,0.34248116163166464,0.0689678894536635,4.168693834703374,1.3182567385564103
2,4.3651583224016655e-10,2290867652.76777,0.9999582149503964,0.3526033389854748,0.08041645664749186,4.36515832240168,1.3803842646028879
2,4.5708818961487517e-10,2187761623.949552,0.9999572416723668,0.3626436703327883,0.09184384556096792,4.57088189614877,1.4454397707459303
2,4.78630092322638e-10,2089296130.854041,0.9999562457247603,0.37260051536662586,0.1032470946219215,4.7863009232264035,1.5135612484362109
2,5.011872336272714e-10,1995262314.968883,0.9999552265795807,0.3824723048295269,0.11462326752458585,5.011872336272742,1.584893192461116
2,5.248074602497733e-10,1905460717.9632447,0.9999541836965355,0.3922575408592005,0.12596945620719202,5.248074602497746,1.659586907437563
2,5.495408738576248e-10,1819700858.6099825,0.9999531165227495,0.40195479722021665,0.1372827837673356,5.495408738576265,1.7378008287493776
2,5.754399373371567e-10,1737800828.7493763,0.9999520244924719,0.4115627194240057,0.13728278376733472,5.754399373371589,1.7378008287493716
2,6.025595860743593e-10,1659586907.4375563,0.9999509070267759,0.421080024739677,0.12596945620719013,6.025595860743619,1.6595869074375513
2,6.309573444801942e-10,1584893192.461111,0.9999497635332528,0.43050550209839855,0.11462326752458407,6.309573444801974,1.5848931924611047
2,6.606934480075964e-10,1513561248.4362073,0.9999485934056975,0.4398380118943044,0.10324709462192072,6.606934480075979,1.5135612484362055
2,6.918309709189363e-10,1445439770.7459278,0.9999473960237877,0.44907648568507263,0.09184384556096703,6.9183097091893835,1.4454397707459252
2,7.244359600749891e-10,1380384264.6028867,0.9999461707527544,0.45821992579550563,0.08041645664749097,7.2443596007499185,1.380384264602883
2,7.58577575029182e-10,1318256738.55641,0.9999449169430465,0.4672674048276152,0.06896788945366272,7.585775750291854,1.3182567385564057
2,7.943282347242822e-10,1258925411.794166,0.9999436339299864,0.4762180650808383,0.0575011277845362,7.943282347242859,1.2589254117941615
2,8.317637711026708e-10,1202264434.6174133,0.9999423210334171,0.48507111788614066,0.04601917459512361,8.317637711026755,1.2022644346174076
2,8.709635899560796e-10,1148153621.496884,0.9999409775573425,0.4938258428578868,0.03452504886475238,8.709635899560821,1.1481536214968822
2,9.120108393559115e-10,1096478196.1431828,0.9999396027895585,0.5024815870674223,0.023021782435582394,9.120108393559143,1.0964781961431807
2,9.549925860214368e-10,1047128548.0508986,0.9999381960012759,0.5110377641423945,0.011512416822288984,9.549925860214406,1.0471285480508956
2,1e-09,999999999.9999999,0.9999367564467334,0.5194938532959152,8.881784197001252e-16,9.999999999999975,1.0000000000000036
2,1.0471285480508984e-09,954992586.0214369,0.9999352833628034,0.5110377641423933,0.01151241682229076,9.549925860214337,1.0471285480509032
2,1.0964781961431829e-09,912010839.3559115,0.9999337759685872,0.5024815870674216,0.023021782435583393,9.12010839355911,1.0964781961431846
2,1.148153621496884e-09,870963589.9560797,0.9999322334650016,0.4938258428578861,0.03452504886475316,8.70963589956079,1.1481536214968862
2,1.202264434617413e-09,831763771.1026709,0.999930655034355,0.4850711178861393,0.04601917459512517,8.317637711026697,1.2022644346174163
2,1.2589254117941663e-09,794328234.7242821,0.9999290398399148,0.47621806508083697,0.05750112778453775,7.943282347242803,1.2589254117941704
2,1.31825673855641e-09,758577575.0291821,0.9999273870254637,0.46726740482761386,0.06896788945366439,7.585775750291801,1.318256738556415
2,1.3803842646028865e-09,724435960.0749892,0.9999256957148466,0.4582199257955042,0.08041645664749286,7.244359600749867,1.3803842646028928
2,1.445439770745928e-09,691830970.9189363,0.9999239650115055,0.44907648568507197,0.09184384556096792,6.918309709189359,1.4454397707459303
2,1.513561248436207e-09,660693448.0075965,0.9999221939980059,0.4398380118943036,0.1032470946219215,6.606934480075955,1.5135612484362109
2,1.584893192461111e-09,630957344.4801942,0.9999203817355495,0.430505502098397,0.11462326752458585,6.309573444801929,1.584893192461116
2,1.6595869074375631e-09,602559586.0743568,0.9999185272634777,0.42108002473967476,0.1259694562071927,6.025595860743554,1.6595869074375689
2,1.7378008287493762e-09,575439937.3371567,0.9999166295987627,0.41156271942400424,0.1372827837673366,5.754399373371548,1.7378008287493838
2,1.8197008586099825e-09,549540873.8576249,0.9999146877354862,0.4019547972202159,0.1372827837673356,5.495408738576246,1.7378008287493776
2,1.9054607179632523e-09,524807460.2497712,0.999912700644307,0.39225754085919884,0.12596945620719102,5.2480746024977085,1.659586907437557
2,1.9952623149688828e-09,501187233.6272715,0.9999106672719162,0.3824723048295253,0.11462326752458496,5.011872336272707,1.5848931924611105
2,2.089296130854041e-09,478630092.322638,0.9999085865404783,0.3726005153666243,0.10324709462192072,4.786300923226369,1.5135612484362055
2,2.1877616239495518e-09,457088189.6148752,0.9999064573470612,0.36264367033278677,0.09184384556096703,4.570881896148737,1.4454397707459252
2,2.29086765276777e-09,436515832.24016654,0.9999042785630515,0.352603338985474,0.08041645664749186,4.365158322401664,1.3803842646028879
2,2.3988329190194848e-09,416869383.4703364,0.9999020490335572,0.34248116163166387,0.0689678894536635,4.168693834703359,1.3182567385564103
2,2.511886431509582e-09,398107170.55349696,0.9998997675767957,0.33227884916624373,0.057501127784536976,3.981071705534964,1.258925411794166
2,2.6302679918953816e-09,380189396.32056123,0.9998974329834679,0.32199818249271606,0.04601917459512439,3.8018939632056044,1.202264434617412
2,2.7542287033381634e-09,363078054.7701017,0.9998950440161184,0.31164101182478965,0.03452504886475238,3.630780547701007,1.1481536214968822
2,2.8840315031266117e-09,346736850.4525309,0.9998925994084792,0.30120925586774383,0.023021782435582394,3.4673685045252984,1.0964781961431807
2,3.019951720402019e-09,331131121.4825908,0.9998900978648,0.29070490087876455,0.011512416822289873,3.3113112148259063,1.0471285480508994
2,3.1622776601683795e-09,316227766.0168379,0.9998875380591616,0.2801299996057698,0.0,3.1622776601683755,1.0
2,3.3113112148259078e-09,301995172.0402019,0.9998849186347739,0.26948667010463334,0.011512416822289873,3.019951720402013,1.0471285480508994
2,3.4673685045253096e-09,288403150.3126612,0.9998822382032576,0.2587770944350044,0.023021782435583393,2.8840315031266037,1.0964781961431846
2,3.6307805477010177e-09,275422870.33381635,0.9998794953439087,0.24800351723533332,0.03452504886475316,2.7542287033381547,1.1481536214968862
2,3.8018939632056126e-09,263026799.18953815,0.9998766886029468,0.23716824417806148,0.04601917459512439,2.630267991895381,1.202264434617412
2,3.981071705534969e-09,251188643.15095824,0.999873816492745,0.22627364030628594,0.057501127784536976,2.5118864315095792,1.258925411794166
2,4.168693834703363e-09,239883291.9019485,0.9998708774910424,0.21532212825363872,0.0689678894536635,2.398832919019482,1.3182567385564103
2,4.365158322401665e-09,229086765.276777,0.9998678700401383,0.20431618634943316,0.08041645664749186,2.290867652767765,1.3803842646028879
2,4.570881896148752e-09,218776162.3949552,0.9998647925460674,0.19325834661154728,0.09184384556096792,2.1877616239495454,1.4454397707459303
2,4.78630092322638e-09,208929613.0854041,0.9998616433777558,0.18215119262988688,0.10324709462192072,2.0892961308540405,1.5135612484362055
2,5.011872336272715e-09,199526231.49688828,0.9998584208661583,0.1709973573436192,0.11462326752458496,1.995262314968881,1.5848931924611105
2,5.248074602497734e-09,190546071.79632443,0.9998551233033739,0.1597995207157623,0.12596945620719202,1.9054607179632421,1.659586907437563
2,5.495408738576248e-09,181970085.86099827,0.9998517489417426,0.1485604073090483,0.1372827837673356,1.819700858609979,1.7378008287493776
2,5.754399373371566e-09,173780082.87493765,0.9998482959929199,0.13728278376733472,0.13728278376733472,1.7378008287493716,1.7378008287493716
2,6.025595860743593e-09,165958690.74375564,0.9998447626269306,0.12596945620719013,0.12596945620719013,1.6595869074375513,1.6595869074375513
2,6.309573444801943e-09,158489319.2461111,0.9998411469711997,0.11462326752458496,0.11462326752458496,1.5848931924611105,1.5848931924611105
2,6.606934480075964e-09,151356124.84362072,0.9998374471095621,0.10324709462192072,0.10324709462192072,1.5135612484362055,1.5135612484362055
2,6.918309709189363e-09,144543977.0745928,0.999833661081248,0.09184384556096703,0.09184384556096703,1.4454397707459252,1.4454397707459252
2,7.244359600749891e-09,138038426.46028867,0.9998297868798457,0.08041645664749097,0.08041645664749097,1.380384264602883,1.380384264602883
2,7.58577575029182e-09,131825673.855641,0.999825822452239,0.06896788945366272,0.06896788945366272,1.3182567385564057,1.3182567385564057
2,7.943282347242822e-09,125892541.17941661,0.9998217656975221,0.057501127784536976,0.057501127784536976,1.258925411794166,1.258925411794166
2,8.317637711026709e-09,120226443.46174131,0.9998176144658872,0.04601917459512439,0.04601917459512439,1.202264434617412,1.202264434617412
2,8.709635899560797e-09,114815362.14968841,0.9998133665574869,0.03452504886475238,0.03452504886475238,1.1481536214968822,1.1481536214968822
2,9.120108393559115e-09,109647819.6143183,0.9998090197212708,0.023021782435582394,0.023021782435582394,1.0964781961431807,1.0964781961431807
2,9.549925860214368e-09,104712854.80508986,0.9998045716537942,0.011512416822288984,0.011512416822288984,1.0471285480508956,1.0471285480508956
2,1e-08,100000000.0,0.9998000199980002,0.0,0.0,1.0,1.0
2,1.0471285480509006e-08,95499258.6021435,0.999795362341972,0.01151241682229076,0.01151241682229076,1.0471285480509032,1.0471285480509032
2,1.0964781961431851e-08,91201083.93559097,0.9997905962176576,0.02302178243558428,0.02302178243558428,1.0964781961431884,1.0964781961431884
2,1.148153621496884e-08,87096358.99560797,0.9997857190995646,0.03452504886475316,0.03452504886475316,1.1481536214968862,1.1481536214968862
2,1.202264434617413e-08,83176377.11026709,0.9997807284034238,0.04601917459512517,0.04601917459512517,1.2022644346174163,1.2022644346174163
2,1.2589254117941661e-08,79432823.47242822,0.9997756214848231,0.05750112778453775,0.05750112778453775,1.2589254117941704,1.2589254117941704
2,1.3182567385564074e-08,75857757.50291836,0.9997703956378087,0.0689678894536635,0.0689678894536635,1.3182567385564103,1.3182567385564103
2,1.3803842646028838e-08,72443596.00749907,0.9997650480934541,0.08041645664749186,0.08041645664749186,1.3803842646028879,1.3803842646028879
2,1.4454397707459279e-08,69183097.09189363,0.9997595760183967,0.09184384556096792,0.09184384556096792,1.4454397707459303,1.4454397707459303
2,1.5135612484362072e-08,66069344.80075964,0.9997539765133387,0.1032470946219215,0.1032470946219215,1.5135612484362109,1.5135612484362109
2,1.584893192461114e-08,63095734.4480193,0.999748246611515,0.11462326752458585,0.11462326752458585,1.584893192461116,1.584893192461116
2,1.6595869074375597e-08,60255958.60743581,0.9997423832771242,0.12596945620719202,0.12596945620719202,1.659586907437563,1.659586907437563
2,1.7378008287493763e-08,57543993.73371567,0.9997363834037242,0.1372827837673356,0.1372827837673356,1.7378008287493776,1.7378008287493776
2,1.8197008586099826e-08,54954087.38576248,0.9997302438125901,0.14856040730904907,0.13728278376733472,1.8197008586099854,1.7378008287493716
2,1.9054607179632482e-08,52480746.02497723,0.999723961251034,0.1597995207157632,0.12596945620719102,1.9054607179632488,1.659586907437557
2,1.9952623149688786e-08,50118723.362727255,0.9997175323906857,0.1709973573436192,0.11462326752458496,1.995262314968881,1.5848931924611105
2,2.0892961308540408e-08,47863009.2322638,0.9997109538257344,0.18215119262988777,0.10324709462191972,2.089296130854048,1.5135612484362002
2,2.1877616239495518e-08,45708818.96148752,0.999704222071128,0.19325834661154806,0.09184384556096703,2.1877616239495534,1.4454397707459252
2,2.2908676527677746e-08,43651583.22401657,0.9996973335607321,0.20431618634943494,0.0804164566474902,2.2908676527677816,1.380384264602878
2,2.3988329190194897e-08,41686938.34703355,0.9996902846454463,0.2153221282536396,0.06896788945366272,2.3988329190194904,1.3182567385564057
2,2.511886431509582e-08,39810717.05534969,0.9996830715912756,0.22627364030628694,0.0575011277845362,2.5118864315095886,1.2589254117941615
2,2.6302679918953814e-08,38018939.632056125,0.9996756905773578,0.23716824417806226,0.04601917459512361,2.63026799189539,1.2022644346174076
2,2.754228703338169e-08,36307805.4770101,0.9996681376939464,0.2480035172353351,0.034525048864751495,2.7542287033381743,1.148153621496878
2,2.8840315031266057e-08,34673685.045253165,0.9996604089403438,0.2587770944350052,0.023021782435582394,2.884031503126614,1.0964781961431807
2,3.0199517204020194e-08,33113112.148259073,0.9996525002227902,0.26948667010463423,0.011512416822288984,3.0199517204020236,1.0471285480508956
2,3.162277660168379e-08,31622776.601683795,0.9996444073523006,0.2801299996057707,8.881784197001252e-16,3.1622776601683866,1.0000000000000036
2,3.3113112148259144e-08,30199517.20402013,0.9996361260424533,0.2907049008787653,0.01151241682229076,3.311311214825918,1.0471285480509032
2,3.4673685045253164e-08,28840315.03126606,0.9996276519071269,0.3012092558677455,0.02302178243558428,3.4673685045253233,1.0964781961431884
2,3.6307805477010175e-08,27542287.033381633,0.9996189804581843,0.3116410118247903,0.03452504886475316,3.6307805477010198,1.1481536214968862
2,3.8018939632056126e-08,26302679.918953814,0.9996101071031044,0.32199818249271683,0.04601917459512517,3.801893963205618,1.2022644346174163
2,3.9810717055349776e-08,25118864.315095767,0.9996010271425569,0.3322788491662445,0.05750112778453775,3.981071705534978,1.2589254117941704
2,4.168693834703355e-08,23988329.1901949,0.9995917357679235,0.34248116163166387,0.0689678894536635,4.168693834703359,1.3182567385564103
2,4.3651583224016566e-08,22908676.52767775,0.9995822280587592,0.352603338985474,0.08041645664749186,4.365158322401664,1.3803842646028879
2,4.570881896148752e-08,21877616.23949552,0.999572498980197,0.36264367033278755,0.09184384556096792,4.570881896148754,1.4454397707459303
2,4.78630092322638e-08,20892961.308540408,0.9995625433802906,0.3726005153666251,0.1032470946219215,4.786300923226387,1.5135612484362109
2,5.011872336272725e-08,19952623.149688788,0.9995523559872977,0.3824723048295261,0.11462326752458585,5.011872336272725,1.584893192461116
2,5.248074602497723e-08,19054607.17963248,0.9995419314068987,0.3922575408591996,0.12596945620719202,5.248074602497727,1.659586907437563
2,5.495408738576248e-08,18197008.586099826,0.9995312641193518,0.40195479722021665,0.1372827837673366,5.495408738576265,1.7378008287493838
2,5.7543993733715665e-08,17378008.28749376,0.9995203484765826,0.411562719424005,0.1372827837673356,5.754399373371569,1.7378008287493776
2,6.025595860743581e-08,16595869.074375598,0.9995091786992053,0.4210800247396762,0.12596945620719102,6.025595860743596,1.659586907437557
2,6.30957344480193e-08,15848931.924611142,0.9994977488734771,0.4305055020983978,0.11462326752458496,6.309573444801951,1.5848931924611105
2,6.606934480075964e-08,15135612.484362073,0.9994860529481797,0.4398380118943044,0.10324709462192072,6.606934480075979,1.5135612484362055
2,6.918309709189362e-08,14454397.70745928,0.9994740847314306,0.44907648568507263,0.09184384556096703,6.9183097091893835,1.4454397707459252
2,7.244359600749906e-08,13803842.646028837,0.9994618378874203,0.45821992579550563,0.08041645664749097,7.2443596007499185,1.380384264602883
2,7.585775750291836e-08,13182567.385564074,0.9994493059330729,0.4672674048276152,0.06896788945366272,7.585775750291854,1.3182567385564057
2,7.943282347242822e-08,12589254.11794166,0.9994364822346322,0.47621806508083764,0.057501127784536976,7.943282347242832,1.258925411794166
2,8.317637711026709e-08,12022644.34617413,0.9994233600041661,0.48507111788614,0.04601917459512439,8.317637711026725,1.202264434617412
2,8.709635899560814e-08,11481536.214968817,0.999409932295992,0.4938258428578868,0.03452504886475238,8.709635899560821,1.1481536214968822
2,9.120108393559096e-08,10964781.961431852,0.9993961920030195,0.5024815870674216,0.023021782435583393,9.12010839355911,1.0964781961431846
2,9.549925860214369e-08,10471285.480508985,0.9993821318530085,0.511037764142394,0.011512416822289873,9.549925860214373,1.0471285480508994
2,1e-07,10000000.0,0.9993677444047407,0.5194938532959156,0.0,9.999999999999993,1.0
2,1.0471285480509007e-07,9549925.860214349,0.9993530220441035,0.5110377641423929,0.01151241682229076,9.549925860214321,1.0471285480509032
2,1.0964781961431852e-07,9120108.393559096,0.9993379569800824,0.5024815870674214,0.023021782435583393,9.120108393559095,1.0964781961431846
2,1.148153621496884e-07,8709635.899560796,0.9993225412406632,0.4938258428578861,0.034525048864752717,8.70963589956079,1.1481536214968842
2,1.2022644346174132e-07,8317637.711026708,0.9993067666686369,0.4850711178861393,0.046019174595124834,8.317637711026697,1.202264434617414
2,1.2589254117941688e-07,7943282.347242805,0.9992906249173101,0.47621806508083664,0.05750112778453775,7.943282347242789,1.2589254117941704
2,1.3182567385564074e-07,7585775.7502918355,0.9992741074461162,0.46726740482761453,0.06896788945366306,7.585775750291828,1.318256738556408
2,1.380384264602884e-07,7244359.600749905,0.9992572055161244,0.45821992579550486,0.08041645664749131,7.244359600749893,1.3803842646028854
2,1.445439770745928e-07,6918309.709189363,0.9992399101854467,0.44907648568507197,0.09184384556096759,6.918309709189359,1.4454397707459279
2,1.5135612484362072e-07,6606934.480075964,0.9992222123045382,0.4398380118943036,0.10324709462192105,6.606934480075955,1.5135612484362082
2,1.584893192461114e-07,6309573.44480193,0.9992041025113902,0.4305055020983968,0.11462326752458585,6.309573444801918,1.584893192461116
2,1.6595869074375596e-07,6025595.860743581,0.9991855712266118,0.42108002473967543,0.12596945620719147,6.025595860743575,1.65958690743756
2,1.7378008287493762e-07,5754399.373371567,0.9991666086483982,0.4115627194240046,0.1372827837673356,5.754399373371558,1.7378008287493776
2,1.8197008586099824e-07,5495408.738576248,0.9991472047473853,0.4019547972202159,0.13728278376733527,5.495408738576246,1.7378008287493745
2,1.9054607179632483e-07,5248074.602497723,0.9991273492613831,0.3922575408591993,0.12596945620719102,5.248074602497718,1.659586907437557
2,1.9952623149688787e-07,5011872.336272725,0.9991070316899905,0.38247230482952577,0.11462326752458496,5.011872336272716,1.5848931924611105
2,2.0892961308540409e-07,4786300.923226381,0.9990862412890852,0.37260051536662464,0.10324709462192072,4.786300923226378,1.5135612484362055
2,2.187761623949552e-07,4570881.8961487515,0.9990649670651874,0.3626436703327871,0.09184384556096703,4.570881896148745,1.4454397707459252
2,2.2908676527677748e-07,4365158.322401657,0.9990431977696945,0.35260333898547325,0.08041645664749053,4.365158322401649,1.3803842646028806
2,2.39883291901949e-07,4168693.834703355,0.9990209218929824,0.34248116163166353,0.06896788945366272,4.168693834703352,1.3182567385564057
2,2.5118864315095823e-07,3981071.705534969,0.9989981276583728,0.33227884916624373,0.05750112778453664,3.981071705534964,1.2589254117941637
2,2.6302679918953816e-07,3801893.9632056123,0.9989748030159614,0.32199818249271606,0.046019174595123946,3.8018939632056044,1.2022644346174098
2,2.754228703338169e-07,3630780.54770101,0.9989509356363048,0.31164101182478965,0.03452504886475194,3.630780547701007,1.1481536214968802
2,2.8840315031266057e-07,3467368.504525317,0.9989265129039631,0.3012092558677446,0.02302178243558306,3.467368504525311,1.0964781961431826
2,3.019951720402019e-07,3311311.2148259077,0.9989015219108938,0.29070490087876455,0.011512416822289429,3.3113112148259063,1.0471285480508974
2,3.162277660168379e-07,3162277.6601683795,0.9988759494496954,0.2801299996057698,4.440892098500626e-16,3.1622776601683755,1.0000000000000018
2,3.3113112148259143e-07,3019951.720402013,0.9988497820066957,0.269486670104633,0.01151241682229076,3.0199517204020077,1.0471285480509032
2,3.467368504525317e-07,2884031.5031266054,0.9988230057548825,0.2587770944350044,0.023021782435583837,2.8840315031266037,1.0964781961431866
2,3.6307805477010174e-07,2754228.7033381634,0.998795606546672,0.24800351723533387,0.03452504886475316,2.7542287033381596,1.1481536214968862
2,3.8018939632056126e-07,2630267.9918953814,0.9987675699065128,0.23716824417806093,0.04601917459512517,2.630267991895376,1.2022644346174163
2,3.981071705534977e-07,2511886.431509577,0.9987388810233202,0.2262736403062856,0.05750112778453775,2.511886431509575,1.2589254117941704
2,4.168693834703355e-07,2398832.91901949,0.998709524742738,0.21532212825363917,0.0689678894536635,2.398832919019486,1.3182567385564103
2,4.365158322401656e-07,2290867.6527677746,0.9986794855592238,0.20431618634943394,0.08041645664749131,2.290867652767773,1.3803842646028854
2,4.5708818961487516e-07,2187761.623949552,0.9986487476079537,0.1932583466115475,0.09184384556096792,2.1877616239495494,1.4454397707459303
2,4.78630092322638e-07,2089296.130854041,0.9986172946565424,0.18215119262988644,0.1032470946219215,2.089296130854037,1.5135612484362109
2,5.011872336272725e-07,1995262.3149688789,0.9985851100965742,0.17099735734361876,0.11462326752458585,1.9952623149688775,1.584893192461116
2,5.248074602497723e-07,1905460.7179632483,0.9985521769349421,0.15979952071576264,0.12596945620719202,1.9054607179632455,1.659586907437563
2,5.495408738576248e-07,1819700.8586099825,0.9985184777849889,0.1485604073090483,0.13728278376733594,1.819700858609979,1.7378008287493807
2,5.754399373371567e-07,1737800.8287493763,0.9984839948574464,0.13728278376733527,0.13728278376733527,1.7378008287493745,1.7378008287493745
2,6.025595860743581e-07,1659586.9074375597,0.9984487099511701,0.12596945620719102,0.12596945620719102,1.659586907437557,1.659586907437557
2,6.30957344480193e-07,1584893.1924611141,0.9984126044436615,0.11462326752458551,0.11462326752458551,1.5848931924611134,1.5848931924611134
2,6.606934480075964e-07,1513561.2484362072,0.9983756592813765,0.10324709462192072,0.10324709462192072,1.5135612484362055,1.5135612484362055
2,6.918309709189363e-07,1445439.770745928,0.9983378549698131,0.09184384556096703,0.09184384556096703,1.4454397707459252,1.4454397707459252
2,7.244359600749906e-07,1380384.264602884,0.9982991715633741,0.08041645664749097,0.08041645664749097,1.380384264602883,1.380384264602883
2,7.585775750291836e-07,1318256.7385564074,0.9982595886550009,0.06896788945366272,0.06896788945366272,1.3182567385564057,1.3182567385564057
2,7.943282347242821e-07,1258925.4117941663,0.9982190853655711,0.05750112778453664,0.05750112778453664,1.2589254117941637,1.2589254117941637
2,8.317637711026709e-07,1202264.4346174132,0.9981776403330577,0.04601917459512439,0.04601917459512439,1.202264434617412,1.202264434617412
2,8.709635899560814e-07,1148153.6214968818,0.9981352317014406,0.03452504886475194,0.03452504886475194,1.1481536214968802,1.1481536214968802
2,9.120108393559096e-07,1096478.1961431853,0.9980918371093705,0.023021782435583393,0.023021782435583393,1.0964781961431846,1.0964781961431846
2,9.549925860214369e-07,1047128.5480508985,0.9980474336785741,0.011512416822289429,0.011512416822289429,1.0471285480508974,1.0471285480508974
2,1e-06,1000000.0,0.998001998001998,4.440892098500626e-16,4.440892098500626e-16,1.0000000000000018,1.0000000000000018
2,1.0471285480509007e-06,954992.586021435,0.9979555061316867,0.011512416822290317,0.011512416822290317,1.0471285480509012,1.0471285480509012
2,1.096478196143185e-06,912010.8393559096,0.9979079335663853,0.023021782435583837,0.023021782435583837,1.0964781961431866,1.0964781961431866
2,1.148153621496884e-06,870963.5899560797,0.997859255238864,0.03452504886475316,0.03452504886475316,1.1481536214968862,1.1481536214968862
2,1.2022644346174132e-06,831763.7711026708,0.9978094455029571,0.046019174595124834,0.046019174595124834,1.202264434617414,1.202264434617414
2,1.2589254117941687e-06,794328.2347242805,0.9977584781203108,0.05750112778453775,0.05750112778453775,1.2589254117941704,1.2589254117941704
2,1.3182567385564074e-06,758577.5750291836,0.9977063262468324,0.0689678894536635,0.0689678894536635,1.3182567385564103,1.3182567385564103
2,1.3803842646028865e-06,724435.9600749891,0.9976529624188364,0.08041645664749186,0.08041645664749186,1.3803842646028879,1.3803842646028879
2,1.445439770745928e-06,691830.9709189363,0.9975983585388786,0.09184384556096792,0.09184384556096792,1.4454397707459303,1.4454397707459303
2,1.5135612484362072e-06,660693.4480075964,0.9975424858612739,0.10324709462192105,0.10324709462192105,1.5135612484362082,1.5135612484362082
2,1.584893192461114e-06,630957.344480193,0.9974853149772894,0.11462326752458585,0.11462326752458585,1.584893192461116,1.584893192461116
2,1.6595869074375596e-06,602559.5860743581,0.9974268158000058,0.12596945620719202,0.12596945620719202,1.659586907437563,1.659586907437563
2,1.7378008287493763e-06,575439.9373371566,0.9973669575488413,0.1372827837673356,0.1372827837673356,1.7378008287493776,1.7378008287493776
2,1.8197008586099826e-06,549540.8738576248,0.9973057087337298,0.14856040730904907,0.13728278376733527,1.8197008586099854,1.7378008287493745
2,1.9054607179632483e-06,524807.4602497723,0.9972430371389457,0.15979952071576353,0.12596945620719102,1.9054607179632523,1.659586907437557
2,1.9952623149688787e-06,501187.23362727254,0.9971789098065694,0.1709973573436192,0.11462326752458551,1.995262314968881,1.5848931924611134
2,2.0892961308540407e-06,478630.0923226381,0.9971132930195842,0.18215119262988722,0.10324709462192072,2.089296130854044,1.5135612484362055
2,2.1877616239495517e-06,457088.1896148752,0.9970461522845968,0.19325834661154806,0.09184384556096759,2.1877616239495534,1.4454397707459279
2,2.2908676527677747e-06,436515.8322401656,0.9969774523141764,0.20431618634943438,0.08041645664749097,2.2908676527677776,1.380384264602883
2,2.3988329190194897e-06,416869.3834703355,0.9969071570087995,0.21532212825363994,0.06896788945366272,2.3988329190194944,1.3182567385564057
2,2.5118864315095823e-06,398107.1705534969,0.9968352294383965,0.22627364030628638,0.057501127784536976,2.5118864315095837,1.258925411794166
2,2.6302679918953812e-06,380189.3963205613,0.9967616318234898,0.23716824417806182,0.04601917459512439,2.6302679918953853,1.202264434617412
2,2.754228703338169e-06,363078.05477010104,0.9966863255159142,0.2480035172353351,0.03452504886475194,2.7542287033381743,1.1481536214968802
2,2.884031503126606e-06,346736.85045253165,0.9966092709791134,0.25877709443500474,0.023021782435583393,2.8840315031266086,1.0964781961431846
2,3.0199517204020193e-06,331131.12148259074,0.9965304277680014,0.26948667010463423,0.011512416822289429,3.0199517204020236,1.0471285480508974
2,3.162277660168379e-06,316227.76601683797,0.9964497545083805,0.28012999960577023,0.0,3.1622776601683813,1.0
2,3.3113112148259145e-06,301995.1720402013,0.9963672088759077,0.2907049008787653,0.011512416822290317,3.311311214825918,1.0471285480509012
2,3.467368504525317e-06,288403.15031266055,0.9962827475745993,0.3012092558677455,0.023021782435583837,3.4673685045253233,1.0964781961431866
2,3.6307805477010175e-06,275422.87033381633,0.9961963263148644,0.3116410118247903,0.034525048864752717,3.6307805477010198,1.1481536214968842
2,3.801893963205613e-06,263026.7991895381,0.9961078997910581,0.32199818249271683,0.046019174595124834,3.801893963205618,1.202264434617414
2,3.981071705534978e-06,251188.64315095768,0.9960174216585433,0.33227884916624484,0.05750112778453775,3.981071705534985,1.2589254117941704
2,4.168693834703355e-06,239883.291901949,0.9959248445102548,0.34248116163166387,0.06896788945366306,4.168693834703359,1.318256738556408
2,4.365158322401665e-06,229086.76527677703,0.9958301198527497,0.35260333898547436,0.08041645664749186,4.365158322401672,1.3803842646028879
2,4.570881896148752e-06,218776.16239495517,0.9957331980817402,0.36264367033278755,0.09184384556096759,4.570881896148754,1.4454397707459279
2,4.78630092322638e-06,208929.6130854041,0.9956340284570937,0.3726005153666251,0.10324709462192105,4.786300923226387,1.5135612484362082
2,5.011872336272725e-06,199526.23149688786,0.9955325590772923,0.38247230482952654,0.11462326752458585,5.0118723362727335,1.584893192461116
2,5.248074602497723e-06,190546.07179632483,0.9954287368533394,0.3922575408591996,0.12596945620719147,5.248074602497727,1.65958690743756
2,5.4954087385762485e-06,181970.08586099825,0.995322507482104,0.4019547972202163,0.1372827837673356,5.495408738576256,1.7378008287493776
2,5.754399373371567e-06,173780.08287493762,0.9952138154190903,0.41156271942400524,0.13728278376733472,5.754399373371578,1.7378008287493716
2,6.025595860743581e-06,165958.690743756,0.9951026038506214,0.4210800247396759,0.12596945620719102,6.025595860743586,1.659586907437557
2,6.30957344480193e-06,158489.3192461114,0.9949888146654285,0.43050550209839744,0.11462326752458496,6.3095734448019405,1.5848931924611105
2,6.606934480075964e-06,151356.12484362072,0.9948723884256288,0.4398380118943044,0.10324709462192017,6.606934480075979,1.5135612484362029
2,6.9183097091893625e-06,144543.9770745928,0.9947532643370853,0.4490764856850723,0.09184384556096703,6.918309709189371,1.4454397707459252
2,7.244359600749906e-06,138038.42646028838,0.9946313802191354,0.45821992579550563,0.08041645664749053,7.2443596007499185,1.3803842646028806
2,7.585775750291836e-06,131825.67385564075,0.9945066724736735,0.46726740482761486,0.06896788945366272,7.585775750291841,1.3182567385564057
2,7.943282347242822e-06,125892.54117941661,0.9943790760535797,0.47621806508083764,0.05750112778453664,7.943282347242832,1.2589254117941637
2,8.31763771102671e-06,120226.4434617413,0.9942485244304787,0.48507111788614,0.046019174595123946,8.317637711026725,1.2022644346174098
2,8.709635899560814e-06,114815.36214968817,0.9941149495618198,0.4938258428578868,0.03452504886475194,8.709635899560821,1.1481536214968802
2,9.120108393559096e-06,109647.81961431852,0.9939782818572609,0.5024815870674216,0.02302178243558306,9.12010839355911,1.0964781961431826
2,9.549925860214369e-06,104712.85480508985,0.9938384501443489,0.5110377641423943,0.011512416822288984,9.549925860214389,1.0471285480508956
2,9.999999999999999e-06,100000.00000000001,0.9936953816334796,0.5194938532959156,4.440892098500626e-16,9.999999999999993,1.0000000000000018
2,1.0471285480509006e-05,95499.2586021435,0.9935490018821255,0.5110377641423933,0.01151241682229076,9.549925860214337,1.0471285480509032
2,1.096478196143185e-05,91201.08393559097,0.9933992347583194,0.5024815870674214,0.023021782435583837,9.120108393559095,1.0964781961431866
2,1.1481536214968841e-05,87096.35899560797,0.9932460024033779,0.4938258428578861,0.03452504886475316,8.70963589956079,1.1481536214968862
2,1.202264434617413e-05,83176.37711026709,0.9930892251938541,0.4850711178861393,0.04601917459512517,8.317637711026697,1.2022644346174163
2,1.2589254117941688e-05,79432.82347242805,0.9929288217027039,0.47621806508083697,0.05750112778453775,7.943282347242803,1.2589254117941704
2,1.3182567385564074e-05,75857.75750291836,0.9927647086596535,0.46726740482761453,0.0689678894536635,7.585775750291828,1.3182567385564103
2,1.3803842646028866e-05,72443.59600749891,0.9925968009107533,0.4582199257955045,0.08041645664749242,7.244359600749879,1.3803842646028903
2,1.445439770745928e-05,69183.09709189362,0.9924250113771055,0.44907648568507197,0.09184384556096792,6.918309709189359,1.4454397707459303
2,1.5135612484362071e-05,66069.34480075965,0.99224925101275,0.4398380118943036,0.1032470946219215,6.606934480075955,1.5135612484362109
2,1.584893192461114e-05,63095.7344480193,0.9920694287616956,0.430505502098397,0.11462326752458585,6.309573444801929,1.584893192461116
2,1.6595869074375598e-05,60255.9586074358,0.9918854515140823,0.42108002473967543,0.12596945620719202,6.025595860743575,1.659586907437563
2,1.7378008287493764e-05,57543.993733715666,0.9916972240614592,0.4115627194240046,0.13728278376733594,5.754399373371558,1.7378008287493807
2,1.8197008586099824e-05,54954.08738576249,0.9915046490511662,0.4019547972202159,0.13728278376733527,5.495408738576246,1.7378008287493745
2,1.9054607179632484e-05,52480.74602497723,0.9913076269398018,0.3922575408591993,0.12596945620719102,5.248074602497718,1.659586907437557
2,1.9952623149688786e-05,50118.72336272725,0.9911060559457661,0.3824723048295261,0.11462326752458551,5.011872336272725,1.5848931924611134
2,2.089296130854041e-05,47863.0092322638,0.9908998320008616,0.37260051536662464,0.10324709462192072,4.786300923226378,1.5135612484362055
2,2.187761623949552e-05,45708.818961487515,0.9906888487009402,0.3626436703327871,0.09184384556096703,4.570881896148745,1.4454397707459252
2,2.2908676527677746e-05,43651.58322401657,0.9904729972555785,0.3526033389854737,0.08041645664749097,4.365158322401657,1.380384264602883
2,2.3988329190194897e-05,41686.93834703355,0.990252166436771,0.34248116163166353,0.06896788945366272,4.168693834703352,1.3182567385564057
2,2.5118864315095822e-05,39810.71705534969,0.9900262425266241,0.33227884916624373,0.05750112778453664,3.981071705534964,1.2589254117941637
2,2.6302679918953814e-05,38018.93963205613,0.989795109264036,0.3219981824927165,0.04601917459512439,3.801893963205611,1.202264434617412
2,2.754228703338169e-05,36307.8054770101,0.9895586477903517,0.31164101182478965,0.03452504886475194,3.630780547701007,1.1481536214968802
2,2.8840315031266056e-05,34673.685045253165,0.9893167365939752,0.3012092558677446,0.02302178243558306,3.467368504525311,1.0964781961431826
2,3.0199517204020192e-05,33113.112148259075,0.9890692514539268,0.29070490087876455,0.011512416822289429,3.3113112148259063,1.0471285480508974
2,3.1622776601683795e-05,31622.776601683792,0.9888160653823305,0.2801299996057698,4.440892098500626e-16,3.1622776601683755,1.0000000000000018
2,3.3113112148259144e-05,30199.51720402013,0.9885570485658193,0.26948667010463334,0.011512416822290317,3.019951720402013,1.0471285480509012
2,3.467368504525317e-05,28840.31503126606,0.9882920683058426,0.2587770944350044,0.023021782435583837,2.8840315031266037,1.0964781961431866
2,3.6307805477010174e-05,27542.287033381635,0.9880209889578642,0.24800351723533387,0.03452504886475316,2.7542287033381596,1.1481536214968862
2,3.8018939632056124e-05,26302.679918953818,0.9877436718694351,0.23716824417806148,0.046019174595124834,2.630267991895381,1.202264434617414
2,3.9810717055349776e-05,25118.86431509577,0.9874599753171323,0.2262736403062856,0.05750112778453775,2.511886431509575,1.2589254117941704
2,4.168693834703355e-05,23988.329190194898,0.9871697544423454,0.21532212825363917,0.0689678894536635,2.398832919019486,1.3182567385564103
2,4.3651583224016654e-05,22908.6765276777,0.9868728611859037,0.2043161863494335,0.08041645664749186,2.290867652767769,1.3803842646028879
2,4.5708818961487516e-05,21877.61623949552,0.9865691442215281,0.1932583466115475,0.09184384556096792,2.1877616239495494,1.4454397707459303
2,4.7863009232263804e-05,20892.96130854041,0.9862584488880981,0.18215119262988688,0.10324709462192105,2.0892961308540405,1.5135612484362082
2,5.011872336272725e-05,19952.62314968879,0.9859406171207216,0.17099735734361876,0.11462326752458585,1.9952623149688775,1.584893192461116
2,5.248074602497723e-05,19054.607179632483,0.9856154873805967,0.15979952071576264,0.12596945620719202,1.9054607179632455,1.659586907437563
2,5.495408738576248e-05,18197.008586099826,0.985282894583656,0.14856040730904874,0.1372827837673356,1.819700858609982,1.7378008287493776
2,5.7543993733715664e-05,17378.00828749376,0.9849426700279822,0.13728278376733527,0.13728278376733527,1.7378008287493745,1.7378008287493745
2,6.0255958607435806e-05,16595.869074375598,0.9845946413199861,0.12596945620719102,0.12596945620719102,1.659586907437557,1.659586907437557
2,6.309573444801929e-05,15848.931924611143,0.9842386322993394,0.11462326752458551,0.11462326752458551,1.5848931924611134,1.5848931924611134
2,6.606934480075965e-05,15135.612484362071,0.9838744629626529,0.10324709462192072,0.10324709462192072,1.5135612484362055,1.5135612484362055
2,6.918309709189363e-05,14454.39770745928,0.9835019493858929,0.09184384556096759,0.09184384556096759,1.4454397707459279,1.4454397707459279
2,7.244359600749906e-05,13803.842646028837,0.9831209036455302,0.08041645664749097,0.08041645664749097,1.380384264602883,1.380384264602883
2,7.585775750291836e-05,13182.567385564074,0.982731133738415,0.06896788945366272,0.06896788945366272,1.3182567385564057,1.3182567385564057
2,7.943282347242822e-05,12589.25411794166,0.9823324435003733,0.057501127784536976,0.057501127784536976,1.258925411794166,1.258925411794166
2,8.317637711026709e-05,12022.644346174131,0.9819246325235207,0.04601917459512439,0.04601917459512439,1.202264434617412,1.202264434617412
2,8.709635899560814e-05,11481.536214968817,0.9815074960722906,0.03452504886475194,0.03452504886475194,1.1481536214968802,1.1481536214968802
2,9.120108393559096e-05,10964.78196143185,0.9810808249981752,0.023021782435583393,0.023021782435583393,1.0964781961431846,1.0964781961431846
2,9.549925860214369e-05,10471.285480508985,0.9806444056531781,0.011512416822289429,0.011512416822289429,1.0471285480508974,1.0471285480508974
2,0.0001,10000.0,0.9801980198019802,4.440892098500626e-16,4.440892098500626e-16,1.0000000000000018,1.0000000000000018
2,0.00010471285480508985,9549.92586021437,0.9797414445328179,0.011512416822289873,0.011512416822289873,1.0471285480508994,1.0471285480508994
2,0.00010964781961431873,9120.108393559078,0.9792744521670804,0.02302178243558428,0.02302178243558428,1.0964781961431884,1.0964781961431884
2,0.0001148153621496884,8709.635899560797,0.9787968101676279,0.034525048864752717,0.034525048864752717,1.1481536214968842,1.1481536214968842
2,0.00012022644346174131,8317.63771102671,0.9783082810458373,0.046019174595124834,0.046019174595124834,1.202264434617414,1.202264434617414
2,0.0001258925411794166,7943.282347242822,0.9778086222673845,0.05750112778453742,0.05750112778453742,1.2589254117941682,1.2589254117941682
2,0.000131825673855641,7585.77575029182,0.9772975861567705,0.0689678894536635,0.0689678894536635,1.3182567385564103,1.3182567385564103
2,0.00013803842646028865,7244.359600749892,0.9767749198006048,0.08041645664749186,0.08041645664749186,1.3803842646028879,1.3803842646028879
2,0.0001445439770745928,6918.309709189362,0.9762403649496569,0.09184384556096792,0.09184384556096792,1.4454397707459303,1.4454397707459303
2,0.00015135612484362072,6606.9344800759645,0.9756936579196932,0.10324709462192105,0.10324709462192105,1.5135612484362082,1.5135612484362082
2,0.0001584893192461111,6309.573444801943,0.9751345294911152,0.11462326752458551,0.11462326752458551,1.5848931924611134,1.5848931924611134
2,0.00016595869074375631,6025.595860743569,0.9745627048074186,0.12596945620719235,0.12596945620719235,1.659586907437566,1.659586907437566
2,0.00017378008287493763,5754.399373371566,0.9739779032724959,0.1372827837673356,0.1372827837673356,1.7378008287493776,1.7378008287493776
2,0.00018197008586099826,5495.408738576248,0.9733798384468054,0.14856040730904907,0.13728278376733527,1.8197008586099854,1.7378008287493745
2,0.00019054607179632443,5248.074602497733,0.9727682179424358,0.15979952071576264,0.12596945620719202,1.9054607179632455,1.659586907437563
2,0.00019952623149688828,5011.872336272715,0.9721427433170929,0.17099735734361965,0.11462326752458496,1.9952623149688846,1.5848931924611105
2,0.0002089296130854041,4786.30092322638,0.9715031099670435,0.18215119262988722,0.10324709462192072,2.089296130854044,1.5135612484362055
2,0.00021877616239495518,4570.881896148751,0.9708490070190514,0.19325834661154806,0.09184384556096759,2.1877616239495534,1.4454397707459279
2,0.00022908676527677702,4365.158322401665,0.9701801172213427,0.20431618634943394,0.08041645664749131,2.290867652767773,1.3803842646028854
2,0.00023988329190194948,4168.6938347033465,0.9694961168336445,0.2153221282536405,0.06896788945366228,2.398832919019499,1.3182567385564032
2,0.0002511886431509582,3981.071705534969,0.9687966755163407,0.22627364030628638,0.057501127784536976,2.5118864315095837,1.258925411794166
2,0.00026302679918953814,3801.8939632056126,0.9680814562187949,0.23716824417806182,0.04601917459512439,2.6302679918953853,1.202264434617412
2,0.00027542287033381635,3630.7805477010174,0.9673501150668921,0.2480035172353341,0.034525048864752717,2.7542287033381645,1.1481536214968842
2,0.00028840315031266115,3467.3685045253096,0.9666023012498577,0.2587770944350052,0.02302178243558306,2.884031503126614,1.0964781961431826
2,0.0003019951720402019,3311.311214825908,0.965837656906413,0.26948667010463423,0.011512416822289429,3.0199517204020236,1.0471285480508974
2,0.00031622776601683794,3162.277660168379,0.9650558170103332,0.28012999960577023,0.0,3.1622776601683813,1.0
2,0.0003311311214825908,3019.951720402019,0.9642564092554765,0.2907049008787649,0.011512416822289873,3.311311214825912,1.0471285480508994
2,0.0003467368504525324,2884.0315031265995,0.9634390539403614,0.3012092558677457,0.023021782435583837,3.4673685045253264,1.0964781961431875
2,0.0003630780547701018,2754.228703338163,0.9626033638523678,0.3116410118247903,0.034525048864752717,3.6307805477010198,1.1481536214968842
2,0.00038018939632056124,2630.267991895382,0.9617489441516486,0.3219981824927166,0.04601917459512461,3.8018939632056146,1.202264434617413
2,0.0003981071705534969,2511.886431509582,0.960875392254841,0.33227884916624406,0.057501127784536976,3.981071705534971,1.258925411794166
2,0.00041686938347033637,2398.832919019485,0.9599822977186722,0.3424811616316642,0.0689678894536635,4.168693834703366,1.3182567385564103
2,0.00043651583224016654,2290.86765276777,0.9590692421235608,0.35260333898547425,0.08041645664749164,4.365158322401668,1.3803842646028868
2,0.00045708818961487515,2187.761623949552,0.9581357989573208,0.36264367033278755,0.09184384556096759,4.570881896148754,1.4454397707459279
2,0.00047863009232263805,2089.2961308540407,0.9571815334990798,0.3726005153666251,0.10324709462192105,4.786300923226387,1.5135612484362082
2,0.0005011872336272735,1995.2623149688748,0.9562060027035332,0.38247230482952665,0.11462326752458618,5.011872336272738,1.5848931924611176
2,0.0005248074602497734,1905.4607179632444,0.9552087550856592,0.39225754085920006,0.12596945620719202,5.248074602497736,1.659586907437563
2,0.0005495408738576248,1819.7008586099828,0.9541893306060261,0.4019547972202161,0.13728278376733527,5.49540873857625,1.737800828749376
2,0.0005754399373371566,1737.8008287493763,0.9531472605568353,0.41156271942400513,0.13728278376733527,5.754399373371574,1.7378008287493745
2,0.0006025595860743568,1659.5869074375632,0.9520820674488446,0.42108002473967543,0.1259694562071917,6.025595860743575,1.6595869074375615
2,0.0006309573444801943,1584.8931924611109,0.950993264899328,0.43050550209839766,0.11462326752458496,6.309573444801946,1.5848931924611105
2,0.0006606934480075965,1513.561248436207,0.9498803575212357,0.43983801189430416,0.10324709462192072,6.606934480075973,1.5135612484362055
2,0.0006918309709189362,1445.439770745928,0.9487428408137238,0.4490764856850723,0.09184384556096736,6.918309709189371,1.4454397707459266
2,0.0007244359600749891,1380.3842646028868,0.9475802010542355,0.4582199257955051,0.08041645664749131,7.244359600749899,1.3803842646028854
2,0.0007585775750291852,1318.2567385564048,0.9463919151923196,0.4672674048276152,0.06896788945366228,7.585775750291854,1.3182567385564044
2,0.0007943282347242822,1258.9254117941662,0.945177450745387,0.47621806508083764,0.057501127784536865,7.943282347242832,1.2589254117941648
2,0.0008317637711026709,1202.2644346174131,0.9439362656966069,0.48507111788613977,0.04601917459512439,8.317637711026718,1.202264434617412
2,0.0008709635899560796,1148.1536214968842,0.9426678083951643,0.49382584285788644,0.034525048864752605,8.709635899560805,1.148153621496883
2,0.0009120108393559115,1096.478196143183,0.9413715174590992,0.5024815870674219,0.02302178243558306,9.12010839355912,1.0964781961431826
2,0.0009549925860214369,1047.1285480508984,0.940046821680968,0.5110377641423941,0.011512416822289429,9.54992586021438,1.0471285480508974
2,0.001,1000.0,0.938693139936569,0.5194938532959156,2.220446049250313e-16,9.999999999999993,1.0000000000000009
2,0.0010471285480508985,954.9925860214369,0.9373098810969921,0.5110377641423938,0.011512416822289873,9.549925860214364,1.0471285480508994
2,0.0010964781961431873,912.0108393559078,0.9358964439442577,0.5024815870674209,0.02302178243558428,9.12010839355907,1.0964781961431884
2,0.001148153621496884,870.9635899560797,0.9344522170908249,0.4938258428578861,0.03452504886475294,8.70963589956079,1.148153621496885
2,0.001202264434617413,831.763771102671,0.9329765789032575,0.48507111788613955,0.046019174595124834,8.317637711026704,1.202264434617414
2,0.0012589254117941662,794.3282347242822,0.9314688974303501,0.4762180650808373,0.0575011277845372,7.943282347242818,1.258925411794167
2,0.0013182567385564101,758.5775750291821,0.9299285303360274,0.4672674048276142,0.06896788945366383,7.585775750291814,1.3182567385564115
2,0.0013803842646028866,724.4359600749891,0.928354824837342,0.45821992579550463,0.08041645664749186,7.2443596007498865,1.3803842646028879
2,0.001445439770745928,691.8309709189363,0.9267471176479061,0.44907648568507197,0.0918438455609677,6.918309709189359,1.4454397707459292
2,0.0015135612484362072,660.6934480075964,0.9251047349271107,0.4398380118943038,0.10324709462192105,6.606934480075961,1.5135612484362082
2,0.0015848931924611173,630.9573444801918,0.9234269922354904,0.43050550209839655,0.11462326752458618,6.309573444801912,1.584893192461119
2,0.001659586907437563,602.5595860743568,0.9217131944966139,0.4210800247396752,0.12596945620719202,6.0255958607435645,1.6595869074375644
2,0.0017378008287493763,575.4399373371567,0.9199626359658822,0.4115627194240048,0.1372827837673356,5.754399373371563,1.7378008287493776
2,0.0018197008586099824,549.5408738576249,0.9181746002066413,0.4019547972202159,0.13728278376733527,5.495408738576246,1.7378008287493745
2,0.0019054607179632443,524.8074602497734,0.9163483600740212,0.39225754085919984,0.1259694562071917,5.248074602497732,1.6595869074375615
2,0.001995262314968883,501.1872336272715,0.9144831777069278,0.38247230482952554,0.11462326752458485,5.011872336272711,1.5848931924611092
2,0.0020892961308540407,478.63009232263806,0.912578304528632,0.37260051536662464,0.10324709462192072,4.786300923226378,1.5135612484362055
2,0.002187761623949552,457.08818961487515,0.9106329812564055,0.36264367033278744,0.09184384556096736,4.57088189614875,1.4454397707459266
2,0.00229086765276777,436.5158322401665,0.9086464379206753,0.352603338985474,0.08041645664749131,4.365158322401664,1.3803842646028854
2,0.0023988329190194947,416.8693834703347,0.9066178938941757,0.3424811616316631,0.06896788945366228,4.168693834703344,1.3182567385564032
2,0.002511886431509582,398.1071705534969,0.9045465579315921,0.33227884916624384,0.057501127784536865,3.9810717055349674,1.2589254117941648
2,0.0026302679918953813,380.1893963205613,0.9024316282202041,0.3219981824927165,0.04601917459512439,3.801893963205611,1.202264434617412
2,0.0027542287033381634,363.07805477010174,0.9002722924420477,0.3116410118247902,0.034525048864752605,3.6307805477010167,1.148153621496883
2,0.0028840315031266116,346.736850452531,0.8980677278481313,0.3012092558677444,0.023021782435582616,3.4673685045253078,1.0964781961431818
2,0.003019951720402019,331.13112148259074,0.8958171013452502,0.29070490087876455,0.011512416822289429,3.3113112148259063,1.0471285480508974
2,0.0031622776601683794,316.2277660168379,0.8935195695959551,0.28012999960577,2.220446049250313e-16,3.162277660168378,1.0000000000000009
2,0.003311311214825908,301.9951720402019,0.8911742791322496,0.2694866701046337,0.011512416822289873,3.0199517204020183,1.0471285480508994
2,0.0034673685045253236,288.40315031266,0.8887803664835932,0.25877709443500396,0.02302178243558428,2.8840315031265984,1.0964781961431884
2,0.0036307805477010175,275.4228703338163,0.8863369583198054,0.24800351723533398,0.03452504886475294,2.7542287033381623,1.148153621496885
2,0.0038018939632056127,263.02679918953817,0.8838431716094717,0.23716824417806148,0.046019174595124834,2.630267991895381,1.202264434617414
2,0.003981071705534969,251.18864315095823,0.8812981137944649,0.22627364030628616,0.0575011277845372,2.5118864315095815,1.258925411794167
2,0.004168693834703364,239.88329190194847,0.8787008829812043,0.21532212825363883,0.06896788945366383,2.3988329190194837,1.3182567385564115
2,0.004365158322401665,229.08676527677702,0.876050568149284,0.2043161863494335,0.08041645664749186,2.290867652767769,1.3803842646028879
2,0.004570881896148752,218.77616239495518,0.8733462493781041,0.19325834661154784,0.0918438455609677,2.187761623949551,1.4454397707459292
2,0.00478630092322638,208.9296130854041,0.8705869980921566,0.18215119262988688,0.10324709462192105,2.0892961308540405,1.5135612484362082
2,0.005011872336272735,199.52623149688748,0.8677718773256087,0.17099735734361843,0.11462326752458618,1.995262314968874,1.584893192461119
2,0.005248074602497733,190.54607179632444,0.8648999420068475,0.15979952071576264,0.12596945620719202,1.9054607179632437,1.6595869074375644
2,0.005495408738576248,181.97008586099827,0.8619702392636348,0.14856040730904874,0.1372827837673356,1.819700858609982,1.7378008287493776
2,0.005754399373371567,173.78008287493762,0.8589818087495408,0.13728278376733527,0.13728278376733527,1.737800828749376,1.737800828749376
2,0.006025595860743568,165.9586907437563,0.8559336829923149,0.12596945620719202,0.12596945620719202,1.659586907437563,1.659586907437563
2,0.006309573444801942,158.4893192461111,0.8528248877648528,0.11462326752458496,0.11462326752458496,1.5848931924611105,1.5848931924611105
2,0.006606934480075964,151.3561248436207,0.849654442479423,0.10324709462192072,0.10324709462192072,1.5135612484362069,1.5135612484362069
2,0.006918309709189363,144.5439770745928,0.8464213606057995,0.09184384556096759,0.09184384556096759,1.4454397707459279,1.4454397707459279
2,0.007244359600749891,138.03842646028866,0.8431246501139567,0.08041645664749131,0.08041645664749131,1.3803842646028854,1.3803842646028854
2,0.0075857757502918515,131.82567385564047,0.8397633139419612,0.06896788945366228,0.06896788945366228,1.3182567385564044,1.3182567385564044
2,0.00794328234724282,125.89254117941663,0.8363363504896959,0.057501127784536976,0.057501127784536976,1.258925411794166,1.258925411794166
2,0.008317637711026709,120.22644346174131,0.8328427541390269,0.04601917459512461,0.04601917459512461,1.202264434617413,1.202264434617413
2,0.008709635899560796,114.81536214968841,0.8292815158010255,0.034525048864752717,0.034525048864752717,1.1481536214968842,1.1481536214968842
2,0.009120108393559116,109.64781961431828,0.8256516234908261,0.02302178243558306,0.02302178243558306,1.0964781961431826,1.0964781961431826
2,0.00954992586021437,104.71285480508985,0.8219520629306905,0.01151241682228965,0.01151241682228965,1.0471285480508985,1.0471285480508985
2,0.01,100.0,0.8181818181818181,2.220446049250313e-16,2.220446049250313e-16,1.0000000000000009,1.0000000000000009
2,0.010471285480508985,95.49925860214368,0.8143398723054296,0.011512416822289873,0.011512416822289873,1.0471285480508994,1.0471285480508994
2,0.010964781961431873,91.20108393559079,0.8104252080536076,0.023021782435583837,0.023021782435583837,1.0964781961431875,1.0964781961431875
2,0.01148153621496884,87.09635899560797,0.8064368085903616,0.034525048864752717,0.034525048864752717,1.1481536214968842,1.1481536214968842
2,0.012022644346174132,83.17637711026708,0.8023736582433354,0.046019174595124834,0.046019174595124834,1.202264434617414,1.202264434617414
2,0.012589254117941661,79.43282347242823,0.7982347432865534,0.0575011277845372,0.0575011277845372,1.258925411794167,1.258925411794167
2,0.0131825673855641,75.8577575029182,0.7940190527545459,0.0689678894536635,0.0689678894536635,1.3182567385564103,1.3182567385564103
2,0.013803842646028866,72.44359600749891,0.7897255792881606,0.08041645664749164,0.08041645664749164,1.3803842646028868,1.3803842646028868
2,0.01445439770745928,69.18309709189363,0.7853533200123082,0.0918438455609677,0.0918438455609677,1.4454397707459292,1.4454397707459292
2,0.015135612484362071,66.06934480075965,0.7809012774458495,0.10324709462192105,0.10324709462192105,1.5135612484362082,1.5135612484362082
2,0.015848931924611172,63.09573444801917,0.7763684604437658,0.11462326752458618,0.11462326752458618,1.5848931924611176,1.5848931924611176
2,0.01659586907437563,60.25595860743569,0.7717538851716989,0.12596945620719202,0.12596945620719202,1.659586907437563,1.659586907437563
2,0.017378008287493762,57.543993733715666,0.7670565761128785,0.1372827837673356,0.1372827837673356,1.7378008287493776,1.7378008287493776
2,0.018197008586099826,54.954087385762485,0.7622755671073966,0.14856040730904896,0.13728278376733527,1.8197008586099839,1.7378008287493754
2,0.019054607179632442,52.48074602497734,0.7574099024237031,0.15979952071576264,0.12596945620719202,1.9054607179632446,1.659586907437563
2,0.01995262314968883,50.118723362727145,0.752458637862129,0.17099735734361954,0.11462326752458496,1.9952623149688837,1.5848931924611105
2,0.02089296130854041,47.8630092322638,0.7474208418901627,0.18215119262988722,0.10324709462192072,2.0892961308540423,1.5135612484362062
2,0.02187761623949552,45.708818961487516,0.7422955968091112,0.19325834661154806,0.09184384556096736,2.1877616239495534,1.4454397707459272
2,0.0229086765276777,43.651583224016655,0.7370819999517035,0.20431618634943383,0.08041645664749164,2.2908676527677714,1.380384264602886
2,0.02398832919019495,41.68693834703346,0.7317791649100875,0.21532212825364005,0.06896788945366228,2.3988329190194957,1.3182567385564044
2,0.025118864315095822,39.81071705534969,0.7263862227935799,0.22627364030628627,0.057501127784536976,2.511886431509583,1.258925411794166
2,0.026302679918953815,38.018939632056124,0.7209023235154242,0.2371682441780616,0.04601917459512439,2.630267991895383,1.2022644346174125
2,0.027542287033381633,36.30780547701018,0.715326637107714,0.2480035172353341,0.034525048864752717,2.7542287033381645,1.1481536214968837
2,0.028840315031266116,34.673685045253094,0.7096583550635189,0.2587770944350052,0.02302178243558306,2.8840315031266126,1.0964781961431826
2,0.030199517204020192,33.11311214825908,0.7038966917051475,0.2694866701046339,0.011512416822289429,3.019951720402021,1.0471285480508978
2,0.03162277660168379,31.622776601683796,0.6980408855773534,0.28012999960577023,0.0,3.1622776601683813,1.0000000000000004
2,0.03311311214825908,30.19951720402019,0.6920902008641896,0.29070490087876477,0.011512416822289873,3.3113112148259094,1.047128548050899
2,0.034673685045253234,28.840315031266,0.6860439288280721,0.3012092558677456,0.023021782435583837,3.4673685045253246,1.0964781961431875
2,0.03630780547701017,27.542287033381633,0.6799013892695067,0.3116410118247903,0.034525048864752717,3.630780547701018,1.1481536214968842
2,0.038018939632056124,26.302679918953817,0.6736619320057895,0.3219981824927166,0.046019174595124834,3.8018939632056146,1.2022644346174136
2,0.03981071705534969,25.11886431509582,0.6673249383668762,0.33227884916624406,0.057501127784536976,3.981071705534971,1.2589254117941666
2,0.04168693834703364,23.988329190194847,0.6608898227064741,0.3424811616316642,0.06896788945366361,4.168693834703366,1.3182567385564108
2,0.04365158322401665,22.908676527677702,0.654356033926279,0.35260333898547425,0.08041645664749164,4.365158322401668,1.3803842646028872
2,0.04570881896148752,21.877616239495516,0.6477230570111447,0.36264367033278755,0.0918438455609677,4.570881896148754,1.4454397707459286
2,0.0478630092322638,20.892961308540407,0.6409904145728462,0.37260051536662486,0.10324709462192094,4.786300923226382,1.5135612484362075
2,0.05011872336272735,19.952623149688748,0.6341576683999481,0.38247230482952665,0.11462326752458618,5.011872336272738,1.5848931924611183
2,0.052480746024977334,19.054607179632445,0.6272244210111733,0.39225754085920006,0.12596945620719202,5.248074602497736,1.6595869074375638
2,0.05495408738576248,18.197008586099827,0.6201903172095133,0.4019547972202161,0.1372827837673356,5.49540873857625,1.737800828749377
2,0.057543993733715666,17.378008287493763,0.6130550456342158,0.411562719424005,0.13728278376733527,5.754399373371569,1.737800828749376
2,0.06025595860743568,16.59586907437563,0.605818340307632,0.4210800247396753,0.12596945620719202,6.02559586074357,1.659586907437563
2,0.06309573444801943,15.84893192461111,0.5984799821737963,0.43050550209839766,0.11462326752458496,6.309573444801946,1.5848931924611105
2,0.06606934480075964,15.135612484362072,0.5910398006254841,0.43983801189430405,0.10324709462192072,6.606934480075967,1.5135612484362069
2,0.06918309709189363,14.454397707459279,0.583497675016369,0.4490764856850721,0.09184384556096759,6.918309709189365,1.4454397707459279
2,0.07244359600749892,13.803842646028865,0.5758535361548045,0.45821992579550497,0.08041645664749164,7.244359600749895,1.380384264602886
2,0.07585775750291851,13.182567385564047,0.5681073677756298,0.4672674048276152,0.06896788945366228,7.585775750291854,1.3182567385564044
2,0.07943282347242822,12.58925411794166,0.5602592079863167,0.4762180650808375,0.057501127784536976,7.943282347242825,1.258925411794166
2,0.08317637711026708,12.02264434617413,0.5523091506836615,0.48507111788613966,0.04601917459512461,8.31763771102671,1.202264434617413
2,0.08709635899560797,11.48153621496884,0.5442573469371679,0.49382584285788633,0.034525048864752717,8.709635899560801,1.1481536214968837
2,0.09120108393559115,10.964781961431829,0.5361040063351676,0.5024815870674219,0.02302178243558306,9.12010839355912,1.0964781961431826
2,0.09549925860214369,10.471285480508985,0.527849398289677,0.511037764142394,0.01151241682228965,9.549925860214373,1.0471285480508985
2,0.1,10.0,0.5194938532959158,0.5194938532959157,0.0,9.999999999999998,1.0000000000000004
2,0.10471285480508985,9.549925860214369,0.511037764142394,0.511037764142394,0.011512416822289873,9.549925860214367,1.047128548050899
2,0.10964781961431873,9.120108393559079,0.502481587067421,0.502481587067421,0.023021782435583837,9.120108393559079,1.0964781961431875
2,0.1148153621496884,8.709635899560796,0.4938258428578862,0.49382584285788633,0.034525048864752717,8.709635899560798,1.1481536214968842
2,0.12022644346174131,8.317637711026709,0.48507111788613966,0.48507111788613955,0.046019174595124834,8.317637711026707,1.2022644346174136
2,0.12589254117941662,7.943282347242822,0.4762180650808374,0.4762180650808374,0.057501127784536976,7.943282347242821,1.2589254117941666
2,0.131825673855641,7.585775750291821,0.4672674048276143,0.4672674048276144,0.0689678894536635,7.5857757502918215,1.3182567385564103
2,0.13803842646028866,7.244359600749891,0.45821992579550475,0.45821992579550475,0.08041645664749164,7.244359600749891,1.380384264602887
2,0.1445439770745928,6.918309709189363,0.4490764856850721,0.4490764856850721,0.09184384556096759,6.918309709189363,1.445439770745928
2,0.1513561248436207,6.606934480075965,0.43983801189430405,0.43983801189430394,0.10324709462192094,6.606934480075964,1.5135612484362075
2,0.15848931924611173,6.309573444801917,0.43050550209839666,0.4305055020983968,0.11462326752458618,6.309573444801918,1.5848931924611176
2,0.1659586907437563,6.025595860743569,0.4210800247396753,0.4210800247396753,0.12596945620719202,6.025595860743569,1.6595869074375633
2,0.17378008287493762,5.754399373371567,0.4115627194240049,0.4115627194240049,0.13728278376733538,5.754399373371567,1.7378008287493765
2,0.18197008586099825,5.4954087385762485,0.401954797220216,0.401954797220216,0.13728278376733527,5.4954087385762485,1.737800828749376
2,0.19054607179632443,5.248074602497733,0.39225754085919984,0.39225754085919995,0.12596945620719202,5.248074602497734,1.659586907437563
2,0.19952623149688828,5.011872336272715,0.38247230482952566,0.38247230482952566,0.11462326752458518,5.011872336272715,1.5848931924611107
2,0.2089296130854041,4.7863009232263805,0.37260051536662486,0.37260051536662475,0.10324709462192072,4.78630092322638,1.5135612484362069
2,0.21877616239495518,4.570881896148752,0.36264367033278744,0.36264367033278744,0.09184384556096759,4.570881896148752,1.4454397707459279
2,0.22908676527677702,4.3651583224016655,0.35260333898547414,0.352603338985474,0.08041645664749164,4.365158322401665,1.3803842646028863
2,0.23988329190194949,4.168693834703347,0.3424811616316632,0.3424811616316632,0.06896788945366228,4.168693834703346,1.3182567385564044
2,0.25118864315095824,3.981071705534969,0.33227884916624395,0.33227884916624395,0.057501127784536976,3.981071705534969,1.258925411794166
2,0.26302679918953814,3.801893963205613,0.3219981824927165,0.3219981824927165,0.04601917459512461,3.801893963205613,1.202264434617413
2,0.27542287033381635,3.630780547701017,0.3116410118247902,0.3116410118247903,0.034525048864752717,3.6307805477010175,1.148153621496884
2,0.28840315031266117,3.4673685045253095,0.3012092558677446,0.3012092558677446,0.02302178243558306,3.467368504525309,1.0964781961431826
2,0.30199517204020193,3.3113112148259076,0.29070490087876455,0.29070490087876455,0.01151241682228965,3.3113112148259076,1.0471285480508985
2,0.31622776601683794,3.162277660168379,0.2801299996057701,0.2801299996057701,0.0,3.162277660168379,1.0000000000000002
2,0.3311311214825908,3.019951720402019,0.2694866701046338,0.2694866701046338,0.01151241682228965,3.019951720402019,1.0471285480508987
2,0.3467368504525324,2.8840315031265997,0.2587770944350041,0.2587770944350041,0.023021782435583837,2.8840315031265997,1.0964781961431875
2,0.36307805477010174,2.7542287033381636,0.2480035172353341,0.2480035172353341,0.034525048864752717,2.7542287033381636,1.1481536214968842
2,0.38018939632056126,2.6302679918953813,0.23716824417806148,0.23716824417806148,0.04601917459512461,2.6302679918953817,1.2022644346174132
2,0.3981071705534969,2.5118864315095824,0.22627364030628627,0.22627364030628627,0.057501127784536976,2.5118864315095824,1.2589254117941664
2,0.41686938347033636,2.398832919019485,0.21532212825363917,0.21532212825363917,0.0689678894536635,2.398832919019485,1.3182567385564103
2,0.43651583224016655,2.29086765276777,0.2043161863494335,0.2043161863494335,0.08041645664749164,2.29086765276777,1.3803842646028868
2,0.4570881896148752,2.1877616239495516,0.19325834661154784,0.19325834661154784,0.09184384556096759,2.1877616239495516,1.445439770745928
2,0.47863009232263803,2.089296130854041,0.18215119262988688,0.18215119262988688,0.10324709462192094,2.0892961308540405,1.5135612484362073
2,0.5011872336272735,1.9952623149688749,0.17099735734361843,0.17099735734361843,0.11462326752458618,1.995262314968875,1.5848931924611174
2,0.5248074602497733,1.9054607179632446,0.15979952071576264,0.15979952071576264,0.12596945620719202,1.9054607179632446,1.659586907437563
2,0.5495408738576248,1.8197008586099825,0.14856040730904874,0.14856040730904874,0.13728278376733538,1.8197008586099825,1.7378008287493765
2,0.5754399373371566,1.7378008287493765,0.13728278376733538,0.13728278376733538,0.13728278376733538,1.7378008287493765,1.7378008287493765
2,0.6025595860743569,1.659586907437563,0.12596945620719202,0.12596945620719202,0.12596945620719202,1.659586907437563,1.659586907437563
2,0.6309573444801942,1.584893192461111,0.11462326752458518,0.11462326752458518,0.11462326752458518,1.584893192461111,1.584893192461111
2,0.6606934480075964,1.513561248436207,0.10324709462192094,0.10324709462192094,0.10324709462192094,1.513561248436207,1.513561248436207
2,0.6918309709189363,1.4454397707459279,0.09184384556096759,0.09184384556096759,0.09184384556096759,1.4454397707459279,1.4454397707459279
2,0.7244359600749891,1.3803842646028865,0.08041645664749164,0.08041645664749164,0.08041645664749164,1.3803842646028868,1.3803842646028868
2,0.7585775750291851,1.3182567385564048,0.0689678894536625,0.0689678894536625,0.0689678894536625,1.3182567385564048,1.3182567385564048
2,0.7943282347242822,1.2589254117941662,0.057501127784536976,0.057501127784536976,0.057501127784536976,1.2589254117941662,1.2589254117941662
2,0.8317637711026709,1.2022644346174132,0.04601917459512461,0.04601917459512461,0.04601917459512461,1.2022644346174132,1.2022644346174132
2,0.8709635899560796,1.1481536214968842,0.034525048864752717,0.034525048864752717,0.034525048864752717,1.1481536214968842,1.1481536214968842
2,0.9120108393559115,1.0964781961431829,0.02302178243558306,0.02302178243558306,0.02302178243558306,1.0964781961431829,1.0964781961431829
2,0.9549925860214369,1.0471285480508985,0.01151241682228965,0.01151241682228965,0.01151241682228965,1.0471285480508985,1.0471285480508985
2,1.0,1.0,0.0,0.0,0.0,1.0,1.0
2,1.0471285480508985,1.0471285480508985,0.01151241682228965,0.01151241682228965,0.01151241682228965,1.0471285480508985,1.0471285480508985
2,1.0964781961431873,1.0964781961431873,0.023021782435583837,0.023021782435583837,0.023021782435583837,1.0964781961431873,1.0964781961431873
2,1.1481536214968842,1.1481536214968842,0.034525048864752717,0.034525048864752717,0.034525048864752717,1.1481536214968842,1.1481536214968842
2,1.2022644346174132,1.2022644346174132,0.04601917459512461,0.04601917459512461,0.04601917459512461,1.2022644346174132,1.2022644346174132
2,1.2589254117941662,1.2589254117941662,0.057501127784536976,0.057501127784536976,0.057501127784536976,1.2589254117941662,1.2589254117941662
2,1.3182567385564101,1.3182567385564101,0.0689678894536635,0.0689678894536635,0.0689678894536635,1.3182567385564101,1.3182567385564101
2,1.3803842646028865,1.3803842646028865,0.08041645664749164,0.08041645664749164,0.08041645664749164,1.3803842646028865,1.3803842646028865
2,1.4454397707459279,1.4454397707459279,0.09184384556096759,0.09184384556096759,0.09184384556096759,1.4454397707459279,1.4454397707459279
2,1.513561248436207,1.513561248436207,0.10324709462192094,0.10324709462192094,0.10324709462192094,1.513561248436207,1.513561248436207
2,1.5848931924611174,1.5848931924611174,0.11462326752458618,0.11462326752458618,0.11462326752458618,1.5848931924611174,1.5848931924611174
2,1.659586907437563,1.659586907437563,0.12596945620719202,0.12596945620719202,0.12596945620719202,1.659586907437563,1.659586907437563
2,1.7378008287493762,1.7378008287493762,0.13728278376733538,0.13728278376733538,0.13728278376733538,1.7378008287493762,1.7378008287493762
2,1.8197008586099825,1.8197008586099825,0.14856040730904874,0.14856040730904874,0.13728278376733538,1.8197008586099825,1.7378008287493765
2,1.9054607179632521,1.9054607179632521,0.15979952071576353,0.15979952071576353,0.12596945620719102,1.9054607179632521,1.6595869074375567
2,1.9952623149688828,1.9952623149688828,0.17099735734361932,0.17099735734361932,0.11462326752458518,1.9952623149688828,1.5848931924611112
2,2.089296130854041,2.089296130854041,0.18215119262988688,0.18215119262988688,0.10324709462192094,2.089296130854041,1.5135612484362073
2,2.1877616239495516,2.1877616239495516,0.19325834661154784,0.19325834661154784,0.09184384556096759,2.1877616239495516,1.4454397707459283
2,2.29086765276777,2.29086765276777,0.2043161863494335,0.2043161863494335,0.08041645664749164,2.29086765276777,1.3803842646028868
2,2.398832919019495,2.398832919019495,0.21532212825363994,0.21532212825363994,0.0689678894536625,2.398832919019495,1.3182567385564048
2,2.5118864315095824,2.5118864315095824,0.22627364030628627,0.22627364030628627,0.057501127784536976,2.5118864315095824,1.2589254117941664
2,2.6302679918953813,2.6302679918953813,0.23716824417806148,0.23716824417806148,0.046019174595124834,2.6302679918953813,1.2022644346174134
2,2.754228703338163,2.754228703338163,0.2480035172353341,0.2480035172353341,0.034525048864752717,2.7542287033381636,1.1481536214968842
2,2.8840315031266117,2.8840315031266117,0.25877709443500496,0.25877709443500496,0.02302178243558306,2.8840315031266117,1.0964781961431829
2,3.019951720402019,3.019951720402019,0.2694866701046338,0.2694866701046338,0.01151241682228965,3.019951720402019,1.0471285480508987
2,3.1622776601683795,3.1622776601683795,0.2801299996057701,0.2801299996057701,0.0,3.1622776601683795,1.0
2,3.3113112148259076,3.3113112148259076,0.29070490087876455,0.29070490087876455,0.01151241682228965,3.3113112148259076,1.0471285480508985
2,3.4673685045253237,3.4673685045253237,0.3012092558677455,0.3012092558677455,0.023021782435583837,3.4673685045253237,1.0964781961431873
2,3.6307805477010175,3.6307805477010175,0.3116410118247903,0.3116410118247903,0.034525048864752717,3.6307805477010175,1.148153621496884
2,3.8018939632056123,3.8018939632056123,0.3219981824927165,0.3219981824927165,0.04601917459512439,3.801893963205612,1.2022644346174127
2,3.981071705534969,3.981071705534969,0.33227884916624395,0.33227884916624395,0.057501127784536976,3.981071705534969,1.258925411794166
2,4.1686938347033635,4.1686938347033635,0.3424811616316642,0.3424811616316642,0.0689678894536635,4.1686938347033635,1.31825673855641
2,4.3651583224016655,4.3651583224016655,0.35260333898547414,0.35260333898547414,0.08041645664749164,4.365158322401666,1.3803842646028868
2,4.570881896148752,4.570881896148752,0.36264367033278744,0.36264367033278744,0.09184384556096759,4.570881896148752,1.4454397707459279
2,4.7863009232263805,4.7863009232263805,0.37260051536662486,0.37260051536662475,0.10324709462192072,4.78630092322638,1.5135612484362069
2,5.011872336272735,5.011872336272735,0.38247230482952654,0.38247230482952654,0.11462326752458596,5.011872336272735,1.5848931924611172
2,5.248074602497733,5.248074602497733,0.39225754085919984,0.39225754085919984,0.1259694562071918,5.248074602497733,1.6595869074375627
2,5.4954087385762485,5.4954087385762485,0.401954797220216,0.401954797220216,0.13728278376733527,5.4954087385762485,1.737800828749376
2,5.754399373371567,5.754399373371567,0.4115627194240049,0.4115627194240049,0.13728278376733538,5.754399373371567,1.7378008287493765
2,6.025595860743593,6.025595860743593,0.4210800247396761,0.4210800247396761,0.12596945620719102,6.025595860743593,1.6595869074375569
2,6.309573444801943,6.309573444801943,0.43050550209839755,0.43050550209839755,0.11462326752458518,6.309573444801943,1.5848931924611112
2,6.606934480075965,6.606934480075965,0.43983801189430405,0.43983801189430394,0.10324709462192094,6.606934480075964,1.5135612484362075
2,6.918309709189362,6.918309709189362,0.44907648568507197,0.44907648568507197,0.0918438455609677,6.918309709189361,1.4454397707459286
2,7.244359600749891,7.244359600749891,0.45821992579550475,0.45821992579550475,0.08041645664749164,7.244359600749891,1.380384264602887
2,7.585775750291851,7.585775750291851,0.4672674048276152,0.4672674048276152,0.06896788945366272,7.585775750291852,1.318256738556405
2,7.943282347242821,7.943282347242821,0.4762180650808374,0.4762180650808374,0.057501127784536976,7.943282347242821,1.2589254117941666
2,8.317637711026709,8.317637711026709,0.48507111788613966,0.48507111788613966,0.04601917459512461,8.31763771102671,1.202264434617413
2,8.709635899560796,8.709635899560796,0.4938258428578862,0.49382584285788633,0.034525048864752717,8.709635899560798,1.1481536214968842
2,9.120108393559116,9.120108393559116,0.5024815870674219,0.5024815870674219,0.02302178243558306,9.120108393559114,1.096478196143183
2,9.549925860214369,9.549925860214369,0.511037764142394,0.511037764142394,0.011512416822289873,9.549925860214367,1.047128548050899
2,10.0,10.0,0.5194938532959158,0.5194938532959158,0.0,10.000000000000002,1.0
2,10.471285480508985,10.471285480508985,0.527849398289677,0.511037764142394,0.01151241682228965,9.549925860214373,1.0471285480508985
2,10.964781961431873,10.964781961431873,0.5361040063351683,0.5024815870674212,0.023021782435583837,9.120108393559082,1.096478196143187
2,11.481536214968841,11.481536214968841,0.5442573469371679,0.49382584285788633,0.034525048864752717,8.709635899560801,1.1481536214968837
2,12.02264434617413,12.02264434617413,0.5523091506836615,0.48507111788613966,0.04601917459512461,8.31763771102671,1.202264434617413
2,12.589254117941662,12.589254117941662,0.5602592079863169,0.4762180650808375,0.057501127784536976,7.943282347242825,1.258925411794166
2,13.1825673855641,13.1825673855641,0.5681073677756305,0.4672674048276144,0.0689678894536635,7.585775750291824,1.3182567385564097
2,13.803842646028867,13.803842646028867,0.5758535361548045,0.45821992579550486,0.08041645664749164,7.244359600749893,1.3803842646028868
2,14.45439770745928,14.45439770745928,0.583497675016369,0.4490764856850721,0.09184384556096759,6.918309709189365,1.4454397707459279
2,15.135612484362072,15.135612484362072,0.5910398006254841,0.43983801189430405,0.10324709462192072,6.606934480075967,1.5135612484362069
2,15.848931924611174,15.848931924611174,0.5984799821737969,0.4305055020983968,0.11462326752458585,6.309573444801921,1.5848931924611167
2,16.59586907437563,16.59586907437563,0.605818340307632,0.4210800247396753,0.12596945620719202,6.02559586074357,1.659586907437563
2,17.378008287493763,17.378008287493763,0.6130550456342158,0.411562719424005,0.13728278376733527,5.754399373371569,1.737800828749376
2,18.197008586099827,18.197008586099827,0.6201903172095133,0.4019547972202161,0.1372827837673356,5.49540873857625,1.737800828749377
2,19.054607179632523,19.054607179632523,0.6272244210111739,0.39225754085919906,0.12596945620719102,5.248074602497713,1.6595869074375564
2,19.95262314968883,19.95262314968883,0.6341576683999486,0.38247230482952577,0.11462326752458518,5.011872336272716,1.5848931924611112
2,20.892961308540407,20.892961308540407,0.6409904145728462,0.37260051536662486,0.10324709462192094,4.786300923226382,1.5135612484362075
2,21.87761623949552,21.87761623949552,0.6477230570111447,0.36264367033278755,0.0918438455609677,4.570881896148754,1.4454397707459286
2,22.9086765276777,22.9086765276777,0.654356033926279,0.35260333898547425,0.08041645664749164,4.365158322401668,1.3803842646028872
2,23.988329190194946,23.988329190194946,0.6608898227064746,0.3424811616316633,0.06896788945366272,4.1686938347033475,1.318256738556405
2,25.11886431509582,25.11886431509582,0.6673249383668762,0.33227884916624406,0.057501127784536976,3.981071705534971,1.2589254117941666
2,26.302679918953814,26.302679918953814,0.6736619320057894,0.3219981824927166,0.046019174595124834,3.8018939632056146,1.2022644346174136
2,27.542287033381633,27.542287033381633,0.6799013892695067,0.3116410118247903,0.034525048864752717,3.6307805477010198,1.1481536214968846
2,28.840315031266115,28.840315031266115,0.6860439288280726,0.3012092558677446,0.02302178243558306,3.467368504525311,1.096478196143183
2,30.199517204020193,30.199517204020193,0.6920902008641896,0.29070490087876477,0.011512416822289873,3.3113112148259094,1.047128548050899
2,31.622776601683793,31.622776601683793,0.6980408855773534,0.28012999960577023,0.0,3.1622776601683813,1.0000000000000004
2,33.11311214825908,33.11311214825908,0.7038966917051475,0.2694866701046339,0.011512416822289429,3.019951720402021,1.0471285480508978
2,34.67368504525324,34.67368504525324,0.7096583550635194,0.2587770944350042,0.023021782435583837,2.884031503126601,1.096478196143187
2,36.30780547701018,36.30780547701018,0.715326637107714,0.2480035172353341,0.034525048864752717,2.7542287033381645,1.1481536214968837
2,38.018939632056124,38.018939632056124,0.7209023235154242,0.2371682441780616,0.04601917459512439,2.630267991895383,1.2022644346174125
2,39.81071705534969,39.81071705534969,0.7263862227935799,0.22627364030628627,0.057501127784536976,2.511886431509583,1.258925411794166
2,41.68693834703364,41.68693834703364,0.731779164910088,0.21532212825363917,0.0689678894536635,2.398832919019486,1.3182567385564097
2,43.651583224016655,43.651583224016655,0.7370819999517035,0.20431618634943383,0.08041645664749164,2.2908676527677714,1.380384264602886
2,45.708818961487516,45.708818961487516,0.7422955968091112,0.19325834661154806,0.09184384556096736,2.1877616239495534,1.4454397707459272
2,47.8630092322638,47.8630092322638,0.7474208418901627,0.18215119262988722,0.10324709462192072,2.0892961308540423,1.5135612484362062
2,50.11872336272735,50.11872336272735,0.7524586378621294,0.17099735734361843,0.11462326752458585,1.9952623149688757,1.5848931924611167
2,52.480746024977336,52.480746024977336,0.7574099024237031,0.15979952071576264,0.1259694562071917,1.9054607179632455,1.6595869074375622
2,54.954087385762485,54.954087385762485,0.7622755671073966,0.14856040730904896,0.13728278376733527,1.8197008586099839,1.7378008287493754
2,57.543993733715666,57.543993733715666,0.7670565761128785,0.1372827837673356,0.1372827837673356,1.7378008287493776,1.7378008287493776
2,60.25595860743593,60.25595860743593,0.7717538851716993,0.12596945620719102,0.12596945620719102,1.659586907437557,1.659586907437557
2,63.09573444801943,63.09573444801943,0.7763684604437663,0.11462326752458518,0.11462326752458518,1.5848931924611118,1.5848931924611118
2,66.06934480075964,66.06934480075964,0.7809012774458495,0.10324709462192105,0.10324709462192105,1.5135612484362082,1.5135612484362082
2,69.18309709189363,69.18309709189363,0.7853533200123082,0.0918438455609677,0.0918438455609677,1.4454397707459292,1.4454397707459292
2,72.44359600749891,72.44359600749891,0.7897255792881606,0.08041645664749164,0.08041645664749164,1.3803842646028868,1.3803842646028868
2,75.85775750291852,75.85775750291852,0.7940190527545462,0.06896788945366272,0.06896788945366272,1.3182567385564057,1.3182567385564057
2,79.43282347242821,79.43282347242821,0.7982347432865534,0.0575011277845372,0.0575011277845372,1.258925411794167,1.258925411794167
2,83.17637711026708,83.17637711026708,0.8023736582433354,0.046019174595124834,0.046019174595124834,1.202264434617414,1.202264434617414
2,87.09635899560796,87.09635899560796,0.8064368085903616,0.03452504886475294,0.03452504886475294,1.148153621496885,1.148153621496885
2,91.20108393559116,91.20108393559116,0.810425208053608,0.02302178243558306,0.02302178243558306,1.0964781961431835,1.0964781961431835
2,95.49925860214368,95.49925860214368,0.8143398723054296,0.011512416822289873,0.011512416822289873,1.0471285480508994,1.0471285480508994
2,100.0,100.0,0.8181818181818181,0.0,0.0,1.0,1.0
2,104.71285480508985,104.71285480508985,0.8219520629306905,0.01151241682228965,0.01151241682228965,1.0471285480508985,1.0471285480508985
2,109.64781961431873,109.64781961431873,0.8256516234908264,0.023021782435583837,0.023021782435583837,1.0964781961431866,1.0964781961431866
2,114.81536214968841,114.81536214968841,0.8292815158010255,0.034525048864752605,0.034525048864752605,1.148153621496883,1.148153621496883
2,120.22644346174131,120.22644346174131,0.8328427541390269,0.04601917459512461,0.04601917459512461,1.202264434617413,1.202264434617413
2,125.89254117941661,125.89254117941661,0.8363363504896959,0.057501127784536976,0.057501127784536976,1.258925411794166,1.258925411794166
2,131.825673855641,131.825673855641,0.8397633139419616,0.06896788945366328,0.06896788945366328,1.318256738556409,1.318256738556409
2,138.03842646028866,138.03842646028866,0.8431246501139567,0.08041645664749131,0.08041645664749131,1.3803842646028854,1.3803842646028854
2,144.5439770745928,144.5439770745928,0.8464213606057995,0.09184384556096759,0.09184384556096759,1.4454397707459279,1.4454397707459279
2,151.3561248436207,151.3561248436207,0.849654442479423,0.10324709462192072,0.10324709462192072,1.5135612484362069,1.5135612484362069
2,158.48931924611173,158.48931924611173,0.8528248877648531,0.11462326752458585,0.11462326752458585,1.584893192461116,1.584893192461116
2,165.9586907437563,165.9586907437563,0.8559336829923149,0.12596945620719202,0.12596945620719202,1.659586907437563,1.659586907437563
2,173.78008287493762,173.78008287493762,0.8589818087495408,0.13728278376733527,0.13728278376733527,1.737800828749376,1.737800828749376
2,181.97008586099827,181.97008586099827,0.8619702392636348,0.14856040730904874,0.1372827837673356,1.819700858609982,1.7378008287493776
2,190.5460717963252,190.5460717963252,0.8648999420068477,0.15979952071576342,0.12596945620719135,1.9054607179632506,1.6595869074375587
2,199.52623149688827,199.52623149688827,0.8677718773256089,0.1709973573436192,0.11462326752458551,1.995262314968881,1.5848931924611134
2,208.92961308540407,208.92961308540407,0.8705869980921566,0.18215119262988688,0.10324709462192105,2.0892961308540405,1.5135612484362082
2,218.77616239495518,218.77616239495518,0.8733462493781041,0.19325834661154784,0.0918438455609677,2.187761623949551,1.4454397707459292
2,229.08676527677702,229.08676527677702,0.876050568149284,0.2043161863494335,0.08041645664749186,2.290867652767769,1.3803842646028879
2,239.88329190194946,239.88329190194946,0.8787008829812045,0.21532212825363994,0.06896788945366272,2.3988329190194944,1.3182567385564057
2,251.18864315095823,251.18864315095823,0.8812981137944649,0.22627364030628616,0.0575011277845372,2.5118864315095815,1.258925411794167
2,263.02679918953817,263.02679918953817,0.8838431716094717,0.23716824417806148,0.046019174595124834,2.630267991895381,1.202264434617414
2,275.4228703338163,275.4228703338163,0.8863369583198054,0.24800351723533398,0.03452504886475294,2.7542287033381623,1.148153621496885
2,288.4031503126612,288.4031503126612,0.8887803664835934,0.25877709443500485,0.02302178243558306,2.8840315031266113,1.0964781961431835
2,301.9951720402019,301.9951720402019,0.8911742791322496,0.2694866701046337,0.011512416822289873,3.0199517204020183,1.0471285480508994
2,316.2277660168379,316.2277660168379,0.8935195695959551,0.28012999960577,2.220446049250313e-16,3.162277660168378,1.0000000000000009
2,331.13112148259074,331.13112148259074,0.8958171013452502,0.29070490087876455,0.011512416822289429,3.3113112148259063,1.0471285480508974
2,346.7368504525324,346.7368504525324,0.8980677278481315,0.3012092558677455,0.023021782435583837,3.4673685045253233,1.0964781961431866
2,363.07805477010174,363.07805477010174,0.9002722924420477,0.3116410118247902,0.034525048864752605,3.6307805477010167,1.148153621496883
2,380.18939632056123,380.18939632056123,0.9024316282202041,0.3219981824927165,0.04601917459512439,3.801893963205611,1.202264434617412
2,398.1071705534969,398.1071705534969,0.9045465579315921,0.33227884916624384,0.057501127784536865,3.9810717055349674,1.2589254117941648
2,416.86938347033634,416.86938347033634,0.9066178938941758,0.3424811616316641,0.06896788945366328,4.168693834703363,1.318256738556409
2,436.51583224016656,436.51583224016656,0.9086464379206753,0.352603338985474,0.08041645664749131,4.365158322401664,1.3803842646028854
2,457.08818961487515,457.08818961487515,0.9106329812564055,0.36264367033278744,0.09184384556096736,4.57088189614875,1.4454397707459266
2,478.630092322638,478.630092322638,0.912578304528632,0.37260051536662464,0.10324709462192072,4.786300923226378,1.5135612484362055
2,501.1872336272735,501.1872336272735,0.914483177706928,0.38247230482952654,0.11462326752458585,5.0118723362727335,1.584893192461116
2,524.8074602497734,524.8074602497734,0.9163483600740212,0.39225754085919984,0.1259694562071917,5.248074602497732,1.6595869074375615
2,549.5408738576248,549.5408738576248,0.9181746002066413,0.4019547972202159,0.13728278376733527,5.495408738576246,1.7378008287493745
2,575.4399373371566,575.4399373371566,0.9199626359658822,0.4115627194240048,0.1372827837673356,5.754399373371563,1.7378008287493776
2,602.5595860743593,602.5595860743593,0.9217131944966142,0.4210800247396761,0.12596945620719102,6.025595860743591,1.659586907437557
2,630.9573444801943,630.9573444801943,0.9234269922354906,0.43050550209839744,0.11462326752458518,6.3095734448019405,1.5848931924611118
2,660.6934480075964,660.6934480075964,0.9251047349271107,0.4398380118943038,0.10324709462192105,6.606934480075961,1.5135612484362082
2,691.8309709189363,691.8309709189363,0.9267471176479061,0.44907648568507197,0.0918438455609677,6.918309709189359,1.4454397707459292
2,724.4359600749891,724.4359600749891,0.928354824837342,0.45821992579550463,0.08041645664749186,7.2443596007498865,1.3803842646028879
2,758.5775750291851,758.5775750291851,0.9299285303360275,0.4672674048276151,0.06896788945366272,7.585775750291848,1.3182567385564057
2,794.3282347242822,794.3282347242822,0.9314688974303501,0.4762180650808373,0.0575011277845372,7.943282347242818,1.258925411794167
2,831.7637711026708,831.7637711026708,0.9329765789032575,0.48507111788613955,0.046019174595124834,8.317637711026704,1.202264434617414
2,870.9635899560797,870.9635899560797,0.9344522170908249,0.4938258428578861,0.03452504886475294,8.70963589956079,1.148153621496885
2,912.0108393559116,912.0108393559116,0.9358964439442579,0.5024815870674216,0.02302178243558306,9.12010839355911,1.0964781961431835
2,954.9925860214369,954.9925860214369,0.9373098810969921,0.5110377641423938,0.011512416822289873,9.549925860214364,1.0471285480508994
2,1000.0,1000.0,0.938693139936569,0.5194938532959156,2.220446049250313e-16,9.999999999999993,1.0000000000000009
2,1047.1285480508984,1047.1285480508984,0.940046821680968,0.5110377641423941,0.011512416822289429,9.54992586021438,1.0471285480508974
2,1096.4781961431872,1096.4781961431872,0.9413715174590993,0.5024815870674212,0.023021782435583837,9.120108393559086,1.0964781961431866
2,1148.1536214968842,1148.1536214968842,0.9426678083951643,0.49382584285788644,0.034525048864752605,8.709635899560805,1.148153621496883
2,1202.2644346174131,1202.2644346174131,0.9439362656966069,0.48507111788613977,0.04601917459512439,8.317637711026718,1.202264434617412
2,1258.9254117941662,1258.9254117941662,0.945177450745387,0.47621806508083764,0.057501127784536865,7.943282347242832,1.2589254117941648
2,1318.25673855641,1318.25673855641,0.9463919151923197,0.46726740482761453,0.06896788945366328,7.585775750291828,1.318256738556409
2,1380.3842646028866,1380.3842646028866,0.9475802010542355,0.4582199257955051,0.08041645664749131,7.244359600749899,1.3803842646028854
2,1445.439770745928,1445.439770745928,0.9487428408137238,0.4490764856850723,0.09184384556096736,6.918309709189371,1.4454397707459266
2,1513.561248436207,1513.561248436207,0.9498803575212357,0.43983801189430416,0.10324709462192072,6.606934480075973,1.5135612484362055
2,1584.8931924611175,1584.8931924611175,0.9509932648993281,0.4305055020983969,0.11462326752458585,6.309573444801924,1.584893192461116
2,1659.586907437563,1659.586907437563,0.9520820674488446,0.42108002473967543,0.1259694562071917,6.025595860743575,1.6595869074375615
2,1737.8008287493763,1737.8008287493763,0.9531472605568353,0.41156271942400513,0.13728278376733527,5.754399373371574,1.7378008287493745
2,1819.7008586099826,1819.7008586099826,0.9541893306060261,0.4019547972202161,0.13728278376733527,5.49540873857625,1.737800828749376
2,1905.4607179632521,1905.4607179632521,0.9552087550856592,0.3922575408591993,0.12596945620719102,5.248074602497718,1.659586907437557
2,1995.262314968883,1995.262314968883,0.9562060027035333,0.3824723048295259,0.11462326752458518,5.01187233627272,1.5848931924611118
2,2089.2961308540407,2089.2961308540407,0.9571815334990798,0.3726005153666251,0.10324709462192105,4.786300923226387,1.5135612484362082
2,2187.761623949552,2187.761623949552,0.9581357989573208,0.36264367033278755,0.09184384556096759,4.570881896148754,1.4454397707459279
2,2290.86765276777,2290.86765276777,0.9590692421235608,0.35260333898547425,0.08041645664749164,4.365158322401668,1.3803842646028868
2,2398.832919019495,2398.832919019495,0.9599822977186722,0.34248116163166353,0.06896788945366272,4.168693834703352,1.3182567385564057
2,2511.886431509582,2511.886431509582,0.960875392254841,0.3322788491662443,0.0575011277845372,3.9810717055349745,1.258925411794167
2,2630.2679918953813,2630.2679918953813,0.9617489441516486,0.3219981824927166,0.04601917459512461,3.8018939632056146,1.202264434617413
2,2754.228703338163,2754.228703338163,0.9626033638523678,0.3116410118247903,0.034525048864752717,3.6307805477010198,1.1481536214968842
2,2884.0315031266114,2884.0315031266114,0.9634390539403614,0.30120925586774483,0.02302178243558306,3.467368504525314,1.0964781961431835
2,3019.951720402019,3019.951720402019,0.9642564092554765,0.2907049008787649,0.011512416822289873,3.311311214825912,1.0471285480508994
2,3162.2776601683795,3162.2776601683795,0.9650558170103332,0.28012999960577023,0.0,3.1622776601683813,1.0
2,3311.311214825908,3311.311214825908,0.965837656906413,0.26948667010463423,0.011512416822289429,3.0199517204020236,1.0471285480508974
2,3467.3685045253237,3467.3685045253237,0.9666023012498577,0.2587770944350044,0.023021782435583837,2.8840315031266037,1.0964781961431866
2,3630.7805477010174,3630.7805477010174,0.9673501150668921,0.2480035172353341,0.034525048864752717,2.7542287033381645,1.1481536214968842
2,3801.8939632056126,3801.8939632056126,0.9680814562187949,0.23716824417806182,0.04601917459512439,2.6302679918953853,1.202264434617412
2,3981.071705534969,3981.071705534969,0.9687966755163407,0.22627364030628638,0.057501127784536976,2.5118864315095837,1.258925411794166
2,4168.693834703364,4168.693834703364,0.9694961168336446,0.21532212825363917,0.0689678894536635,2.398832919019486,1.3182567385564103
2,4365.158322401665,4365.158322401665,0.9701801172213427,0.20431618634943394,0.08041645664749131,2.290867652767773,1.3803842646028854
2,4570.881896148751,4570.881896148751,0.9708490070190514,0.19325834661154806,0.09184384556096759,2.1877616239495534,1.4454397707459279
2,4786.30092322638,4786.30092322638,0.9715031099670435,0.18215119262988722,0.10324709462192072,2.089296130854044,1.5135612484362055
2,5011.872336272735,5011.872336272735,0.9721427433170929,0.17099735734361876,0.11462326752458585,1.9952623149688775,1.584893192461116
2,5248.074602497733,5248.074602497733,0.9727682179424358,0.15979952071576264,0.12596945620719202,1.9054607179632455,1.659586907437563
2,5495.408738576248,5495.408738576248,0.9733798384468054,0.14856040730904907,0.13728278376733527,1.8197008586099854,1.7378008287493745
2,5754.399373371566,5754.399373371566,0.9739779032724959,0.1372827837673356,0.1372827837673356,1.7378008287493776,1.7378008287493776
2,6025.595860743593,6025.595860743593,0.9745627048074187,0.12596945620719102,0.12596945620719102,1.659586907437557,1.659586907437557
2,6309.573444801943,6309.573444801943,0.9751345294911152,0.11462326752458551,0.11462326752458551,1.5848931924611134,1.5848931924611134
2,6606.9344800759645,6606.9344800759645,0.9756936579196932,0.10324709462192105,0.10324709462192105,1.5135612484362082,1.5135612484362082
2,6918.309709189362,6918.309709189362,0.9762403649496569,0.09184384556096792,0.09184384556096792,1.4454397707459303,1.4454397707459303
2,7244.359600749921,7244.359600749921,0.9767749198006048,0.08041645664749097,0.08041645664749097,1.380384264602883,1.380384264602883
2,7585.775750291851,7585.775750291851,0.9772975861567706,0.06896788945366272,0.06896788945366272,1.3182567385564057,1.3182567385564057
2,7943.282347242822,7943.282347242822,0.9778086222673845,0.05750112778453742,0.05750112778453742,1.2589254117941682,1.2589254117941682
2,8317.63771102671,8317.63771102671,0.9783082810458373,0.046019174595124834,0.046019174595124834,1.202264434617414,1.202264434617414
2,8709.635899560797,8709.635899560797,0.9787968101676279,0.034525048864752717,0.034525048864752717,1.1481536214968842,1.1481536214968842
2,9120.108393559116,9120.108393559116,0.9792744521670804,0.023021782435583393,0.023021782435583393,1.0964781961431846,1.0964781961431846
2,9549.92586021437,9549.92586021437,0.9797414445328179,0.011512416822289873,0.011512416822289873,1.0471285480508994,1.0471285480508994
2,10000.0,10000.0,0.9801980198019802,0.0,0.0,1.0,1.0
2,10471.285480508985,10471.285480508985,0.9806444056531781,0.011512416822289429,0.011512416822289429,1.0471285480508974,1.0471285480508974
2,10964.781961431829,10964.781961431829,0.9810808249981751,0.02302178243558306,0.02302178243558306,1.0964781961431826,1.0964781961431826
2,11481.536214968794,11481.536214968794,0.9815074960722906,0.034525048864751495,0.034525048864751495,1.148153621496878,1.148153621496878
2,12022.64434617418,12022.64434617418,0.9819246325235207,0.04601917459512517,0.04601917459512517,1.2022644346174163,1.2022644346174163
2,12589.254117941713,12589.254117941713,0.9823324435003733,0.05750112778453775,0.05750112778453775,1.2589254117941704,1.2589254117941704
2,13182.567385564102,13182.567385564102,0.982731133738415,0.06896788945366306,0.06896788945366306,1.318256738556408,1.318256738556408
2,13803.842646028867,13803.842646028867,0.9831209036455302,0.08041645664749131,0.08041645664749131,1.3803842646028854,1.3803842646028854
2,14454.39770745928,14454.39770745928,0.9835019493858929,0.09184384556096759,0.09184384556096759,1.4454397707459279,1.4454397707459279
2,15135.612484362071,15135.612484362071,0.9838744629626529,0.10324709462192072,0.10324709462192072,1.5135612484362055,1.5135612484362055
2,15848.931924611108,15848.931924611108,0.9842386322993394,0.11462326752458496,0.11462326752458496,1.5848931924611105,1.5848931924611105
2,16595.86907437556,16595.86907437556,0.9845946413199861,0.1259694562071907,0.1259694562071907,1.6595869074375542,1.6595869074375542
2,17378.008287493834,17378.008287493834,0.9849426700279822,0.13728278376733594,0.13728278376733594,1.7378008287493807,1.7378008287493807
2,18197.0085860999,18197.0085860999,0.985282894583656,0.14856040730904962,0.13728278376733472,1.8197008586099885,1.7378008287493716
2,19054.607179632523,19054.607179632523,0.9856154873805967,0.15979952071576353,0.12596945620719102,1.9054607179632523,1.659586907437557
2,19952.62314968883,19952.62314968883,0.9859406171207216,0.1709973573436192,0.11462326752458551,1.995262314968881,1.5848931924611134
2,20892.96130854041,20892.96130854041,0.9862584488880981,0.18215119262988688,0.10324709462192105,2.0892961308540405,1.5135612484362082
2,21877.616239495517,21877.616239495517,0.9865691442215281,0.1932583466115475,0.09184384556096792,2.1877616239495494,1.4454397707459303
2,22908.6765276777,22908.6765276777,0.9868728611859037,0.2043161863494335,0.08041645664749186,2.290867652767769,1.3803842646028879
2,23988.32919019485,23988.32919019485,0.9871697544423454,0.21532212825363872,0.06896788945366383,2.398832919019482,1.3182567385564126
2,25118.864315095718,25118.864315095718,0.9874599753171323,0.22627364030628516,0.0575011277845382,2.5118864315095704,1.2589254117941726
2,26302.679918953923,26302.679918953923,0.9877436718694352,0.23716824417806226,0.046019174595123946,2.63026799189539,1.2022644346174098
2,27542.287033381745,27542.287033381745,0.9880209889578642,0.2480035172353351,0.03452504886475194,2.7542287033381743,1.1481536214968802
2,28840.315031266116,28840.315031266116,0.9882920683058426,0.25877709443500474,0.023021782435583393,2.8840315031266086,1.0964781961431846
2,30199.51720402019,30199.51720402019,0.9885570485658193,0.2694866701046337,0.011512416822289873,3.0199517204020183,1.0471285480508994
2,31622.776601683792,31622.776601683792,0.9888160653823305,0.2801299996057698,4.440892098500626e-16,3.1622776601683755,1.0000000000000018
2,33113.112148259075,33113.112148259075,0.9890692514539268,0.29070490087876455,0.011512416822289429,3.3113112148259063,1.0471285480508974
2,34673.68504525309,34673.68504525309,0.9893167365939752,0.3012092558677443,0.023021782435582394,3.4673685045253047,1.0964781961431807
2,36307.80547701003,36307.80547701003,0.9895586477903517,0.3116410118247893,0.034525048864751495,3.6307805477010007,1.148153621496878
2,38018.93963205628,38018.93963205628,0.989795109264036,0.3219981824927173,0.04601917459512517,3.801893963205625,1.2022644346174163
2,39810.71705534986,39810.71705534986,0.9900262425266241,0.33227884916624484,0.05750112778453775,3.981071705534985,1.2589254117941704
2,41686.93834703363,41686.93834703363,0.990252166436771,0.34248116163166387,0.06896788945366306,4.168693834703359,1.318256738556408
2,43651.58322401666,43651.58322401666,0.9904729972555785,0.352603338985474,0.08041645664749131,4.365158322401664,1.3803842646028854
2,45708.818961487515,45708.818961487515,0.9906888487009402,0.3626436703327871,0.09184384556096703,4.570881896148745,1.4454397707459252
2,47863.0092322638,47863.0092322638,0.9908998320008616,0.37260051536662464,0.10324709462192072,4.786300923226378,1.5135612484362055
2,50118.72336272715,50118.72336272715,0.9911060559457661,0.3824723048295253,0.1146232675245844,5.011872336272707,1.5848931924611076
2,52480.746024977125,52480.746024977125,0.9913076269398018,0.39225754085919884,0.1259694562071907,5.2480746024977085,1.6595869074375542
2,54954.08738576271,54954.08738576271,0.9915046490511662,0.40195479722021665,0.13728278376733594,5.495408738576265,1.7378008287493807
2,57543.9937337159,57543.9937337159,0.9916972240614592,0.4115627194240057,0.13728278376733472,5.754399373371589,1.7378008287493716
2,60255.95860743593,60255.95860743593,0.9918854515140823,0.4210800247396759,0.12596945620719147,6.025595860743586,1.65958690743756
2,63095.73444801943,63095.73444801943,0.9920694287616956,0.43050550209839744,0.11462326752458551,6.3095734448019405,1.5848931924611134
2,66069.34480075965,66069.34480075965,0.99224925101275,0.4398380118943036,0.1032470946219215,6.606934480075955,1.5135612484362109
2,69183.09709189362,69183.09709189362,0.9924250113771055,0.44907648568507197,0.09184384556096792,6.918309709189359,1.4454397707459303
2,72443.59600749891,72443.59600749891,0.9925968009107533,0.4582199257955045,0.08041645664749242,7.244359600749879,1.3803842646028903
2,75857.7575029182,75857.7575029182,0.9927647086596535,0.4672674048276142,0.06896788945366383,7.585775750291814,1.3182567385564126
2,79432.82347242789,79432.82347242789,0.9929288217027039,0.4762180650808363,0.05750112778453875,7.943282347242775,1.258925411794175
2,83176.37711026742,83176.37711026742,0.9930892251938541,0.4850711178861403,0.046019174595123946,8.317637711026741,1.2022644346174098
2,87096.35899560832,87096.35899560832,0.9932460024033779,0.4938258428578868,0.03452504886475238,8.709635899560821,1.1481536214968822
2,91201.08393559116,91201.08393559116,0.9933992347583194,0.5024815870674216,0.023021782435583393,9.12010839355911,1.0964781961431846
2,95499.25860214369,95499.25860214369,0.9935490018821256,0.5110377641423935,0.011512416822290317,9.549925860214355,1.0471285480509012
2,100000.0,100000.0,0.9936953816334796,0.5194938532959156,4.440892098500626e-16,9.999999999999993,1.0000000000000018
2,104712.85480508985,104712.85480508985,0.9938384501443489,0.5110377641423943,0.011512416822288984,9.549925860214389,1.0471285480508956
2,109647.81961431829,109647.81961431829,0.9939782818572609,0.5024815870674221,0.023021782435582394,9.120108393559127,1.0964781961431807
2,114815.36214968794,114815.36214968794,0.9941149495618198,0.4938258428578871,0.034525048864751495,8.709635899560837,1.148153621496878
2,120226.4434617418,120226.4434617418,0.9942485244304787,0.4850711178861389,0.04601917459512517,8.31763771102668,1.2022644346174163
2,125892.54117941714,125892.54117941714,0.9943790760535797,0.47621806508083697,0.05750112778453742,7.943282347242803,1.2589254117941682
2,131825.673855641,131825.673855641,0.9945066724736735,0.46726740482761453,0.06896788945366306,7.585775750291828,1.318256738556408
2,138038.42646028867,138038.42646028867,0.9946313802191354,0.4582199257955052,0.08041645664749097,7.244359600749905,1.380384264602883
2,144543.9770745928,144543.9770745928,0.9947532643370853,0.4490764856850723,0.09184384556096703,6.918309709189371,1.4454397707459252
2,151356.12484362072,151356.12484362072,0.9948723884256288,0.43983801189430405,0.10324709462192072,6.606934480075967,1.5135612484362055
2,158489.3192461111,158489.3192461111,0.9949888146654285,0.4305055020983978,0.1146232675245844,6.309573444801951,1.5848931924611076
2,165958.69074375564,165958.69074375564,0.9951026038506214,0.4210800247396762,0.1259694562071907,6.025595860743596,1.6595869074375542
2,173780.08287493835,173780.08287493835,0.9952138154190903,0.41156271942400424,0.13728278376733594,5.754399373371548,1.7378008287493807
2,181970.085860999,181970.085860999,0.995322507482104,0.40195479722021554,0.13728278376733472,5.495408738576236,1.7378008287493716
2,190546.0717963252,190546.0717963252,0.9954287368533394,0.3922575408591993,0.12596945620719102,5.248074602497718,1.659586907437557
2,199526.2314968883,199526.2314968883,0.9955325590772923,0.3824723048295261,0.11462326752458551,5.011872336272725,1.5848931924611134
2,208929.6130854041,208929.6130854041,0.9956340284570937,0.3726005153666251,0.10324709462192105,4.786300923226387,1.5135612484362082
2,218776.16239495517,218776.16239495517,0.9957331980817402,0.36264367033278755,0.09184384556096759,4.570881896148754,1.4454397707459279
2,229086.765276777,229086.765276777,0.9958301198527497,0.35260333898547436,0.08041645664749186,4.365158322401672,1.3803842646028879
2,239883.29190194848,239883.29190194848,0.9959248445102548,0.3424811616316642,0.0689678894536635,4.168693834703366,1.3182567385564103
2,251188.64315095925,251188.64315095925,0.9960174216585433,0.3322788491662433,0.0575011277845362,3.9810717055349567,1.2589254117941615
2,263026.7991895392,263026.7991895392,0.9961078997910581,0.32199818249271606,0.046019174595123946,3.8018939632056044,1.2022644346174098
2,275422.87033381744,275422.87033381744,0.9961963263148644,0.31164101182478965,0.03452504886475194,3.630780547701007,1.1481536214968802
2,288403.15031266114,288403.15031266114,0.9962827475745993,0.30120925586774505,0.023021782435583393,3.467368504525317,1.0964781961431846
2,301995.1720402019,301995.1720402019,0.9963672088759077,0.2907049008787649,0.011512416822289873,3.311311214825912,1.0471285480508994
2,316227.7660168379,316227.7660168379,0.9964497545083805,0.28012999960577023,0.0,3.1622776601683813,1.0
2,331131.12148259074,331131.12148259074,0.9965304277680014,0.26948667010463423,0.011512416822289429,3.0199517204020236,1.0471285480508974
2,346736.85045253095,346736.85045253095,0.9966092709791134,0.2587770944350052,0.02302178243558306,2.884031503126614,1.0964781961431826
2,363078.0547701003,363078.0547701003,0.9966863255159142,0.2480035172353353,0.034525048864751495,2.754228703338179,1.148153621496878
2,380189.3963205628,380189.3963205628,0.9967616318234898,0.23716824417806093,0.04601917459512517,2.630267991895376,1.2022644346174163
2,398107.17055349855,398107.17055349855,0.9968352294383965,0.2262736403062856,0.05750112778453775,2.511886431509575,1.2589254117941704
2,416869.3834703364,416869.3834703364,0.9969071570087995,0.21532212825363917,0.0689678894536635,2.398832919019486,1.3182567385564103
2,436515.83224016655,436515.83224016655,0.9969774523141764,0.20431618634943394,0.08041645664749131,2.290867652767773,1.3803842646028854
2,457088.1896148752,457088.1896148752,0.9970461522845968,0.19325834661154806,0.09184384556096759,2.1877616239495534,1.4454397707459279
2,478630.092322638,478630.092322638,0.9971132930195842,0.18215119262988722,0.10324709462192072,2.089296130854044,1.5135612484362055
2,501187.2336272715,501187.2336272715,0.9971789098065694,0.17099735734361965,0.11462326752458496,1.9952623149688846,1.5848931924611105
2,524807.4602497712,524807.4602497712,0.9972430371389457,0.15979952071576398,0.1259694562071907,1.9054607179632557,1.6595869074375542
2,549540.873857627,549540.873857627,0.9973057087337298,0.1485604073090483,0.13728278376733594,1.819700858609979,1.7378008287493807
2,575439.937337159,575439.937337159,0.9973669575488413,0.13728278376733472,0.13728278376733472,1.7378008287493716,1.7378008287493716
2,602559.5860743594,602559.5860743594,0.9974268158000058,0.12596945620719102,0.12596945620719102,1.659586907437557,1.659586907437557
2,630957.3444801943,630957.3444801943,0.9974853149772894,0.11462326752458551,0.11462326752458551,1.5848931924611134,1.5848931924611134
2,660693.4480075964,660693.4480075964,0.9975424858612739,0.10324709462192105,0.10324709462192105,1.5135612484362082,1.5135612484362082
2,691830.9709189363,691830.9709189363,0.9975983585388786,0.09184384556096792,0.09184384556096792,1.4454397707459303,1.4454397707459303
2,724435.9600749891,724435.9600749891,0.9976529624188364,0.08041645664749186,0.08041645664749186,1.3803842646028879,1.3803842646028879
2,758577.575029182,758577.575029182,0.9977063262468324,0.06896788945366383,0.06896788945366383,1.3182567385564126,1.3182567385564126
2,794328.2347242854,794328.2347242854,0.9977584781203108,0.0575011277845362,0.0575011277845362,1.2589254117941615,1.2589254117941615
2,831763.7711026743,831763.7711026743,0.9978094455029571,0.046019174595123946,0.046019174595123946,1.2022644346174098,1.2022644346174098
2,870963.5899560832,870963.5899560832,0.997859255238864,0.03452504886475194,0.03452504886475194,1.1481536214968802,1.1481536214968802
2,912010.8393559115,912010.8393559115,0.9979079335663853,0.023021782435583393,0.023021782435583393,1.0964781961431846,1.0964781961431846
2,954992.5860214368,954992.5860214368,0.9979555061316867,0.011512416822289873,0.011512416822289873,1.0471285480508994,1.0471285480508994
2,1000000.0,1000000.0,0.998001998001998,4.440892098500626e-16,4.440892098500626e-16,1.0000000000000018,1.0000000000000018
2,1047128.5480508985,1047128.5480508985,0.9980474336785741,0.011512416822289429,0.011512416822289429,1.0471285480508974,1.0471285480508974
2,1096478.196143183,1096478.196143183,0.9980918371093705,0.023021782435582394,0.023021782435582394,1.0964781961431807,1.0964781961431807
2,1148153.6214968793,1148153.6214968793,0.9981352317014406,0.034525048864751495,0.034525048864751495,1.148153621496878,1.148153621496878
2,1202264.434617418,1202264.434617418,0.9981776403330577,0.04601917459512517,0.04601917459512517,1.2022644346174163,1.2022644346174163
2,1258925.4117941714,1258925.4117941714,0.9982190853655711,0.05750112778453775,0.05750112778453775,1.2589254117941704,1.2589254117941704
2,1318256.7385564102,1318256.7385564102,0.9982595886550009,0.06896788945366306,0.06896788945366306,1.318256738556408,1.318256738556408
2,1380384.2646028865,1380384.2646028865,0.9982991715633741,0.08041645664749131,0.08041645664749131,1.3803842646028854,1.3803842646028854
2,1445439.770745928,1445439.770745928,0.9983378549698131,0.09184384556096703,0.09184384556096703,1.4454397707459252,1.4454397707459252
2,1513561.2484362072,1513561.2484362072,0.9983756592813765,0.10324709462192072,0.10324709462192072,1.5135612484362055,1.5135612484362055
2,1584893.192461111,1584893.192461111,0.9984126044436615,0.1146232675245844,0.1146232675245844,1.5848931924611076,1.5848931924611076
2,1659586.9074375562,1659586.9074375562,0.9984487099511701,0.1259694562071907,0.1259694562071907,1.6595869074375542,1.6595869074375542
2,1737800.8287493833,1737800.8287493833,0.9984839948574464,0.13728278376733594,0.13728278376733594,1.7378008287493807,1.7378008287493807
2,1819700.85860999,1819700.85860999,0.9985184777849889,0.14856040730904962,0.13728278376733472,1.8197008586099885,1.7378008287493716
2,1905460.7179632522,1905460.7179632522,0.9985521769349421,0.1597995207157632,0.12596945620719147,1.9054607179632488,1.65958690743756
2,1995262.3149688828,1995262.3149688828,0.9985851100965742,0.1709973573436192,0.11462326752458551,1.995262314968881,1.5848931924611134
2,2089296.1308540408,2089296.1308540408,0.9986172946565424,0.18215119262988644,0.1032470946219215,2.089296130854037,1.5135612484362109
2,2187761.623949552,2187761.623949552,0.9986487476079537,0.1932583466115475,0.09184384556096792,2.1877616239495494,1.4454397707459303
2,2290867.65276777,2290867.65276777,0.9986794855592238,0.20431618634943316,0.08041645664749242,2.290867652767765,1.3803842646028903
2,2398832.919019485,2398832.919019485,0.998709524742738,0.21532212825363872,0.06896788945366383,2.398832919019482,1.3182567385564126
2,2511886.4315095926,2511886.4315095926,0.9987388810233202,0.22627364030628694,0.05750112778453664,2.5118864315095886,1.2589254117941637
2,2630267.991895392,2630267.991895392,0.9987675699065128,0.23716824417806226,0.046019174595123946,2.63026799189539,1.2022644346174098
2,2754228.7033381746,2754228.7033381746,0.998795606546672,0.24800351723533465,0.03452504886475238,2.7542287033381694,1.1481536214968822
2,2884031.5031266115,2884031.5031266115,0.9988230057548825,0.25877709443500474,0.023021782435583393,2.8840315031266086,1.0964781961431846
2,3019951.720402019,3019951.720402019,0.9988497820066957,0.26948667010463334,0.011512416822290317,3.019951720402013,1.0471285480509012
2,3162277.660168379,3162277.660168379,0.9988759494496954,0.2801299996057698,4.440892098500626e-16,3.1622776601683755,1.0000000000000018
2,3311311.2148259077,3311311.2148259077,0.9989015219108938,0.29070490087876455,0.011512416822289429,3.3113112148259063,1.0471285480508974
2,3467368.5045253094,3467368.5045253094,0.9989265129039631,0.3012092558677443,0.023021782435582394,3.4673685045253047,1.0964781961431807
2,3630780.5477010026,3630780.5477010026,0.9989509356363048,0.3116410118247893,0.034525048864751495,3.6307805477010007,1.148153621496878
2,3801893.963205628,3801893.963205628,0.9989748030159614,0.3219981824927173,0.04601917459512517,3.801893963205625,1.2022644346174163
2,3981071.7055349853,3981071.7055349853,0.9989981276583728,0.3322788491662445,0.05750112778453742,3.981071705534978,1.2589254117941682
2,4168693.8347033635,4168693.8347033635,0.9990209218929824,0.34248116163166387,0.06896788945366306,4.168693834703359,1.318256738556408
2,4365158.322401665,4365158.322401665,0.9990431977696945,0.3526033389854737,0.08041645664749097,4.365158322401657,1.380384264602883
2,4570881.8961487515,4570881.8961487515,0.9990649670651874,0.3626436703327871,0.09184384556096703,4.570881896148745,1.4454397707459252
2,4786300.92322638,4786300.92322638,0.9990862412890852,0.3726005153666243,0.10324709462192017,4.786300923226369,1.5135612484362029
2,5011872.336272715,5011872.336272715,0.9991070316899905,0.3824723048295253,0.1146232675245844,5.011872336272707,1.5848931924611076
2,5248074.602497712,5248074.602497712,0.9991273492613831,0.39225754085919884,0.1259694562071907,5.2480746024977085,1.6595869074375542
2,5495408.738576271,5495408.738576271,0.9991472047473853,0.40195479722021665,0.13728278376733594,5.495408738576265,1.7378008287493807
2,5754399.37337159,5754399.37337159,0.9991666086483982,0.41156271942400524,0.13728278376733472,5.754399373371578,1.7378008287493716
2,6025595.860743593,6025595.860743593,0.9991855712266118,0.4210800247396759,0.12596945620719102,6.025595860743586,1.659586907437557
2,6309573.444801942,6309573.444801942,0.9992041025113902,0.430505502098397,0.11462326752458551,6.309573444801929,1.5848931924611134
2,6606934.480075965,6606934.480075965,0.9992222123045382,0.4398380118943036,0.10324709462192105,6.606934480075955,1.5135612484362082
2,6918309.709189363,6918309.709189363,0.9992399101854467,0.44907648568507197,0.09184384556096759,6.918309709189359,1.4454397707459279
2,7244359.600749891,7244359.600749891,0.9992572055161244,0.4582199257955045,0.08041645664749186,7.244359600749879,1.3803842646028879
2,7585775.750291821,7585775.750291821,0.9992741074461162,0.4672674048276142,0.0689678894536635,7.585775750291814,1.3182567385564103
2,7943282.347242854,7943282.347242854,0.9992906249173101,0.47621806508083797,0.0575011277845362,7.943282347242845,1.2589254117941615
2,8317637.711026743,8317637.711026743,0.9993067666686369,0.48507111788614,0.046019174595123946,8.317637711026725,1.2022644346174098
2,8709635.899560831,8709635.899560831,0.9993225412406632,0.4938258428578868,0.03452504886475194,8.709635899560821,1.1481536214968802
2,9120108.393559115,9120108.393559115,0.9993379569800824,0.5024815870674214,0.023021782435583393,9.120108393559095,1.0964781961431846
2,9549925.86021437,9549925.86021437,0.9993530220441035,0.5110377641423935,0.011512416822289873,9.549925860214355,1.0471285480508994
2,10000000.0,10000000.0,0.9993677444047407,0.5194938532959156,0.0,9.999999999999993,1.0
2,10471285.480508985,10471285.480508985,0.9993821318530085,0.511037764142394,0.011512416822289873,9.549925860214373,1.0471285480508994
2,10964781.96143183,10964781.96143183,0.9993961920030195,0.5024815870674223,0.023021782435582394,9.120108393559143,1.0964781961431807
2,11481536.214968793,11481536.214968793,0.999409932295992,0.49382584285788744,0.034525048864751495,8.709635899560851,1.148153621496878
2,12022644.34617418,12022644.34617418,0.9994233600041661,0.4850711178861393,0.04601917459512517,8.317637711026697,1.2022644346174163
2,12589254.117941713,12589254.117941713,0.9994364822346322,0.47621806508083697,0.05750112778453775,7.943282347242803,1.2589254117941704
2,13182567.385564102,13182567.385564102,0.9994493059330729,0.46726740482761453,0.0689678894536635,7.585775750291828,1.3182567385564103
2,13803842.646028867,13803842.646028867,0.9994618378874203,0.45821992579550486,0.08041645664749186,7.244359600749893,1.3803842646028879
2,14454397.70745928,14454397.70745928,0.9994740847314306,0.44907648568507263,0.09184384556096703,6.9183097091893835,1.4454397707459252
2,15135612.484362071,15135612.484362071,0.9994860529481797,0.4398380118943044,0.10324709462192072,6.606934480075979,1.5135612484362055
2,15848931.924611108,15848931.924611108,0.9994977488734771,0.4305055020983978,0.11462326752458496,6.309573444801951,1.5848931924611105
2,16595869.074375562,16595869.074375562,0.9995091786992053,0.4210800247396762,0.12596945620719102,6.025595860743596,1.659586907437557
2,17378008.287493832,17378008.287493832,0.9995203484765826,0.41156271942400424,0.1372827837673366,5.754399373371548,1.7378008287493838
2,18197008.5860999,18197008.5860999,0.9995312641193518,0.4019547972202152,0.13728278376733472,5.495408738576226,1.7378008287493716
2,19054607.179632522,19054607.179632522,0.9995419314068987,0.3922575408591996,0.12596945620719202,5.248074602497727,1.659586907437563
2,19952623.14968883,19952623.14968883,0.9995523559872977,0.3824723048295261,0.11462326752458585,5.011872336272725,1.584893192461116
2,20892961.308540408,20892961.308540408,0.9995625433802906,0.3726005153666251,0.1032470946219215,4.786300923226387,1.5135612484362109
2,21877616.23949552,21877616.23949552,0.999572498980197,0.36264367033278755,0.09184384556096792,4.570881896148754,1.4454397707459303
2,22908676.5276777,22908676.5276777,0.9995822280587592,0.3526033389854748,0.08041645664749286,4.36515832240168,1.3803842646028928
2,23988329.19019485,23988329.19019485,0.9995917357679235,0.34248116163166464,0.06896788945366439,4.168693834703374,1.318256738556415
2,25118864.315095924,25118864.315095924,0.9996010271425569,0.33227884916624373,0.057501127784536976,3.981071705534964,1.258925411794166
2,26302679.91895392,26302679.91895392,0.9996101071031044,0.32199818249271606,0.04601917459512439,3.8018939632056044,1.202264434617412
2,27542287.033381745,27542287.033381745,0.9996189804581843,0.31164101182478965,0.03452504886475238,3.630780547701007,1.1481536214968822
2,28840315.031266116,28840315.031266116,0.9996276519071269,0.3012092558677446,0.023021782435583393,3.467368504525311,1.0964781961431846
2,30199517.20402019,30199517.20402019,0.9996361260424533,0.2907049008787653,0.01151241682229076,3.311311214825918,1.0471285480509032
2,31622776.60168379,31622776.60168379,0.9996444073523006,0.2801299996057707,8.881784197001252e-16,3.1622776601683866,1.0000000000000036
2,33113112.148259077,33113112.148259077,0.9996525002227902,0.26948667010463423,0.011512416822288984,3.0199517204020236,1.0471285480508956
2,34673685.0452531,34673685.0452531,0.9996604089403438,0.2587770944350052,0.023021782435582394,2.884031503126614,1.0964781961431807
2,36307805.47701003,36307805.47701003,0.9996681376939464,0.24800351723533587,0.03452504886475072,2.754228703338184,1.148153621496874
2,38018939.63205628,38018939.63205628,0.9996756905773578,0.2371682441780606,0.04601917459512517,2.6302679918953715,1.2022644346174163
2,39810717.05534986,39810717.05534986,0.9996830715912756,0.22627364030628594,0.057501127784536976,2.5118864315095792,1.258925411794166
2,41686938.347033635,41686938.347033635,0.9996902846454463,0.2153221282536396,0.06896788945366272,2.3988329190194904,1.3182567385564057
2,43651583.22401665,43651583.22401665,0.9996973335607321,0.20431618634943394,0.08041645664749097,2.290867652767773,1.380384264602883
2,45708818.96148752,45708818.96148752,0.999704222071128,0.19325834661154806,0.09184384556096703,2.1877616239495534,1.4454397707459252
2,47863009.2322638,47863009.2322638,0.9997109538257344,0.18215119262988777,0.10324709462191972,2.089296130854048,1.5135612484362002
2,50118723.36272714,50118723.36272714,0.9997175323906857,0.17099735734361998,0.11462326752458407,1.995262314968888,1.5848931924611047
2,52480746.024977125,52480746.024977125,0.999723961251034,0.15979952071576398,0.12596945620719013,1.9054607179632557,1.6595869074375513
2,54954087.38576271,54954087.38576271,0.9997302438125901,0.1485604073090483,0.1372827837673356,1.819700858609979,1.7378008287493776
2,57543993.7337159,57543993.7337159,0.9997363834037242,0.13728278376733472,0.13728278376733472,1.7378008287493716,1.7378008287493716
2,60255958.607435934,60255958.607435934,0.9997423832771242,0.12596945620719102,0.12596945620719102,1.659586907437557,1.659586907437557
2,63095734.44801943,63095734.44801943,0.999748246611515,0.11462326752458585,0.11462326752458585,1.584893192461116,1.584893192461116
2,66069344.80075964,66069344.80075964,0.9997539765133387,0.1032470946219215,0.1032470946219215,1.5135612484362109,1.5135612484362109
2,69183097.09189363,69183097.09189363,0.9997595760183967,0.09184384556096792,0.09184384556096792,1.4454397707459303,1.4454397707459303
2,72443596.0074989,72443596.0074989,0.9997650480934541,0.08041645664749186,0.08041645664749186,1.3803842646028879,1.3803842646028879
2,75857757.5029182,75857757.5029182,0.9997703956378087,0.0689678894536635,0.0689678894536635,1.3182567385564103,1.3182567385564103
2,79432823.47242855,79432823.47242855,0.9997756214848231,0.0575011277845362,0.0575011277845362,1.2589254117941615,1.2589254117941615
2,83176377.11026743,83176377.11026743,0.9997807284034238,0.04601917459512439,0.04601917459512439,1.202264434617412,1.202264434617412
2,87096358.99560831,87096358.99560831,0.9997857190995646,0.03452504886475238,0.03452504886475238,1.1481536214968822,1.1481536214968822
2,91201083.93559115,91201083.93559115,0.9997905962176576,0.023021782435583393,0.023021782435583393,1.0964781961431846,1.0964781961431846
2,95499258.60214369,95499258.60214369,0.999795362341972,0.011512416822289873,0.011512416822289873,1.0471285480508994,1.0471285480508994
2,100000000.0,100000000.0,0.9998000199980002,0.0,0.0,1.0,1.0
2,104712854.80508985,104712854.80508985,0.9998045716537942,0.011512416822288984,0.011512416822288984,1.0471285480508956,1.0471285480508956
2,109647819.61431828,109647819.61431828,0.9998090197212708,0.023021782435582394,0.023021782435582394,1.0964781961431807,1.0964781961431807
2,114815362.14968793,114815362.14968793,0.9998133665574869,0.034525048864751495,0.034525048864751495,1.148153621496878,1.148153621496878
2,120226443.4617418,120226443.4617418,0.9998176144658872,0.04601917459512517,0.04601917459512517,1.2022644346174163,1.2022644346174163
2,125892541.17941713,125892541.17941713,0.9998217656975222,0.05750112778453775,0.05750112778453775,1.2589254117941704,1.2589254117941704
2,131825673.855641,131825673.855641,0.999825822452239,0.06896788945366272,0.06896788945366272,1.3182567385564057,1.3182567385564057
2,138038426.46028867,138038426.46028867,0.9998297868798457,0.08041645664749097,0.08041645664749097,1.380384264602883,1.380384264602883
2,144543977.0745928,144543977.0745928,0.999833661081248,0.09184384556096703,0.09184384556096703,1.4454397707459252,1.4454397707459252
2,151356124.84362072,151356124.84362072,0.9998374471095621,0.10324709462192072,0.10324709462192072,1.5135612484362055,1.5135612484362055
2,158489319.2461111,158489319.2461111,0.9998411469711997,0.11462326752458496,0.11462326752458496,1.5848931924611105,1.5848931924611105
2,165958690.74375564,165958690.74375564,0.9998447626269306,0.12596945620719013,0.12596945620719013,1.6595869074375513,1.6595869074375513
2,173780082.87493834,173780082.87493834,0.9998482959929199,0.1372827837673356,0.1372827837673356,1.7378008287493776,1.7378008287493776
2,181970085.860999,181970085.860999,0.9998517489417426,0.14856040730904907,0.13728278376733472,1.8197008586099854,1.7378008287493716
2,190546071.7963252,190546071.7963252,0.9998551233033739,0.1597995207157632,0.12596945620719102,1.9054607179632488,1.659586907437557
2,199526231.49688828,199526231.49688828,0.9998584208661583,0.1709973573436192,0.11462326752458496,1.995262314968881,1.5848931924611105
2,208929613.0854041,208929613.0854041,0.9998616433777558,0.18215119262988688,0.10324709462192072,2.0892961308540405,1.5135612484362055
2,218776162.3949552,218776162.3949552,0.9998647925460674,0.19325834661154728,0.09184384556096792,2.1877616239495454,1.4454397707459303
2,229086765.276777,229086765.276777,0.9998678700401383,0.20431618634943316,0.08041645664749186,2.290867652767765,1.3803842646028879
2,239883291.90194848,239883291.90194848,0.9998708774910424,0.21532212825363872,0.0689678894536635,2.398832919019482,1.3182567385564103
2,251188643.15095925,251188643.15095925,0.999873816492745,0.22627364030628694,0.0575011277845362,2.5118864315095886,1.2589254117941615
2,263026799.18953922,263026799.18953922,0.9998766886029468,0.23716824417806226,0.04601917459512361,2.63026799189539,1.2022644346174076
2,275422870.3338175,275422870.3338175,0.9998794953439087,0.2480035172353351,0.034525048864751495,2.7542287033381743,1.148153621496878
2,288403150.3126612,288403150.3126612,0.9998822382032576,0.2587770944350044,0.023021782435583393,2.8840315031266037,1.0964781961431846
2,301995172.0402019,301995172.0402019,0.9998849186347739,0.26948667010463334,0.011512416822289873,3.019951720402013,1.0471285480508994
2,316227766.01683795,316227766.01683795,0.9998875380591616,0.2801299996057698,0.0,3.1622776601683755,1.0
2,331131121.4825908,331131121.4825908,0.9998900978648,0.29070490087876455,0.011512416822289873,3.3113112148259063,1.0471285480508994
2,346736850.452531,346736850.452531,0.9998925994084792,0.30120925586774383,0.023021782435582394,3.4673685045252984,1.0964781961431807
2,363078054.7701003,363078054.7701003,0.9998950440161184,0.31164101182478887,0.034525048864751495,3.630780547700994,1.148153621496878
2,380189396.3205628,380189396.3205628,0.9998974329834679,0.32199818249271683,0.04601917459512517,3.801893963205618,1.2022644346174163
2,398107170.55349857,398107170.55349857,0.9998997675767957,0.3322788491662445,0.05750112778453775,3.981071705534978,1.2589254117941704
2,416869383.4703364,416869383.4703364,0.9999020490335572,0.34248116163166387,0.0689678894536635,4.168693834703359,1.3182567385564103
2,436515832.24016654,436515832.24016654,0.9999042785630515,0.352603338985474,0.08041645664749186,4.365158322401664,1.3803842646028879
2,457088189.6148752,457088189.6148752,0.9999064573470612,0.36264367033278677,0.09184384556096703,4.570881896148737,1.4454397707459252
2,478630092.32263803,478630092.32263803,0.9999085865404783,0.3726005153666243,0.10324709462192072,4.786300923226369,1.5135612484362055
2,501187233.6272715,501187233.6272715,0.9999106672719162,0.3824723048295253,0.11462326752458496,5.011872336272707,1.5848931924611105
2,524807460.24977124,524807460.24977124,0.999912700644307,0.39225754085919884,0.12596945620719102,5.2480746024977085,1.659586907437557
2,549540873.857627,549540873.857627,0.9999146877354862,0.40195479722021665,0.1372827837673366,5.495408738576265,1.7378008287493838
2,575439937.337159,575439937.337159,0.9999166295987627,0.4115627194240057,0.13728278376733472,5.754399373371589,1.7378008287493716
2,602559586.0743593,602559586.0743593,0.9999185272634777,0.42108002473967543,0.12596945620719202,6.025595860743575,1.659586907437563
2,630957344.4801943,630957344.4801943,0.9999203817355495,0.430505502098397,0.11462326752458585,6.309573444801929,1.584893192461116
2,660693448.0075964,660693448.0075964,0.9999221939980059,0.4398380118943036,0.1032470946219215,6.606934480075955,1.5135612484362109
2,691830970.9189363,691830970.9189363,0.9999239650115055,0.44907648568507197,0.09184384556096792,6.918309709189359,1.4454397707459303
2,724435960.0749891,724435960.0749891,0.9999256957148466,0.4582199257955042,0.08041645664749286,7.244359600749867,1.3803842646028928
2,758577575.0291821,758577575.0291821,0.9999273870254637,0.46726740482761386,0.06896788945366439,7.585775750291801,1.318256738556415
2,794328234.7242854,794328234.7242854,0.9999290398399148,0.47621806508083764,0.057501127784536976,7.943282347242832,1.258925411794166
2,831763771.1026742,831763771.1026742,0.999930655034355,0.48507111788614,0.04601917459512439,8.317637711026725,1.202264434617412
2,870963589.9560832,870963589.9560832,0.9999322334650016,0.4938258428578868,0.03452504886475238,8.709635899560821,1.1481536214968822
2,912010839.3559115,912010839.3559115,0.9999337759685872,0.5024815870674216,0.023021782435583393,9.12010839355911,1.0964781961431846
2,954992586.0214369,954992586.0214369,0.9999352833628034,0.5110377641423933,0.01151241682229076,9.549925860214337,1.0471285480509032
2,1000000000.0,1000000000.0,0.9999367564467334,0.5194938532959152,8.881784197001252e-16,9.999999999999975,1.0000000000000036
2,1047128548.0508986,1047128548.0508986,0.9999381960012759,0.5110377641423945,0.011512416822288984,9.549925860214406,1.0471285480508956
2,1096478196.1431828,1096478196.1431828,0.9999396027895585,0.5024815870674223,0.023021782435582394,9.120108393559143,1.0964781961431807
2,1148153621.4968793,1148153621.4968793,0.9999409775573425,0.49382584285788744,0.034525048864751495,8.709635899560851,1.148153621496878
2,1202264434.617418,1202264434.617418,0.9999423210334171,0.4850711178861393,0.04601917459512517,8.317637711026697,1.2022644346174163
2,1258925411.7941713,1258925411.7941713,0.9999436339299864,0.47621806508083764,0.057501127784536976,7.943282347242832,1.258925411794166
2,1318256738.55641,1318256738.55641,0.9999449169430465,0.4672674048276152,0.06896788945366272,7.585775750291854,1.3182567385564057
2,1380384264.6028867,1380384264.6028867,0.9999461707527544,0.45821992579550563,0.08041645664749097,7.2443596007499185,1.380384264602883
2,1445439770.745928,1445439770.745928,0.9999473960237877,0.44907648568507263,0.09184384556096703,6.9183097091893835,1.4454397707459252
2,1513561248.436207,1513561248.436207,0.9999485934056975,0.43983801189430516,0.10324709462191972,6.606934480076002,1.5135612484362002
2,1584893192.4611108,1584893192.4611108,0.9999497635332528,0.43050550209839855,0.11462326752458407,6.309573444801974,1.5848931924611047
2,1659586907.4375563,1659586907.4375563,0.9999509070267759,0.421080024739677,0.12596945620719013,6.025595860743619,1.6595869074375513
2,1737800828.7493834,1737800828.7493834,0.9999520244924719,0.411562719424005,0.1372827837673356,5.754399373371569,1.7378008287493776
2,1819700858.60999,1819700858.60999,0.9999531165227495,0.4019547972202159,0.13728278376733472,5.495408738576246,1.7378008287493716
2,1905460717.963252,1905460717.963252,0.9999541836965355,0.3922575408591996,0.12596945620719102,5.248074602497727,1.659586907437557
2,1995262314.9688828,1995262314.9688828,0.9999552265795807,0.3824723048295269,0.11462326752458585,5.011872336272742,1.584893192461116
2,2089296130.8540409,2089296130.8540409,0.9999562457247603,0.37260051536662586,0.1032470946219215,4.7863009232264035,1.5135612484362109
2,2187761623.9495516,2187761623.9495516,0.9999572416723668,0.3626436703327883,0.09184384556096792,4.57088189614877,1.4454397707459303
2,2290867652.76777,2290867652.76777,0.9999582149503964,0.3526033389854748,0.08041645664749186,4.36515832240168,1.3803842646028879
2,2398832919.019485,2398832919.019485,0.9999591660748284,0.34248116163166464,0.0689678894536635,4.168693834703374,1.3182567385564103
2,2511886431.5095925,2511886431.5095925,0.9999600955498991,0.33227884916624373,0.0575011277845362,3.981071705534964,1.2589254117941615
2,2630267991.8953924,2630267991.8953924,0.9999610038683688,0.32199818249271683,0.04601917459512439,3.801893963205618,1.202264434617412
2,2754228703.3381743,2754228703.3381743,0.999961891511783,0.3116410118247903,0.03452504886475238,3.6307805477010198,1.1481536214968822
2,2884031503.1266117,2884031503.1266117,0.9999627589507275,0.3012092558677455,0.023021782435583393,3.4673685045253233,1.0964781961431846
2,3019951720.402019,3019951720.402019,0.999963606645078,0.2907049008787653,0.011512416822289873,3.311311214825918,1.0471285480508994
2,3162277660.1683793,3162277660.1683793,0.9999644350442435,0.2801299996057707,0.0,3.1622776601683866,1.0
2,3311311214.8259077,3311311214.8259077,0.9999652445874049,0.2694866701046351,0.011512416822288984,3.0199517204020347,1.0471285480508956
2,3467368504.5253096,3467368504.5253096,0.9999660357037473,0.25877709443500596,0.023021782435582394,2.884031503126624,1.0964781961431807
2,3630780547.7010026,3630780547.7010026,0.9999668088126878,0.24800351723533587,0.034525048864751495,2.754228703338184,1.148153621496878
2,3801893963.205628,3801893963.205628,0.9999675643240978,0.23716824417806148,0.04601917459512517,2.630267991895381,1.2022644346174163
2,3981071705.5349855,3981071705.5349855,0.9999683026385201,0.22627364030628594,0.05750112778453775,2.5118864315095792,1.2589254117941704
2,4168693834.7033634,4168693834.7033634,0.9999690241473809,0.2153221282536396,0.0689678894536635,2.3988329190194904,1.3182567385564103
2,4365158322.401666,4365158322.401666,0.9999697292331978,0.20431618634943494,0.08041645664749097,2.2908676527677816,1.380384264602883
2,4570881896.148751,4570881896.148751,0.9999704182697825,0.19325834661154895,0.09184384556096703,2.187761623949561,1.4454397707459252
2,4786300923.22638,4786300923.22638,0.9999710916224382,0.18215119262988777,0.10324709462192072,2.089296130854048,1.5135612484362055
2,5011872336.272715,5011872336.272715,0.9999717496481544,0.17099735734361998,0.11462326752458496,1.995262314968888,1.5848931924611105
2,5248074602.497712,5248074602.497712,0.9999723926957949,0.15979952071576475,0.12596945620719013,1.9054607179632623,1.6595869074375513
2,5495408738.576271,5495408738.576271,0.9999730211062834,0.14856040730904907,0.1372827837673356,1.8197008586099854,1.7378008287493776
2,5754399373.37159,5754399373.37159,0.9999736352127845,0.1372827837673356,0.1372827837673356,1.7378008287493776,1.7378008287493776
2,6025595860.743593,6025595860.743593,0.9999742353408793,0.12596945620719202,0.12596945620719202,1.659586907437563,1.659586907437563
2,6309573444.801943,6309573444.801943,0.9999748218087388,0.11462326752458585,0.11462326752458585,1.584893192461116,1.584893192461116
2,6606934480.075964,6606934480.075964,0.9999753949272923,0.1032470946219215,0.1032470946219215,1.5135612484362109,1.5135612484362109
2,6918309709.189363,6918309709.189363,0.9999759550003922,0.0918438455609688,0.0918438455609688,1.4454397707459357,1.4454397707459357
2,7244359600.749891,7244359600.749891,0.9999765023249748,0.08041645664749286,0.08041645664749286,1.3803842646028928,1.3803842646028928
2,7585775750.291821,7585775750.291821,0.9999770371912183,0.06896788945366439,0.06896788945366439,1.318256738556415,1.318256738556415
2,7943282347.242854,7943282347.242854,0.9999775598826962,0.057501127784536976,0.057501127784536976,1.258925411794166,1.258925411794166
2,8317637711.026743,8317637711.026743,0.9999780706765274,0.04601917459512439,0.04601917459512439,1.202264434617412,1.202264434617412
2,8709635899.560831,8709635899.560831,0.9999785698435235,0.03452504886475238,0.03452504886475238,1.1481536214968822,1.1481536214968822
2,9120108393.559114,9120108393.559114,0.9999790576483323,0.02302178243558428,0.02302178243558428,1.0964781961431884,1.0964781961431884
2,9549925860.214369,9549925860.214369,0.999979534349578,0.01151241682229076,0.01151241682229076,1.0471285480509032,1.0471285480509032
2,10000000000.0,10000000000.0,0.999980000199998,8.881784197001252e-16,8.881784197001252e-16,1.0000000000000036,1.0000000000000036
2,10471285480.508986,10471285480.508986,0.9999804554465775,0.011512416822288984,0.011512416822288984,1.0471285480508956,1.0471285480508956
2,10964781961.43183,10964781961.43183,0.99998090033068,0.023021782435581506,0.023021782435581506,1.0964781961431769,1.0964781961431769
2,11481536214.968794,11481536214.968794,0.9999813350881751,0.03452504886475072,0.03452504886475072,1.148153621496874,1.148153621496874
2,12022644346.17418,12022644346.17418,0.9999817599495641,0.04601917459512439,0.04601917459512439,1.202264434617412,1.202264434617412
2,12589254117.941713,12589254117.941713,0.9999821751401016,0.057501127784536976,0.057501127784536976,1.258925411794166,1.258925411794166
2,13182567385.5641,13182567385.5641,0.9999825808799151,0.06896788945366272,0.06896788945366272,1.3182567385564057,1.3182567385564057
2,13803842646.028866,13803842646.028866,0.9999829773841219,0.08041645664749097,0.08041645664749097,1.380384264602883,1.380384264602883
2,14454397707.45928,14454397707.45928,0.999983364862943,0.09184384556096625,0.09184384556096625,1.4454397707459201,1.4454397707459201
2,15135612484.362072,15135612484.362072,0.9999837435218143,0.10324709462191972,0.10324709462191972,1.5135612484362002,1.5135612484362002
2,15848931924.611109,15848931924.611109,0.999984113561496,0.11462326752458407,0.11462326752458407,1.5848931924611047,1.5848931924611047
2,16595869074.375563,16595869074.375563,0.9999844751781785,0.12596945620719013,0.12596945620719013,1.6595869074375513,1.6595869074375513
2,17378008287.493835,17378008287.493835,0.9999848285635865,0.1372827837673356,0.1372827837673356,1.7378008287493776,1.7378008287493776
2,18197008586.0999,18197008586.0999,0.9999851739050813,0.14856040730904907,0.13728278376733472,1.8197008586099854,1.7378008287493716
2,19054607179.632523,19054607179.632523,0.9999855113857592,0.1597995207157623,0.12596945620719202,1.9054607179632421,1.659586907437563
2,19952623149.688828,19952623149.688828,0.999985841184549,0.17099735734361843,0.11462326752458585,1.995262314968874,1.584893192461116
2,20892961308.54041,20892961308.54041,0.999986163476307,0.182151192629886,0.1032470946219215,2.089296130854033,1.5135612484362109
2,21877616239.495518,21877616239.495518,0.9999864784319091,0.19325834661154728,0.09184384556096792,2.1877616239495454,1.4454397707459303
2,22908676527.6777,22908676527.6777,0.9999867862183425,0.20431618634943227,0.08041645664749286,2.290867652767757,1.3803842646028928
2,23988329190.19485,23988329190.19485,0.9999870869987927,0.21532212825363783,0.06896788945366439,2.398832919019473,1.318256738556415
2,25118864315.095924,25118864315.095924,0.9999873809327313,0.22627364030628594,0.057501127784536976,2.5118864315095792,1.258925411794166
2,26302679918.953922,26302679918.953922,0.9999876681760002,0.23716824417806148,0.04601917459512439,2.630267991895381,1.202264434617412
2,27542287033.381744,27542287033.381744,0.9999879488808937,0.2480035172353341,0.03452504886475238,2.7542287033381645,1.1481536214968822
2,28840315031.266117,28840315031.266117,0.9999882231962398,0.2587770944350044,0.023021782435583393,2.8840315031266037,1.0964781961431846
2,30199517204.02019,30199517204.02019,0.9999884912674791,0.26948667010463256,0.01151241682229076,3.0199517204020023,1.0471285480509032
2,31622776601.683792,31622776601.683792,0.9999887532367414,0.2801299996057691,8.881784197001252e-16,3.1622776601683644,1.0000000000000036
2,33113112148.259075,33113112148.259075,0.9999890092429216,0.29070490087876366,0.011512416822288984,3.3113112148258943,1.0471285480508956
2,34673685045.2531,34673685045.2531,0.9999892594217529,0.30120925586774383,0.023021782435582394,3.4673685045252984,1.0964781961431807
2,36307805477.010025,36307805477.010025,0.9999895039058793,0.31164101182478887,0.034525048864751495,3.630780547700994,1.148153621496878
2,38018939632.05628,38018939632.05628,0.9999897428249253,0.32199818249271683,0.04601917459512517,3.801893963205618,1.2022644346174163
2,39810717055.34985,39810717055.34985,0.999989976305565,0.33227884916624373,0.057501127784536976,3.981071705534964,1.258925411794166
2,41686938347.03364,41686938347.03364,0.999990204471589,0.3424811616316631,0.06896788945366272,4.168693834703344,1.3182567385564057
2,43651583224.016655,43651583224.016655,0.9999904274439707,0.35260333898547325,0.08041645664749097,4.365158322401649,1.380384264602883
2,45708818961.48752,45708818961.48752,0.9999906453409293,0.36264367033278677,0.09184384556096703,4.570881896148737,1.4454397707459252
2,47863009232.2638,47863009232.2638,0.9999908582779934,0.3726005153666243,0.10324709462192072,4.786300923226369,1.5135612484362055
2,50118723362.72715,50118723362.72715,0.999991066368062,0.38247230482952455,0.11462326752458407,5.011872336272689,1.5848931924611047
2,52480746024.97712,52480746024.97712,0.9999912697214642,0.3922575408591982,0.12596945620719013,5.24807460249769,1.6595869074375513
2,54954087385.7627,54954087385.7627,0.9999914684460178,0.4019547972202159,0.1372827837673356,5.495408738576246,1.7378008287493776
2,57543993733.7159,57543993733.7159,0.9999916626470865,0.411562719424005,0.13728278376733472,5.754399373371569,1.7378008287493716
2,60255958607.43593,60255958607.43593,0.9999918524276356,0.42108002473967543,0.12596945620719102,6.025595860743575,1.659586907437557
2,63095734448.019424,63095734448.019424,0.9999920378882867,0.43050550209839633,0.11462326752458585,6.309573444801907,1.584893192461116
2,66069344800.75964,66069344800.75964,0.9999922191273712,0.43983801189430294,0.1032470946219215,6.606934480075932,1.5135612484362109
2,69183097091.89363,69183097091.89363,0.9999923962409822,0.4490764856850712,0.09184384556096792,6.918309709189334,1.4454397707459303
2,72443596007.49892,72443596007.49892,0.9999925693230256,0.4582199257955042,0.08041645664749186,7.244359600749867,1.3803842646028879
2,75857757502.9182,75857757502.9182,0.9999927384652696,0.46726740482761386,0.0689678894536635,7.585775750291801,1.3182567385564103
2,79432823472.42854,79432823472.42854,0.9999929037573938,0.47621806508083764,0.0575011277845362,7.943282347242832,1.2589254117941615
2,83176377110.26743,83176377110.26743,0.9999930652870361,0.4850711178861393,0.04601917459512439,8.317637711026697,1.202264434617412
2,87096358995.60832,87096358995.60832,0.9999932231398402,0.4938258428578861,0.03452504886475238,8.70963589956079,1.1481536214968822
2,91201083935.59116,91201083935.59116,0.9999933773994999,0.502481587067421,0.023021782435583393,9.120108393559079,1.0964781961431846
2,95499258602.14369,95499258602.14369,0.999993528147804,0.5110377641423933,0.011512416822289873,9.549925860214337,1.0471285480508994
2,100000000000.0,100000000000.0,0.9999936754646797,0.5194938532959152,0.0,9.999999999999975,1.0
2,104712854805.08984,104712854805.08984,0.9999938194282347,0.5110377641423945,0.011512416822288984,9.549925860214406,1.0471285480508956
2,109647819614.31828,109647819614.31828,0.9999939601147994,0.5024815870674223,0.023021782435582394,9.120108393559143,1.0964781961431807
2,114815362149.68794,114815362149.68794,0.9999940975989658,0.49382584285788744,0.034525048864751495,8.709635899560851,1.148153621496878
2,120226443461.7418,120226443461.7418,0.999994231953629,0.4850711178861393,0.04601917459512517,8.317637711026697,1.2022644346174163
2,125892541179.41713,125892541179.41713,0.999994363250024,0.47621806508083697,0.05750112778453775,7.943282347242803,1.2589254117941704
2,131825673855.641,131825673855.641,0.9999944915577649,0.46726740482761453,0.0689678894536635,7.585775750291828,1.3182567385564103
2,138038426460.28867,138038426460.28867,0.9999946169448808,0.45821992579550563,0.08041645664749097,7.2443596007499185,1.380384264602883
2,144543977074.5928,144543977074.5928,0.9999947394778528,0.44907648568507263,0.09184384556096703,6.9183097091893835,1.4454397707459252
2,151356124843.62073,151356124843.62073,0.9999948592216483,0.4398380118943044,0.10324709462192072,6.606934480075979,1.5135612484362055
2,158489319246.11108,158489319246.11108,0.9999949762397561,0.4305055020983978,0.11462326752458496,6.309573444801951,1.5848931924611105
2,165958690743.7556,165958690743.7556,0.9999950905942198,0.421080024739677,0.12596945620719013,6.025595860743619,1.6595869074375513
2,173780082874.93835,173780082874.93835,0.9999952023456707,0.41156271942400424,0.1372827837673366,5.754399373371548,1.7378008287493838
2,181970085860.999,181970085860.999,0.9999953115533602,0.4019547972202159,0.1372827837673356,5.495408738576246,1.7378008287493776
2,190546071796.32523,190546071796.32523,0.9999954182751906,0.3922575408591996,0.12596945620719202,5.248074602497727,1.659586907437563
2,199526231496.88828,199526231496.88828,0.9999955225677466,0.3824723048295261,0.11462326752458585,5.011872336272725,1.584893192461116
2,208929613085.40408,208929613085.40408,0.9999956244863247,0.3726005153666251,0.1032470946219215,4.786300923226387,1.5135612484362109
2,218776162394.95517,218776162394.95517,0.9999957240849627,0.3626436703327883,0.0918438455609688,4.57088189614877,1.4454397707459357
2,229086765276.777,229086765276.777,0.9999958214164686,0.3526033389854748,0.08041645664749286,4.36515832240168,1.3803842646028928
2,239883291901.9485,239883291901.9485,0.999995916532448,0.34248116163166464,0.06896788945366439,4.168693834703374,1.318256738556415
2,251188643150.95923,251188643150.95923,0.9999960094833322,0.33227884916624373,0.057501127784536976,3.981071705534964,1.258925411794166
2,263026799189.5392,263026799189.5392,0.9999961003184042,0.32199818249271606,0.04601917459512439,3.8018939632056044,1.202264434617412
2,275422870333.81744,275422870333.81744,0.9999961890858257,0.31164101182478965,0.03452504886475238,3.630780547701007,1.1481536214968822
2,288403150312.66113,288403150312.66113,0.9999962758326614,0.3012092558677455,0.02302178243558428,3.4673685045253233,1.0964781961431884
2,301995172040.2019,301995172040.2019,0.9999963606049054,0.2907049008787653,0.01151241682229076,3.311311214825918,1.0471285480509032
2,316227766016.83795,316227766016.83795,0.9999964434475045,0.2801299996057707,8.881784197001252e-16,3.1622776601683866,1.0000000000000036
2,331131121482.59076,331131121482.59076,0.9999965244043824,0.26948667010463423,0.011512416822288984,3.0199517204020236,1.0471285480508956
2,346736850452.53094,346736850452.53094,0.9999966035184631,0.25877709443500596,0.023021782435581506,2.884031503126624,1.0964781961431769
2,363078054770.1003,363078054770.1003,0.9999966808316936,0.24800351723533587,0.03452504886475072,2.754228703338184,1.148153621496874
2,380189396320.5628,380189396320.5628,0.9999967563850658,0.23716824417806148,0.04601917459512439,2.630267991895381,1.202264434617412
2,398107170553.49854,398107170553.49854,0.9999968302186388,0.22627364030628594,0.057501127784536976,2.5118864315095792,1.258925411794166
2,416869383470.33636,416869383470.33636,0.9999969023715598,0.2153221282536396,0.06896788945366272,2.3988329190194904,1.3182567385564057
2,436515832240.16656,436515832240.16656,0.9999969728820849,0.20431618634943394,0.08041645664749097,2.290867652767773,1.380384264602883
2,457088189614.8752,457088189614.8752,0.9999970417875992,0.19325834661154895,0.09184384556096625,2.187761623949561,1.4454397707459201
2,478630092322.638,478630092322.638,0.9999971091246371,0.18215119262988777,0.10324709462191972,2.089296130854048,1.5135612484362002
2,501187233627.2715,501187233627.2715,0.9999971749289013,0.17099735734361998,0.11462326752458407,1.995262314968888,1.5848931924611047
2,524807460249.77124,524807460249.77124,0.9999972392352817,0.15979952071576398,0.12596945620719013,1.9054607179632557,1.6595869074375513
2,549540873857.6271,549540873857.6271,0.9999973020778742,0.1485604073090483,0.1372827837673356,1.819700858609979,1.7378008287493776
2,575439937337.1589,575439937337.1589,0.9999973634899985,0.13728278376733472,0.13728278376733472,1.7378008287493716,1.7378008287493716
2,602559586074.3594,602559586074.3594,0.9999974235042158,0.12596945620719202,0.12596945620719202,1.659586907437563,1.659586907437563
2,630957344480.1943,630957344480.1943,0.9999974821523462,0.11462326752458585,0.11462326752458585,1.584893192461116,1.584893192461116
2,660693448007.5964,660693448007.5964,0.9999975394654855,0.1032470946219215,0.1032470946219215,1.5135612484362109,1.5135612484362109
2,691830970918.9363,691830970918.9363,0.9999975954740217,0.09184384556096792,0.09184384556096792,1.4454397707459303,1.4454397707459303
2,724435960074.9891,724435960074.9891,0.9999976502076509,0.08041645664749186,0.08041645664749186,1.3803842646028879,1.3803842646028879
2,758577575029.182,758577575029.182,0.9999977036953935,0.06896788945366439,0.06896788945366439,1.318256738556415,1.318256738556415
2,794328234724.2854,794328234724.2854,0.9999977559656092,0.057501127784536976,0.057501127784536976,1.258925411794166,1.258925411794166
2,831763771102.6743,831763771102.6743,0.9999978070460123,0.04601917459512439,0.04601917459512439,1.202264434617412,1.202264434617412
2,870963589956.0833,870963589956.0833,0.9999978569636858,0.03452504886475238,0.03452504886475238,1.1481536214968822,1.1481536214968822
2,912010839355.9115,912010839355.9115,0.9999979057450968,0.023021782435583393,0.023021782435583393,1.0964781961431846,1.0964781961431846
2,954992586021.4369,954992586021.4369,0.9999979534161096,0.01151241682229076,0.01151241682229076,1.0471285480509032,1.0471285480509032
2,1000000000000.0,1000000000000.0,0.999998000002,8.881784197001252e-16,8.881784197001252e-16,1.0000000000000036,1.0000000000000036
3,1e-12,1000000000000.0,0.999999970003,1.2212453270876722e-15,1.2212453270876722e-15,1.0000000000000036,1.0000000000000036
3,1.0471285480508985e-12,954992586021.4369,0.9999999690678232,0.015310693443801537,0.015310693443801537,1.0471285480509032,1.0471285480509032
3,1.096478196143183e-12,912010839355.9115,0.9999999681034922,0.030539256348103283,0.030539256348103283,1.0964781961431846,1.0964781961431846
3,1.148153621496884e-12,870963589956.0797,0.9999999671090986,0.04568215934111808,0.04568215934111808,1.1481536214968862,1.1481536214968862
3,1.202264434617413e-12,831763771102.6709,0.9999999660837049,0.06073593575245306,0.06073593575245306,1.2022644346174163,1.2022644346174163
3,1.258925411794166e-12,794328234724.2822,0.9999999650263447,0.07569718505118928,0.07569718505118928,1.2589254117941704,1.2589254117941704
3,1.3182567385564048e-12,758577575029.185,0.9999999639360218,0.09056257616912633,0.09056257616912633,1.3182567385564103,1.3182567385564103
3,1.3803842646028866e-12,724435960074.9891,0.9999999628117082,0.10532885070214049,0.10532885070214049,1.3803842646028879,1.3803842646028879
3,1.445439770745928e-12,691830970918.9363,0.9999999616523447,0.11999282598297178,0.11999282598297178,1.4454397707459303,1.4454397707459303
3,1.5135612484362072e-12,660693448007.5964,0.9999999604568385,0.13455139801916638,0.13455139801916638,1.5135612484362109,1.5135612484362109
3,1.5848931924611108e-12,630957344480.1943,0.9999999592240629,0.1490015442903495,0.1490015442903495,1.584893192461116,1.584893192461116
3,1.659586907437563e-12,602559586074.3569,0.9999999579528562,0.16334032639945162,0.16334032639945162,1.6595869074375689,1.6595869074375689
3,1.7378008287493763e-12,575439937337.1566,0.9999999566420202,0.17756489257297914,0.17756489257297914,1.7378008287493838,1.7378008287493838
3,1.8197008586099825e-12,549540873857.6248,0.9999999552903198,0.1916724800059355,0.1916724800059355,1.8197008586099854,1.8197008586099854
3,1.9054607179632443e-12,524807460249.7734,0.9999999538964809,0.20566041704746063,0.20566041704746063,1.9054607179632488,1.9054607179632488
3,1.9952623149688827e-12,501187233627.2715,0.99999995245919,0.2195261252237919,0.2195261252237919,1.995262314968888,1.995262314968888
3,2.089296130854041e-12,478630092322.638,0.9999999509770926,0.23326712109566627,0.23326712109566627,2.089296130854048,2.089296130854048
3,2.1877616239495518e-12,457088189614.8752,0.9999999494487919,0.2468810179478076,0.2468810179478076,2.187761623949561,2.187761623949561
3,2.29086765276777e-12,436515832240.16656,0.9999999478728477,0.26036552730864304,0.26036552730864304,2.290867652767773,2.290867652767773
3,2.398832919019495e-12,416869383470.3346,0.9999999462477748,0.2737184602989581,0.26705857373138375,2.398832919019499,2.3442288153199056
3,2.5118864315095823e-12,398107170553.4969,0.9999999445720418,0.28693772880867063,0.2536395852184137,2.5118864315095886,2.2387211385683243
3,2.6302679918953816e-12,380189396320.5612,0.9999999428440692,0.3000213465014877,0.24009010224790261,2.63026799189539,2.1379620895022176
3,2.7542287033381634e-12,363078054770.10175,0.999999941062229,0.3129674296476399,0.2264123636530978,2.7542287033381743,2.041737944669516
3,2.8840315031266117e-12,346736850452.53094,0.9999999392248418,0.32577419778544936,0.21260870720672043,2.884031503126624,1.949844599758026
3,3.0199517204020193e-12,331131121482.59076,0.9999999373301759,0.3384399742129365,0.1986815681866544,3.0199517204020236,1.862087136662856
3,3.1622776601683794e-12,316227766016.83795,0.9999999353764462,0.3509631863111775,0.18463347777113837,3.1622776601683866,1.7782794100389123
3,3.3113112148259077e-12,301995172040.2019,0.9999999333618111,0.36334236570153,0.1704670612650696,3.311311214825918,1.6982436524617346
3,3.4673685045253096e-12,288403150312.66113,0.9999999312843725,0.3755761482393457,0.15618503615948964,3.4673685045253233,1.621810097358921
3,3.6307805477010174e-12,275422870333.81635,0.9999999291421725,0.38766327384716126,0.1417902100268863,3.6307805477010326,1.5488166189124675
3,3.8018939632056125e-12,263026799189.53815,0.9999999269331923,0.3996025861907737,0.12728547825546632,3.801893963205618,1.4791083881681997
3,3.9810717055349695e-12,251188643150.9582,0.9999999246553503,0.4113930322020044,0.11267382162602702,3.981071705534978,1.4125375446227473
3,4.168693834703346e-12,239883291901.9495,0.9999999223064999,0.4230336614522563,0.09795830373563508,4.168693834703359,1.348962882591647
3,4.365158322401665e-12,229086765276.777,0.9999999198844278,0.4345236253813678,0.08314206827272885,4.36515832240168,1.2882495516931234
3,4.5708818961487516e-12,218776162394.9552,0.9999999173868516,0.4458621763865108,0.0682283361488154,4.57088189614877,1.2302687708123716
3,4.78630092322638e-12,208929613085.40408,0.9999999148114175,0.45704866677620426,0.053220402492341945,4.786300923226387,1.1748975549395246
3,5.011872336272715e-12,199526231496.88828,0.9999999121556987,0.4680825475947359,0.03812163351081621,5.011872336272725,1.122018454301959
3,5.248074602497734e-12,190546071796.32443,0.9999999094171926,0.478963367322524,0.02293546322764517,5.248074602497746,1.0715193052375984
3,5.495408738576248e-12,181970085860.99826,0.9999999065933187,0.48969077045816045,0.00766539010056988,5.495408738576265,1.0232929922807468
3,5.754399373371567e-12,173780082874.93762,0.9999999036814159,0.500264495988038,0.007665390100574432,5.754399373371589,1.0232929922807612
3,6.0255958607435685e-12,165958690743.75632,0.9999999006787403,0.5106843757496038,0.022935463227648722,6.025595860743575,1.07151930523761
3,6.309573444801943e-12,158489319246.11108,0.9999998975824625,0.5209503326944273,0.038121633510819763,6.309573444801951,1.122018454301971
3,6.6069344800759645e-12,151356124843.62073,0.9999998943896647,0.531062379057329,0.0532204024923455,6.606934480075979,1.174897554939537
3,6.918309709189362e-12,144543977074.5928,0.9999998910973384,0.541020614437935,0.06822833614881996,6.9183097091893835,1.2302687708123892
3,7.244359600749891e-12,138038426460.28867,0.9999998877023814,0.5508252238010096,0.08314206827273363,7.2443596007499185,1.2882495516931418
3,7.585775750291852e-12,131825673855.64047,0.9999998842015944,0.5604764754019866,0.09795830373563974,7.585775750291882,1.3489628825916664
3,7.943282347242821e-12,125892541179.41663,0.9999998805916787,0.5699747186440869,0.11267382162603023,7.943282347242832,1.4125375446227624
3,8.317637711026709e-12,120226443461.74132,0.9999998768692328,0.5793203818734131,0.12728547825546954,8.317637711026725,1.4791083881682154
3,8.709635899560796e-12,114815362149.68842,0.9999998730307491,0.5885139701183246,0.14179021002689074,8.709635899560821,1.5488166189124895
3,9.120108393559116e-12,109647819614.31828,0.9999998690726106,0.5975560627793819,0.15618503615949397,9.120108393559143,1.621810097358944
3,9.549925860214368e-12,104712854805.08986,0.999999864991088,0.6064473112760205,0.17046706126507416,9.549925860214406,1.6982436524617588
3,1e-11,100000000000.0,0.9999998607823349,0.615188436656039,0.18463347777114147,10.00000000000001,1.7782794100389312
3,1.0471285480508984e-11,95499258602.14369,0.9999998564423862,0.6237802271738553,0.19868156818665772,10.471285480509005,1.862087136662876
3,1.0964781961431828e-11,91201083935.59116,0.9999998519671521,0.6322235358433439,0.21260870720672465,10.964781961431859,1.9498445997580538
3,1.148153621496884e-11,87096358995.60797,0.9999998473524161,0.6405192779709412,0.22641236365310213,11.481536214968875,2.041737944669545
3,1.202264434617413e-11,83176377110.26709,0.9999998425938299,0.6486684286745166,0.24009010224790694,12.022644346174175,2.137962089502248
3,1.2589254117941662e-11,79432823472.42822,0.9999998376869098,0.6566720203933574,0.2536395852184168,12.589254117941675,2.238721138568348
3,1.3182567385564101e-11,75857757502.9182,0.9999998326270324,0.6645311403944145,0.26705857373138786,13.182567385564118,2.344228815319939
3,1.3803842646028866e-11,72443596007.49892,0.9999998274094303,0.6722469282797675,0.26036552730864304,13.803842646028894,2.290867652767773
3,1.445439770745928e-11,69183097091.89363,0.9999998220291874,0.6798205735000855,0.2468810179478066,14.45439770745932,2.1877616239495534
3,1.5135612484362072e-11,66069344800.75964,0.9999998164812341,0.6872533128786202,0.23326712109566516,15.135612484362126,2.0892961308540405
3,1.5848931924611107e-11,63095734448.01943,0.9999998107603435,0.6945464281500824,0.2195261252237919,15.848931924611122,1.995262314968888
3,1.659586907437563e-11,60255958607.435684,0.9999998048611252,0.7017012435185291,0.20566041704746063,16.59586907437565,1.9054607179632488
3,1.7378008287493762e-11,57543993733.71567,0.999999798778021,0.7087191232381537,0.1916724800059355,17.378008287493795,1.8197008586099854
3,1.8197008586099825e-11,54954087385.76248,0.9999997925052998,0.7156014692206802,0.17756489257297814,18.197008586099873,1.7378008287493776
3,1.9054607179632443e-11,52480746024.97734,0.9999997860370513,0.7223497186728051,0.1633403263994505,19.05460717963251,1.659586907437563
3,1.9952623149688828e-11,50118723362.72715,0.9999997793671815,0.7289653417669302,0.1490015442903485,19.952623149688904,1.5848931924611105
3,2.089296130854041e-11,47863009232.2638,0.9999997724894064,0.7354498393481954,0.13455139801916638,20.89296130854043,1.5135612484362109
3,2.187761623949552e-11,45708818961.48752,0.9999997653972459,0.7418047406806114,0.11999282598297178,21.877616239495556,1.4454397707459303
3,2.29086765276777e-11,43651583224.016655,0.9999997580840184,0.7480316012348474,0.10532885070214049,22.90867652767776,1.3803842646028879
3,2.3988329190194948e-11,41686938347.03346,0.9999997505428336,0.754132000520048,0.09056257616912511,23.988329190195014,1.3182567385564057
3,2.5118864315095823e-11,39810717055.34969,0.999999742766587,0.7601075399618079,0.07569718505118794,25.118864315095912,1.258925411794166
3,2.6302679918953815e-11,38018939632.05613,0.9999997347479523,0.7659598408282495,0.06073593575245184,26.30267991895393,1.202264434617412
3,2.7542287033381634e-11,36307805477.01018,0.9999997264793751,0.771690542205926,0.04568215934111808,27.542287033381676,1.1481536214968862
3,2.8840315031266117e-11,34673685045.2531,0.9999997179530654,0.7773012990270898,0.030539256348103283,28.84031503126617,1.0964781961431846
3,3.019951720402019e-11,33113112148.25908,0.9999997091609908,0.7827937801496574,0.015310693443800205,30.19951720402027,1.0471285480508994
3,3.1622776601683794e-11,31622776601.683792,0.9999997000948683,0.7881696664910368,0.0,31.62277660168368,1.0
3,3.311311214825908e-11,30199517204.020187,0.9999996907461569,0.7827937801496565,0.015310693443800205,30.199517204020058,1.0471285480508994
3,3.4673685045253096e-11,28840315031.266117,0.9999996811060495,0.7773012990270894,0.030539256348102173,28.840315031266066,1.0964781961431807
3,3.6307805477010174e-11,27542287033.381634,0.9999996711654645,0.7716905422059256,0.04568215934111697,27.54228703338158,1.1481536214968822
3,3.801893963205613e-11,26302679918.95381,0.9999996609150374,0.7659598408282486,0.06073593575245184,26.302679918953743,1.202264434617412
3,3.9810717055349695e-11,25118864315.09582,0.9999996503451117,0.760107539961807,0.07569718505118794,25.11886431509573,1.258925411794166
3,4.168693834703364e-11,23988329190.194847,0.9999996394457304,0.7541320005200467,0.09056257616912633,23.988329190194758,1.3182567385564103
3,4.3651583224016655e-11,22908676527.6777,0.9999996282066258,0.7480316012348465,0.10532885070214049,22.908676527677596,1.3803842646028879
3,4.570881896148752e-11,21877616239.495518,0.9999996166172106,0.7418047406806108,0.11999282598297056,21.877616239495477,1.4454397707459252
3,4.78630092322638e-11,20892961308.54041,0.9999996046665675,0.7354498393481949,0.13455139801916527,20.892961308540354,1.5135612484362055
3,5.011872336272715e-11,19952623149.688828,0.9999995923434389,0.7289653417669291,0.1490015442903485,19.952623149688762,1.5848931924611105
3,5.248074602497734e-11,19054607179.632442,0.9999995796362167,0.7223497186728041,0.1633403263994505,19.054607179632374,1.659586907437563
3,5.495408738576248e-11,18197008586.099827,0.999999566532931,0.7156014692206791,0.17756489257297814,18.197008586099745,1.7378008287493776
3,5.7543993733715666e-11,17378008287.493763,0.9999995530212389,0.7087191232381531,0.1916724800059343,17.378008287493735,1.819700858609979
3,6.025595860743569e-11,16595869074.37563,0.9999995390884131,0.7017012435185286,0.2056604170474594,16.59586907437559,1.9054607179632421
3,6.309573444801942e-11,15848931924.61111,0.9999995247213295,0.6945464281500818,0.2195261252237909,15.848931924611065,1.995262314968881
3,6.606934480075964e-11,15135612484.362072,0.9999995099064551,0.6872533128786191,0.23326712109566516,15.135612484362019,2.0892961308540405
3,6.918309709189363e-11,14454397707.45928,0.9999994946298358,0.6798205735000844,0.2468810179478066,14.454397707459218,2.1877616239495534
3,7.244359600749891e-11,13803842646.028866,0.9999994788770821,0.672246928279767,0.26036552730864204,13.803842646028846,2.290867652767765
3,7.585775750291851e-11,13182567385.564047,0.9999994626333565,0.6645311403944133,0.26705857373138475,13.182567385564024,2.344228815319914
3,7.943282347242822e-11,12589254117.941662,0.9999994458833592,0.6566720203933567,0.2536395852184147,12.589254117941628,2.2387211385683323
3,8.317637711026709e-11,12022644346.17413,0.9999994286113137,0.6486684286745154,0.24009010224790384,12.02264434617409,2.1379620895022255
3,8.709635899560797e-11,11481536214.96884,0.999999410800952,0.6405192779709401,0.2264123636530989,11.481536214968793,2.0417379446695234
3,9.120108393559115e-11,10964781961.43183,0.9999993924354994,0.6322235358433426,0.21260870720672154,10.96478196143178,1.949844599758033
3,9.549925860214369e-11,10471285480.508986,0.9999993734976584,0.6237802271738547,0.1986815681866555,10.471285480508968,1.8620871366628626
3,1e-10,10000000000.0,0.9999993539695929,0.6151884366560383,0.18463347777113925,9.999999999999975,1.7782794100389185
3,1.0471285480508985e-10,9549925860.214369,0.999999333832911,0.6064473112760189,0.17046706126507083,9.549925860214337,1.6982436524617406
3,1.0964781961431829e-10,9120108393.559114,0.9999993130686475,0.5975560627793806,0.15618503615949075,9.120108393559079,1.6218100973589267
3,1.1481536214968841e-10,8709635899.560797,0.9999992916572472,0.5885139701183233,0.1417902100268874,8.709635899560759,1.548816618912473
3,1.2022644346174132e-10,8317637711.026708,0.999999269578545,0.5793203818734124,0.12728547825546732,8.317637711026697,1.479108388168205
3,1.2589254117941662e-10,7943282347.242822,0.9999992468117481,0.5699747186440862,0.11267382162602801,7.943282347242803,1.4125375446227524
3,1.31825673855641e-10,7585775750.291821,0.9999992233354156,0.5604764754019844,0.09795830373563508,7.585775750291801,1.348962882591647
3,1.3803842646028866e-10,7244359600.749891,0.999999199127439,0.5508252238010081,0.08314206827273019,7.244359600749867,1.288249551693128
3,1.445439770745928e-10,6918309709.189363,0.9999991741650208,0.5410206144379335,0.06822833614881652,6.918309709189334,1.230268770812376
3,1.5135612484362072e-10,6606934480.075964,0.9999991484246539,0.5310623790573282,0.053220402492343166,6.606934480075955,1.1748975549395289
3,1.584893192461111e-10,6309573444.801943,0.9999991218820984,0.5209503326944265,0.03812163351081721,6.309573444801929,1.122018454301963
3,1.6595869074375631e-10,6025595860.743568,0.9999990945123598,0.510684375749603,0.02293546322764617,6.025595860743554,1.0715193052376022
3,1.7378008287493763e-10,5754399373.371567,0.9999990662896647,0.5002644959880365,0.007665390100570879,5.754399373371548,1.0232929922807503
3,1.8197008586099825e-10,5495408738.576248,0.9999990371874373,0.4896907704581588,0.007665390100573433,5.495408738576226,1.0232929922807577
3,1.9054607179632522e-10,5248074602.497712,0.9999990071782736,0.4789633673225214,0.022935463227649833,5.24807460249769,1.0715193052376137
3,1.9952623149688828e-10,5011872336.272715,0.9999989762339163,0.4680825475947349,0.03812163351081854,5.011872336272707,1.122018454301967
3,2.0892961308540407e-10,4786300923.22638,0.9999989443252281,0.45704866677620337,0.053220402492344165,4.786300923226369,1.1748975549395329
3,2.1877616239495518e-10,4570881896.148752,0.9999989114221639,0.44586217638650905,0.06822833614881874,4.570881896148737,1.230268770812385
3,2.29086765276777e-10,4365158322.401666,0.999998877493743,0.4345236253813659,0.08314206827273252,4.365158322401649,1.2882495516931372
3,2.398832919019485e-10,4168693834.7033634,0.99999884250802,0.4230336614522553,0.09795830373563741,4.168693834703344,1.3489628825916566
3,2.511886431509582e-10,3981071705.5349693,0.999998806432054,0.4113930322020034,0.11267382162602924,3.981071705534964,1.4125375446227573
3,2.6302679918953814e-10,3801893963.2056127,0.9999987692318787,0.3996025861907728,0.12728547825546843,3.8018939632056044,1.4791083881682103
3,2.754228703338163e-10,3630780547.701018,0.9999987308724698,0.3876632738471594,0.14179021002688963,3.630780547701007,1.5488166189124841
3,2.8840315031266117e-10,3467368504.5253096,0.9999986913177124,0.37557614823934393,0.15618503615949297,3.4673685045252984,1.6218100973589382
3,3.0199517204020193e-10,3311311214.8259077,0.9999986505303665,0.3633423657015282,0.17046706126507305,3.3113112148258943,1.6982436524617528
3,3.1622776601683795e-10,3162277660.1683793,0.9999986084720328,0.35096318631117673,0.18463347777114048,3.1622776601683755,1.778279410038925
3,3.3113112148259076e-10,3019951720.402019,0.9999985651031159,0.3384399742129355,0.1986815681866566,3.019951720402013,1.8620871366628693
3,3.4673685045253093e-10,2884031503.1266117,0.9999985203827876,0.32577419778544736,0.21260870720672365,2.8840315031266037,1.949844599758047
3,3.6307805477010177e-10,2754228703.3381634,0.9999984742689482,0.3129674296476379,0.22641236365310113,2.7542287033381547,2.0417379446695376
3,3.801893963205613e-10,2630267991.8953815,0.9999984267181868,0.3000213465014857,0.24009010224790583,2.6302679918953715,2.1379620895022406
3,3.9810717055349694e-10,2511886431.509582,0.9999983776857412,0.2869377288086685,0.2536395852184168,2.5118864315095704,2.238721138568348
3,4.1686938347033633e-10,2398832919.019485,0.999998327125455,0.2737184602989561,0.26705857373138675,2.398832919019482,2.3442288153199304
3,4.3651583224016655e-10,2290867652.76777,0.9999982749897347,0.26036552730864204,0.26036552730864204,2.290867652767765,2.290867652767765
3,4.5708818961487517e-10,2187761623.949552,0.9999982212295049,0.24688101794780548,0.24688101794780548,2.1877616239495454,2.1877616239495454
3,4.78630092322638e-10,2089296130.854041,0.9999981657941621,0.23326712109566405,0.23326712109566405,2.089296130854033,2.089296130854033
3,5.011872336272714e-10,1995262314.968883,0.9999981086315273,0.21952612522378967,0.21952612522378967,1.995262314968874,1.995262314968874
3,5.248074602497733e-10,1905460717.9632447,0.9999980496877967,0.2056604170474594,0.2056604170474594,1.9054607179632421,1.9054607179632421
3,5.495408738576248e-10,1819700858.6099825,0.9999979889074917,0.1916724800059343,0.1916724800059343,1.819700858609979,1.819700858609979
3,5.754399373371567e-10,1737800828.7493763,0.9999979262334059,0.17756489257297703,0.17756489257297703,1.7378008287493716,1.7378008287493716
3,6.025595860743593e-10,1659586907.4375563,0.9999978616065522,0.1633403263994484,0.1633403263994484,1.6595869074375513,1.6595869074375513
3,6.309573444801942e-10,1584893192.461111,0.9999977949661073,0.1490015442903473,0.1490015442903473,1.5848931924611047,1.5848931924611047
3,6.606934480075964e-10,1513561248.4362073,0.9999977262493538,0.13455139801916527,0.13455139801916527,1.5135612484362055,1.5135612484362055
3,6.918309709189363e-10,1445439770.7459278,0.9999976553916221,0.11999282598297056,0.11999282598297056,1.4454397707459252,1.4454397707459252
3,7.244359600749891e-10,1380384264.6028867,0.9999975823262296,0.10532885070213927,0.10532885070213927,1.380384264602883,1.380384264602883
3,7.58577575029182e-10,1318256738.55641,0.9999975069844175,0.09056257616912511,0.09056257616912511,1.3182567385564057,1.3182567385564057
3,7.943282347242822e-10,1258925411.794166,0.9999974292952869,0.07569718505118694,0.07569718505118694,1.2589254117941615,1.2589254117941615
3,8.317637711026708e-10,1202264434.6174133,0.9999973491857317,0.06073593575245051,0.06073593575245051,1.2022644346174076,1.2022644346174076
3,8.709635899560796e-10,1148153621.496884,0.9999972665803704,0.04568215934111697,0.04568215934111697,1.1481536214968822,1.1481536214968822
3,9.120108393559115e-10,1096478196.1431828,0.9999971814014748,0.030539256348102173,0.030539256348102173,1.0964781961431807,1.0964781961431807
3,9.549925860214368e-10,1047128548.0508986,0.9999970935688977,0.015310693443799095,0.015310693443799095,1.0471285480508956,1.0471285480508956
3,1e-09,999999999.9999999,0.999997002999997,1.2212453270876722e-15,1.2212453270876722e-15,1.0000000000000036,1.0000000000000036
3,1.0471285480508984e-09,954992586.0214369,0.9999969096095587,0.015310693443801537,0.015310693443801537,1.0471285480509032,1.0471285480509032
3,1.0964781961431829e-09,912010839.3559115,0.9999968133097162,0.030539256348103283,0.030539256348103283,1.0964781961431846,1.0964781961431846
3,1.148153621496884e-09,870963589.9560797,0.9999967140098687,0.04568215934111808,0.04568215934111808,1.1481536214968862,1.1481536214968862
3,1.202264434617413e-09,831763771.1026709,0.9999966116165954,0.06073593575245306,0.06073593575245306,1.2022644346174163,1.2022644346174163
3,1.2589254117941663e-09,794328234.7242821,0.9999965060335683,0.07569718505118928,0.07569718505118928,1.2589254117941704,1.2589254117941704
3,1.31825673855641e-09,758577575.0291821,0.9999963971614616,0.09056257616912722,0.09056257616912722,1.318256738556415,1.318256738556415
3,1.3803842646028865e-09,724435960.0749892,0.9999962848978586,0.1053288507021416,0.1053288507021416,1.3803842646028928,1.3803842646028928
3,1.445439770745928e-09,691830970.9189363,0.9999961691371554,0.11999282598297178,0.11999282598297178,1.4454397707459303,1.4454397707459303
3,1.513561248436207e-09,660693448.0075965,0.9999960497704621,0.13455139801916638,0.13455139801916638,1.5135612484362109,1.5135612484362109
3,1.584893192461111e-09,630957344.4801942,0.9999959266855005,0.1490015442903495,0.1490015442903495,1.584893192461116,1.584893192461116
3,1.6595869074375631e-09,602559586.0743568,0.9999957997664987,0.16334032639945162,0.16334032639945162,1.6595869074375689,1.6595869074375689
3,1.7378008287493762e-09,575439937.3371567,0.9999956688940828,0.17756489257297914,0.17756489257297914,1.7378008287493838,1.7378008287493838
3,1.8197008586099825e-09,549540873.8576249,0.9999955339451643,0.1916724800059355,0.1916724800059355,1.8197008586099854,1.8197008586099854
3,1.9054607179632523e-09,524807460.2497712,0.9999953947928256,0.20566041704746174,0.20566041704746174,1.9054607179632557,1.9054607179632557
3,1.9952623149688828e-09,501187233.6272715,0.9999952513062,0.2195261252237919,0.2195261252237919,1.995262314968888,1.995262314968888
3,2.089296130854041e-09,478630092.322638,0.99999510335035,0.23326712109566627,0.23326712109566627,2.089296130854048,2.089296130854048
3,2.1877616239495518e-09,457088189.6148752,0.9999949507861395,0.2468810179478076,0.2468810179478076,2.187761623949561,2.187761623949561
3,2.29086765276777e-09,436515832.24016654,0.9999947934701048,0.26036552730864304,0.26036552730864304,2.290867652767773,2.290867652767773
3,2.3988329190194848e-09,416869383.4703364,0.9999946312543188,0.2737184602989572,0.26705857373138675,2.3988329190194904,2.3442288153199304
3,2.511886431509582e-09,398107170.55349696,0.9999944639862531,0.28693772880867063,0.2536395852184157,2.5118864315095886,2.23872113856834
3,2.6302679918953816e-09,380189396.32056123,0.9999942915086351,0.3000213465014877,0.24009010224790484,2.63026799189539,2.137962089502233
3,2.7542287033381634e-09,363078054.7701017,0.9999941136592999,0.3129674296476399,0.22641236365310002,2.7542287033381743,2.0417379446695305
3,2.8840315031266117e-09,346736850.4525309,0.9999939302710391,0.32577419778544936,0.21260870720672254,2.884031503126624,1.94984459975804
3,3.019951720402019e-09,331131121.4825908,0.9999937411714437,0.3384399742129365,0.1986815681866566,3.0199517204020236,1.8620871366628693
3,3.1622776601683795e-09,316227766.0168379,0.9999935461827425,0.3509631863111775,0.18463347777114048,3.1622776601683866,1.778279410038925
3,3.3113112148259078e-09,301995172.0402019,0.9999933451216357,0.36334236570153,0.17046706126507183,3.311311214825918,1.6982436524617466
3,3.4673685045253096e-09,288403150.3126612,0.9999931377991235,0.3755761482393457,0.15618503615949186,3.4673685045253233,1.6218100973589324
3,3.6307805477010177e-09,275422870.33381635,0.999992924020328,0.38766327384716126,0.14179021002688852,3.6307805477010326,1.5488166189124786
3,3.8018939632056126e-09,263026799.18953815,0.9999927035843122,0.3996025861907737,0.12728547825546843,3.801893963205618,1.4791083881682103
3,3.981071705534969e-09,251188643.15095824,0.9999924762838907,0.4113930322020044,0.11267382162602924,3.981071705534978,1.4125375446227573
3,4.168693834703363e-09,239883291.9019485,0.9999922419054356,0.42303366145225707,0.0979583037356363,4.168693834703374,1.348962882591652
3,4.365158322401665e-09,229086765.276777,0.9999920002286774,0.4345236253813678,0.0831420682727314,4.36515832240168,1.2882495516931327
3,4.570881896148752e-09,218776162.3949552,0.999991751026498,0.4458621763865108,0.06822833614881774,4.57088189614877,1.2302687708123805
3,4.78630092322638e-09,208929613.0854041,0.9999914940647183,0.45704866677620426,0.053220402492344165,4.786300923226387,1.1748975549395329
3,5.011872336272715e-09,199526231.49688828,0.9999912291018792,0.4680825475947359,0.03812163351081854,5.011872336272725,1.122018454301967
3,5.248074602497734e-09,190546071.79632443,0.9999909558890151,0.478963367322524,0.022935463227647612,5.248074602497746,1.0715193052376062
3,5.495408738576248e-09,181970085.86099827,0.9999906741694217,0.48969077045816045,0.007665390100572211,5.495408738576265,1.023292992280754
3,5.754399373371566e-09,173780082.87493765,0.9999903836784146,0.500264495988038,0.007665390100572211,5.754399373371589,1.023292992280754
3,6.025595860743593e-09,165958690.74375564,0.9999900841430833,0.5106843757496053,0.022935463227648722,6.025595860743619,1.07151930523761
3,6.309573444801943e-09,158489319.2461111,0.9999897752820344,0.5209503326944273,0.03812163351081721,6.309573444801951,1.122018454301963
3,6.606934480075964e-09,151356124.84362072,0.9999894568051287,0.531062379057329,0.053220402492343166,6.606934480075979,1.1748975549395289
3,6.918309709189363e-09,144543977.0745928,0.9999891284132109,0.541020614437935,0.06822833614881774,6.9183097091893835,1.2302687708123805
3,7.244359600749891e-09,138038426.46028867,0.9999887897978281,0.5508252238010096,0.0831420682727314,7.2443596007499185,1.2882495516931327
3,7.58577575029182e-09,131825673.855641,0.999988440640943,0.5604764754019859,0.0979583037356363,7.585775750291854,1.348962882591652
3,7.943282347242822e-09,125892541.17941661,0.9999880806146357,0.5699747186440869,0.11267382162602801,7.943282347242832,1.4125375446227524
3,8.317637711026709e-09,120226443.46174131,0.9999877093807971,0.5793203818734131,0.12728547825546732,8.317637711026725,1.479108388168205
3,8.709635899560797e-09,114815362.14968841,0.999987326590813,0.5885139701183246,0.14179021002688852,8.709635899560821,1.5488166189124786
3,9.120108393559115e-09,109647819.6143183,0.9999869318852388,0.5975560627793819,0.15618503615949186,9.120108393559143,1.6218100973589324
3,9.549925860214368e-09,104712854.80508986,0.9999865248934627,0.6064473112760205,0.17046706126507183,9.549925860214406,1.6982436524617466
3,1e-08,100000000.0,0.9999861052333602,0.615188436656039,0.18463347777113925,10.00000000000001,1.7782794100389185
3,1.0471285480509006e-08,95499258.6021435,0.9999856725109367,0.623780227173856,0.1986815681866566,10.471285480509042,1.8620871366628693
3,1.0964781961431851e-08,91201083.93559097,0.9999852263199597,0.6322235358433446,0.21260870720672365,10.964781961431896,1.949844599758047
3,1.148153621496884e-08,87096358.99560797,0.9999847662415792,0.6405192779709412,0.22641236365310002,11.481536214968875,2.0417379446695305
3,1.202264434617413e-08,83176377.11026709,0.9999842918439367,0.6486684286745166,0.24009010224790484,12.022644346174175,2.137962089502233
3,1.2589254117941661e-08,79432823.47242822,0.999983802681762,0.6566720203933579,0.2536395852184157,12.589254117941719,2.23872113856834
3,1.3182567385564074e-08,75857757.50291836,0.9999832982959577,0.6645311403944145,0.26705857373138586,13.182567385564118,2.344228815319922
3,1.3803842646028838e-08,72443596.00749907,0.99998277821317,0.6722469282797675,0.26036552730864204,13.803842646028894,2.290867652767765
3,1.4454397707459279e-08,69183097.09189363,0.9999822419453481,0.6798205735000855,0.24688101794780548,14.45439770745932,2.1877616239495454
3,1.5135612484362072e-08,66069344.80075964,0.9999816889892877,0.6872533128786202,0.23326712109566405,15.135612484362126,2.089296130854033
3,1.584893192461114e-08,63095734.4480193,0.9999811188261621,0.6945464281500829,0.21952612522378967,15.848931924611179,1.995262314968874
3,1.6595869074375597e-08,60255958.60743581,0.9999805309210381,0.7017012435185291,0.2056604170474594,16.59586907437565,1.9054607179632421
3,1.7378008287493763e-08,57543993.73371567,0.9999799247223773,0.7087191232381537,0.1916724800059343,17.378008287493795,1.819700858609979
3,1.8197008586099826e-08,54954087.38576248,0.9999792996615215,0.7156014692206802,0.17756489257297703,18.197008586099873,1.7378008287493716
3,1.9054607179632482e-08,52480746.02497723,0.9999786551521627,0.7223497186728051,0.1633403263994495,19.05460717963251,1.659586907437557
3,1.9952623149688786e-08,50118723.362727255,0.9999779905897965,0.7289653417669297,0.1490015442903485,19.952623149688833,1.5848931924611105
3,2.0892961308540408e-08,47863009.2322638,0.9999773053511589,0.7354498393481959,0.13455139801916416,20.892961308540503,1.5135612484362002
3,2.1877616239495518e-08,45708818.96148752,0.9999765987936452,0.7418047406806114,0.11999282598297056,21.877616239495556,1.4454397707459252
3,2.2908676527677746e-08,43651583.22401657,0.9999758702547115,0.7480316012348478,0.10532885070213838,22.90867652767784,1.380384264602878
3,2.3988329190194897e-08,41686938.34703355,0.9999751190512577,0.7541320005200476,0.09056257616912511,23.98832919019493,1.3182567385564057
3,2.511886431509582e-08,39810717.05534969,0.9999743444789908,0.7601075399618079,0.07569718505118694,25.118864315095912,1.2589254117941615
3,2.6302679918953814e-08,38018939.632056125,0.9999735458117698,0.7659598408282495,0.06073593575245051,26.30267991895393,1.2022644346174076
3,2.754228703338169e-08,36307805.4770101,0.9999727223009292,0.7716905422059265,0.045682159341115636,27.542287033381776,1.148153621496878
3,2.8840315031266057e-08,34673685.045253165,0.9999718731745821,0.7773012990270898,0.030539256348102173,28.84031503126617,1.0964781961431807
3,3.0199517204020194e-08,33113112.148259073,0.9999709976369026,0.7827937801496574,0.015310693443799095,30.19951720402027,1.0471285480508956
3,3.162277660168379e-08,31622776.601683795,0.9999700948673841,0.788169666491037,1.2212453270876722e-15,31.622776601683732,1.0000000000000036
3,3.3113112148259144e-08,30199517.20402013,0.9999691640200776,0.7827937801496567,0.015310693443801537,30.19951720402011,1.0471285480509032
3,3.4673685045253164e-08,28840315.03126606,0.9999682042228035,0.7773012990270892,0.030539256348104393,28.840315031266016,1.0964781961431884
3,3.6307805477010175e-08,27542287.033381633,0.9999672145763417,0.7716905422059258,0.04568215934111808,27.542287033381626,1.1481536214968862
3,3.8018939632056126e-08,26302679.918953814,0.9999661941535951,0.7659598408282489,0.06073593575245306,26.30267991895379,1.2022644346174163
3,3.9810717055349776e-08,25118864.315095767,0.9999651419987281,0.7601075399618072,0.07569718505118928,25.118864315095777,1.2589254117941704
3,4.168693834703355e-08,23988329.1901949,0.9999640571262781,0.7541320005200474,0.09056257616912633,23.988329190194886,1.3182567385564103
3,4.3651583224016566e-08,22908676.52767775,0.999962938520241,0.7480316012348471,0.10532885070214049,22.908676527677716,1.3803842646028879
3,4.570881896148752e-08,21877616.23949552,0.9999617851331263,0.7418047406806111,0.11999282598297178,21.877616239495516,1.4454397707459303
3,4.78630092322638e-08,20892961.308540408,0.999960595884985,0.7354498393481952,0.13455139801916638,20.892961308540393,1.5135612484362109
3,5.011872336272725e-08,19952623.149688788,0.9999593696624074,0.7289653417669294,0.1490015442903495,19.952623149688797,1.584893192461116
3,5.248074602497723e-08,19054607.17963248,0.999958105317489,0.7223497186728047,0.1633403263994505,19.054607179632477,1.659586907437563
3,5.495408738576248e-08,18197008.586099826,0.9999568016667658,0.7156014692206794,0.17756489257297914,18.197008586099777,1.7378008287493838
3,5.7543993733715665e-08,17378008.28749376,0.9999554574901165,0.7087191232381533,0.1916724800059355,17.378008287493763,1.8197008586099854
3,6.025595860743581e-08,16595869.074375598,0.9999540715296303,0.7017012435185284,0.20566041704746174,16.59586907437556,1.9054607179632557
3,6.30957344480193e-08,15848931.924611142,0.9999526424884414,0.6945464281500822,0.2195261252237919,15.848931924611094,1.995262314968888
3,6.606934480075964e-08,15135612.484362073,0.9999511690295265,0.6872533128786193,0.23326712109566627,15.135612484362046,2.089296130854048
3,6.918309709189362e-08,14454397.70745928,0.9999496497744653,0.6798205735000846,0.2468810179478076,14.454397707459243,2.187761623949561
3,7.244359600749906e-08,13803842.646028837,0.9999480833021646,0.6722469282797665,0.2603655273086444,13.803842646028821,2.2908676527677816
3,7.585775750291836e-08,13182567.385564074,0.9999464681475404,0.6645311403944136,0.26705857373138475,13.182567385564047,2.344228815319914
3,7.943282347242822e-08,12589254.11794166,0.9999448028001633,0.6566720203933569,0.2536395852184147,12.589254117941652,2.2387211385683323
3,8.317637711026709e-08,12022644.34617413,0.9999430857028585,0.6486684286745157,0.24009010224790384,12.022644346174111,2.1379620895022255
3,8.709635899560814e-08,11481536.214968817,0.999941315250266,0.6405192779709403,0.2264123636530989,11.481536214968813,2.0417379446695234
3,9.120108393559096e-08,10964781.961431852,0.9999394897873546,0.6322235358433436,0.21260870720672254,10.96478196143184,1.94984459975804
3,9.549925860214369e-08,10471285.480508985,0.9999376076078917,0.6237802271738551,0.1986815681866555,10.471285480508985,1.8620871366628626
3,1e-07,10000000.0,0.9999356669528657,0.6151884366560385,0.18463347777113925,9.999999999999993,1.7782794100389185
3,1.0471285480509007e-07,9549925.860214349,0.9999336660088597,0.6064473112760186,0.1704670612650696,9.549925860214321,1.6982436524617346
3,1.0964781961431852e-07,9120108.393559096,0.9999316029063762,0.597556062779381,0.15618503615949075,9.120108393559095,1.6218100973589267
3,1.148153621496884e-07,8709635.899560796,0.9999294757181102,0.5885139701183237,0.14179021002688807,8.70963589956079,1.5488166189124757
3,1.2022644346174132e-07,8317637.711026708,0.999927282457169,0.5793203818734124,0.12728547825546688,8.317637711026697,1.4791083881682023
3,1.2589254117941688e-07,7943282.347242805,0.999925021075239,0.5699747186440858,0.11267382162602702,7.943282347242789,1.4125375446227473
3,1.3182567385564074e-07,7585775.7502918355,0.9999226894606941,0.5604764754019851,0.09795830373563563,7.585775750291828,1.3489628825916495
3,1.380384264602884e-07,7244359.600749905,0.9999202854366489,0.5508252238010088,0.08314206827273063,7.244359600749893,1.2882495516931303
3,1.445439770745928e-07,6918309.709189363,0.9999178067589506,0.5410206144379341,0.06822833614881718,6.918309709189359,1.2302687708123783
3,1.5135612484362072e-07,6606934.480075964,0.9999152511141098,0.5310623790573282,0.05322040249234261,6.606934480075955,1.1748975549395266
3,1.584893192461114e-07,6309573.44480193,0.9999126161171695,0.520950332694426,0.03812163351081621,6.309573444801918,1.122018454301959
3,1.6595869074375596e-07,6025595.860743581,0.9999098993095071,0.5106843757496038,0.022935463227646835,6.025595860743575,1.0715193052376042
3,1.7378008287493762e-07,5754399.373371567,0.9999070981565708,0.5002644959880367,0.007665390100570879,5.754399373371558,1.0232929922807503
3,1.8197008586099824e-07,5495408.738576248,0.9999042100455457,0.48969077045815956,0.0076653901005726555,5.495408738576246,1.0232929922807559
3,1.9054607179632483e-07,5248074.602497723,0.9999012322829508,0.47896336732252276,0.022935463227648722,5.248074602497718,1.07151930523761
3,1.9952623149688787e-07,5011872.336272725,0.9998981620921602,0.46808254759473533,0.03812163351081854,5.011872336272716,1.122018454301967
3,2.0892961308540409e-07,4786300.923226381,0.9998949966108504,0.4570486667762038,0.053220402492344165,4.786300923226378,1.1748975549395329
3,2.187761623949552e-07,4570881.8961487515,0.9998917328883699,0.4458621763865095,0.06822833614881874,4.570881896148745,1.230268770812385
3,2.2908676527677748e-07,4365158.322401657,0.9998883678830277,0.4345236253813659,0.08314206827273307,4.365158322401649,1.2882495516931394
3,2.39883291901949e-07,4168693.834703355,0.9998848984593002,0.42303366145225585,0.09795830373563741,4.168693834703352,1.3489628825916566
3,2.5118864315095823e-07,3981071.705534969,0.9998813213849527,0.4113930322020034,0.11267382162602979,3.981071705534964,1.4125375446227597
3,2.6302679918953816e-07,3801893.9632056123,0.9998776333280737,0.3996025861907728,0.1272854782554691,3.8018939632056044,1.479108388168213
3,2.754228703338169e-07,3630780.54770101,0.9998738308540185,0.3876632738471594,0.1417902100268903,3.630780547701007,1.5488166189124868
3,2.8840315031266057e-07,3467368.504525317,0.9998699104222607,0.3755761482393448,0.15618503615949242,3.467368504525311,1.6218100973589353
3,3.019951720402019e-07,3311311.2148259077,0.9998658683831472,0.3633423657015291,0.17046706126507238,3.3113112148259063,1.6982436524617497
3,3.162277660168379e-07,3162277.6601683795,0.9998617009745556,0.35096318631117673,0.18463347777114103,3.1622776601683755,1.778279410038928
3,3.3113112148259143e-07,3019951.720402013,0.9998574043184498,0.33843997421293515,0.19868156818665772,3.0199517204020077,1.862087136662876
3,3.467368504525317e-07,2884031.5031266054,0.9998529744173303,0.32577419778544736,0.2126087072067242,2.8840315031266037,1.9498445997580502
3,3.6307805477010174e-07,2754228.7033381634,0.9998484071505788,0.31296742964763835,0.22641236365310113,2.7542287033381596,2.0417379446695376
3,3.8018939632056126e-07,2630267.9918953814,0.9998436982706898,0.30002134650148626,0.24009010224790583,2.630267991895376,2.1379620895022406
3,3.981071705534977e-07,2511886.431509577,0.9998388433993901,0.28693772880866897,0.2536395852184168,2.511886431509575,2.238721138568348
3,4.168693834703355e-07,2398832.91901949,0.9998338380236395,0.27371846029895663,0.26705857373138675,2.398832919019486,2.3442288153199304
3,4.365158322401656e-07,2290867.6527677746,0.9998286774915106,0.26036552730864304,0.26036552730864304,2.290867652767773,2.290867652767773
3,4.5708818961487516e-07,2187761.623949552,0.9998233570079448,0.24688101794780615,0.24688101794780615,2.1877616239495494,2.1877616239495494
3,4.78630092322638e-07,2089296.130854041,0.9998178716303793,0.23326712109566472,0.23326712109566472,2.089296130854037,2.089296130854037
3,5.011872336272725e-07,1995262.3149688789,0.999812216264242,0.21952612522379034,0.21952612522379034,1.9952623149688775,1.9952623149688775
3,5.248074602497723e-07,1905460.7179632483,0.9998063856583108,0.2056604170474602,0.2056604170474602,1.9054607179632455,1.9054607179632455
3,5.495408738576248e-07,1819700.8586099825,0.9998003743999325,0.1916724800059343,0.1916724800059343,1.819700858609979,1.819700858609979
3,5.754399373371567e-07,1737800.8287493763,0.9997941769100975,0.17756489257297747,0.17756489257297747,1.7378008287493745,1.7378008287493745
3,6.025595860743581e-07,1659586.9074375597,0.9997877874383662,0.1633403263994495,0.1633403263994495,1.659586907437557,1.659586907437557
3,6.30957344480193e-07,1584893.1924611141,0.9997812000576421,0.14900154429034917,0.14900154429034917,1.5848931924611134,1.5848931924611134
3,6.606934480075964e-07,1513561.2484362072,0.9997744086587885,0.13455139801916527,0.13455139801916527,1.5135612484362055,1.5135612484362055
3,6.918309709189363e-07,1445439.770745928,0.9997674069450819,0.11999282598297056,0.11999282598297056,1.4454397707459252,1.4454397707459252
3,7.244359600749906e-07,1380384.264602884,0.9997601884264992,0.10532885070213927,0.10532885070213927,1.380384264602883,1.380384264602883
3,7.585775750291836e-07,1318256.7385564074,0.9997527464138333,0.09056257616912511,0.09056257616912511,1.3182567385564057,1.3182567385564057
3,7.943282347242821e-07,1258925.4117941663,0.999745074012632,0.07569718505118761,0.07569718505118761,1.2589254117941637,1.2589254117941637
3,8.317637711026709e-07,1202264.4346174132,0.9997371641169543,0.06073593575245184,0.06073593575245184,1.202264434617412,1.202264434617412
3,8.709635899560814e-07,1148153.6214968818,0.9997290094029402,0.0456821593411163,0.0456821593411163,1.1481536214968802,1.1481536214968802
3,9.120108393559096e-07,1096478.1961431853,0.9997206023221864,0.030539256348103283,0.030539256348103283,1.0964781961431846,1.0964781961431846
3,9.549925860214369e-07,1047128.5480508985,0.9997119350949257,0.015310693443799428,0.015310693443799428,1.0471285480508974,1.0471285480508974
3,1e-06,1000000.0,0.9997029997029997,5.551115123125783e-16,5.551115123125783e-16,1.0000000000000018,1.0000000000000018
3,1.0471285480509007e-06,954992.586021435,0.9996937878826228,0.01531069344380076,0.01531069344380076,1.0471285480509012,1.0471285480509012
3,1.096478196143185e-06,912010.8393559096,0.9996842911169294,0.030539256348103838,0.030539256348103838,1.0964781961431866,1.0964781961431866
3,1.148153621496884e-06,870963.5899560797,0.9996745006282982,0.04568215934111808,0.04568215934111808,1.1481536214968862,1.1481536214968862
3,1.2022644346174132e-06,831763.7711026708,0.9996644073704479,0.0607359357524524,0.0607359357524524,1.202264434617414,1.202264434617414
3,1.2589254117941687e-06,794328.2347242805,0.9996540020202958,0.07569718505118928,0.07569718505118928,1.2589254117941704,1.2589254117941704
3,1.3182567385564074e-06,758577.5750291836,0.9996432749695753,0.09056257616912633,0.09056257616912633,1.3182567385564103,1.3182567385564103
3,1.3803842646028865e-06,724435.9600749891,0.9996322163162024,0.10532885070214049,0.10532885070214049,1.3803842646028879,1.3803842646028879
3,1.445439770745928e-06,691830.9709189363,0.9996208158553855,0.11999282598297178,0.11999282598297178,1.4454397707459303,1.4454397707459303
3,1.5135612484362072e-06,660693.4480075964,0.9996090630704714,0.13455139801916582,0.13455139801916582,1.5135612484362082,1.5135612484362082
3,1.584893192461114e-06,630957.344480193,0.9995969471235181,0.1490015442903495,0.1490015442903495,1.584893192461116,1.584893192461116
3,1.6595869074375596e-06,602559.5860743581,0.9995844568455883,0.1633403263994505,0.1633403263994505,1.659586907437563,1.659586907437563
3,1.7378008287493763e-06,575439.9373371566,0.9995715807267551,0.17756489257297814,0.17756489257297814,1.7378008287493776,1.7378008287493776
3,1.8197008586099826e-06,549540.8738576248,0.9995583069058107,0.1916724800059355,0.1916724800059355,1.8197008586099854,1.8197008586099854
3,1.9054607179632483e-06,524807.4602497723,0.9995446231596706,0.20566041704746119,0.20566041704746119,1.9054607179632523,1.9054607179632523
3,1.9952623149688787e-06,501187.23362727254,0.9995305168924646,0.2195261252237909,0.2195261252237909,1.995262314968881,1.995262314968881
3,2.0892961308540407e-06,478630.0923226381,0.9995159751243043,0.2332671210956656,0.2332671210956656,2.089296130854044,2.089296130854044
3,2.1877616239495517e-06,457088.1896148752,0.9995009844797196,0.2468810179478066,0.2468810179478066,2.1877616239495534,2.1877616239495534
3,2.2908676527677747e-06,436515.8322401656,0.9994855311757534,0.2603655273086437,0.2603655273086437,2.2908676527677776,2.2908676527677776
3,2.3988329190194897e-06,416869.3834703355,0.9994696010097059,0.27371846029895763,0.26705857373138586,2.3988329190194944,2.344228815319922
3,2.5118864315095823e-06,398107.1705534969,0.9994531793465165,0.2869377288086701,0.2536395852184157,2.5118864315095837,2.23872113856834
3,2.6302679918953812e-06,380189.3963205613,0.999436251105776,0.30002134650148715,0.24009010224790484,2.6302679918953853,2.137962089502233
3,2.754228703338169e-06,363078.05477010104,0.9994188007483563,0.3129674296476399,0.22641236365309947,2.7542287033381743,2.041737944669527
3,2.884031503126606e-06,346736.85045253165,0.9994008122626468,0.3257741977854479,0.21260870720672365,2.8840315031266086,1.949844599758047
3,3.0199517204020193e-06,331131.12148259074,0.9993822691503876,0.3384399742129365,0.19868156818665617,3.0199517204020236,1.862087136662866
3,3.162277660168379e-06,316227.76601683797,0.9993631544120883,0.3509631863111772,0.18463347777114048,3.1622776601683813,1.778279410038925
3,3.3113112148259145e-06,301995.1720402013,0.9993434505320181,0.36334236570153,0.17046706126507138,3.311311214825918,1.6982436524617437
3,3.467368504525317e-06,288403.15031266055,0.9993231394627583,0.3755761482393457,0.15618503615949142,3.4673685045253233,1.6218100973589296
3,3.6307805477010175e-06,275422.87033381633,0.9993022026093036,0.3876632738471604,0.14179021002688919,3.6307805477010198,1.5488166189124812
3,3.801893963205613e-06,263026.7991895381,0.9992806208126986,0.3996025861907737,0.127285478255468,3.801893963205618,1.4791083881682077
3,3.981071705534978e-06,251188.64315095768,0.9992583743331988,0.41139303220200485,0.11267382162602801,3.981071705534985,1.4125375446227524
3,4.168693834703355e-06,239883.291901949,0.99923544283294,0.4230336614522563,0.09795830373563685,4.168693834703359,1.3489628825916544
3,4.365158322401665e-06,229086.76527677703,0.999211805358105,0.43452362538136724,0.0831420682727314,4.365158322401672,1.2882495516931327
3,4.570881896148752e-06,218776.16239495517,0.9991874403205727,0.44586217638650993,0.06822833614881829,4.570881896148754,1.2302687708123827
3,4.78630092322638e-06,208929.6130854041,0.999162325479033,0.45704866677620426,0.05322040249234383,4.786300923226387,1.1748975549395309
3,5.011872336272725e-06,199526.23149688786,0.9991364379195583,0.46808254759473633,0.03812163351081721,5.0118723362727335,1.122018454301963
3,5.248074602497723e-06,190546.07179632483,0.9991097540356096,0.4789633673225231,0.022935463227647834,5.248074602497727,1.071519305237608
3,5.4954087385762485e-06,181970.08586099825,0.9990822495074676,0.48969077045816,0.007665390100572211,5.495408738576256,1.023292992280754
3,5.754399373371567e-06,173780.08287493762,0.9990538992810692,0.5002644959880376,0.007665390100572211,5.754399373371578,1.023292992280754
3,6.025595860743581e-06,165958.690743756,0.9990246775462355,0.5106843757496042,0.022935463227647612,6.025595860743586,1.0715193052376062
3,6.30957344480193e-06,158489.3192461114,0.9989945577142724,0.5209503326944269,0.03812163351081721,6.3095734448019405,1.122018454301963
3,6.606934480075964e-06,151356.12484362072,0.9989635123949292,0.531062379057329,0.05322040249234383,6.606934480075979,1.1748975549395309
3,6.9183097091893625e-06,144543.9770745928,0.9989315133726958,0.5410206144379346,0.06822833614881774,6.918309709189371,1.2302687708123805
3,7.244359600749906e-06,138038.42646028838,0.9988985315824218,0.5508252238010096,0.08314206827273185,7.2443596007499185,1.288249551693135
3,7.585775750291836e-06,131825.67385564075,0.9988645370842377,0.5604764754019855,0.0979583037356363,7.585775750291841,1.348962882591652
3,7.943282347242822e-06,125892.54117941661,0.9988294990377616,0.5699747186440869,0.11267382162602857,7.943282347242832,1.4125375446227548
3,8.31763771102671e-06,120226.4434617413,0.9987933856755703,0.5793203818734131,0.127285478255468,8.317637711026725,1.4791083881682077
3,8.709635899560814e-06,114815.36214968817,0.998756164275916,0.5885139701183246,0.14179021002688919,8.709635899560821,1.5488166189124812
3,9.120108393559096e-06,109647.81961431852,0.9987178011346676,0.5975560627793813,0.15618503615949142,9.12010839355911,1.6218100973589296
3,9.549925860214369e-06,104712.85480508985,0.9986782615364579,0.60644731127602,0.17046706126507183,9.549925860214389,1.6982436524617466
3,9.999999999999999e-06,100000.00000000001,0.9986375097250134,0.615188436656039,0.18463347777113992,10.00000000000001,1.7782794100389216
3,1.0471285480509006e-05,95499.2586021435,0.998595508872646,0.6237802271738557,0.1986815681866566,10.471285480509023,1.8620871366628693
3,1.096478196143185e-05,91201.08393559097,0.9985522210488853,0.6322235358433439,0.2126087072067231,10.964781961431859,1.9498445997580434
3,1.1481536214968841e-05,87096.35899560797,0.9985076071882274,0.640519277970941,0.22641236365310002,11.481536214968854,2.0417379446695305
3,1.202264434617413e-05,83176.37711026709,0.9984616270569784,0.6486684286745164,0.24009010224790484,12.022644346174154,2.137962089502233
3,1.2589254117941688e-05,79432.82347242805,0.9984142392191689,0.6566720203933576,0.2536395852184157,12.589254117941696,2.23872113856834
3,1.3182567385564074e-05,75857.75750291836,0.9983654010015143,0.6645311403944142,0.26705857373138586,13.182567385564093,2.344228815319922
3,1.3803842646028866e-05,72443.59600749891,0.9983150684573967,0.6722469282797675,0.26036552730864204,13.803842646028894,2.290867652767765
3,1.445439770745928e-05,69183.09709189362,0.9982631963298454,0.6798205735000853,0.24688101794780615,14.454397707459295,2.1877616239495494
3,1.5135612484362071e-05,66069.34480075965,0.9982097380134859,0.6872533128786199,0.23326712109566472,15.135612484362099,2.089296130854037
3,1.584893192461114e-05,63095.7344480193,0.9981546455154356,0.6945464281500827,0.21952612522379034,15.84893192461115,1.9952623149688775
3,1.6595869074375598e-05,60255.9586074358,0.9980978694151164,0.7017012435185289,0.2056604170474602,16.59586907437562,1.9054607179632455
3,1.7378008287493764e-05,57543.993733715666,0.9980393588229576,0.7087191232381537,0.1916724800059343,17.378008287493795,1.819700858609979
3,1.8197008586099824e-05,54954.08738576249,0.9979790613379633,0.71560146922068,0.17756489257297747,18.19700858609984,1.7378008287493745
3,1.9054607179632484e-05,52480.74602497723,0.9979169230041113,0.7223497186728051,0.1633403263994495,19.05460717963251,1.659586907437557
3,1.9952623149688786e-05,50118.72336272725,0.9978528882655588,0.7289653417669294,0.14900154429034917,19.952623149688797,1.5848931924611134
3,2.089296130854041e-05,47863.0092322638,0.9977868999206237,0.7354498393481954,0.13455139801916527,20.89296130854043,1.5135612484362055
3,2.187761623949552e-05,45708.818961487515,0.9977188990745098,0.7418047406806114,0.11999282598297056,21.877616239495556,1.4454397707459252
3,2.2908676527677746e-05,43651.58322401657,0.9976488250907477,0.7480316012348474,0.10532885070213927,22.90867652767776,1.380384264602883
3,2.3988329190194897e-05,41686.93834703355,0.9975766155413184,0.7541320005200476,0.09056257616912511,23.98832919019493,1.3182567385564057
3,2.5118864315095822e-05,39810.71705534969,0.997502206155428,0.7601075399618077,0.07569718505118761,25.118864315095866,1.2589254117941637
3,2.6302679918953814e-05,38018.93963205613,0.9974255307669009,0.7659598408282491,0.06073593575245184,26.302679918953835,1.202264434617412
3,2.754228703338169e-05,36307.8054770101,0.9973465212601593,0.7716905422059263,0.0456821593411163,27.542287033381726,1.1481536214968802
3,2.8840315031266056e-05,34673.685045253165,0.997265107514754,0.7773012990270896,0.030539256348102728,28.84031503126612,1.0964781961431826
3,3.0199517204020192e-05,33113.112148259075,0.9971812173484121,0.7827937801496572,0.015310693443799428,30.199517204020218,1.0471285480508974
3,3.1622776601683795e-05,31622.776601683792,0.99709477645857,0.7881696664910371,5.551115123125783e-16,31.62277660168376,1.0000000000000018
3,3.3113112148259144e-05,30199.51720402013,0.9970057083623508,0.7827937801496568,0.01531069344380076,30.199517204020136,1.0471285480509012
3,3.467368504525317e-05,28840.31503126606,0.9969139343349553,0.7773012990270893,0.030539256348103838,28.84031503126604,1.0964781961431866
3,3.6307805477010174e-05,27542.287033381635,0.9968193733464277,0.7716905422059257,0.04568215934111808,27.542287033381605,1.1481536214968862
3,3.8018939632056124e-05,26302.679918953818,0.9967219419967579,0.765959840828249,0.0607359357524524,26.302679918953814,1.202264434617414
3,3.9810717055349776e-05,25118.86431509577,0.9966215544492867,0.7601075399618071,0.07569718505118928,25.118864315095756,1.2589254117941704
3,4.168693834703355e-05,23988.329190194898,0.9965181223623705,0.7541320005200473,0.09056257616912633,23.988329190194865,1.3182567385564103
3,4.3651583224016654e-05,22908.6765276777,0.9964115548192718,0.7480316012348469,0.10532885070214049,22.9086765276777,1.3803842646028879
3,4.5708818961487516e-05,21877.61623949552,0.996301758256233,0.741804740680611,0.11999282598297178,21.8776162394955,1.4454397707459303
3,4.7863009232263804e-05,20892.96130854041,0.9961886363886958,0.7354498393481952,0.13455139801916582,20.89296130854041,1.5135612484362082
3,5.011872336272725e-05,19952.62314968879,0.9960720901356247,0.7289653417669293,0.1490015442903495,19.95262314968878,1.584893192461116
3,5.248074602497723e-05,19054.607179632483,0.9959520175418953,0.7223497186728046,0.1633403263994505,19.05460717963246,1.659586907437563
3,5.495408738576248e-05,18197.008586099826,0.995828313698706,0.7156014692206798,0.17756489257297814,18.197008586099827,1.7378008287493776
3,5.7543993733715664e-05,17378.00828749376,0.9957008706619709,0.7087191232381533,0.1916724800059355,17.37800828749375,1.8197008586099854
3,6.0255958607435806e-05,16595.869074375598,0.9955695773686538,0.7017012435185286,0.20566041704746119,16.595869074375575,1.9054607179632523
3,6.309573444801929e-05,15848.931924611143,0.9954343195509995,0.6945464281500826,0.2195261252237909,15.848931924611136,1.995262314968881
3,6.606934480075965e-05,15135.612484362071,0.995294979648621,0.6872533128786195,0.2332671210956656,15.135612484362058,2.089296130854044
3,6.918309709189363e-05,14454.39770745928,0.9951514367183991,0.6798205735000851,0.2468810179478066,14.454397707459282,2.1877616239495534
3,7.244359600749906e-05,13803.842646028837,0.995003566342153,0.6722469282797667,0.2603655273086437,13.803842646028833,2.2908676527677776
3,7.585775750291836e-05,13182.567385564074,0.9948512405320356,0.6645311403944136,0.2670585737313853,13.18256738556406,2.344228815319918
3,7.943282347242822e-05,12589.25411794166,0.9946943276336139,0.6566720203933571,0.25363958521841534,12.589254117941662,2.2387211385683363
3,8.317637711026709e-05,12022.644346174131,0.9945326922265879,0.6486684286745158,0.24009010224790428,12.022644346174122,2.137962089502229
3,8.709635899560814e-05,11481.536214968817,0.9943661950231056,0.6405192779709401,0.2264123636530989,11.481536214968804,2.0417379446695234
3,9.120108393559096e-05,10964.78196143185,0.9941946927636308,0.6322235358433438,0.2126087072067231,10.964781961431848,1.9498445997580434
3,9.549925860214369e-05,10471.285480508985,0.9940180381103189,0.6237802271738548,0.1986815681866555,10.471285480508977,1.8620871366628626
3,0.0001,10000.0,0.9938360795378581,0.6151884366560385,0.18463347777113925,9.999999999999984,1.7782794100389185
3,0.00010471285480508985,9549.92586021437,0.9936486612217326,0.6064473112760196,0.17046706126507138,9.549925860214364,1.6982436524617437
3,0.00010964781961431873,9120.108393559078,0.9934556229238625,0.5975560627793806,0.1561850361594901,9.12010839355907,1.6218100973589238
3,0.0001148153621496884,8709.635899560797,0.9932567998755814,0.5885139701183241,0.14179021002688852,8.709635899560798,1.5488166189124786
3,0.00012022644346174131,8317.63771102671,0.993052022657904,0.5793203818734127,0.12728547825546732,8.317637711026704,1.479108388168205
3,0.0001258925411794166,7943.282347242822,0.9928411170790465,0.5699747186440864,0.11267382162602801,7.9432823472428105,1.4125375446227524
3,0.000131825673855641,7585.77575029182,0.9926239040491538,0.5604764754019849,0.09795830373563563,7.5857757502918215,1.3489628825916495
3,0.00013803842646028865,7244.359600749892,0.9924001994521948,0.5508252238010086,0.08314206827273063,7.2443596007498865,1.2882495516931303
3,0.0001445439770745928,6918.309709189362,0.9921698140149857,0.541020614437934,0.06822833614881718,6.918309709189352,1.2302687708123783
3,0.00015135612484362072,6606.9344800759645,0.9919325531732991,0.5310623790573284,0.053220402492343166,6.606934480075961,1.1748975549395289
3,0.0001584893192461111,6309.573444801943,0.991688216935023,0.5209503326944267,0.03812163351081721,6.309573444801934,1.122018454301963
3,0.00016595869074375631,6025.595860743569,0.9914365997403298,0.5106843757496031,0.02293546322764617,6.025595860743559,1.0715193052376022
3,0.00017378008287493763,5754.399373371566,0.991177490318821,0.5002644959880369,0.007665390100571656,5.754399373371563,1.0232929922807523
3,0.00018197008586099826,5495.408738576248,0.9909106715436089,0.48969077045815945,0.0076653901005726555,5.4954087385762405,1.0232929922807559
3,0.00019054607179632443,5248.074602497733,0.9906359202823051,0.4789633673225233,0.022935463227647612,5.248074602497732,1.0715193052376062
3,0.00019952623149688828,5011.872336272715,0.9903530072448802,0.4680825475947352,0.03812163351081854,5.011872336272711,1.122018454301967
3,0.0002089296130854041,4786.30092322638,0.9900616968283663,0.4570486667762036,0.053220402492344165,4.786300923226373,1.1748975549395329
3,0.00021877616239495518,4570.881896148751,0.9897617469583717,0.4458621763865097,0.06822833614881829,4.57088189614875,1.2302687708123827
3,0.00022908676527677702,4365.158322401665,0.989452908927382,0.4345236253813667,0.08314206827273185,4.36515832240166,1.288249551693135
3,0.00023988329190194948,4168.6938347033465,0.9891349272298215,0.42303366145225507,0.09795830373563807,4.16869383470334,1.348962882591659
3,0.0002511886431509582,3981.071705534969,0.9888075393938548,0.41139303220200363,0.11267382162602924,3.9810717055349674,1.4125375446227573
3,0.00026302679918953814,3801.8939632056126,0.9884704758099054,0.39960258619077305,0.12728547825546843,3.801893963205608,1.4791083881682103
3,0.00027542287033381635,3630.7805477010174,0.9881234595558781,0.38766327384716015,0.14179021002688919,3.6307805477010167,1.5488166189124812
3,0.00028840315031266115,3467.3685045253096,0.9877662062190663,0.3755761482393446,0.15618503615949242,3.4673685045253078,1.6218100973589353
3,0.0003019951720402019,3311.311214825908,0.9873984237147383,0.3633423657015289,0.17046706126507238,3.311311214825903,1.6982436524617497
3,0.00031622776601683794,3162.277660168379,0.9870198121013906,0.35096318631117684,0.18463347777114048,3.162277660168378,1.778279410038925
3,0.0003311311214825908,3019.951720402019,0.9866300633926657,0.3384399742129357,0.1986815681866566,3.0199517204020156,1.8620871366628693
3,0.0003467368504525324,2884.0315031265995,0.986228861365936,0.3257741977854469,0.21260870720672453,2.8840315031265984,1.949844599758052
3,0.0003630780547701018,2754.228703338163,0.9858158813675543,0.3129674296476386,0.22641236365310047,2.7542287033381623,2.041737944669534
3,0.00038018939632056124,2630.267991895382,0.9853907901147815,0.3000213465014866,0.24009010224790517,2.630267991895381,2.137962089502235
3,0.0003981071705534969,2511.886431509582,0.9849532454944043,0.28693772880866975,0.2536395852184157,2.5118864315095815,2.23872113856834
3,0.00041686938347033637,2398.832919019485,0.9845028963580603,0.2737184602989564,0.26705857373138675,2.3988329190194837,2.3442288153199304
3,0.00043651583224016654,2290.86765276777,0.9840393823142937,0.2603655273086427,0.2603655273086427,2.290867652767769,2.290867652767769
3,0.00045708818961487515,2187.761623949552,0.9835623335173708,0.24688101794780626,0.24688101794780626,2.187761623949551,2.187761623949551
3,0.00047863009232263805,2089.2961308540407,0.9830713704528903,0.23326712109566483,0.23326712109566483,2.0892961308540388,2.0892961308540388
3,0.0005011872336272735,1995.2623149688748,0.9825661037202282,0.21952612522378967,0.21952612522378967,1.995262314968874,1.995262314968874
3,0.0005248074602497734,1905.4607179632444,0.9820461338118667,0.20566041704745985,0.20566041704745985,1.9054607179632437,1.9054607179632437
3,0.0005495408738576248,1819.7008586099828,0.9815110508896597,0.19167248000593473,0.19167248000593473,1.819700858609982,1.819700858609982
3,0.0005754399373371566,1737.8008287493763,0.9809604345580986,0.17756489257297747,0.17756489257297747,1.7378008287493745,1.7378008287493745
3,0.0006025595860743568,1659.5869074375632,0.9803938536346469,0.1633403263994503,0.1633403263994503,1.6595869074375615,1.6595869074375615
3,0.0006309573444801943,1584.8931924611109,0.9798108659172231,0.1490015442903485,0.1490015442903485,1.5848931924611105,1.5848931924611105
3,0.0006606934480075965,1513.561248436207,0.9792110179489154,0.13455139801916527,0.13455139801916527,1.5135612484362055,1.5135612484362055
3,0.0006918309709189362,1445.439770745928,0.9785938447800273,0.1199928259829709,0.1199928259829709,1.4454397707459266,1.4454397707459266
3,0.0007244359600749891,1380.3842646028868,0.9779588697275565,0.10532885070213982,0.10532885070213982,1.3803842646028854,1.3803842646028854
3,0.0007585775750291852,1318.2567385564048,0.9773056041322232,0.09056257616912478,0.09056257616912478,1.3182567385564044,1.3182567385564044
3,0.0007943282347242822,1258.9254117941662,0.9766335471131726,0.07569718505118783,0.07569718505118783,1.2589254117941648,1.2589254117941648
3,0.0008317637711026709,1202.2644346174131,0.9759421853204877,0.06073593575245184,0.06073593575245184,1.202264434617412,1.202264434617412
3,0.0008709635899560796,1148.1536214968842,0.9752309926856608,0.04568215934111719,0.04568215934111719,1.148153621496883,1.148153621496883
3,0.0009120108393559115,1096.478196143183,0.9744994301701826,0.030539256348102728,0.030539256348102728,1.0964781961431826,1.0964781961431826
3,0.0009549925860214369,1047.1285480508984,0.9737469455124208,0.015310693443799428,0.015310693443799428,1.0471285480508974,1.0471285480508974
3,0.001,1000.0,0.9729729729729729,3.3306690738754696e-16,3.3306690738754696e-16,1.0000000000000009,1.0000000000000009
3,0.0010471285480508985,954.9925860214369,0.9721769330786935,0.015310693443800205,0.015310693443800205,1.0471285480508994,1.0471285480508994
3,0.0010964781961431873,912.0108393559078,0.9713582323656046,0.030539256348104393,0.030539256348104393,1.0964781961431884,1.0964781961431884
3,0.001148153621496884,870.9635899560797,0.9705162631209221,0.045682159341117856,0.045682159341117856,1.148153621496885,1.148153621496885
3,0.001202264434617413,831.763771102671,0.9696504031244346,0.0607359357524524,0.0607359357524524,1.202264434617414,1.202264434617414
3,0.0012589254117941662,794.3282347242822,0.9687600153894973,0.0756971850511885,0.0756971850511885,1.258925411794167,1.258925411794167
3,0.0013182567385564101,758.5775750291821,0.9678444479039141,0.09056257616912655,0.09056257616912655,1.3182567385564115,1.3182567385564115
3,0.0013803842646028866,724.4359600749891,0.9669030333709996,0.10532885070214049,0.10532885070214049,1.3803842646028879,1.3803842646028879
3,0.001445439770745928,691.8309709189363,0.9659350889511301,0.11999282598297156,0.11999282598297156,1.4454397707459292,1.4454397707459292
3,0.0015135612484362072,660.6934480075964,0.9649399160041133,0.13455139801916582,0.13455139801916582,1.5135612484362082,1.5135612484362082
3,0.0015848931924611173,630.9573444801918,0.9639167998327202,0.14900154429035017,0.14900154429035017,1.584893192461119,1.584893192461119
3,0.001659586907437563,602.5595860743568,0.962865009427748,0.16334032639945084,0.16334032639945084,1.6595869074375644,1.6595869074375644
3,0.0017378008287493763,575.4399373371567,0.9617837972149988,0.17756489257297814,0.17756489257297814,1.7378008287493776,1.7378008287493776
3,0.0018197008586099824,549.5408738576249,0.9606723988045817,0.19167248000593506,0.19167248000593506,1.8197008586099839,1.8197008586099839
3,0.0019054607179632443,524.8074602497734,0.9595300327429661,0.2056604170474602,0.2056604170474602,1.9054607179632455,1.9054607179632455
3,0.001995262314968883,501.1872336272715,0.9583559002682376,0.21952612522379122,0.21952612522379122,1.9952623149688846,1.9952623149688846
3,0.0020892961308540407,478.63009232263806,0.9571491850690288,0.23326712109566528,0.23326712109566528,2.0892961308540423,2.0892961308540423
3,0.002187761623949552,457.08818961487515,0.9559090530476201,0.2468810179478066,0.2468810179478066,2.1877616239495534,2.1877616239495534
3,0.00229086765276777,436.5158322401665,0.9546346520877333,0.26036552730864304,0.26036552730864304,2.2908676527677714,2.2908676527677714
3,0.0023988329190194947,416.8693834703347,0.9533251118275587,0.27371846029895797,0.267058573731385,2.3988329190194966,2.344228815319916
3,0.002511886431509582,398.1071705534969,0.9519795434385885,0.2869377288086701,0.25363958521841534,2.5118864315095837,2.2387211385683363
3,0.0026302679918953813,380.1893963205613,0.9505970394108462,0.3000213465014868,0.2400901022479044,2.630267991895383,2.137962089502231
3,0.0027542287033381634,363.07805477010174,0.9491766733451386,0.3129674296476389,0.22641236365310002,2.7542287033381645,2.0417379446695305
3,0.0028840315031266116,346.736850452531,0.9477174997529708,0.32577419778544847,0.21260870720672254,2.884031503126614,1.94984459975804
3,0.003019951720402019,331.13112148259074,0.9462185538648031,0.33843997421293626,0.19868156818665594,3.019951720402021,1.8620871366628644
3,0.0031622776601683794,316.2277660168379,0.9446788514473456,0.3509631863111772,0.18463347777113992,3.1622776601683813,1.7782794100389216
3,0.003311311214825908,301.9951720402019,0.9430973886306231,0.36334236570152945,0.17046706126507172,3.3113112148259094,1.6982436524617452
3,0.0034673685045253236,288.40315031266,0.9414731417455624,0.37557614823934604,0.15618503615949053,3.4673685045253264,1.6218100973589253
3,0.0036307805477010175,275.4228703338163,0.9398050671728903,0.3876632738471604,0.14179021002688852,3.6307805477010198,1.5488166189124786
3,0.0038018939632056127,263.02679918953817,0.9380921012041493,0.3996025861907735,0.12728547825546754,3.8018939632056146,1.4791083881682063
3,0.003981071705534969,251.18864315095823,0.936333159915677,0.41139303220200396,0.11267382162602857,3.981071705534971,1.4125375446227548
3,0.004168693834703364,239.88329190194847,0.9345271390564144,0.42303366145225674,0.09795830373563563,4.168693834703366,1.3489628825916495
3,0.004365158322401665,229.08676527677702,0.932672913950443,0.434523625381367,0.08314206827273085,4.365158322401668,1.2882495516931314
3,0.004570881896148752,218.77616239495518,0.9307693394151756,0.44586217638650993,0.06822833614881774,4.570881896148754,1.2302687708123805
3,0.00478630092322638,208.9296130854041,0.9288152496961538,0.45704866677620404,0.05322040249234339,4.786300923226382,1.1748975549395297
3,0.005011872336272735,199.52623149688748,0.9268094584194365,0.46808254759473644,0.03812163351081643,5.011872336272738,1.12201845430196
3,0.005248074602497733,190.54607179632444,0.9247507585625877,0.47896336732252354,0.022935463227646835,5.248074602497736,1.0715193052376042
3,0.005495408738576248,181.97008586099827,0.9226379224452974,0.4896907704581597,0.007665390100571767,5.49540873857625,1.0232929922807532
3,0.005754399373371567,173.78008287493762,0.9204697017407026,0.5002644959880371,0.007665390100572211,5.754399373371569,1.023292992280754
3,0.006025595860743568,165.9586907437563,0.9182448275084942,0.5106843757496036,0.022935463227647057,6.02559586074357,1.071519305237605
3,0.006309573444801942,158.4893192461111,0.9159620102509223,0.5209503326944271,0.03812163351081832,6.309573444801946,1.1220184543019658
3,0.006606934480075964,151.3561248436207,0.9136199399928399,0.5310623790573288,0.05322040249234383,6.606934480075967,1.1748975549395309
3,0.006918309709189363,144.5439770745928,0.9112172863869403,0.5410206144379344,0.06822833614881796,6.918309709189365,1.2302687708123816
3,0.007244359600749891,138.03842646028866,0.9087526988453734,0.550825223801009,0.08314206827273152,7.244359600749899,1.2882495516931338
3,0.0075857757502918515,131.82567385564047,0.9062248066989389,0.5604764754019859,0.09795830373563741,7.585775750291854,1.3489628825916566
3,0.00794328234724282,125.89254117941663,0.9036322193850778,0.5699747186440868,0.1126738216260289,7.943282347242825,1.412537544622756
3,0.008317637711026709,120.22644346174131,0.900973526665894,0.5793203818734127,0.127285478255468,8.31763771102671,1.4791083881682077
3,0.008709635899560796,114.81536214968841,0.898247298877462,0.5885139701183241,0.14179021002688896,8.709635899560798,1.54881661891248
3,0.009120108393559116,109.64781961431828,0.8954520872116775,0.5975560627793814,0.15618503615949197,9.12010839355912,1.621810097358934
3,0.00954992586021437,104.71285480508985,0.8925864240319273,0.6064473112760197,0.17046706126507183,9.549925860214373,1.6982436524617466
3,0.01,100.0,0.8896488232238552,0.615188436656039,0.18463347777114048,10.00000000000001,1.778279410038925
3,0.010471285480508985,95.49925860214368,0.886637780582511,0.6237802271738553,0.1986815681866565,10.471285480508996,1.8620871366628675
3,0.010964781961431873,91.20108393559079,0.8835517742371661,0.6322235358433443,0.2126087072067242,10.964781961431877,1.9498445997580502
3,0.01148153621496884,87.09635899560797,0.8803892651150834,0.6405192779709408,0.22641236365310025,11.481536214968845,2.0417379446695323
3,0.012022644346174132,83.17637711026708,0.8771486974455138,0.6486684286745162,0.24009010224790517,12.022644346174143,2.137962089502235
3,0.012589254117941661,79.43282347242823,0.873828499305197,0.6566720203933574,0.2536395852184157,12.589254117941675,2.23872113856834
3,0.0131825673855641,75.8577575029182,0.8704270832066203,0.6645311403944144,0.26705857373138664,13.182567385564106,2.344228815319928
3,0.013803842646028866,72.44359600749891,0.8669428467302756,0.6722469282797672,0.2603655273086427,13.803842646028869,2.29086765276777
3,0.01445439770745928,69.18309709189363,0.8633741732021325,0.6798205735000853,0.24688101794780615,14.454397707459295,2.1877616239495503
3,0.015135612484362071,66.06934480075965,0.859719432417525,0.6872533128786198,0.23326712109566505,15.135612484362087,2.0892961308540396
3,0.015848931924611172,63.09573444801917,0.8559769814126066,0.6945464281500829,0.2195261252237899,15.848931924611179,1.9952623149688749
3,0.01659586907437563,60.25595860743569,0.8521451652845078,0.701701243518529,0.20566041704745996,16.595869074375635,1.9054607179632446
3,0.017378008287493762,57.543993733715666,0.84822231806127,0.7087191232381536,0.19167248000593473,17.37800828749378,1.8197008586099814
3,0.018197008586099826,54.954087385762485,0.8442067636226028,0.71560146922068,0.1775648925729777,18.19700858609984,1.7378008287493754
3,0.019054607179632442,52.48074602497734,0.8400968166724413,0.7223497186728046,0.1633403263994505,19.054607179632452,1.659586907437563
3,0.01995262314968883,50.118723362727145,0.8358907837642308,0.7289653417669297,0.1490015442903485,19.95262314968884,1.5848931924611105
3,0.02089296130854041,47.8630092322638,0.8315869643797993,0.7354498393481954,0.13455139801916527,20.89296130854043,1.5135612484362062
3,0.02187761623949552,45.708818961487516,0.8271836520626002,0.7418047406806112,0.1199928259829709,21.877616239495538,1.4454397707459272
3,0.0229086765276777,43.651583224016655,0.8226791356060399,0.7480316012348471,0.10532885070214004,22.908676527677716,1.380384264602886
3,0.02398832919019495,41.68693834703346,0.8180717002975074,0.7541320005200478,0.09056257616912478,23.98832919019496,1.3182567385564044
3,0.025118864315095822,39.81071705534969,0.813359629218643,0.7601075399618075,0.07569718505118794,25.118864315095834,1.258925411794166
3,0.026302679918953815,38.018939632056124,0.8085412046022665,0.7659598408282491,0.06073593575245195,26.302679918953835,1.2022644346174125
3,0.027542287033381633,36.30780547701018,0.8036147092462996,0.7716905422059259,0.0456821593411173,27.54228703338165,1.1481536214968837
3,0.028840315031266116,34.673685045253094,0.7985784279848837,0.7773012990270897,0.030539256348102728,28.84031503126613,1.0964781961431826
3,0.030199517204020192,33.11311214825908,0.7934306492167846,0.7827937801496572,0.01531069344379965,30.199517204020218,1.0471285480508978
3,0.03162277660168379,31.622776601683796,0.7881696664910373,0.7881696664910373,3.3306690738754696e-16,31.62277660168379,1.0000000000000004
3,0.03311311214825908,30.19951720402019,0.782793780149657,0.782793780149657,0.015310693443799872,30.19951720402019,1.047128548050899
3,0.034673685045253234,28.840315031266,0.7773012990270891,0.7773012990270891,0.03053925634810406,28.840315031266,1.0964781961431875
3,0.03630780547701017,27.542287033381633,0.7716905422059258,0.7716905422059259,0.04568215934111752,27.54228703338164,1.1481536214968842
3,0.038018939632056124,26.302679918953817,0.7659598408282491,0.765959840828249,0.060735935752452064,26.302679918953814,1.2022644346174136
3,0.03981071705534969,25.11886431509582,0.7601075399618075,0.7601075399618075,0.07569718505118828,25.118864315095824,1.2589254117941666
3,0.04168693834703364,23.988329190194847,0.7541320005200471,0.7541320005200471,0.09056257616912633,23.988329190194843,1.3182567385564108
3,0.04365158322401665,22.908676527677702,0.7480316012348471,0.7480316012348469,0.10532885070214049,22.9086765276777,1.3803842646028872
3,0.04570881896148752,21.877616239495516,0.7418047406806111,0.7418047406806111,0.11999282598297134,21.877616239495516,1.4454397707459286
3,0.0478630092322638,20.892961308540407,0.7354498393481952,0.7354498393481952,0.1345513980191656,20.89296130854041,1.5135612484362075
3,0.05011872336272735,19.952623149688748,0.7289653417669291,0.7289653417669291,0.14900154429034995,19.952623149688744,1.5848931924611183
3,0.052480746024977334,19.054607179632445,0.7223497186728045,0.7223497186728045,0.16334032639945062,19.05460717963244,1.6595869074375638
3,0.05495408738576248,18.197008586099827,0.7156014692206798,0.7156014692206798,0.17756489257297792,18.197008586099827,1.737800828749377
3,0.057543993733715666,17.378008287493763,0.7087191232381533,0.7087191232381533,0.19167248000593495,17.378008287493763,1.819700858609983
3,0.06025595860743568,16.59586907437563,0.701701243518529,0.701701243518529,0.20566041704745996,16.595869074375635,1.9054607179632446
3,0.06309573444801943,15.84893192461111,0.6945464281500823,0.6945464281500822,0.21952612522379122,15.848931924611108,1.9952623149688837
3,0.06606934480075964,15.135612484362072,0.6872533128786196,0.6872533128786196,0.23326712109566528,15.135612484362072,2.0892961308540414
3,0.06918309709189363,14.454397707459279,0.6798205735000851,0.6798205735000851,0.24688101794780648,14.454397707459282,2.187761623949552
3,0.07244359600749892,13.803842646028865,0.6722469282797672,0.6722469282797672,0.26036552730864304,13.803842646028864,2.2908676527677714
3,0.07585775750291851,13.182567385564047,0.6645311403944136,0.6645311403944136,0.2670585737313852,13.182567385564047,2.3442288153199176
3,0.07943282347242822,12.58925411794166,0.6566720203933571,0.6566720203933571,0.25363958521841545,12.589254117941662,2.2387211385683377
3,0.08317637711026708,12.02264434617413,0.648668428674516,0.648668428674516,0.24009010224790484,12.022644346174133,2.1379620895022327
3,0.08709635899560797,11.48153621496884,0.6405192779709407,0.6405192779709407,0.22641236365310002,11.48153621496884,2.041737944669531
3,0.09120108393559115,10.964781961431829,0.6322235358433435,0.6322235358433435,0.21260870720672276,10.964781961431829,1.9498445997580411
3,0.09549925860214369,10.471285480508985,0.6237802271738551,0.6237802271738551,0.19868156818665617,10.471285480508985,1.8620871366628655
3,0.1,10.0,0.6151884366560387,0.6151884366560387,0.18463347777114003,9.999999999999998,1.778279410038922
3,0.10471285480508985,9.549925860214369,0.6064473112760196,0.6064473112760196,0.17046706126507172,9.549925860214367,1.6982436524617455
3,0.10964781961431873,9.120108393559079,0.5975560627793806,0.5975560627793806,0.15618503615949075,9.120108393559079,1.6218100973589265
3,0.1148153621496884,8.709635899560796,0.588513970118324,0.5885139701183241,0.14179021002688874,8.709635899560798,1.5488166189124795
3,0.12022644346174131,8.317637711026709,0.5793203818734127,0.5793203818734127,0.12728547825546777,8.317637711026707,1.4791083881682066
3,0.12589254117941662,7.943282347242822,0.5699747186440867,0.5699747186440867,0.11267382162602857,7.943282347242821,1.412537544622755
3,0.131825673855641,7.585775750291821,0.5604764754019849,0.5604764754019849,0.09795830373563597,7.5857757502918215,1.3489628825916504
3,0.13803842646028866,7.244359600749891,0.5508252238010087,0.5508252238010087,0.08314206827273118,7.244359600749891,1.288249551693132
3,0.1445439770745928,6.918309709189363,0.5410206144379344,0.5410206144379344,0.06822833614881774,6.918309709189363,1.230268770812381
3,0.1513561248436207,6.606934480075965,0.5310623790573286,0.5310623790573286,0.05322040249234339,6.606934480075964,1.17489755493953
3,0.15848931924611173,6.309573444801917,0.520950332694426,0.520950332694426,0.038121633510816655,6.309573444801918,1.1220184543019607
3,0.1659586907437563,6.025595860743569,0.5106843757496036,0.5106843757496036,0.022935463227647057,6.025595860743569,1.0715193052376046
3,0.17378008287493762,5.754399373371567,0.5002644959880371,0.5002644959880371,0.007665390100571878,5.754399373371567,1.0232929922807537
3,0.18197008586099825,5.4954087385762485,0.4896907704581597,0.4896907704581597,0.007665390100571878,5.4954087385762485,1.0232929922807539
3,0.19054607179632443,5.248074602497733,0.4789633673225233,0.4789633673225233,0.022935463227647057,5.248074602497734,1.0715193052376049
3,0.19952623149688828,5.011872336272715,0.46808254759473544,0.46808254759473533,0.03812163351081821,5.011872336272715,1.1220184543019653
3,0.2089296130854041,4.7863009232263805,0.45704866677620404,0.45704866677620404,0.05322040249234361,4.78630092322638,1.1748975549395306
3,0.21877616239495518,4.570881896148752,0.4458621763865097,0.4458621763865097,0.06822833614881796,4.570881896148752,1.2302687708123814
3,0.22908676527677702,4.3651583224016655,0.4345236253813669,0.4345236253813669,0.0831420682727314,4.365158322401665,1.2882495516931327
3,0.23988329190194949,4.168693834703347,0.4230336614522555,0.4230336614522555,0.09795830373563719,4.168693834703346,1.3489628825916564
3,0.25118864315095824,3.981071705534969,0.41139303220200385,0.41139303220200385,0.1126738216260289,3.981071705534969,1.4125375446227557
3,0.26302679918953814,3.801893963205613,0.3996025861907734,0.3996025861907734,0.12728547825546777,3.801893963205613,1.4791083881682072
3,0.27542287033381635,3.630780547701017,0.38766327384716015,0.38766327384716015,0.14179021002688896,3.6307805477010175,1.54881661891248
3,0.28840315031266117,3.4673685045253095,0.3755761482393447,0.3755761482393447,0.15618503615949197,3.467368504525309,1.6218100973589336
3,0.30199517204020193,3.3113112148259076,0.3633423657015291,0.3633423657015291,0.17046706126507183,3.3113112148259076,1.6982436524617464
3,0.31622776601683794,3.162277660168379,0.35096318631117696,0.35096318631117696,0.18463347777114014,3.162277660168379,1.7782794100389232
3,0.3311311214825908,3.019951720402019,0.33843997421293603,0.33843997421293603,0.19868156818665617,3.019951720402019,1.862087136662866
3,0.3467368504525324,2.8840315031265997,0.3257741977854469,0.3257741977854469,0.2126087072067241,2.8840315031265997,1.9498445997580498
3,0.36307805477010174,2.7542287033381636,0.3129674296476387,0.3129674296476387,0.22641236365310025,2.7542287033381636,2.041737944669532
3,0.38018939632056126,2.6302679918953813,0.3000213465014867,0.3000213465014867,0.24009010224790484,2.6302679918953817,2.1379620895022327
3,0.3981071705534969,2.5118864315095824,0.28693772880866986,0.28693772880866986,0.25363958521841545,2.5118864315095824,2.238721138568338
3,0.41686938347033636,2.398832919019485,0.2737184602989565,0.2737184602989565,0.2670585737313864,2.398832919019485,2.3442288153199278
3,0.43651583224016655,2.29086765276777,0.2603655273086427,0.2603655273086427,0.2603655273086427,2.29086765276777,2.29086765276777
3,0.4570881896148752,2.1877616239495516,0.24688101794780648,0.24688101794780648,0.24688101794780648,2.1877616239495516,2.1877616239495516
3,0.47863009232263803,2.089296130854041,0.23326712109566516,0.23326712109566516,0.23326712109566516,2.0892961308540405,2.0892961308540405
3,0.5011872336272735,1.9952623149688749,0.2195261252237899,0.2195261252237899,0.2195261252237899,1.995262314968875,1.995262314968875
3,0.5248074602497733,1.9054607179632446,0.20566041704745996,0.20566041704745996,0.20566041704745996,1.9054607179632446,1.9054607179632446
3,0.5495408738576248,1.8197008586099825,0.19167248000593495,0.19167248000593495,0.19167248000593495,1.8197008586099825,1.8197008586099825
3,0.5754399373371566,1.7378008287493765,0.17756489257297792,0.17756489257297792,0.17756489257297792,1.7378008287493765,1.7378008287493765
3,0.6025595860743569,1.659586907437563,0.1633403263994505,0.1633403263994505,0.1633403263994505,1.659586907437563,1.659586907437563
3,0.6309573444801942,1.584893192461111,0.1490015442903485,0.1490015442903485,0.1490015442903485,1.584893192461111,1.584893192461111
3,0.6606934480075964,1.513561248436207,0.13455139801916538,0.1345513980191655,0.1345513980191655,1.513561248436207,1.513561248436207
3,0.6918309709189363,1.4454397707459279,0.11999282598297101,0.11999282598297101,0.11999282598297101,1.4454397707459279,1.4454397707459279
3,0.7244359600749891,1.3803842646028865,0.10532885070214026,0.10532885070214026,0.10532885070214026,1.3803842646028868,1.3803842646028868
3,0.7585775750291851,1.3182567385564048,0.09056257616912511,0.09056257616912489,0.09056257616912489,1.3182567385564048,1.3182567385564048
3,0.7943282347242822,1.2589254117941662,0.07569718505118828,0.07569718505118828,0.07569718505118828,1.2589254117941662,1.2589254117941662
3,0.8317637711026709,1.2022644346174132,0.060735935752452286,0.060735935752452064,0.060735935752452064,1.2022644346174132,1.2022644346174132
3,0.8709635899560796,1.1481536214968842,0.04568215934111752,0.04568215934111752,0.04568215934111752,1.1481536214968842,1.1481536214968842
3,0.9120108393559115,1.0964781961431829,0.030539256348102728,0.030539256348102728,0.030539256348102728,1.0964781961431829,1.0964781961431829
3,0.9549925860214369,1.0471285480508985,0.015310693443799872,0.015310693443799872,0.015310693443799872,1.0471285480508985,1.0471285480508985
3,1.0,1.0,0.0,0.0,0.0,1.0,1.0
3,1.0471285480508985,1.0471285480508985,0.015310693443799872,0.015310693443799872,0.015310693443799872,1.0471285480508985,1.0471285480508985
3,1.0964781961431873,1.0964781961431873,0.03053925634810395,0.03053925634810395,0.03053925634810395,1.0964781961431873,1.0964781961431873
3,1.1481536214968842,1.1481536214968842,0.04568215934111752,0.04568215934111752,0.04568215934111752,1.1481536214968842,1.1481536214968842
3,1.2022644346174132,1.2022644346174132,0.060735935752452286,0.060735935752452064,0.060735935752452064,1.2022644346174132,1.2022644346174132
3,1.2589254117941662,1.2589254117941662,0.07569718505118828,0.07569718505118828,0.07569718505118828,1.2589254117941662,1.2589254117941662
3,1.3182567385564101,1.3182567385564101,0.090562576169126,0.090562576169126,0.090562576169126,1.3182567385564101,1.3182567385564101
3,1.3803842646028865,1.3803842646028865,0.10532885070214026,0.10532885070214026,0.10532885070214026,1.3803842646028865,1.3803842646028865
3,1.4454397707459279,1.4454397707459279,0.11999282598297101,0.11999282598297101,0.11999282598297101,1.4454397707459279,1.4454397707459279
3,1.513561248436207,1.513561248436207,0.13455139801916538,0.1345513980191655,0.1345513980191655,1.513561248436207,1.513561248436207
3,1.5848931924611174,1.5848931924611174,0.14900154429034973,0.14900154429034973,0.14900154429034973,1.5848931924611174,1.5848931924611174
3,1.659586907437563,1.659586907437563,0.1633403263994505,0.1633403263994505,0.1633403263994505,1.659586907437563,1.659586907437563
3,1.7378008287493762,1.7378008287493762,0.17756489257297792,0.17756489257297792,0.17756489257297792,1.7378008287493762,1.7378008287493762
3,1.8197008586099825,1.8197008586099825,0.19167248000593495,0.19167248000593495,0.19167248000593495,1.8197008586099825,1.8197008586099825
3,1.9054607179632521,1.9054607179632521,0.20566041704746119,0.20566041704746119,0.20566041704746119,1.9054607179632521,1.9054607179632521
3,1.9952623149688828,1.9952623149688828,0.21952612522379122,0.2195261252237911,0.2195261252237911,1.9952623149688828,1.9952623149688828
3,2.089296130854041,2.089296130854041,0.23326712109566516,0.23326712109566516,0.23326712109566516,2.089296130854041,2.089296130854041
3,2.1877616239495516,2.1877616239495516,0.24688101794780648,0.24688101794780648,0.24688101794780648,2.1877616239495516,2.1877616239495516
3,2.29086765276777,2.29086765276777,0.2603655273086427,0.2603655273086427,0.2603655273086427,2.29086765276777,2.29086765276777
3,2.398832919019495,2.398832919019495,0.27371846029895774,0.27371846029895763,0.2670585737313853,2.398832919019495,2.3442288153199184
3,2.5118864315095824,2.5118864315095824,0.28693772880866986,0.28693772880866986,0.25363958521841545,2.5118864315095824,2.238721138568338
3,2.6302679918953813,2.6302679918953813,0.3000213465014867,0.3000213465014867,0.24009010224790484,2.6302679918953813,2.137962089502233
3,2.754228703338163,2.754228703338163,0.3129674296476387,0.3129674296476387,0.22641236365310025,2.7542287033381636,2.041737944669532
3,2.8840315031266117,2.8840315031266117,0.32577419778544836,0.32577419778544814,0.21260870720672298,2.8840315031266117,1.9498445997580416
3,3.019951720402019,3.019951720402019,0.33843997421293603,0.33843997421293603,0.19868156818665617,3.019951720402019,1.862087136662866
3,3.1622776601683795,3.1622776601683795,0.35096318631117696,0.35096318631117696,0.18463347777114014,3.1622776601683795,1.778279410038923
3,3.3113112148259076,3.3113112148259076,0.3633423657015291,0.3633423657015291,0.17046706126507183,3.3113112148259076,1.6982436524617464
3,3.4673685045253237,3.4673685045253237,0.3755761482393457,0.3755761482393457,0.15618503615949075,3.4673685045253237,1.6218100973589267
3,3.6307805477010175,3.6307805477010175,0.38766327384716015,0.38766327384716015,0.14179021002688896,3.6307805477010175,1.54881661891248
3,3.8018939632056123,3.8018939632056123,0.3996025861907734,0.3996025861907734,0.127285478255468,3.801893963205612,1.4791083881682077
3,3.981071705534969,3.981071705534969,0.41139303220200385,0.41139303220200385,0.1126738216260289,3.981071705534969,1.4125375446227557
3,4.1686938347033635,4.1686938347033635,0.4230336614522565,0.4230336614522565,0.09795830373563597,4.1686938347033635,1.3489628825916506
3,4.3651583224016655,4.3651583224016655,0.4345236253813669,0.4345236253813669,0.0831420682727314,4.365158322401666,1.2882495516931323
3,4.570881896148752,4.570881896148752,0.4458621763865097,0.4458621763865097,0.06822833614881796,4.570881896148752,1.2302687708123814
3,4.7863009232263805,4.7863009232263805,0.45704866677620404,0.45704866677620404,0.05322040249234361,4.78630092322638,1.1748975549395306
3,5.011872336272735,5.011872336272735,0.46808254759473633,0.46808254759473633,0.03812163351081699,5.011872336272735,1.122018454301961
3,5.248074602497733,5.248074602497733,0.4789633673225233,0.4789633673225233,0.022935463227647057,5.248074602497733,1.071519305237605
3,5.4954087385762485,5.4954087385762485,0.4896907704581597,0.4896907704581597,0.007665390100571878,5.4954087385762485,1.0232929922807539
3,5.754399373371567,5.754399373371567,0.5002644959880371,0.5002644959880371,0.007665390100571878,5.754399373371567,1.0232929922807537
3,6.025595860743593,6.025595860743593,0.5106843757496045,0.5106843757496045,0.02293546322764839,6.025595860743593,1.0715193052376089
3,6.309573444801943,6.309573444801943,0.5209503326944269,0.5209503326944269,0.03812163351081821,6.309573444801943,1.1220184543019651
3,6.606934480075965,6.606934480075965,0.5310623790573286,0.5310623790573286,0.05322040249234339,6.606934480075964,1.17489755493953
3,6.918309709189362,6.918309709189362,0.5410206144379344,0.5410206144379344,0.06822833614881774,6.918309709189361,1.2302687708123807
3,7.244359600749891,7.244359600749891,0.5508252238010087,0.5508252238010087,0.08314206827273118,7.244359600749891,1.288249551693132
3,7.585775750291851,7.585775750291851,0.5604764754019858,0.5604764754019858,0.09795830373563708,7.585775750291852,1.3489628825916558
3,7.943282347242821,7.943282347242821,0.5699747186440867,0.5699747186440867,0.11267382162602857,7.943282347242821,1.412537544622755
3,8.317637711026709,8.317637711026709,0.5793203818734127,0.5793203818734127,0.12728547825546777,8.31763771102671,1.4791083881682072
3,8.709635899560796,8.709635899560796,0.588513970118324,0.5885139701183241,0.14179021002688874,8.709635899560798,1.5488166189124795
3,9.120108393559116,9.120108393559116,0.5975560627793814,0.5975560627793813,0.15618503615949186,9.120108393559114,1.621810097358933
3,9.549925860214369,9.549925860214369,0.6064473112760196,0.6064473112760196,0.17046706126507172,9.549925860214367,1.6982436524617455
3,10.0,10.0,0.6151884366560387,0.6151884366560387,0.18463347777114014,10.000000000000002,1.778279410038923
3,10.471285480508985,10.471285480508985,0.6237802271738551,0.6237802271738551,0.19868156818665617,10.471285480508985,1.8620871366628655
3,10.964781961431873,10.964781961431873,0.6322235358433442,0.6322235358433442,0.2126087072067241,10.964781961431873,1.949844599758049
3,11.481536214968841,11.481536214968841,0.6405192779709408,0.6405192779709407,0.22641236365310002,11.48153621496884,2.041737944669531
3,12.02264434617413,12.02264434617413,0.648668428674516,0.648668428674516,0.24009010224790484,12.022644346174133,2.1379620895022327
3,12.589254117941662,12.589254117941662,0.6566720203933571,0.6566720203933571,0.25363958521841545,12.589254117941662,2.2387211385683377
3,13.1825673855641,13.1825673855641,0.6645311403944143,0.6645311403944143,0.2670585737313863,13.1825673855641,2.344228815319927
3,13.803842646028867,13.803842646028867,0.6722469282797672,0.6722469282797672,0.2603655273086427,13.803842646028869,2.29086765276777
3,14.45439770745928,14.45439770745928,0.6798205735000851,0.6798205735000851,0.24688101794780648,14.454397707459282,2.187761623949552
3,15.135612484362072,15.135612484362072,0.6872533128786196,0.6872533128786196,0.23326712109566528,15.135612484362072,2.0892961308540414
3,15.848931924611174,15.848931924611174,0.6945464281500828,0.6945464281500828,0.2195261252237899,15.848931924611172,1.9952623149688757
3,16.59586907437563,16.59586907437563,0.701701243518529,0.701701243518529,0.20566041704745996,16.595869074375635,1.9054607179632446
3,17.378008287493763,17.378008287493763,0.7087191232381533,0.7087191232381533,0.19167248000593495,17.378008287493763,1.819700858609983
3,18.197008586099827,18.197008586099827,0.7156014692206798,0.7156014692206798,0.17756489257297792,18.197008586099827,1.737800828749377
3,19.054607179632523,19.054607179632523,0.7223497186728052,0.7223497186728052,0.1633403263994493,19.054607179632526,1.6595869074375564
3,19.95262314968883,19.95262314968883,0.7289653417669296,0.7289653417669297,0.14900154429034873,19.952623149688833,1.5848931924611112
3,20.892961308540407,20.892961308540407,0.7354498393481952,0.7354498393481952,0.1345513980191656,20.89296130854041,1.5135612484362075
3,21.87761623949552,21.87761623949552,0.7418047406806111,0.7418047406806111,0.11999282598297134,21.877616239495516,1.4454397707459286
3,22.9086765276777,22.9086765276777,0.7480316012348469,0.7480316012348469,0.10532885070214049,22.9086765276777,1.3803842646028872
3,23.988329190194946,23.988329190194946,0.7541320005200477,0.7541320005200477,0.09056257616912489,23.98832919019495,1.318256738556405
3,25.11886431509582,25.11886431509582,0.7601075399618075,0.7601075399618075,0.07569718505118828,25.118864315095824,1.2589254117941666
3,26.302679918953814,26.302679918953814,0.765959840828249,0.765959840828249,0.060735935752452064,26.302679918953814,1.2022644346174136
3,27.542287033381633,27.542287033381633,0.7716905422059258,0.7716905422059258,0.04568215934111752,27.542287033381626,1.1481536214968846
3,28.840315031266115,28.840315031266115,0.7773012990270896,0.7773012990270896,0.030539256348102728,28.84031503126612,1.096478196143183
3,30.199517204020193,30.199517204020193,0.782793780149657,0.782793780149657,0.015310693443799872,30.19951720402019,1.047128548050899
3,31.622776601683793,31.622776601683793,0.7881696664910373,0.7881696664910373,3.3306690738754696e-16,31.62277660168379,1.0000000000000004
3,33.11311214825908,33.11311214825908,0.7934306492167846,0.7827937801496572,0.01531069344379965,30.199517204020218,1.0471285480508978
3,34.67368504525324,34.67368504525324,0.7985784279848841,0.7773012990270892,0.03053925634810395,28.840315031266016,1.096478196143187
3,36.30780547701018,36.30780547701018,0.8036147092462996,0.7716905422059259,0.0456821593411173,27.54228703338165,1.1481536214968837
3,38.018939632056124,38.018939632056124,0.8085412046022665,0.7659598408282491,0.06073593575245195,26.302679918953835,1.2022644346174125
3,39.81071705534969,39.81071705534969,0.813359629218643,0.7601075399618075,0.07569718505118794,25.118864315095834,1.258925411794166
3,41.68693834703364,41.68693834703364,0.8180717002975078,0.7541320005200473,0.090562576169126,23.988329190194865,1.3182567385564097
3,43.651583224016655,43.651583224016655,0.8226791356060399,0.7480316012348471,0.10532885070214004,22.908676527677716,1.380384264602886
3,45.708818961487516,45.708818961487516,0.8271836520626002,0.7418047406806112,0.1199928259829709,21.877616239495538,1.4454397707459272
3,47.8630092322638,47.8630092322638,0.8315869643797993,0.7354498393481954,0.13455139801916527,20.89296130854043,1.5135612484362062
3,50.11872336272735,50.11872336272735,0.8358907837642311,0.7289653417669291,0.14900154429034973,19.952623149688762,1.5848931924611167
3,52.480746024977336,52.480746024977336,0.8400968166724413,0.7223497186728046,0.1633403263994503,19.05460717963246,1.6595869074375622
3,54.954087385762485,54.954087385762485,0.8442067636226028,0.71560146922068,0.1775648925729777,18.19700858609984,1.7378008287493754
3,57.543993733715666,57.543993733715666,0.84822231806127,0.7087191232381536,0.19167248000593473,17.37800828749378,1.8197008586099814
3,60.25595860743593,60.25595860743593,0.8521451652845081,0.7017012435185286,0.20566041704746119,16.595869074375575,1.9054607179632514
3,63.09573444801943,63.09573444801943,0.8559769814126069,0.6945464281500824,0.2195261252237909,15.848931924611122,1.995262314968882
3,66.06934480075964,66.06934480075964,0.859719432417525,0.6872533128786198,0.23326712109566505,15.135612484362087,2.0892961308540396
3,69.18309709189363,69.18309709189363,0.8633741732021325,0.6798205735000853,0.24688101794780615,14.454397707459295,2.1877616239495503
3,72.44359600749891,72.44359600749891,0.8669428467302756,0.6722469282797672,0.2603655273086427,13.803842646028869,2.29086765276777
3,75.85775750291852,75.85775750291852,0.8704270832066205,0.6645311403944136,0.26705857373138564,13.18256738556406,2.3442288153199202
3,79.43282347242821,79.43282347242821,0.873828499305197,0.6566720203933574,0.2536395852184157,12.589254117941675,2.23872113856834
3,83.17637711026708,83.17637711026708,0.8771486974455138,0.6486684286745162,0.24009010224790517,12.022644346174143,2.137962089502235
3,87.09635899560796,87.09635899560796,0.8803892651150834,0.640519277970941,0.22641236365310047,11.481536214968854,2.041737944669534
3,91.20108393559116,91.20108393559116,0.8835517742371665,0.6322235358433436,0.2126087072067231,10.96478196143184,1.9498445997580434
3,95.49925860214368,95.49925860214368,0.886637780582511,0.6237802271738553,0.1986815681866565,10.471285480508996,1.8620871366628675
3,100.0,100.0,0.8896488232238552,0.6151884366560387,0.18463347777114014,10.000000000000002,1.7782794100389232
3,104.71285480508985,104.71285480508985,0.8925864240319273,0.6064473112760197,0.17046706126507183,9.549925860214373,1.6982436524617466
3,109.64781961431873,109.64781961431873,0.8954520872116778,0.5975560627793807,0.15618503615949098,9.120108393559086,1.6218100973589282
3,114.81536214968841,114.81536214968841,0.898247298877462,0.5885139701183242,0.14179021002688919,8.709635899560805,1.5488166189124812
3,120.22644346174131,120.22644346174131,0.900973526665894,0.5793203818734127,0.127285478255468,8.31763771102671,1.4791083881682077
3,125.89254117941661,125.89254117941661,0.9036322193850778,0.5699747186440868,0.1126738216260289,7.943282347242825,1.412537544622756
3,131.825673855641,131.825673855641,0.9062248066989391,0.5604764754019851,0.0979583037356363,7.585775750291828,1.348962882591652
3,138.03842646028866,138.03842646028866,0.9087526988453734,0.550825223801009,0.08314206827273152,7.244359600749899,1.2882495516931338
3,144.5439770745928,144.5439770745928,0.9112172863869403,0.5410206144379344,0.06822833614881796,6.918309709189365,1.2302687708123816
3,151.3561248436207,151.3561248436207,0.9136199399928399,0.5310623790573288,0.05322040249234383,6.606934480075967,1.1748975549395309
3,158.48931924611173,158.48931924611173,0.9159620102509225,0.5209503326944263,0.0381216335108171,6.309573444801924,1.122018454301962
3,165.9586907437563,165.9586907437563,0.9182448275084942,0.5106843757496036,0.022935463227647057,6.02559586074357,1.071519305237605
3,173.78008287493762,173.78008287493762,0.9204697017407026,0.5002644959880371,0.007665390100572211,5.754399373371569,1.023292992280754
3,181.97008586099827,181.97008586099827,0.9226379224452974,0.4896907704581597,0.007665390100571767,5.49540873857625,1.0232929922807532
3,190.5460717963252,190.5460717963252,0.9247507585625879,0.47896336732252276,0.022935463227647834,5.248074602497718,1.071519305237608
3,199.52623149688827,199.52623149688827,0.9268094584194367,0.46808254759473555,0.038121633510817765,5.01187233627272,1.1220184543019638
3,208.92961308540407,208.92961308540407,0.9288152496961538,0.45704866677620404,0.05322040249234339,4.786300923226382,1.1748975549395297
3,218.77616239495518,218.77616239495518,0.9307693394151756,0.44586217638650993,0.06822833614881774,4.570881896148754,1.2302687708123805
3,229.08676527677702,229.08676527677702,0.932672913950443,0.434523625381367,0.08314206827273085,4.365158322401668,1.2882495516931314
3,239.88329190194946,239.88329190194946,0.9345271390564145,0.4230336614522555,0.09795830373563708,4.1686938347033475,1.3489628825916555
3,251.18864315095823,251.18864315095823,0.936333159915677,0.41139303220200396,0.11267382162602857,3.981071705534971,1.4125375446227548
3,263.02679918953817,263.02679918953817,0.9380921012041493,0.3996025861907735,0.12728547825546754,3.8018939632056146,1.4791083881682063
3,275.4228703338163,275.4228703338163,0.9398050671728903,0.3876632738471604,0.14179021002688852,3.6307805477010198,1.5488166189124786
3,288.4031503126612,288.4031503126612,0.9414731417455625,0.3755761482393448,0.15618503615949186,3.467368504525311,1.6218100973589324
3,301.9951720402019,301.9951720402019,0.9430973886306231,0.36334236570152945,0.17046706126507172,3.3113112148259094,1.6982436524617452
3,316.2277660168379,316.2277660168379,0.9446788514473456,0.3509631863111772,0.18463347777113992,3.1622776601683813,1.7782794100389216
3,331.13112148259074,331.13112148259074,0.9462185538648031,0.33843997421293626,0.19868156818665594,3.019951720402021,1.8620871366628644
3,346.7368504525324,346.7368504525324,0.9477174997529709,0.32577419778544714,0.21260870720672387,2.884031503126601,1.9498445997580487
3,363.07805477010174,363.07805477010174,0.9491766733451386,0.3129674296476389,0.22641236365310002,2.7542287033381645,2.0417379446695305
3,380.18939632056123,380.18939632056123,0.9505970394108462,0.3000213465014868,0.2400901022479044,2.630267991895383,2.137962089502231
3,398.1071705534969,398.1071705534969,0.9519795434385885,0.2869377288086701,0.25363958521841534,2.5118864315095837,2.2387211385683363
3,416.86938347033634,416.86938347033634,0.9533251118275589,0.27371846029895663,0.2670585737313863,2.398832919019486,2.3442288153199264
3,436.51583224016656,436.51583224016656,0.9546346520877333,0.26036552730864304,0.26036552730864304,2.2908676527677714,2.2908676527677714
3,457.08818961487515,457.08818961487515,0.9559090530476201,0.2468810179478066,0.2468810179478066,2.1877616239495534,2.1877616239495534
3,478.630092322638,478.630092322638,0.9571491850690288,0.23326712109566528,0.23326712109566528,2.0892961308540423,2.0892961308540423
3,501.1872336272735,501.1872336272735,0.9583559002682377,0.2195261252237899,0.2195261252237899,1.9952623149688757,1.9952623149688757
3,524.8074602497734,524.8074602497734,0.9595300327429661,0.2056604170474602,0.2056604170474602,1.9054607179632455,1.9054607179632455
3,549.5408738576248,549.5408738576248,0.9606723988045817,0.19167248000593506,0.19167248000593506,1.8197008586099839,1.8197008586099839
3,575.4399373371566,575.4399373371566,0.9617837972149988,0.17756489257297814,0.17756489257297814,1.7378008287493776,1.7378008287493776
3,602.5595860743593,602.5595860743593,0.9628650094277481,0.1633403263994495,0.1633403263994495,1.659586907437557,1.659586907437557
3,630.9573444801943,630.9573444801943,0.9639167998327203,0.14900154429034873,0.14900154429034873,1.5848931924611118,1.5848931924611118
3,660.6934480075964,660.6934480075964,0.9649399160041133,0.13455139801916582,0.13455139801916582,1.5135612484362082,1.5135612484362082
3,691.8309709189363,691.8309709189363,0.9659350889511301,0.11999282598297156,0.11999282598297156,1.4454397707459292,1.4454397707459292
3,724.4359600749891,724.4359600749891,0.9669030333709996,0.10532885070214049,0.10532885070214049,1.3803842646028879,1.3803842646028879
3,758.5775750291851,758.5775750291851,0.9678444479039142,0.09056257616912511,0.09056257616912511,1.3182567385564057,1.3182567385564057
3,794.3282347242822,794.3282347242822,0.9687600153894973,0.0756971850511885,0.0756971850511885,1.258925411794167,1.258925411794167
3,831.7637711026708,831.7637711026708,0.9696504031244346,0.0607359357524524,0.0607359357524524,1.202264434617414,1.202264434617414
3,870.9635899560797,870.9635899560797,0.9705162631209221,0.045682159341117856,0.045682159341117856,1.148153621496885,1.148153621496885
3,912.0108393559116,912.0108393559116,0.9713582323656046,0.03053925634810295,0.03053925634810295,1.0964781961431835,1.0964781961431835
3,954.9925860214369,954.9925860214369,0.9721769330786935,0.015310693443800205,0.015310693443800205,1.0471285480508994,1.0471285480508994
3,1000.0,1000.0,0.9729729729729729,3.3306690738754696e-16,3.3306690738754696e-16,1.0000000000000009,1.0000000000000009
3,1047.1285480508984,1047.1285480508984,0.9737469455124208,0.015310693443799428,0.015310693443799428,1.0471285480508974,1.0471285480508974
3,1096.4781961431872,1096.4781961431872,0.9744994301701827,0.030539256348103838,0.030539256348103838,1.0964781961431866,1.0964781961431866
3,1148.1536214968842,1148.1536214968842,0.9752309926856608,0.04568215934111719,0.04568215934111719,1.148153621496883,1.148153621496883
3,1202.2644346174131,1202.2644346174131,0.9759421853204877,0.06073593575245184,0.06073593575245184,1.202264434617412,1.202264434617412
3,1258.9254117941662,1258.9254117941662,0.9766335471131726,0.07569718505118783,0.07569718505118783,1.2589254117941648,1.2589254117941648
3,1318.25673855641,1318.25673855641,0.9773056041322233,0.09056257616912589,0.09056257616912589,1.318256738556409,1.318256738556409
3,1380.3842646028866,1380.3842646028866,0.9779588697275565,0.10532885070213982,0.10532885070213982,1.3803842646028854,1.3803842646028854
3,1445.439770745928,1445.439770745928,0.9785938447800273,0.1199928259829709,0.1199928259829709,1.4454397707459266,1.4454397707459266
3,1513.561248436207,1513.561248436207,0.9792110179489154,0.13455139801916527,0.13455139801916527,1.5135612484362055,1.5135612484362055
3,1584.8931924611175,1584.8931924611175,0.9798108659172231,0.1490015442903495,0.1490015442903495,1.584893192461116,1.584893192461116
3,1659.586907437563,1659.586907437563,0.9803938536346469,0.1633403263994503,0.1633403263994503,1.6595869074375615,1.6595869074375615
3,1737.8008287493763,1737.8008287493763,0.9809604345580986,0.17756489257297747,0.17756489257297747,1.7378008287493745,1.7378008287493745
3,1819.7008586099826,1819.7008586099826,0.9815110508896597,0.19167248000593473,0.19167248000593473,1.819700858609982,1.819700858609982
3,1905.4607179632521,1905.4607179632521,0.9820461338118668,0.20566041704746096,0.20566041704746096,1.9054607179632506,1.9054607179632506
3,1995.262314968883,1995.262314968883,0.9825661037202282,0.2195261252237909,0.2195261252237909,1.995262314968881,1.995262314968881
3,2089.2961308540407,2089.2961308540407,0.9830713704528903,0.23326712109566483,0.23326712109566483,2.0892961308540388,2.0892961308540388
3,2187.761623949552,2187.761623949552,0.9835623335173708,0.24688101794780626,0.24688101794780626,2.187761623949551,2.187761623949551
3,2290.86765276777,2290.86765276777,0.9840393823142937,0.2603655273086427,0.2603655273086427,2.290867652767769,2.290867652767769
3,2398.832919019495,2398.832919019495,0.9845028963580603,0.2737184602989574,0.26705857373138586,2.3988329190194926,2.344228815319922
3,2511.886431509582,2511.886431509582,0.9849532454944043,0.2869377288086694,0.253639585218416,2.5118864315095792,2.238721138568342
3,2630.2679918953813,2630.2679918953813,0.9853907901147815,0.3000213465014866,0.24009010224790517,2.630267991895381,2.137962089502235
3,2754.228703338163,2754.228703338163,0.9858158813675543,0.3129674296476386,0.22641236365310047,2.7542287033381623,2.041737944669534
3,2884.0315031266114,2884.0315031266114,0.986228861365936,0.3257741977854479,0.2126087072067233,2.8840315031266086,1.9498445997580451
3,3019.951720402019,3019.951720402019,0.9866300633926657,0.3384399742129357,0.1986815681866566,3.0199517204020156,1.8620871366628693
3,3162.2776601683795,3162.2776601683795,0.9870198121013906,0.35096318631117684,0.18463347777114048,3.162277660168378,1.778279410038925
3,3311.311214825908,3311.311214825908,0.9873984237147383,0.3633423657015289,0.17046706126507238,3.311311214825903,1.6982436524617497
3,3467.3685045253237,3467.3685045253237,0.9877662062190663,0.3755761482393455,0.15618503615949142,3.46736850452532,1.6218100973589296
3,3630.7805477010174,3630.7805477010174,0.9881234595558781,0.38766327384716015,0.14179021002688919,3.6307805477010167,1.5488166189124812
3,3801.8939632056126,3801.8939632056126,0.9884704758099054,0.39960258619077305,0.12728547825546843,3.801893963205608,1.4791083881682103
3,3981.071705534969,3981.071705534969,0.9888075393938548,0.41139303220200363,0.11267382162602924,3.9810717055349674,1.4125375446227573
3,4168.693834703364,4168.693834703364,0.9891349272298215,0.4230336614522565,0.0979583037356363,4.168693834703363,1.348962882591652
3,4365.158322401665,4365.158322401665,0.989452908927382,0.4345236253813667,0.08314206827273185,4.36515832240166,1.288249551693135
3,4570.881896148751,4570.881896148751,0.9897617469583717,0.4458621763865097,0.06822833614881829,4.57088189614875,1.2302687708123827
3,4786.30092322638,4786.30092322638,0.9900616968283663,0.4570486667762036,0.053220402492344165,4.786300923226373,1.1748975549395329
3,5011.872336272735,5011.872336272735,0.9903530072448802,0.468082547594736,0.03812163351081721,5.011872336272729,1.122018454301963
3,5248.074602497733,5248.074602497733,0.9906359202823051,0.4789633673225233,0.022935463227647612,5.248074602497732,1.0715193052376062
3,5495.408738576248,5495.408738576248,0.9909106715436089,0.48969077045815945,0.0076653901005726555,5.4954087385762405,1.0232929922807559
3,5754.399373371566,5754.399373371566,0.991177490318821,0.5002644959880369,0.007665390100571656,5.754399373371563,1.0232929922807523
3,6025.595860743593,6025.595860743593,0.9914365997403298,0.5106843757496043,0.022935463227647834,6.025595860743591,1.071519305237608
3,6309.573444801943,6309.573444801943,0.991688216935023,0.5209503326944267,0.03812163351081721,6.309573444801934,1.122018454301963
3,6606.9344800759645,6606.9344800759645,0.9919325531732991,0.5310623790573284,0.053220402492343166,6.606934480075961,1.1748975549395289
3,6918.309709189362,6918.309709189362,0.9921698140149857,0.541020614437934,0.06822833614881718,6.918309709189352,1.2302687708123783
3,7244.359600749921,7244.359600749921,0.9924001994521949,0.5508252238010094,0.08314206827273185,7.244359600749912,1.288249551693135
3,7585.775750291851,7585.775750291851,0.9926239040491538,0.5604764754019858,0.09795830373563685,7.585775750291848,1.3489628825916544
3,7943.282347242822,7943.282347242822,0.9928411170790465,0.5699747186440864,0.11267382162602801,7.9432823472428105,1.4125375446227524
3,8317.63771102671,8317.63771102671,0.993052022657904,0.5793203818734127,0.12728547825546732,8.317637711026704,1.479108388168205
3,8709.635899560797,8709.635899560797,0.9932567998755814,0.5885139701183241,0.14179021002688852,8.709635899560798,1.5488166189124786
3,9120.108393559116,9120.108393559116,0.9934556229238625,0.5975560627793812,0.15618503615949142,9.120108393559104,1.6218100973589296
3,9549.92586021437,9549.92586021437,0.9936486612217326,0.6064473112760196,0.17046706126507138,9.549925860214364,1.6982436524617437
3,10000.0,10000.0,0.9938360795378581,0.6151884366560387,0.18463347777113992,10.000000000000002,1.7782794100389216
3,10471.285480508985,10471.285480508985,0.9940180381103189,0.6237802271738548,0.1986815681866555,10.471285480508977,1.8620871366628626
3,10964.781961431829,10964.781961431829,0.9941946927636308,0.6322235358433435,0.21260870720672254,10.964781961431829,1.94984459975804
3,11481.536214968794,11481.536214968794,0.9943661950231056,0.6405192779709399,0.22641236365309847,11.481536214968783,2.04173794466952
3,12022.64434617418,12022.64434617418,0.9945326922265879,0.6486684286745166,0.2400901022479054,12.022644346174165,2.1379620895022367
3,12589.254117941713,12589.254117941713,0.994694327633614,0.6566720203933578,0.2536395852184161,12.589254117941708,2.238721138568344
3,13182.567385564102,13182.567385564102,0.9948512405320356,0.664531140394414,0.26705857373138586,13.182567385564083,2.344228815319922
3,13803.842646028867,13803.842646028867,0.995003566342153,0.672246928279767,0.26036552730864304,13.803842646028857,2.290867652767773
3,14454.39770745928,14454.39770745928,0.9951514367183991,0.6798205735000851,0.2468810179478066,14.454397707459282,2.1877616239495534
3,15135.612484362071,15135.612484362071,0.995294979648621,0.6872533128786195,0.2332671210956656,15.135612484362058,2.089296130854044
3,15848.931924611108,15848.931924611108,0.9954343195509995,0.6945464281500822,0.21952612522379122,15.848931924611108,1.9952623149688846
3,16595.86907437556,16595.86907437556,0.9955695773686538,0.7017012435185281,0.20566041704746174,16.595869074375546,1.9054607179632557
3,17378.008287493834,17378.008287493834,0.9957008706619709,0.7087191232381538,0.1916724800059343,17.37800828749381,1.819700858609979
3,18197.0085860999,18197.0085860999,0.995828313698706,0.7156014692206804,0.17756489257297703,18.19700858609989,1.7378008287493716
3,19054.607179632523,19054.607179632523,0.9959520175418953,0.7223497186728052,0.1633403263994495,19.054607179632526,1.659586907437557
3,19952.62314968883,19952.62314968883,0.9960720901356247,0.7289653417669295,0.14900154429034917,19.952623149688815,1.5848931924611134
3,20892.96130854041,20892.96130854041,0.9961886363886958,0.7354498393481952,0.13455139801916582,20.89296130854041,1.5135612484362082
3,21877.616239495517,21877.616239495517,0.996301758256233,0.741804740680611,0.11999282598297178,21.8776162394955,1.4454397707459303
3,22908.6765276777,22908.6765276777,0.9964115548192718,0.7480316012348469,0.10532885070214049,22.9086765276777,1.3803842646028879
3,23988.32919019485,23988.32919019485,0.9965181223623705,0.754132000520047,0.09056257616912677,23.988329190194822,1.3182567385564126
3,25118.864315095718,25118.864315095718,0.9966215544492867,0.7601075399618069,0.07569718505118972,25.11886431509571,1.2589254117941726
3,26302.679918953923,26302.679918953923,0.9967219419967579,0.7659598408282494,0.060735935752451176,26.302679918953906,1.2022644346174098
3,27542.287033381745,27542.287033381745,0.9968193733464277,0.7716905422059264,0.0456821593411163,27.54228703338175,1.1481536214968802
3,28840.315031266116,28840.315031266116,0.9969139343349553,0.7773012990270896,0.030539256348103283,28.840315031266094,1.0964781961431846
3,30199.51720402019,30199.51720402019,0.9970057083623508,0.782793780149657,0.015310693443800205,30.19951720402019,1.0471285480508994
3,31622.776601683792,31622.776601683792,0.99709477645857,0.7881696664910371,5.551115123125783e-16,31.62277660168376,1.0000000000000018
3,33113.112148259075,33113.112148259075,0.9971812173484121,0.7827937801496572,0.015310693443799428,30.199517204020218,1.0471285480508974
3,34673.68504525309,34673.68504525309,0.9972651075147538,0.7773012990270898,0.030539256348102173,28.84031503126617,1.0964781961431807
3,36307.80547701003,36307.80547701003,0.9973465212601593,0.7716905422059265,0.045682159341115636,27.542287033381776,1.148153621496878
3,38018.93963205628,38018.93963205628,0.9974255307669009,0.7659598408282486,0.06073593575245306,26.302679918953743,1.2022644346174163
3,39810.71705534986,39810.71705534986,0.997502206155428,0.760107539961807,0.07569718505118928,25.11886431509573,1.2589254117941704
3,41686.93834703363,41686.93834703363,0.9975766155413184,0.7541320005200474,0.09056257616912577,23.988329190194886,1.318256738556408
3,43651.58322401666,43651.58322401666,0.9976488250907477,0.7480316012348471,0.10532885070213982,22.908676527677716,1.3803842646028854
3,45708.818961487515,45708.818961487515,0.9977188990745098,0.7418047406806114,0.11999282598297056,21.877616239495556,1.4454397707459252
3,47863.0092322638,47863.0092322638,0.9977868999206237,0.7354498393481954,0.13455139801916527,20.89296130854043,1.5135612484362055
3,50118.72336272715,50118.72336272715,0.9978528882655588,0.72896534176693,0.14900154429034806,19.95262314968887,1.5848931924611076
3,52480.746024977125,52480.746024977125,0.9979169230041113,0.7223497186728053,0.16334032639944895,19.054607179632544,1.6595869074375542
3,54954.08738576271,54954.08738576271,0.9979790613379633,0.7156014692206794,0.17756489257297847,18.197008586099777,1.7378008287493807
3,57543.9937337159,57543.9937337159,0.9980393588229576,0.7087191232381529,0.19167248000593584,17.378008287493703,1.8197008586099885
3,60255.95860743593,60255.95860743593,0.9980978694151164,0.7017012435185286,0.20566041704746063,16.59586907437559,1.9054607179632488
3,63095.73444801943,63095.73444801943,0.9981546455154356,0.6945464281500824,0.2195261252237909,15.848931924611122,1.995262314968881
3,66069.34480075965,66069.34480075965,0.9982097380134859,0.6872533128786199,0.23326712109566472,15.135612484362099,2.089296130854037
3,69183.09709189362,69183.09709189362,0.9982631963298454,0.6798205735000853,0.24688101794780615,14.454397707459295,2.1877616239495494
3,72443.59600749891,72443.59600749891,0.9983150684573967,0.6722469282797675,0.26036552730864204,13.803842646028894,2.290867652767765
3,75857.7575029182,75857.7575029182,0.9983654010015143,0.6645311403944145,0.2670585737313863,13.182567385564118,2.3442288153199264
3,79432.82347242789,79432.82347242789,0.9984142392191689,0.6566720203933583,0.2536395852184168,12.58925411794174,2.238721138568348
3,83176.37711026742,83176.37711026742,0.9984616270569785,0.6486684286745154,0.24009010224790328,12.02264434617409,2.1379620895022216
3,87096.35899560832,87096.35899560832,0.9985076071882274,0.6405192779709403,0.2264123636530989,11.481536214968813,2.0417379446695234
3,91201.08393559116,91201.08393559116,0.9985522210488853,0.6322235358433436,0.21260870720672254,10.96478196143184,1.94984459975804
3,95499.25860214369,95499.25860214369,0.998595508872646,0.6237802271738553,0.19868156818665617,10.471285480509005,1.862087136662866
3,100000.0,100000.0,0.9986375097250134,0.615188436656039,0.18463347777113992,10.00000000000001,1.7782794100389216
3,104712.85480508985,104712.85480508985,0.9986782615364579,0.60644731127602,0.17046706126507183,9.549925860214389,1.6982436524617466
3,109647.81961431829,109647.81961431829,0.9987178011346676,0.5975560627793817,0.15618503615949186,9.120108393559127,1.6218100973589324
3,114815.36214968794,114815.36214968794,0.998756164275916,0.5885139701183248,0.14179021002688963,8.709635899560837,1.5488166189124841
3,120226.4434617418,120226.4434617418,0.9987933856755703,0.5793203818734121,0.12728547825546632,8.31763771102668,1.4791083881681997
3,125892.54117941714,125892.54117941714,0.9988294990377616,0.5699747186440862,0.11267382162602746,7.943282347242803,1.4125375446227497
3,131825.673855641,131825.673855641,0.9988645370842377,0.5604764754019851,0.09795830373563563,7.585775750291828,1.3489628825916495
3,138038.42646028867,138038.42646028867,0.9988985315824218,0.5508252238010092,0.0831420682727314,7.244359600749905,1.2882495516931327
3,144543.9770745928,144543.9770745928,0.9989315133726958,0.5410206144379346,0.06822833614881774,6.918309709189371,1.2302687708123805
3,151356.12484362072,151356.12484362072,0.9989635123949292,0.5310623790573288,0.053220402492343166,6.606934480075967,1.1748975549395289
3,158489.3192461111,158489.3192461111,0.9989945577142724,0.5209503326944273,0.03812163351081799,6.309573444801951,1.122018454301965
3,165958.69074375564,165958.69074375564,0.9990246775462355,0.5106843757496046,0.022935463227647834,6.025595860743596,1.071519305237608
3,173780.08287493835,173780.08287493835,0.9990538992810692,0.5002644959880365,0.007665390100570213,5.754399373371548,1.0232929922807485
3,181970.085860999,181970.085860999,0.9990822495074676,0.4896907704581591,0.007665390100573433,5.495408738576236,1.0232929922807577
3,190546.0717963252,190546.0717963252,0.9991097540356096,0.47896336732252276,0.022935463227648722,5.248074602497718,1.07151930523761
3,199526.2314968883,199526.2314968883,0.9991364379195583,0.4680825475947359,0.03812163351081799,5.011872336272725,1.122018454301965
3,208929.6130854041,208929.6130854041,0.999162325479033,0.45704866677620426,0.05322040249234383,4.786300923226387,1.1748975549395309
3,218776.16239495517,218776.16239495517,0.9991874403205727,0.44586217638650993,0.06822833614881829,4.570881896148754,1.2302687708123827
3,229086.765276777,229086.765276777,0.999211805358105,0.43452362538136724,0.0831420682727314,4.365158322401672,1.2882495516931327
3,239883.29190194848,239883.29190194848,0.99923544283294,0.42303366145225674,0.0979583037356363,4.168693834703366,1.348962882591652
3,251188.64315095925,251188.64315095925,0.9992583743331988,0.41139303220200296,0.11267382162603023,3.9810717055349567,1.4125375446227624
3,263026.7991895392,263026.7991895392,0.9992806208126986,0.3996025861907728,0.1272854782554691,3.8018939632056044,1.479108388168213
3,275422.87033381744,275422.87033381744,0.9993022026093036,0.3876632738471594,0.1417902100268903,3.630780547701007,1.5488166189124868
3,288403.15031266114,288403.15031266114,0.9993231394627583,0.37557614823934526,0.15618503615949186,3.467368504525317,1.6218100973589324
3,301995.1720402019,301995.1720402019,0.9993434505320181,0.36334236570152956,0.17046706126507183,3.311311214825912,1.6982436524617466
3,316227.7660168379,316227.7660168379,0.9993631544120883,0.3509631863111772,0.18463347777114048,3.1622776601683813,1.778279410038925
3,331131.12148259074,331131.12148259074,0.9993822691503876,0.3384399742129365,0.19868156818665617,3.0199517204020236,1.862087136662866
3,346736.85045253095,346736.85045253095,0.9994008122626468,0.32577419778544847,0.2126087072067231,2.884031503126614,1.9498445997580434
3,363078.0547701003,363078.0547701003,0.9994188007483563,0.31296742964764046,0.2264123636530989,2.754228703338179,2.0417379446695234
3,380189.3963205628,380189.3963205628,0.999436251105776,0.30002134650148626,0.24009010224790583,2.630267991895376,2.1379620895022406
3,398107.17055349855,398107.17055349855,0.9994531793465165,0.28693772880866897,0.2536395852184168,2.511886431509575,2.238721138568348
3,416869.3834703364,416869.3834703364,0.9994696010097059,0.27371846029895663,0.26705857373138675,2.398832919019486,2.3442288153199304
3,436515.83224016655,436515.83224016655,0.9994855311757534,0.26036552730864304,0.26036552730864304,2.290867652767773,2.290867652767773
3,457088.1896148752,457088.1896148752,0.9995009844797196,0.2468810179478066,0.2468810179478066,2.1877616239495534,2.1877616239495534
3,478630.092322638,478630.092322638,0.9995159751243043,0.2332671210956656,0.2332671210956656,2.089296130854044,2.089296130854044
3,501187.2336272715,501187.2336272715,0.9995305168924646,0.21952612522379122,0.21952612522379122,1.9952623149688846,1.9952623149688846
3,524807.4602497712,524807.4602497712,0.9995446231596706,0.20566041704746174,0.20566041704746174,1.9054607179632557,1.9054607179632557
3,549540.873857627,549540.873857627,0.9995583069058107,0.1916724800059343,0.1916724800059343,1.819700858609979,1.819700858609979
3,575439.937337159,575439.937337159,0.9995715807267551,0.17756489257297703,0.17756489257297703,1.7378008287493716,1.7378008287493716
3,602559.5860743594,602559.5860743594,0.9995844568455883,0.1633403263994495,0.1633403263994495,1.659586907437557,1.659586907437557
3,630957.3444801943,630957.3444801943,0.9995969471235181,0.14900154429034917,0.14900154429034917,1.5848931924611134,1.5848931924611134
3,660693.4480075964,660693.4480075964,0.9996090630704714,0.13455139801916582,0.13455139801916582,1.5135612484362082,1.5135612484362082
3,691830.9709189363,691830.9709189363,0.9996208158553855,0.11999282598297178,0.11999282598297178,1.4454397707459303,1.4454397707459303
3,724435.9600749891,724435.9600749891,0.9996322163162024,0.10532885070214049,0.10532885070214049,1.3803842646028879,1.3803842646028879
3,758577.575029182,758577.575029182,0.9996432749695753,0.09056257616912677,0.09056257616912677,1.3182567385564126,1.3182567385564126
3,794328.2347242854,794328.2347242854,0.9996540020202958,0.07569718505118694,0.07569718505118694,1.2589254117941615,1.2589254117941615
3,831763.7711026743,831763.7711026743,0.9996644073704479,0.060735935752451176,0.060735935752451176,1.2022644346174098,1.2022644346174098
3,870963.5899560832,870963.5899560832,0.9996745006282982,0.0456821593411163,0.0456821593411163,1.1481536214968802,1.1481536214968802
3,912010.8393559115,912010.8393559115,0.9996842911169294,0.030539256348103283,0.030539256348103283,1.0964781961431846,1.0964781961431846
3,954992.5860214368,954992.5860214368,0.9996937878826228,0.015310693443800205,0.015310693443800205,1.0471285480508994,1.0471285480508994
3,1000000.0,1000000.0,0.9997029997029997,5.551115123125783e-16,5.551115123125783e-16,1.0000000000000018,1.0000000000000018
3,1047128.5480508985,1047128.5480508985,0.9997119350949257,0.015310693443799428,0.015310693443799428,1.0471285480508974,1.0471285480508974
3,1096478.196143183,1096478.196143183,0.9997206023221864,0.030539256348102173,0.030539256348102173,1.0964781961431807,1.0964781961431807
3,1148153.6214968793,1148153.6214968793,0.9997290094029402,0.045682159341115636,0.045682159341115636,1.148153621496878,1.148153621496878
3,1202264.434617418,1202264.434617418,0.9997371641169543,0.06073593575245306,0.06073593575245306,1.2022644346174163,1.2022644346174163
3,1258925.4117941714,1258925.4117941714,0.999745074012632,0.07569718505118928,0.07569718505118928,1.2589254117941704,1.2589254117941704
3,1318256.7385564102,1318256.7385564102,0.9997527464138333,0.09056257616912577,0.09056257616912577,1.318256738556408,1.318256738556408
3,1380384.2646028865,1380384.2646028865,0.9997601884264992,0.10532885070213982,0.10532885070213982,1.3803842646028854,1.3803842646028854
3,1445439.770745928,1445439.770745928,0.9997674069450819,0.11999282598297056,0.11999282598297056,1.4454397707459252,1.4454397707459252
3,1513561.2484362072,1513561.2484362072,0.9997744086587885,0.13455139801916527,0.13455139801916527,1.5135612484362055,1.5135612484362055
3,1584893.192461111,1584893.192461111,0.9997812000576421,0.14900154429034806,0.14900154429034806,1.5848931924611076,1.5848931924611076
3,1659586.9074375562,1659586.9074375562,0.9997877874383662,0.16334032639944895,0.16334032639944895,1.6595869074375542,1.6595869074375542
3,1737800.8287493833,1737800.8287493833,0.9997941769100975,0.17756489257297847,0.17756489257297847,1.7378008287493807,1.7378008287493807
3,1819700.85860999,1819700.85860999,0.9998003743999325,0.19167248000593584,0.19167248000593584,1.8197008586099885,1.8197008586099885
3,1905460.7179632522,1905460.7179632522,0.9998063856583108,0.20566041704746063,0.20566041704746063,1.9054607179632488,1.9054607179632488
3,1995262.3149688828,1995262.3149688828,0.999812216264242,0.2195261252237909,0.2195261252237909,1.995262314968881,1.995262314968881
3,2089296.1308540408,2089296.1308540408,0.9998178716303793,0.23326712109566472,0.23326712109566472,2.089296130854037,2.089296130854037
3,2187761.623949552,2187761.623949552,0.9998233570079448,0.24688101794780615,0.24688101794780615,2.1877616239495494,2.1877616239495494
3,2290867.65276777,2290867.65276777,0.9998286774915106,0.26036552730864204,0.26036552730864204,2.290867652767765,2.290867652767765
3,2398832.919019485,2398832.919019485,0.9998338380236395,0.2737184602989561,0.2670585737313874,2.398832919019482,2.3442288153199344
3,2511886.4315095926,2511886.4315095926,0.9998388433993901,0.28693772880867063,0.25363958521841534,2.5118864315095886,2.2387211385683363
3,2630267.991895392,2630267.991895392,0.9998436982706898,0.3000213465014877,0.24009010224790428,2.63026799189539,2.137962089502229
3,2754228.7033381746,2754228.7033381746,0.9998484071505788,0.31296742964763935,0.22641236365310002,2.7542287033381694,2.0417379446695305
3,2884031.5031266115,2884031.5031266115,0.9998529744173303,0.3257741977854479,0.21260870720672365,2.8840315031266086,1.949844599758047
3,3019951.720402019,3019951.720402019,0.9998574043184498,0.3384399742129355,0.19868156818665728,3.019951720402013,1.8620871366628726
3,3162277.660168379,3162277.660168379,0.9998617009745556,0.35096318631117673,0.18463347777114103,3.1622776601683755,1.778279410038928
3,3311311.2148259077,3311311.2148259077,0.9998658683831472,0.3633423657015291,0.17046706126507238,3.3113112148259063,1.6982436524617497
3,3467368.5045253094,3467368.5045253094,0.9998699104222607,0.3755761482393444,0.15618503615949297,3.4673685045253047,1.6218100973589382
3,3630780.5477010026,3630780.5477010026,0.9998738308540185,0.38766327384715893,0.14179021002689074,3.6307805477010007,1.5488166189124895
3,3801893.963205628,3801893.963205628,0.9998776333280737,0.39960258619077416,0.12728547825546732,3.801893963205625,1.479108388168205
3,3981071.7055349853,3981071.7055349853,0.9998813213849527,0.4113930322020044,0.11267382162602857,3.981071705534978,1.4125375446227548
3,4168693.8347033635,4168693.8347033635,0.9998848984593002,0.4230336614522563,0.09795830373563685,4.168693834703359,1.3489628825916544
3,4365158.322401665,4365158.322401665,0.9998883678830277,0.43452362538136646,0.08314206827273252,4.365158322401657,1.2882495516931372
3,4570881.8961487515,4570881.8961487515,0.9998917328883699,0.4458621763865095,0.06822833614881874,4.570881896148745,1.230268770812385
3,4786300.92322638,4786300.92322638,0.9998949966108504,0.45704866677620337,0.05322040249234483,4.786300923226369,1.174897554939535
3,5011872.336272715,5011872.336272715,0.9998981620921602,0.4680825475947349,0.0381216335108191,5.011872336272707,1.122018454301969
3,5248074.602497712,5248074.602497712,0.9999012322829508,0.4789633673225223,0.022935463227649278,5.2480746024977085,1.0715193052376117
3,5495408.738576271,5495408.738576271,0.9999042100455457,0.48969077045816045,0.007665390100571656,5.495408738576265,1.0232929922807523
3,5754399.37337159,5754399.37337159,0.9999070981565708,0.5002644959880376,0.007665390100572211,5.754399373371578,1.023292992280754
3,6025595.860743593,6025595.860743593,0.9999098993095071,0.5106843757496042,0.022935463227647612,6.025595860743586,1.0715193052376062
3,6309573.444801942,6309573.444801942,0.9999126161171695,0.5209503326944265,0.03812163351081699,6.309573444801929,1.122018454301961
3,6606934.480075965,6606934.480075965,0.9999152511141098,0.5310623790573282,0.05322040249234261,6.606934480075955,1.1748975549395266
3,6918309.709189363,6918309.709189363,0.9999178067589506,0.5410206144379341,0.06822833614881718,6.918309709189359,1.2302687708123783
3,7244359.600749891,7244359.600749891,0.9999202854366489,0.5508252238010085,0.08314206827273019,7.244359600749879,1.288249551693128
3,7585775.750291821,7585775.750291821,0.9999226894606941,0.5604764754019848,0.09795830373563508,7.585775750291814,1.348962882591647
3,7943282.347242854,7943282.347242854,0.999925021075239,0.5699747186440873,0.11267382162602924,7.943282347242845,1.4125375446227573
3,8317637.711026743,8317637.711026743,0.999927282457169,0.5793203818734131,0.127285478255468,8.317637711026725,1.4791083881682077
3,8709635.899560831,8709635.899560831,0.9999294757181102,0.5885139701183246,0.14179021002688919,8.709635899560821,1.5488166189124812
3,9120108.393559115,9120108.393559115,0.9999316029063762,0.597556062779381,0.15618503615949075,9.120108393559095,1.6218100973589267
3,9549925.86021437,9549925.86021437,0.9999336660088597,0.6064473112760194,0.17046706126507083,9.549925860214355,1.6982436524617406
3,10000000.0,10000000.0,0.9999356669528657,0.6151884366560385,0.18463347777113925,9.999999999999993,1.7782794100389185
3,10471285.480508985,10471285.480508985,0.9999376076078917,0.6237802271738551,0.1986815681866555,10.471285480508985,1.8620871366628626
3,10964781.96143183,10964781.96143183,0.9999394897873546,0.6322235358433429,0.21260870720672154,10.9647819614318,1.949844599758033
3,11481536.214968793,11481536.214968793,0.999941315250266,0.6405192779709398,0.2264123636530978,11.481536214968772,2.041737944669516
3,12022644.34617418,12022644.34617418,0.9999430857028585,0.6486684286745164,0.24009010224790484,12.022644346174154,2.137962089502233
3,12589254.117941713,12589254.117941713,0.9999448028001633,0.6566720203933576,0.2536395852184157,12.589254117941696,2.23872113856834
3,13182567.385564102,13182567.385564102,0.9999464681475404,0.6645311403944142,0.26705857373138586,13.182567385564093,2.344228815319922
3,13803842.646028867,13803842.646028867,0.9999480833021646,0.6722469282797672,0.26036552730864304,13.803842646028869,2.290867652767773
3,14454397.70745928,14454397.70745928,0.9999496497744653,0.6798205735000846,0.2468810179478076,14.454397707459243,2.187761623949561
3,15135612.484362071,15135612.484362071,0.9999511690295265,0.6872533128786193,0.23326712109566627,15.135612484362046,2.089296130854048
3,15848931.924611108,15848931.924611108,0.9999526424884414,0.6945464281500822,0.2195261252237919,15.848931924611094,1.995262314968888
3,16595869.074375562,16595869.074375562,0.9999540715296303,0.7017012435185284,0.20566041704746174,16.59586907437556,1.9054607179632557
3,17378008.287493832,17378008.287493832,0.9999554574901165,0.7087191232381539,0.1916724800059343,17.378008287493827,1.819700858609979
3,18197008.5860999,18197008.5860999,0.9999568016667658,0.7156014692206805,0.17756489257297703,18.197008586099905,1.7378008287493716
3,19054607.179632522,19054607.179632522,0.999958105317489,0.7223497186728047,0.1633403263994505,19.054607179632477,1.659586907437563
3,19952623.14968883,19952623.14968883,0.9999593696624074,0.7289653417669294,0.1490015442903495,19.952623149688797,1.584893192461116
3,20892961.308540408,20892961.308540408,0.999960595884985,0.7354498393481952,0.13455139801916638,20.892961308540393,1.5135612484362109
3,21877616.23949552,21877616.23949552,0.9999617851331263,0.7418047406806111,0.11999282598297178,21.877616239495516,1.4454397707459303
3,22908676.5276777,22908676.5276777,0.999962938520241,0.7480316012348467,0.1053288507021416,22.908676527677635,1.3803842646028928
3,23988329.19019485,23988329.19019485,0.9999640571262781,0.7541320005200469,0.09056257616912722,23.9883291901948,1.318256738556415
3,25118864.315095924,25118864.315095924,0.9999651419987281,0.7601075399618077,0.07569718505118794,25.118864315095866,1.258925411794166
3,26302679.91895392,26302679.91895392,0.9999661941535951,0.7659598408282493,0.06073593575245184,26.30267991895388,1.202264434617412
3,27542287.033381745,27542287.033381745,0.9999672145763417,0.7716905422059263,0.04568215934111697,27.542287033381726,1.1481536214968822
3,28840315.031266116,28840315.031266116,0.9999682042228035,0.7773012990270896,0.030539256348103283,28.84031503126612,1.0964781961431846
3,30199517.20402019,30199517.20402019,0.9999691640200776,0.7827937801496567,0.015310693443801537,30.19951720402011,1.0471285480509032
3,31622776.60168379,31622776.60168379,0.9999700948673841,0.788169666491037,1.2212453270876722e-15,31.622776601683732,1.0000000000000036
3,33113112.148259077,33113112.148259077,0.9999709976369026,0.7827937801496574,0.015310693443799095,30.19951720402027,1.0471285480508956
3,34673685.0452531,34673685.0452531,0.9999718731745821,0.7773012990270898,0.030539256348102173,28.84031503126617,1.0964781961431807
3,36307805.47701003,36307805.47701003,0.9999727223009292,0.7716905422059269,0.045682159341114636,27.54228703338187,1.148153621496874
3,38018939.63205628,38018939.63205628,0.9999735458117698,0.7659598408282486,0.06073593575245306,26.302679918953743,1.2022644346174163
3,39810717.05534986,39810717.05534986,0.9999743444789908,0.7601075399618075,0.07569718505118794,25.118864315095824,1.258925411794166
3,41686938.347033635,41686938.347033635,0.9999751190512577,0.7541320005200476,0.09056257616912511,23.98832919019493,1.3182567385564057
3,43651583.22401665,43651583.22401665,0.9999758702547115,0.7480316012348474,0.10532885070213927,22.90867652767776,1.380384264602883
3,45708818.96148752,45708818.96148752,0.9999765987936452,0.7418047406806114,0.11999282598297056,21.877616239495556,1.4454397707459252
3,47863009.2322638,47863009.2322638,0.9999773053511589,0.7354498393481959,0.13455139801916416,20.892961308540503,1.5135612484362002
3,50118723.36272714,50118723.36272714,0.9999779905897965,0.7289653417669302,0.1490015442903473,19.952623149688904,1.5848931924611047
3,52480746.024977125,52480746.024977125,0.9999786551521627,0.7223497186728056,0.1633403263994484,19.054607179632576,1.6595869074375513
3,54954087.38576271,54954087.38576271,0.9999792996615215,0.7156014692206796,0.17756489257297814,18.19700858609981,1.7378008287493776
3,57543993.7337159,57543993.7337159,0.9999799247223773,0.7087191232381531,0.1916724800059355,17.378008287493735,1.8197008586099854
3,60255958.607435934,60255958.607435934,0.9999805309210381,0.7017012435185286,0.20566041704746063,16.59586907437559,1.9054607179632488
3,63095734.44801943,63095734.44801943,0.9999811188261621,0.6945464281500829,0.21952612522378967,15.848931924611179,1.995262314968874
3,66069344.80075964,66069344.80075964,0.9999816889892877,0.6872533128786202,0.23326712109566405,15.135612484362126,2.089296130854033
3,69183097.09189363,69183097.09189363,0.9999822419453481,0.6798205735000855,0.24688101794780548,14.45439770745932,2.1877616239495454
3,72443596.0074989,72443596.0074989,0.99998277821317,0.6722469282797675,0.26036552730864204,13.803842646028894,2.290867652767765
3,75857757.5029182,75857757.5029182,0.9999832982959577,0.6645311403944145,0.26705857373138586,13.182567385564118,2.344228815319922
3,79432823.47242855,79432823.47242855,0.999983802681762,0.6566720203933567,0.2536395852184137,12.589254117941628,2.2387211385683243
3,83176377.11026743,83176377.11026743,0.9999842918439367,0.648668428674516,0.24009010224790384,12.022644346174133,2.1379620895022255
3,87096358.99560831,87096358.99560831,0.9999847662415792,0.6405192779709407,0.2264123636530989,11.481536214968834,2.0417379446695234
3,91201083.93559115,91201083.93559115,0.9999852263199597,0.6322235358433439,0.21260870720672254,10.964781961431859,1.94984459975804
3,95499258.60214369,95499258.60214369,0.9999856725109367,0.6237802271738553,0.1986815681866555,10.471285480509005,1.8620871366628626
3,100000000.0,100000000.0,0.9999861052333602,0.615188436656039,0.18463347777113925,10.00000000000001,1.7782794100389185
3,104712854.80508985,104712854.80508985,0.9999865248934627,0.6064473112760205,0.17046706126507183,9.549925860214406,1.6982436524617466
3,109647819.61431828,109647819.61431828,0.9999869318852388,0.5975560627793819,0.15618503615949186,9.120108393559143,1.6218100973589324
3,114815362.14968793,114815362.14968793,0.999987326590813,0.5885139701183253,0.14179021002688963,8.709635899560851,1.5488166189124841
3,120226443.4617418,120226443.4617418,0.9999877093807971,0.5793203818734124,0.12728547825546632,8.317637711026697,1.4791083881681997
3,125892541.17941713,125892541.17941713,0.9999880806146357,0.5699747186440862,0.11267382162602702,7.943282347242803,1.4125375446227473
3,131825673.855641,131825673.855641,0.999988440640943,0.5604764754019859,0.0979583037356363,7.585775750291854,1.348962882591652
3,138038426.46028867,138038426.46028867,0.9999887897978281,0.5508252238010096,0.0831420682727314,7.2443596007499185,1.2882495516931327
3,144543977.0745928,144543977.0745928,0.9999891284132109,0.541020614437935,0.06822833614881774,6.9183097091893835,1.2302687708123805
3,151356124.84362072,151356124.84362072,0.9999894568051287,0.531062379057329,0.053220402492343166,6.606934480075979,1.1748975549395289
3,158489319.2461111,158489319.2461111,0.9999897752820344,0.5209503326944273,0.03812163351081721,6.309573444801951,1.122018454301963
3,165958690.74375564,165958690.74375564,0.9999900841430833,0.5106843757496053,0.022935463227648722,6.025595860743619,1.07151930523761
3,173780082.87493834,173780082.87493834,0.9999903836784146,0.5002644959880371,0.007665390100570879,5.754399373371569,1.0232929922807503
3,181970085.860999,181970085.860999,0.9999906741694217,0.48969077045815956,0.007665390100573433,5.495408738576246,1.0232929922807577
3,190546071.7963252,190546071.7963252,0.9999909558890151,0.4789633673225231,0.022935463227648722,5.248074602497727,1.07151930523761
3,199526231.49688828,199526231.49688828,0.9999912291018792,0.4680825475947359,0.03812163351081854,5.011872336272725,1.122018454301967
3,208929613.0854041,208929613.0854041,0.9999914940647183,0.45704866677620426,0.053220402492344165,4.786300923226387,1.1748975549395329
3,218776162.3949552,218776162.3949552,0.999991751026498,0.4458621763865108,0.06822833614881774,4.57088189614877,1.2302687708123805
3,229086765.276777,229086765.276777,0.9999920002286774,0.4345236253813678,0.0831420682727314,4.36515832240168,1.2882495516931327
3,239883291.90194848,239883291.90194848,0.9999922419054356,0.42303366145225707,0.0979583037356363,4.168693834703374,1.348962882591652
3,251188643.15095925,251188643.15095925,0.9999924762838907,0.4113930322020034,0.11267382162603023,3.981071705534964,1.4125375446227624
3,263026799.18953922,263026799.18953922,0.9999927035843122,0.3996025861907728,0.12728547825546954,3.8018939632056044,1.4791083881682154
3,275422870.3338175,275422870.3338175,0.999992924020328,0.3876632738471594,0.14179021002689074,3.630780547701007,1.5488166189124895
3,288403150.3126612,288403150.3126612,0.9999931377991235,0.3755761482393457,0.15618503615949186,3.4673685045253233,1.6218100973589324
3,301995172.0402019,301995172.0402019,0.9999933451216357,0.36334236570153,0.17046706126507183,3.311311214825918,1.6982436524617466
3,316227766.01683795,316227766.01683795,0.9999935461827425,0.3509631863111775,0.18463347777114048,3.1622776601683866,1.778279410038925
3,331131121.4825908,331131121.4825908,0.9999937411714437,0.3384399742129365,0.1986815681866566,3.0199517204020236,1.8620871366628693
3,346736850.452531,346736850.452531,0.9999939302710391,0.32577419778544936,0.21260870720672254,2.884031503126624,1.94984459975804
3,363078054.7701003,363078054.7701003,0.9999941136592999,0.3129674296476407,0.2264123636530989,2.754228703338184,2.0417379446695234
3,380189396.3205628,380189396.3205628,0.9999942915086351,0.3000213465014866,0.24009010224790583,2.630267991895381,2.1379620895022406
3,398107170.55349857,398107170.55349857,0.9999944639862531,0.2869377288086694,0.2536395852184168,2.5118864315095792,2.238721138568348
3,416869383.4703364,416869383.4703364,0.9999946312543188,0.2737184602989572,0.26705857373138675,2.3988329190194904,2.3442288153199304
3,436515832.24016654,436515832.24016654,0.9999947934701048,0.26036552730864304,0.26036552730864304,2.290867652767773,2.290867652767773
3,457088189.6148752,457088189.6148752,0.9999949507861395,0.2468810179478076,0.2468810179478076,2.187761623949561,2.187761623949561
3,478630092.32263803,478630092.32263803,0.99999510335035,0.23326712109566627,0.23326712109566627,2.089296130854048,2.089296130854048
3,501187233.6272715,501187233.6272715,0.9999952513062,0.2195261252237919,0.2195261252237919,1.995262314968888,1.995262314968888
3,524807460.24977124,524807460.24977124,0.9999953947928256,0.20566041704746174,0.20566041704746174,1.9054607179632557,1.9054607179632557
3,549540873.857627,549540873.857627,0.9999955339451643,0.1916724800059343,0.1916724800059343,1.819700858609979,1.819700858609979
3,575439937.337159,575439937.337159,0.9999956688940828,0.17756489257297703,0.17756489257297703,1.7378008287493716,1.7378008287493716
3,602559586.0743593,602559586.0743593,0.9999957997664987,0.1633403263994505,0.1633403263994505,1.659586907437563,1.659586907437563
3,630957344.4801943,630957344.4801943,0.9999959266855005,0.1490015442903495,0.1490015442903495,1.584893192461116,1.584893192461116
3,660693448.0075964,660693448.0075964,0.9999960497704621,0.13455139801916638,0.13455139801916638,1.5135612484362109,1.5135612484362109
3,691830970.9189363,691830970.9189363,0.9999961691371554,0.11999282598297178,0.11999282598297178,1.4454397707459303,1.4454397707459303
3,724435960.0749891,724435960.0749891,0.9999962848978586,0.1053288507021416,0.1053288507021416,1.3803842646028928,1.3803842646028928
3,758577575.0291821,758577575.0291821,0.9999963971614616,0.09056257616912722,0.09056257616912722,1.318256738556415,1.318256738556415
3,794328234.7242854,794328234.7242854,0.9999965060335683,0.07569718505118794,0.07569718505118794,1.258925411794166,1.258925411794166
3,831763771.1026742,831763771.1026742,0.9999966116165954,0.06073593575245184,0.06073593575245184,1.202264434617412,1.202264434617412
3,870963589.9560832,870963589.9560832,0.9999967140098687,0.04568215934111697,0.04568215934111697,1.1481536214968822,1.1481536214968822
3,912010839.3559115,912010839.3559115,0.9999968133097162,0.030539256348103283,0.030539256348103283,1.0964781961431846,1.0964781961431846
3,954992586.0214369,954992586.0214369,0.9999969096095587,0.015310693443801537,0.015310693443801537,1.0471285480509032,1.0471285480509032
3,1000000000.0,1000000000.0,0.999997002999997,1.2212453270876722e-15,1.2212453270876722e-15,1.0000000000000036,1.0000000000000036
3,1047128548.0508986,1047128548.0508986,0.9999970935688977,0.015310693443799095,0.015310693443799095,1.0471285480508956,1.0471285480508956
3,1096478196.1431828,1096478196.1431828,0.9999971814014748,0.030539256348102173,0.030539256348102173,1.0964781961431807,1.0964781961431807
3,1148153621.4968793,1148153621.4968793,0.9999972665803704,0.045682159341115636,0.045682159341115636,1.148153621496878,1.148153621496878
3,1202264434.617418,1202264434.617418,0.9999973491857317,0.06073593575245306,0.06073593575245306,1.2022644346174163,1.2022644346174163
3,1258925411.7941713,1258925411.7941713,0.9999974292952869,0.07569718505118794,0.07569718505118794,1.258925411794166,1.258925411794166
3,1318256738.55641,1318256738.55641,0.9999975069844175,0.09056257616912511,0.09056257616912511,1.3182567385564057,1.3182567385564057
3,1380384264.6028867,1380384264.6028867,0.9999975823262296,0.10532885070213927,0.10532885070213927,1.380384264602883,1.380384264602883
3,1445439770.745928,1445439770.745928,0.9999976553916221,0.11999282598297056,0.11999282598297056,1.4454397707459252,1.4454397707459252
3,1513561248.436207,1513561248.436207,0.9999977262493538,0.13455139801916416,0.13455139801916416,1.5135612484362002,1.5135612484362002
3,1584893192.4611108,1584893192.4611108,0.9999977949661073,0.1490015442903473,0.1490015442903473,1.5848931924611047,1.5848931924611047
3,1659586907.4375563,1659586907.4375563,0.9999978616065522,0.1633403263994484,0.1633403263994484,1.6595869074375513,1.6595869074375513
3,1737800828.7493834,1737800828.7493834,0.9999979262334059,0.17756489257297814,0.17756489257297814,1.7378008287493776,1.7378008287493776
3,1819700858.60999,1819700858.60999,0.9999979889074917,0.1916724800059355,0.1916724800059355,1.8197008586099854,1.8197008586099854
3,1905460717.963252,1905460717.963252,0.9999980496877967,0.20566041704746063,0.20566041704746063,1.9054607179632488,1.9054607179632488
3,1995262314.9688828,1995262314.9688828,0.9999981086315273,0.21952612522378967,0.21952612522378967,1.995262314968874,1.995262314968874
3,2089296130.8540409,2089296130.8540409,0.9999981657941621,0.23326712109566405,0.23326712109566405,2.089296130854033,2.089296130854033
3,2187761623.9495516,2187761623.9495516,0.9999982212295049,0.24688101794780548,0.24688101794780548,2.1877616239495454,2.1877616239495454
3,2290867652.76777,2290867652.76777,0.9999982749897347,0.26036552730864204,0.26036552730864204,2.290867652767765,2.290867652767765
3,2398832919.019485,2398832919.019485,0.999998327125455,0.2737184602989561,0.26705857373138675,2.398832919019482,2.3442288153199304
3,2511886431.5095925,2511886431.5095925,0.9999983776857412,0.28693772880867063,0.2536395852184147,2.5118864315095886,2.2387211385683323
3,2630267991.8953924,2630267991.8953924,0.9999984267181868,0.3000213465014866,0.24009010224790484,2.630267991895381,2.137962089502233
3,2754228703.3381743,2754228703.3381743,0.9999984742689482,0.3129674296476389,0.22641236365310002,2.7542287033381645,2.0417379446695305
3,2884031503.1266117,2884031503.1266117,0.9999985203827876,0.32577419778544736,0.21260870720672365,2.8840315031266037,1.949844599758047
3,3019951720.402019,3019951720.402019,0.9999985651031159,0.3384399742129355,0.1986815681866566,3.019951720402013,1.8620871366628693
3,3162277660.1683793,3162277660.1683793,0.9999986084720328,0.35096318631117673,0.18463347777114048,3.1622776601683755,1.778279410038925
3,3311311214.8259077,3311311214.8259077,0.9999986505303665,0.3633423657015282,0.17046706126507305,3.3113112148258943,1.6982436524617528
3,3467368504.5253096,3467368504.5253096,0.9999986913177124,0.37557614823934393,0.15618503615949297,3.4673685045252984,1.6218100973589382
3,3630780547.7010026,3630780547.7010026,0.9999987308724698,0.3876632738471585,0.14179021002689074,3.630780547700994,1.5488166189124895
3,3801893963.205628,3801893963.205628,0.9999987692318787,0.3996025861907737,0.12728547825546732,3.801893963205618,1.479108388168205
3,3981071705.5349855,3981071705.5349855,0.999998806432054,0.4113930322020044,0.11267382162602801,3.981071705534978,1.4125375446227524
3,4168693834.7033634,4168693834.7033634,0.99999884250802,0.4230336614522563,0.0979583037356363,4.168693834703359,1.348962882591652
3,4365158322.401666,4365158322.401666,0.999998877493743,0.4345236253813659,0.08314206827273252,4.365158322401649,1.2882495516931372
3,4570881896.148751,4570881896.148751,0.9999989114221639,0.44586217638650905,0.06822833614881874,4.570881896148737,1.230268770812385
3,4786300923.22638,4786300923.22638,0.9999989443252281,0.45704866677620337,0.053220402492344165,4.786300923226369,1.1748975549395329
3,5011872336.272715,5011872336.272715,0.9999989762339163,0.4680825475947349,0.03812163351081854,5.011872336272707,1.122018454301967
3,5248074602.497712,5248074602.497712,0.9999990071782736,0.4789633673225214,0.022935463227649833,5.24807460249769,1.0715193052376137
3,5495408738.576271,5495408738.576271,0.9999990371874373,0.48969077045815956,0.007665390100572211,5.495408738576246,1.023292992280754
3,5754399373.37159,5754399373.37159,0.9999990662896647,0.5002644959880371,0.007665390100572211,5.754399373371569,1.023292992280754
3,6025595860.743593,6025595860.743593,0.9999990945123598,0.5106843757496038,0.022935463227647612,6.025595860743575,1.0715193052376062
3,6309573444.801943,6309573444.801943,0.9999991218820984,0.5209503326944265,0.03812163351081721,6.309573444801929,1.122018454301963
3,6606934480.075964,6606934480.075964,0.9999991484246539,0.5310623790573282,0.053220402492343166,6.606934480075955,1.1748975549395289
3,6918309709.189363,6918309709.189363,0.9999991741650208,0.5410206144379335,0.06822833614881652,6.918309709189334,1.230268770812376
3,7244359600.749891,7244359600.749891,0.999999199127439,0.5508252238010081,0.08314206827273019,7.244359600749867,1.288249551693128
3,7585775750.291821,7585775750.291821,0.9999992233354156,0.5604764754019844,0.09795830373563508,7.585775750291801,1.348962882591647
3,7943282347.242854,7943282347.242854,0.9999992468117481,0.5699747186440869,0.11267382162602924,7.943282347242832,1.4125375446227573
3,8317637711.026743,8317637711.026743,0.999999269578545,0.5793203818734131,0.12728547825546843,8.317637711026725,1.4791083881682103
3,8709635899.560831,8709635899.560831,0.9999992916572472,0.5885139701183246,0.14179021002688963,8.709635899560821,1.5488166189124841
3,9120108393.559114,9120108393.559114,0.9999993130686475,0.5975560627793806,0.15618503615949075,9.120108393559079,1.6218100973589267
3,9549925860.214369,9549925860.214369,0.999999333832911,0.6064473112760189,0.17046706126507083,9.549925860214337,1.6982436524617406
3,10000000000.0,10000000000.0,0.9999993539695929,0.6151884366560383,0.18463347777113925,9.999999999999975,1.7782794100389185
3,10471285480.508986,10471285480.508986,0.9999993734976584,0.6237802271738547,0.1986815681866555,10.471285480508968,1.8620871366628626
3,10964781961.43183,10964781961.43183,0.9999993924354994,0.6322235358433426,0.21260870720672154,10.96478196143178,1.949844599758033
3,11481536214.968794,11481536214.968794,0.999999410800952,0.6405192779709394,0.2264123636530978,11.481536214968752,2.041737944669516
3,12022644346.17418,12022644346.17418,0.9999994286113137,0.648668428674516,0.24009010224790484,12.022644346174133,2.137962089502233
3,12589254117.941713,12589254117.941713,0.9999994458833592,0.6566720203933574,0.2536395852184157,12.589254117941675,2.23872113856834
3,13182567385.5641,13182567385.5641,0.9999994626333565,0.6645311403944139,0.26705857373138586,13.18256738556407,2.344228815319922
3,13803842646.028866,13803842646.028866,0.9999994788770821,0.672246928279767,0.26036552730864204,13.803842646028846,2.290867652767765
3,14454397707.45928,14454397707.45928,0.9999994946298358,0.6798205735000844,0.2468810179478066,14.454397707459218,2.1877616239495534
3,15135612484.362072,15135612484.362072,0.9999995099064551,0.6872533128786191,0.23326712109566516,15.135612484362019,2.0892961308540405
3,15848931924.611109,15848931924.611109,0.9999995247213295,0.6945464281500818,0.2195261252237909,15.848931924611065,1.995262314968881
3,16595869074.375563,16595869074.375563,0.9999995390884131,0.7017012435185281,0.20566041704746063,16.595869074375532,1.9054607179632488
3,17378008287.493835,17378008287.493835,0.9999995530212389,0.7087191232381537,0.1916724800059333,17.378008287493795,1.8197008586099725
3,18197008586.0999,18197008586.0999,0.999999566532931,0.7156014692206802,0.1775648925729758,18.197008586099873,1.7378008287493654
3,19054607179.632523,19054607179.632523,0.9999995796362167,0.7223497186728045,0.1633403263994495,19.05460717963244,1.659586907437557
3,19952623149.688828,19952623149.688828,0.9999995923434389,0.7289653417669291,0.1490015442903485,19.952623149688762,1.5848931924611105
3,20892961308.54041,20892961308.54041,0.9999996046665675,0.7354498393481949,0.13455139801916527,20.892961308540354,1.5135612484362055
3,21877616239.495518,21877616239.495518,0.9999996166172106,0.7418047406806108,0.11999282598297056,21.877616239495477,1.4454397707459252
3,22908676527.6777,22908676527.6777,0.9999996282066258,0.7480316012348465,0.10532885070214049,22.908676527677596,1.3803842646028879
3,23988329190.19485,23988329190.19485,0.9999996394457304,0.7541320005200467,0.09056257616912633,23.988329190194758,1.3182567385564103
3,25118864315.095924,25118864315.095924,0.9999996503451117,0.7601075399618075,0.07569718505118694,25.118864315095824,1.2589254117941615
3,26302679918.953922,26302679918.953922,0.9999996609150374,0.7659598408282491,0.06073593575245051,26.302679918953835,1.2022644346174076
3,27542287033.381744,27542287033.381744,0.9999996711654645,0.771690542205926,0.045682159341115636,27.542287033381676,1.148153621496878
3,28840315031.266117,28840315031.266117,0.9999996811060495,0.7773012990270894,0.030539256348102173,28.840315031266066,1.0964781961431807
3,30199517204.02019,30199517204.02019,0.9999996907461569,0.7827937801496565,0.015310693443800205,30.199517204020058,1.0471285480508994
3,31622776601.683792,31622776601.683792,0.9999997000948683,0.7881696664910368,0.0,31.62277660168368,1.0
3,33113112148.259075,33113112148.259075,0.9999997091609908,0.7827937801496574,0.015310693443800205,30.19951720402027,1.0471285480508994
3,34673685045.2531,34673685045.2531,0.9999997179530654,0.7773012990270898,0.030539256348103283,28.84031503126617,1.0964781961431846
3,36307805477.010025,36307805477.010025,0.9999997264793751,0.7716905422059265,0.04568215934111697,27.542287033381776,1.1481536214968822
3,38018939632.05628,38018939632.05628,0.9999997347479523,0.7659598408282486,0.06073593575245395,26.302679918953743,1.2022644346174205
3,39810717055.34985,39810717055.34985,0.999999742766587,0.7601075399618075,0.07569718505118928,25.118864315095824,1.2589254117941704
3,41686938347.03364,41686938347.03364,0.9999997505428336,0.7541320005200476,0.09056257616912633,23.98832919019493,1.3182567385564103
3,43651583224.016655,43651583224.016655,0.9999997580840184,0.7480316012348474,0.10532885070214049,22.90867652767776,1.3803842646028879
3,45708818961.48752,45708818961.48752,0.9999997653972459,0.7418047406806114,0.11999282598297178,21.877616239495556,1.4454397707459303
3,47863009232.2638,47863009232.2638,0.9999997724894064,0.7354498393481954,0.13455139801916638,20.89296130854043,1.5135612484362109
3,50118723362.72715,50118723362.72715,0.9999997793671815,0.7289653417669302,0.1490015442903485,19.952623149688904,1.5848931924611105
3,52480746024.97712,52480746024.97712,0.9999997860370513,0.7223497186728056,0.1633403263994495,19.054607179632576,1.659586907437557
3,54954087385.7627,54954087385.7627,0.9999997925052998,0.7156014692206796,0.17756489257297914,18.19700858609981,1.7378008287493838
3,57543993733.7159,57543993733.7159,0.999999798778021,0.7087191232381531,0.1916724800059364,17.378008287493735,1.8197008586099919
3,60255958607.43593,60255958607.43593,0.9999998048611252,0.7017012435185286,0.20566041704746174,16.59586907437559,1.9054607179632557
3,63095734448.019424,63095734448.019424,0.9999998107603435,0.6945464281500829,0.2195261252237909,15.848931924611179,1.995262314968881
3,66069344800.75964,66069344800.75964,0.9999998164812341,0.6872533128786202,0.23326712109566516,15.135612484362126,2.0892961308540405
3,69183097091.89363,69183097091.89363,0.9999998220291874,0.6798205735000855,0.2468810179478066,14.45439770745932,2.1877616239495534
3,72443596007.49892,72443596007.49892,0.9999998274094303,0.6722469282797675,0.26036552730864304,13.803842646028894,2.290867652767773
3,75857757502.9182,75857757502.9182,0.9999998326270324,0.6645311403944145,0.26705857373138786,13.182567385564118,2.344228815319939
3,79432823472.42854,79432823472.42854,0.9999998376869098,0.6566720203933567,0.2536395852184157,12.589254117941628,2.23872113856834
3,83176377110.26743,83176377110.26743,0.9999998425938299,0.648668428674516,0.24009010224790583,12.022644346174133,2.1379620895022406
3,87096358995.60832,87096358995.60832,0.9999998473524161,0.6405192779709407,0.22641236365310113,11.481536214968834,2.0417379446695376
3,91201083935.59116,91201083935.59116,0.9999998519671521,0.6322235358433439,0.21260870720672465,10.964781961431859,1.9498445997580538
3,95499258602.14369,95499258602.14369,0.9999998564423862,0.6237802271738553,0.19868156818665772,10.471285480509005,1.862087136662876
3,100000000000.0,100000000000.0,0.9999998607823349,0.615188436656039,0.18463347777114147,10.00000000000001,1.7782794100389312
3,104712854805.08984,104712854805.08984,0.999999864991088,0.6064473112760205,0.17046706126507416,9.549925860214406,1.6982436524617588
3,109647819614.31828,109647819614.31828,0.9999998690726106,0.5975560627793819,0.15618503615949397,9.120108393559143,1.621810097358944
3,114815362149.68794,114815362149.68794,0.9999998730307491,0.5885139701183253,0.14179021002689185,8.709635899560851,1.548816618912495
3,120226443461.7418,120226443461.7418,0.9999998768692328,0.5793203818734124,0.12728547825546843,8.317637711026697,1.4791083881682103
3,125892541179.41713,125892541179.41713,0.9999998805916787,0.5699747186440862,0.11267382162602924,7.943282347242803,1.4125375446227573
3,131825673855.641,131825673855.641,0.9999998842015944,0.5604764754019851,0.09795830373563741,7.585775750291828,1.3489628825916566
3,138038426460.28867,138038426460.28867,0.9999998877023814,0.5508252238010096,0.08314206827273363,7.2443596007499185,1.2882495516931418
3,144543977074.5928,144543977074.5928,0.9999998910973384,0.541020614437935,0.06822833614881996,6.9183097091893835,1.2302687708123892
3,151356124843.62073,151356124843.62073,0.9999998943896647,0.531062379057329,0.0532204024923455,6.606934480075979,1.174897554939537
3,158489319246.11108,158489319246.11108,0.9999998975824625,0.5209503326944273,0.038121633510819763,6.309573444801951,1.122018454301971
3,165958690743.7556,165958690743.7556,0.9999999006787403,0.5106843757496053,0.022935463227650943,6.025595860743619,1.0715193052376175
3,173780082874.93835,173780082874.93835,0.9999999036814159,0.5002644959880365,0.007665390100572211,5.754399373371548,1.023292992280754
3,181970085860.999,181970085860.999,0.9999999065933187,0.48969077045815956,0.007665390100570879,5.495408738576246,1.0232929922807503
3,190546071796.32523,190546071796.32523,0.9999999094171926,0.4789633673225231,0.02293546322764617,5.248074602497727,1.0715193052376022
3,199526231496.88828,199526231496.88828,0.9999999121556987,0.4680825475947359,0.03812163351081621,5.011872336272725,1.122018454301959
3,208929613085.40408,208929613085.40408,0.9999999148114175,0.45704866677620426,0.053220402492341945,4.786300923226387,1.1748975549395246
3,218776162394.95517,218776162394.95517,0.9999999173868516,0.4458621763865108,0.0682283361488154,4.57088189614877,1.2302687708123716
3,229086765276.777,229086765276.777,0.9999999198844278,0.4345236253813678,0.08314206827272885,4.36515832240168,1.2882495516931234
3,239883291901.9485,239883291901.9485,0.9999999223064999,0.42303366145225707,0.09795830373563397,4.168693834703374,1.3489628825916424
3,251188643150.95923,251188643150.95923,0.9999999246553503,0.4113930322020034,0.11267382162602801,3.981071705534964,1.4125375446227524
3,263026799189.5392,263026799189.5392,0.9999999269331923,0.3996025861907728,0.12728547825546732,3.8018939632056044,1.479108388168205
3,275422870333.81744,275422870333.81744,0.9999999291421725,0.3876632738471594,0.14179021002688852,3.630780547701007,1.5488166189124786
3,288403150312.66113,288403150312.66113,0.9999999312843725,0.3755761482393457,0.15618503615948964,3.4673685045253233,1.621810097358921
3,301995172040.2019,301995172040.2019,0.9999999333618111,0.36334236570153,0.1704670612650696,3.311311214825918,1.6982436524617346
3,316227766016.83795,316227766016.83795,0.9999999353764462,0.3509631863111775,0.18463347777113837,3.1622776601683866,1.7782794100389123
3,331131121482.59076,331131121482.59076,0.9999999373301759,0.3384399742129365,0.1986815681866544,3.0199517204020236,1.862087136662856
3,346736850452.53094,346736850452.53094,0.9999999392248418,0.32577419778544936,0.21260870720672043,2.884031503126624,1.949844599758026
3,363078054770.1003,363078054770.1003,0.999999941062229,0.3129674296476407,0.2264123636530968,2.754228703338184,2.0417379446695088
3,380189396320.5628,380189396320.5628,0.9999999428440692,0.3000213465014866,0.24009010224790384,2.630267991895381,2.1379620895022255
3,398107170553.49854,398107170553.49854,0.9999999445720418,0.2869377288086694,0.2536395852184147,2.5118864315095792,2.2387211385683323
3,416869383470.33636,416869383470.33636,0.9999999462477748,0.2737184602989572,0.26705857373138475,2.3988329190194904,2.344228815319914
3,436515832240.16656,436515832240.16656,0.9999999478728477,0.26036552730864304,0.26036552730864304,2.290867652767773,2.290867652767773
3,457088189614.8752,457088189614.8752,0.9999999494487919,0.2468810179478076,0.2468810179478076,2.187761623949561,2.187761623949561
3,478630092322.638,478630092322.638,0.9999999509770926,0.23326712109566627,0.23326712109566627,2.089296130854048,2.089296130854048
3,501187233627.2715,501187233627.2715,0.99999995245919,0.2195261252237919,0.2195261252237919,1.995262314968888,1.995262314968888
3,524807460249.77124,524807460249.77124,0.9999999538964809,0.20566041704746174,0.20566041704746174,1.9054607179632557,1.9054607179632557
3,549540873857.6271,549540873857.6271,0.9999999552903198,0.1916724800059343,0.1916724800059343,1.819700858609979,1.819700858609979
3,575439937337.1589,575439937337.1589,0.9999999566420202,0.17756489257297703,0.17756489257297703,1.7378008287493716,1.7378008287493716
3,602559586074.3594,602559586074.3594,0.9999999579528562,0.1633403263994505,0.1633403263994505,1.659586907437563,1.659586907437563
3,630957344480.1943,630957344480.1943,0.9999999592240629,0.1490015442903495,0.1490015442903495,1.584893192461116,1.584893192461116
3,660693448007.5964,660693448007.5964,0.9999999604568385,0.13455139801916638,0.13455139801916638,1.5135612484362109,1.5135612484362109
3,691830970918.9363,691830970918.9363,0.9999999616523447,0.11999282598297178,0.11999282598297178,1.4454397707459303,1.4454397707459303
3,724435960074.9891,724435960074.9891,0.9999999628117082,0.10532885070214049,0.10532885070214049,1.3803842646028879,1.3803842646028879
3,758577575029.182,758577575029.182,0.9999999639360218,0.09056257616912722,0.09056257616912722,1.318256738556415,1.318256738556415
3,794328234724.2854,794328234724.2854,0.9999999650263447,0.07569718505118794,0.07569718505118794,1.258925411794166,1.258925411794166
3,831763771102.6743,831763771102.6743,0.9999999660837049,0.06073593575245184,0.06073593575245184,1.202264434617412,1.202264434617412
3,870963589956.0833,870963589956.0833,0.9999999671090986,0.04568215934111697,0.04568215934111697,1.1481536214968822,1.1481536214968822
3,912010839355.9115,912010839355.9115,0.9999999681034922,0.030539256348103283,0.030539256348103283,1.0964781961431846,1.0964781961431846
3,954992586021.4369,954992586021.4369,0.9999999690678232,0.015310693443801537,0.015310693443801537,1.0471285480509032,1.0471285480509032
3,1000000000000.0,1000000000000.0,0.999999970003,1.2212453270876722e-15,1.2212453270876722e-15,1.0000000000000036,1.0000000000000036
5,1e-12,1000000000000.0,0.9999999987490568,0.9236420994187078,0.40126696824402364,99.99999999999952,3.1622776601683977
5,1.0471285480508985e-12,954992586021.4369,0.9999999987021588,0.9212238624775506,0.41467400955582556,95.49925860214314,3.31131121482593
5,1.096478196143183e-12,912010839355.9115,0.9999999986535032,0.9187349379148714,0.4278710655943603,91.20108393559089,3.4673685045253233
5,1.148153621496884e-12,870963589956.0797,0.9999999986030239,0.9161735426716705,0.44085826218557633,87.09635899560769,3.6307805477010326
5,1.202264434617413e-12,831763771102.6709,0.9999999985506528,0.9135378622965213,0.4536358403414482,83.17637711026676,3.8018939632056314
5,1.258925411794166e-12,794328234724.2822,0.9999999984963188,0.910826051065774,0.4662041540874423,79.43282347242784,3.9810717055349922
5,1.3182567385564048e-12,758577575029.185,0.9999999984399485,0.9080362321452655,0.47856366816040685,75.85775750291809,4.168693834703374
5,1.3803842646028866e-12,724435960074.9891,0.9999999983814655,0.905166497795423,0.47240997777781735,72.44359600749875,4.073802778041118
5,1.445439770745928e-12,691830970918.9363,0.9999999983207907,0.9022149096216735,0.459946128786593,69.18309709189342,3.890451449942798
5,1.5135612484362072e-12,660693448007.5964,0.999999998257842,0.8991794988720802,0.44727323406372654,66.0693448007594,3.7153522909717185
5,1.5848931924611108e-12,630957344480.1943,0.9999999981925342,0.8960582667841406,0.4343908839324975,63.09573444801914,3.5481338923357484
5,1.659586907437563e-12,602559586074.3569,0.9999999981247789,0.8928491849826832,0.42129878059434045,60.25595860743539,3.3884415613920082
5,1.7378008287493763e-12,575439937337.1566,0.9999999980544845,0.8895501959308008,0.4079967403671193,57.54399373371534,3.2359365692962667
5,1.8197008586099825e-12,549540873857.6248,0.9999999979815558,0.886159213435749,0.3944846957900764,54.95408738576232,3.090295432513587
5,1.9054607179632443e-12,524807460249.7734,0.9999999979058941,0.8826741232117338,0.38076269758812387,52.480746024977144,2.951209226666383
5,1.9952623149688827e-12,501187233627.2715,0.9999999978273971,0.8790927835014879,0.3668309164883675,50.118723362726946,2.8183829312644417
5,2.089296130854041e-12,478630092322.638,0.9999999977459586,0.8754130257585158,0.3526896448820317,47.86300923226358,2.6915348039269045
5,2.1877616239495518e-12,457088189614.8752,0.9999999976614683,0.8716326553918493,0.33833929832525755,45.70881896148727,2.5703957827688537
5,2.29086765276777e-12,436515832240.16656,0.9999999975738119,0.8677494525751308,0.3237804168726177,43.651583224016534,2.45470891568503
5,2.398832919019495e-12,416869383470.3346,0.9999999974828708,0.8637611731217762,0.3090136662375148,41.68693834703334,2.344228815319914
5,2.5118864315095823e-12,398107170553.4969,0.9999999973885221,0.8596655494279393,0.2940398387740891,39.81071705534954,2.2387211385683323
5,2.6302679918953816e-12,380189396320.5612,0.999999997290638,0.8554602914849068,0.2788598542756219,38.018939632055954,2.1379620895022255
5,2.7542287033381634e-12,363078054770.10175,0.9999999971890863,0.8511430879625175,0.2634747605849549,36.30780547700998,2.0417379446695234
5,2.8840315031266117e-12,346736850452.53094,0.9999999970837293,0.846711607365088,0.24788573401287095,34.6736850452529,1.949844599758033
5,3.0199517204020193e-12,331131121482.59076,0.9999999969744248,0.8421634992612596,0.23209407956092476,33.113112148258985,1.8620871366628626
5,3.1622776601683794e-12,316227766016.83795,0.9999999968610247,0.8374963955890666,0.21610123094570066,31.62277660168368,1.7782794100389185
5,3.3113112148259077e-12,301995172040.2019,0.9999999967433757,0.832707912037437,0.19990875042209555,30.199517204020058,1.6982436524617406
5,3.4673685045253096e-12,288403150312.66113,0.9999999966213187,0.8277956495051939,0.18351832840370308,28.840315031265966,1.6218100973589267
5,3.6307805477010174e-12,275422870333.81635,0.9999999964946885,0.8227571956385201,0.16693178287902255,27.54228703338148,1.548816618912473
5,3.8018939632056125e-12,263026799189.53815,0.999999996363314,0.8175901264476956,0.15015105862279432,26.302679918953743,1.479108388168205
5,3.9810717055349695e-12,251188643150.9582,0.9999999962270175,0.8122920080037666,0.13317822620232778,25.11886431509573,1.4125375446227524
5,4.168693834703346e-12,239883291901.9495,0.9999999960856145,0.8068603982156639,0.1160154807793834,23.988329190194843,1.348962882591652
5,4.365158322401665e-12,229086765276.777,0.999999995938914,0.8012928486880869,0.09866514070868693,22.908676527677596,1.288249551693128
5,4.5708818961487516e-12,218776162394.9552,0.9999999957867174,0.7955869066603174,0.0811296459348454,21.877616239495403,1.230268770812376
5,4.78630092322638e-12,208929613085.40408,0.9999999956288189,0.7897401170259133,0.06341155619000394,20.892961308540354,1.1748975549395289
5,5.011872336272715e-12,199526231496.88828,0.9999999954650052,0.7837500244330443,0.04551354899521465,19.952623149688762,1.122018454301963
5,5.248074602497734e-12,190546071796.32443,0.9999999952950546,0.7776141754650133,0.027438417469097365,19.054607179632374,1.0715193052376022
5,5.495408738576248e-12,181970085860.99826,0.9999999951187374,0.7713301209002819,0.009189067947926732,18.197008586099745,1.0232929922807503
5,5.754399373371567e-12,173780082874.93762,0.999999994935815,0.7648954180510831,0.009189067947929841,17.37800828749367,1.0232929922807577
5,6.0255958607435685e-12,165958690743.75632,0.9999999947460404,0.758307633179479,0.027438417469098697,16.59586907437559,1.0715193052376062
5,6.309573444801943e-12,158489319246.11108,0.9999999945491569,0.7515643439894419,0.04551354899521587,15.848931924611065,1.122018454301967
5,6.6069344800759645e-12,151356124843.62073,0.9999999943448983,0.7446631421933092,0.06341155619000516,15.135612484362019,1.1748975549395329
5,6.918309709189362e-12,144543977074.5928,0.9999999941329883,0.73760163615066,0.08112964593484828,14.454397707459218,1.230268770812385
5,7.244359600749891e-12,138038426460.28867,0.9999999939131408,0.7303774535774197,0.0986651407086897,13.803842646028796,1.2882495516931372
5,7.585775750291852e-12,131825673855.64047,0.9999999936850583,0.7229882443226932,0.11601548077938606,13.182567385563976,1.3489628825916615
5,7.943282347242821e-12,125892541179.41663,0.9999999934484327,0.7154316832105547,0.133178226202329,12.589254117941628,1.4125375446227573
5,8.317637711026709e-12,120226443461.74132,0.9999999932029441,0.7077054729437093,0.15015105862279587,12.02264434617409,1.4791083881682103
5,8.709635899560796e-12,114815362149.68842,0.9999999929482606,0.6998073470656825,0.1669317828790251,11.481536214968793,1.5488166189124841
5,9.120108393559116e-12,109647819614.31828,0.999999992684038,0.6917350729778483,0.18351832840370552,10.96478196143178,1.6218100973589382
5,9.549925860214368e-12,104712854805.08986,0.9999999924099193,0.6834864550073461,0.1999087504220981,10.47128548050893,1.6982436524617528
5,1e-11,100000000000.0,0.999999992125534,0.6750593375216032,0.2161012309457021,9.999999999999975,1.778279410038925
5,1.0471285480508984e-11,95499258602.14369,0.9999999918304978,0.6664516080849072,0.2320940795609261,9.549925860214337,1.8620871366628693
5,1.0964781961431828e-11,91201083935.59116,0.999999991524412,0.6576612006521556,0.24788573401287362,9.120108393559079,1.949844599758047
5,1.148153621496884e-11,87096358995.60797,0.9999999912068629,0.6486860987946137,0.2634747605849571,8.709635899560759,2.0417379446695376
5,1.202264434617413e-11,83176377110.26709,0.9999999908774215,0.63952433895224,0.2788598542756241,8.317637711026666,2.1379620895022406
5,1.2589254117941662e-11,79432823472.42822,0.9999999905356427,0.6301740137068282,0.29403983877409,7.943282347242803,2.23872113856834
5,1.3182567385564101e-11,75857757502.9182,0.9999999901810647,0.6206332750699628,0.3090136662375169,7.585775750291801,2.3442288153199304
5,1.3803842646028866e-11,72443596007.49892,0.9999999898132084,0.610900337779513,0.3237804168726188,7.244359600749867,2.4547089156850386
5,1.445439770745928e-11,69183097091.89363,0.9999999894315768,0.6009734825981141,0.33833929832525966,6.918309709189334,2.570395782768872
5,1.5135612484362072e-11,66069344800.75964,0.9999999890356543,0.5908510596068766,0.3526896448820339,6.606934480075932,2.6915348039269236
5,1.5848931924611107e-11,63095734448.01943,0.9999999886249064,0.5805314914873128,0.36683091648836863,6.309573444801929,2.8183829312644515
5,1.659586907437563e-11,60255958607.435684,0.9999999881987779,0.5700132767842592,0.38076269758812475,6.025595860743554,2.9512092266663936
5,1.7378008287493762e-11,57543993733.71567,0.9999999877566934,0.5592949931424045,0.3944846957900775,5.754399373371548,3.090295432513598
5,1.8197008586099825e-11,54954087385.76248,0.9999999872980556,0.5483753005088084,0.4079967403671213,5.495408738576226,3.23593656929629
5,1.9054607179632443e-11,52480746024.97734,0.9999999868222452,0.5372529442937035,0.42129878059434234,5.2480746024977085,3.3884415613920322
5,1.9952623149688828e-11,50118723362.72715,0.9999999863286196,0.5259267584816936,0.43439088393249936,5.011872336272689,3.5481338923357737
5,2.089296130854041e-11,47863009232.2638,0.9999999858165121,0.5143956686853873,0.44727323406372743,4.786300923226369,3.7153522909717314
5,2.187761623949552e-11,45708818961.48752,0.9999999852852312,0.5026586951333876,0.45994612878659413,4.570881896148737,3.8904514499428116
5,2.29086765276777e-11,43651583224.016655,0.9999999847340593,0.4907149555845586,0.47240997777781824,4.365158322401649,4.0738027780411326
5,2.3988329190194948e-11,41686938347.03346,0.9999999841622523,0.47856366816040385,0.47856366816040385,4.16869383470333,4.16869383470333
5,2.5118864315095823e-11,39810717055.34969,0.9999999835690383,0.46620415408743954,0.46620415408743954,3.9810717055349496,3.9810717055349496
5,2.6302679918953815e-11,38018939632.05613,0.999999982953616,0.45363584034144533,0.45363584034144533,3.801893963205591,3.801893963205591
5,2.7542287033381634e-11,36307805477.01018,0.9999999823151547,0.44085826218557433,0.44085826218557433,3.630780547701007,3.630780547701007
5,2.8840315031266117e-11,34673685045.2531,0.9999999816527926,0.4278710655943583,0.4278710655943583,3.4673685045252984,3.4673685045252984
5,3.019951720402019e-11,33113112148.25908,0.9999999809656354,0.41467400955582245,0.41467400955582245,3.3113112148258943,3.3113112148258943
5,3.1622776601683794e-11,31622776601.683792,0.9999999802527554,0.4012669682440205,0.4012669682440205,3.1622776601683644,3.1622776601683644
5,3.311311214825908e-11,30199517204.020187,0.9999999795131904,0.38764993305456674,0.38764993305456674,3.0199517204020023,3.0199517204020023
5,3.4673685045253096e-11,28840315031.266117,0.9999999787459424,0.3738230144959125,0.3738230144959125,2.8840315031266037,2.8840315031266037
5,3.6307805477010174e-11,27542287033.381634,0.9999999779499756,0.3597864439293996,0.3597864439293996,2.7542287033381547,2.7542287033381547
5,3.801893963205613e-11,26302679918.95381,0.999999977124216,0.3455405751514281,0.3455405751514281,2.6302679918953715,2.6302679918953715
5,3.9810717055349695e-11,25118864315.09582,0.999999976267549,0.33108588581135234,0.33108588581135234,2.5118864315095704,2.5118864315095704
5,4.168693834703364e-11,23988329190.194847,0.9999999753788186,0.3164229786591446,0.3164229786591446,2.398832919019473,2.398832919019473
5,4.3651583224016655e-11,22908676527.6777,0.9999999744568256,0.30155258261719764,0.30155258261719764,2.290867652767757,2.290867652767757
5,4.570881896148752e-11,21877616239.495518,0.9999999735003261,0.28647555367106936,0.28647555367106936,2.1877616239495454,2.1877616239495454
5,4.78630092322638e-11,20892961308.54041,0.9999999725080294,0.2711928755744305,0.2711928755744305,2.089296130854033,2.089296130854033
5,5.011872336272715e-11,19952623149.688828,0.9999999714785968,0.25570566036394404,0.25570566036394404,1.995262314968874,1.995262314968874
5,5.248074602497734e-11,19054607179.632442,0.9999999704106394,0.24001514868026808,0.24001514868026808,1.9054607179632352,1.9054607179632352
5,5.495408738576248e-11,18197008586.099827,0.9999999693027167,0.22412270989195282,0.22412270989195282,1.8197008586099725,1.8197008586099725
5,5.7543993733715666e-11,17378008287.493763,0.9999999681533341,0.20802984201947394,0.20802984201947394,1.7378008287493716,1.7378008287493716
5,6.025595860743569e-11,16595869074.37563,0.9999999669609413,0.19173817145726235,0.19173817145726235,1.659586907437557,1.659586907437557
5,6.309573444801942e-11,15848931924.61111,0.9999999657239301,0.1752494524921352,0.1752494524921352,1.5848931924611047,1.5848931924611047
5,6.606934480075964e-11,15135612484.362072,0.9999999644406321,0.15856556661711407,0.15856556661711407,1.5135612484362002,1.5135612484362002
5,6.918309709189363e-11,14454397707.45928,0.9999999631093168,0.1416885216402275,0.1416885216402275,1.4454397707459201,1.4454397707459201
5,7.244359600749891e-11,13803842646.028866,0.9999999617281887,0.124620450588523,0.124620450588523,1.380384264602883,1.380384264602883
5,7.585775750291851e-11,13182567385.564047,0.9999999602953856,0.1073636104080733,0.1073636104080733,1.3182567385564008,1.3182567385564008
5,7.943282347242822e-11,12589254117.941662,0.9999999588089755,0.08992038046144968,0.08992038046144968,1.2589254117941615,1.2589254117941615
5,8.317637711026709e-11,12022644346.17413,0.9999999572669545,0.07229326082466259,0.07229326082466259,1.2022644346174076,1.2022644346174076
5,8.709635899560797e-11,11481536214.96884,0.9999999556672435,0.054484870386275475,0.054484870386275475,1.148153621496878,1.148153621496878
5,9.120108393559115e-11,10964781961.43183,0.999999954007686,0.036497944751932576,0.036497944751932576,1.0964781961431769,1.0964781961431769
5,9.549925860214369e-11,10471285480.508986,0.9999999522860451,0.018335333958180544,0.018335333958180544,1.0471285480508956,1.0471285480508956
5,1e-10,10000000000.0,0.9999999505,1.4432899320127035e-15,1.4432899320127035e-15,1.0000000000000036,1.0000000000000036
5,1.0471285480508985e-10,9549925860.214369,0.9999999486471435,0.018335333958183653,0.018335333958183653,1.0471285480509032,1.0471285480509032
5,1.0964781961431829e-10,9120108393.559114,0.9999999467249784,0.036497944751936906,0.036497944751936906,1.0964781961431884,1.0964781961431884
5,1.1481536214968841e-10,8709635899.560797,0.9999999447309145,0.05448487038627958,0.05448487038627958,1.1481536214968902,1.1481536214968902
5,1.2022644346174132e-10,8317637711.026708,0.9999999426622644,0.07229326082466525,0.07229326082466525,1.2022644346174163,1.2022644346174163
5,1.2589254117941662e-10,7943282347.242822,0.999999940516241,0.08992038046145256,0.08992038046145256,1.2589254117941704,1.2589254117941704
5,1.31825673855641e-10,7585775750.291821,0.9999999382899526,0.10736361040807774,0.10736361040807774,1.318256738556415,1.318256738556415
5,1.3803842646028866e-10,7244359600.749891,0.9999999359804,0.12462045058852578,0.12462045058852578,1.3803842646028928,1.3803842646028928
5,1.445439770745928e-10,6918309709.189363,0.9999999335844718,0.14168852164023127,0.14168852164023127,1.4454397707459357,1.4454397707459357
5,1.5135612484362072e-10,6606934480.075964,0.9999999310989405,0.15856556661711652,0.15856556661711652,1.5135612484362109,1.5135612484362109
5,1.584893192461111e-10,6309573444.801943,0.999999928520458,0.17524945249213775,0.17524945249213775,1.584893192461116,1.584893192461116
5,1.6595869074375631e-10,6025595860.743568,0.9999999258455516,0.1917381714572649,0.1917381714572649,1.6595869074375689,1.6595869074375689
5,1.7378008287493763e-10,5754399373.371567,0.9999999230706188,0.20802984201947627,0.20802984201947627,1.7378008287493838,1.7378008287493838
5,1.8197008586099825e-10,5495408738.576248,0.9999999201919225,0.22412270989195637,0.22412270989195637,1.8197008586099919,1.8197008586099919
5,1.9054607179632522e-10,5248074602.497712,0.9999999172055866,0.24001514868027285,0.24001514868027285,1.9054607179632623,1.9054607179632623
5,1.9952623149688828e-10,5011872336.272715,0.9999999141075897,0.25570566036394626,0.25570566036394626,1.995262314968888,1.995262314968888
5,2.0892961308540407e-10,4786300923.22638,0.9999999108937611,0.27119287557443306,0.27119287557443306,2.089296130854048,2.089296130854048
5,2.1877616239495518e-10,4570881896.148752,0.9999999075597737,0.28647555367107147,0.28647555367107147,2.187761623949561,2.187761623949561
5,2.29086765276777e-10,4365158322.401666,0.9999999041011399,0.3015525826172013,0.3015525826172013,2.2908676527677816,2.2908676527677816
5,2.398832919019485e-10,4168693834.7033634,0.999999900513204,0.3164229786591478,0.3164229786591478,2.398832919019499,2.398832919019499
5,2.511886431509582e-10,3981071705.5349693,0.9999998967911367,0.3310858858113547,0.3310858858113547,2.5118864315095886,2.5118864315095886
5,2.6302679918953814e-10,3801893963.2056127,0.9999998929299287,0.3455405751514301,0.3455405751514301,2.63026799189539,2.63026799189539
5,2.754228703338163e-10,3630780547.701018,0.9999998889243841,0.35978644392940184,0.35978644392940184,2.7542287033381743,2.7542287033381743
5,2.8840315031266117e-10,3467368504.5253096,0.9999998847691126,0.3738230144959146,0.3738230144959146,2.884031503126624,2.884031503126624
5,3.0199517204020193e-10,3311311214.8259077,0.9999998804585235,0.38764993305456996,0.38764993305456996,3.0199517204020347,3.0199517204020347
5,3.1622776601683795e-10,3162277660.1683793,0.9999998759868172,0.40126696824402264,0.40126696824402264,3.1622776601683866,3.1622776601683866
5,3.3113112148259076e-10,3019951720.402019,0.9999998713479781,0.41467400955582456,0.41467400955582456,3.311311214825918,3.311311214825918
5,3.4673685045253093e-10,2884031503.1266117,0.999999866535766,0.4278710655943603,0.4278710655943603,3.4673685045253233,3.4673685045253233
5,3.6307805477010177e-10,2754228703.3381634,0.9999998615437083,0.44085826218557633,0.44085826218557633,3.6307805477010326,3.6307805477010326
5,3.801893963205613e-10,2630267991.8953815,0.999999856365091,0.4536358403414482,0.4536358403414482,3.8018939632056314,3.8018939632056314
5,3.9810717055349694e-10,2511886431.509582,0.9999998509929497,0.4662041540874423,0.4662041540874423,3.9810717055349922,3.9810717055349922
5,4.1686938347033633e-10,2398832919.019485,0.9999998454200606,0.47856366816040685,0.47856366816040685,4.168693834703374,4.168693834703374
5,4.3651583224016655e-10,2290867652.76777,0.9999998396389304,0.4907149555845607,0.47240997777781735,4.36515832240168,4.073802778041118
5,4.5708818961487517e-10,2187761623.949552,0.9999998336417866,0.5026586951333893,0.459946128786593,4.57088189614877,3.890451449942798
5,4.78630092322638e-10,2089296130.854041,0.9999998274205668,0.5143956686853892,0.44727323406372654,4.7863009232264035,3.7153522909717185
5,5.011872336272714e-10,1995262314.968883,0.9999998209669086,0.5259267584816962,0.4343908839324975,5.011872336272742,3.5481338923357484
5,5.248074602497733e-10,1905460717.9632447,0.9999998142721377,0.5372529442937053,0.42129878059434134,5.248074602497746,3.3884415613920202
5,5.495408738576248e-10,1819700858.6099825,0.9999998073272564,0.5483753005088101,0.4079967403671203,5.495408738576265,3.2359365692962783
5,5.754399373371567e-10,1737800828.7493763,0.9999998001229319,0.5592949931424063,0.3944846957900764,5.754399373371589,3.090295432513587
5,6.025595860743593e-10,1659586907.4375563,0.9999997926494836,0.5700132767842616,0.38076269758812276,6.025595860743619,2.9512092266663723
5,6.309573444801942e-10,1584893192.461111,0.9999997848968705,0.5805314914873143,0.3668309164883675,6.309573444801974,2.8183829312644417
5,6.606934480075964e-10,1513561248.4362073,0.9999997768546771,0.5908510596068782,0.3526896448820329,6.606934480075979,2.6915348039269142
5,6.918309709189363e-10,1445439770.7459278,0.9999997685121004,0.6009734825981158,0.3383392983252588,6.9183097091893835,2.570395782768863
5,7.244359600749891e-10,1380384264.6028867,0.9999997598579345,0.6109003377795147,0.3237804168726177,7.2443596007499185,2.45470891568503
5,7.58577575029182e-10,1318256738.55641,0.9999997508805567,0.6206332750699641,0.3090136662375159,7.585775750291854,2.344228815319922
5,7.943282347242822e-10,1258925411.794166,0.9999997415679108,0.6301740137068297,0.2940398387740891,7.943282347242859,2.2387211385683323
5,8.317637711026708e-10,1202264434.6174133,0.9999997319074923,0.6395243389522421,0.2788598542756219,8.317637711026755,2.1379620895022255
5,8.709635899560796e-10,1148153621.496884,0.9999997218863304,0.648686098794615,0.2634747605849559,8.709635899560821,2.0417379446695305
5,9.120108393559115e-10,1096478196.1431828,0.9999997114909717,0.6576612006521569,0.2478857340128724,9.120108393559143,1.94984459975804
5,9.549925860214368e-10,1047128548.0508986,0.999999700707462,0.6664516080849086,0.23209407956092476,9.549925860214406,1.8620871366628626
5,1e-09,999999999.9999999,0.9999996895213275,0.6750593375216045,0.21610123094570066,10.000000000000046,1.7782794100389185
5,1.0471285480508984e-09,954992586.0214369,0.9999996779175554,0.6834864550073478,0.19990875042209555,10.471285480509042,1.6982436524617406
5,1.0964781961431829e-09,912010839.3559115,0.9999996658805743,0.6917350729778498,0.1835183284037042,10.964781961431859,1.6218100973589324
5,1.148153621496884e-09,870963589.9560797,0.9999996533942332,0.6998073470656838,0.166931782879024,11.481536214968875,1.5488166189124786
5,1.202264434617413e-09,831763771.1026709,0.99999964044178,0.7077054729437104,0.15015105862279432,12.022644346174175,1.479108388168205
5,1.2589254117941663e-09,794328234.7242821,0.9999996270058391,0.7154316832105558,0.13317822620232778,12.589254117941719,1.4125375446227524
5,1.31825673855641e-09,758577575.0291821,0.9999996130683884,0.7229882443226955,0.11601548077938217,13.182567385564164,1.348962882591647
5,1.3803842646028865e-09,724435960.0749892,0.9999995986107351,0.7303774535774212,0.09866514070868693,13.803842646028944,1.288249551693128
5,1.445439770745928e-09,691830970.9189363,0.9999995836134912,0.737601636150661,0.08112964593484706,14.45439770745932,1.2302687708123805
5,1.513561248436207e-09,660693448.0075965,0.9999995680565472,0.7446631421933103,0.06341155619000394,15.135612484362126,1.1748975549395289
5,1.584893192461111e-09,630957344.4801942,0.9999995519190455,0.7515643439894429,0.04551354899521465,15.848931924611179,1.122018454301963
5,1.6595869074375631e-09,602559586.0743568,0.999999535179353,0.75830763317948,0.027438417469097365,16.595869074375706,1.0715193052376022
5,1.7378008287493762e-09,575439937.3371567,0.9999995178150318,0.7648954180510845,0.009189067947926732,17.37800828749386,1.0232929922807503
5,1.8197008586099825e-09,549540873.8576249,0.9999994998028093,0.7713301209002827,0.009189067947928509,18.197008586099873,1.023292992280754
5,1.9054607179632523e-09,524807460.2497712,0.999999481118548,0.7776141754650148,0.027438417469100362,19.054607179632576,1.07151930523761
5,1.9952623149688828e-09,501187233.6272715,0.9999994617372124,0.7837500244330453,0.04551354899521587,19.952623149688904,1.122018454301967
5,2.089296130854041e-09,478630092.322638,0.9999994416328366,0.7897401170259143,0.06341155619000516,20.892961308540503,1.1748975549395329
5,2.1877616239495518e-09,457088189.6148752,0.999999420778489,0.7955869066603187,0.08112964593484828,21.877616239495634,1.230268770812385
5,2.29086765276777e-09,436515832.24016654,0.9999993991462373,0.8012928486880878,0.09866514070868804,22.90867652767776,1.2882495516931327
5,2.3988329190194848e-09,416869383.4703364,0.9999993767071105,0.8068603982156642,0.1160154807793834,23.98832919019493,1.348962882591652
5,2.511886431509582e-09,398107170.55349696,0.9999993534310613,0.8122920080037674,0.133178226202329,25.118864315095912,1.4125375446227573
5,2.6302679918953816e-09,380189396.32056123,0.9999993292869254,0.8175901264476964,0.15015105862279587,26.30267991895393,1.4791083881682103
5,2.7542287033381634e-09,363078054.7701017,0.9999993042423807,0.8227571956385213,0.1669317828790251,27.542287033381776,1.5488166189124841
5,2.8840315031266117e-09,346736850.4525309,0.9999992782639042,0.8277956495051951,0.18351832840370552,28.84031503126627,1.6218100973589382
5,3.019951720402019e-09,331131121.4825908,0.9999992513167272,0.8327079120374378,0.199908750422097,30.19951720402027,1.6982436524617466
5,3.1622776601683795e-09,316227766.0168379,0.9999992233647896,0.8374963955890674,0.2161012309457021,31.622776601683903,1.778279410038925
5,3.3113112148259078e-09,301995172.0402019,0.9999991943706918,0.8421634992612603,0.2320940795609261,33.11311214825922,1.8620871366628693
5,3.4673685045253096e-09,288403150.3126612,0.9999991642956452,0.8467116073650891,0.24788573401287362,34.67368504525327,1.949844599758047
5,3.6307805477010177e-09,275422870.33381635,0.9999991330994205,0.8511430879625186,0.2634747605849571,36.30780547701037,2.0417379446695376
5,3.8018939632056126e-09,263026799.18953815,0.9999991007402947,0.8554602914849073,0.2788598542756229,38.018939632056224,2.137962089502233
5,3.981071705534969e-09,251188643.15095824,0.9999990671749959,0.8596655494279398,0.29403983877409,39.810717055349826,2.23872113856834
5,4.168693834703363e-09,239883291.9019485,0.9999990323586451,0.8637611731217772,0.3090136662375169,41.68693834703378,2.3442288153199304
5,4.365158322401665e-09,229086765.276777,0.9999989962446978,0.8677494525751314,0.3237804168726188,43.651583224016846,2.4547089156850386
5,4.570881896148752e-09,218776162.3949552,0.9999989587848818,0.8716326553918502,0.33833929832525966,45.70881896148775,2.570395782768872
5,4.78630092322638e-09,208929613.0854041,0.9999989199291329,0.8754130257585163,0.3526896448820329,47.86300923226391,2.6915348039269142
5,5.011872336272715e-09,199526231.49688828,0.9999988796255297,0.8790927835014886,0.36683091648836863,50.1187233627273,2.8183829312644515
5,5.248074602497734e-09,190546071.79632443,0.9999988378202236,0.8826741232117343,0.38076269758812475,52.48074602497751,2.9512092266663936
5,5.495408738576248e-09,181970085.86099827,0.9999987944573685,0.8861592134357497,0.3944846957900775,54.95408738576271,3.090295432513598
5,5.754399373371566e-09,173780082.87493765,0.9999987494790462,0.8895501959308014,0.4079967403671213,57.54399373371595,3.23593656929629
5,6.025595860743593e-09,165958690.74375564,0.9999987028251905,0.8928491849826841,0.42129878059434345,60.25595860743625,3.388441561392044
5,6.309573444801943e-09,158489319.2461111,0.9999986544335071,0.896058266784141,0.4343908839324985,63.095734448019584,3.5481338923357613
5,6.606934480075964e-09,151356124.84362072,0.9999986042393915,0.8991794988720806,0.44727323406372743,66.06934480075986,3.7153522909717314
5,6.918309709189363e-09,144543977.0745928,0.9999985521758438,0.902214909621674,0.45994612878659413,69.18309709189391,3.8904514499428116
5,7.244359600749891e-09,138038426.46028867,0.9999984981733797,0.9051664977954235,0.47240997777781824,72.44359600749927,4.0738027780411326
5,7.58577575029182e-09,131825673.855641,0.9999984421599394,0.9080362321452659,0.47856366816040474,75.85775750291863,4.168693834703344
5,7.943282347242822e-09,125892541.17941661,0.9999983840607914,0.9108260510657744,0.4662041540874404,79.4328234724284,3.981071705534964
5,8.317637711026709e-09,120226443.46174131,0.9999983237984351,0.9135378622965217,0.45363584034144633,83.17637711026735,3.8018939632056044
5,8.709635899560797e-09,114815362.14968841,0.9999982612924972,0.9161735426716708,0.44085826218557433,87.09635899560831,3.630780547701007
5,9.120108393559115e-09,109647819.6143183,0.9999981964596266,0.9187349379148718,0.4278710655943583,91.20108393559154,3.4673685045252984
5,9.549925860214368e-09,104712854.80508986,0.9999981292133839,0.9212238624775512,0.41467400955582245,95.49925860214417,3.3113112148258943
5,1e-08,100000000.0,0.9999980594641278,0.9236420994187082,0.4012669682440215,100.00000000000023,3.1622776601683755
5,1.0471285480509006e-08,95499258.6021435,0.9999979871188964,0.9259914003243424,0.38764993305456674,104.71285480509054,3.0199517204020023
5,1.0964781961431851e-08,91201083.93559097,0.999997912081285,0.9282734852646672,0.3738230144959114,109.64781961431909,2.884031503126593
5,1.148153621496884e-08,87096358.99560797,0.9999978342513188,0.9304900427872985,0.3597864439293996,114.81536214968887,2.7542287033381547
5,1.202264434617413e-08,83176377.11026709,0.9999977535253219,0.9326427299446247,0.3455405751514281,120.2264434617419,2.6302679918953715
5,1.2589254117941661e-08,79432823.47242822,0.9999976697957796,0.9347331723536082,0.33108588581135234,125.89254117941732,2.5118864315095704
5,1.3182567385564074e-08,75857757.50291836,0.9999975829511978,0.9367629642863027,0.3164229786591458,131.82567385564133,2.398832919019482
5,1.3803842646028838e-08,72443596.00749907,0.9999974928759557,0.9387336687894026,0.30155258261719875,138.0384264602891,2.290867652767765
5,1.4454397707459279e-08,69183097.09189363,0.999997399450154,0.9406468178311872,0.28647555367106936,144.54397707459336,2.1877616239495454
5,1.5135612484362072e-08,66069344.80075964,0.9999973025494568,0.9425039124742582,0.2711928755744305,151.35612484362142,2.089296130854033
5,1.584893192461114e-08,63095734.4480193,0.9999972020449286,0.9443064230725133,0.25570566036394404,158.48931924611196,1.995262314968874
5,1.6595869074375597e-08,60255958.60743581,0.9999970978028643,0.9460557894908411,0.24001514868026907,165.95869074375668,1.9054607179632421
5,1.7378008287493763e-08,57543993.73371567,0.9999969896846137,0.9477534213460667,0.22412270989195393,173.78008287493816,1.819700858609979
5,1.8197008586099826e-08,54954087.38576248,0.9999968775463995,0.9494006982677222,0.20802984201947394,181.97008586099895,1.7378008287493716
5,1.9054607179632482e-08,52480746.02497723,0.9999967612391281,0.9509989701772611,0.19173817145726235,190.5460717963253,1.659586907437557
5,1.9952623149688786e-08,50118723.362727255,0.9999966406081942,0.9525495575843805,0.17524945249213664,199.52623149688853,1.5848931924611105
5,2.0892961308540408e-08,47863009.2322638,0.9999965154932774,0.9540537518991632,0.15856556661711407,208.92961308540526,1.5135612484362002
5,2.1877616239495518e-08,45708818.96148752,0.9999963857281325,0.9555128157587919,0.1416885216402286,218.7761623949558,1.4454397707459252
5,2.2908676527677746e-08,43651583.22401657,0.9999962511403713,0.9569279833676438,0.12462045058852189,229.08676527677866,1.380384264602878
5,2.3988329190194897e-08,41686938.34703355,0.9999961115512357,0.9583004608496035,0.10736361040807485,239.88329190194955,1.3182567385564057
5,2.511886431509582e-08,39810717.05534969,0.9999959667753647,0.9596314266114946,0.08992038046144968,251.1886431509594,1.2589254117941615
5,2.6302679918953814e-08,38018939.632056125,0.9999958166205507,0.9609220317165608,0.07229326082466259,263.0267991895396,1.2022644346174076
5,2.754228703338169e-08,36307805.4770101,0.9999956608874879,0.9621734002669808,0.054484870386275475,275.422870333818,1.148153621496878
5,2.8840315031266057e-08,34673685.045253165,0.9999954993695115,0.9633866297944397,0.036497944751934464,288.40315031266204,1.0964781961431807
5,3.0199517204020194e-08,33113112.148259073,0.9999953318523269,0.9645627916578234,0.018335333958180544,301.99517204020304,1.0471285480508956
5,3.162277660168379e-08,31622776.601683795,0.9999951581137299,0.9657029314471479,1.4432899320127035e-15,316.2277660168371,1.0000000000000036
5,3.3113112148259144e-08,30199517.20402013,0.9999949779233154,0.9645627916578233,0.018335333958183653,301.9951720402009,1.0471285480509032
5,3.4673685045253164e-08,28840315.03126606,0.9999947910421765,0.9633866297944395,0.036497944751936906,288.40315031266,1.0964781961431884
5,3.6307805477010175e-08,27542287.033381633,0.9999945972225923,0.9621734002669806,0.05448487038627825,275.4228703338161,1.1481536214968862
5,3.8018939632056126e-08,26302679.918953814,0.9999943962077044,0.9609220317165605,0.07229326082466525,263.0267991895377,1.2022644346174163
5,3.9810717055349776e-08,25118864.315095767,0.9999941877311808,0.9596314266114944,0.08992038046145256,251.1886431509576,1.2589254117941704
5,4.168693834703355e-08,23988329.1901949,0.9999939715168692,0.9583004608496033,0.10736361040807607,239.8832919019487,1.3182567385564103
5,4.3651583224016566e-08,22908676.52767775,0.9999937472784359,0.9569279833676436,0.12462045058852467,229.08676527677702,1.3803842646028879
5,4.570881896148752e-08,21877616.23949552,0.9999935147189927,0.9555128157587918,0.14168852164023005,218.77616239495504,1.4454397707459303
5,4.78630092322638e-08,20892961.308540408,0.9999932735307094,0.954053751899163,0.15856556661711652,208.92961308540376,1.5135612484362109
5,5.011872336272725e-08,19952623.149688788,0.9999930233944134,0.9525495575843804,0.17524945249213775,199.52623149688782,1.584893192461116
5,5.248074602497723e-08,19054607.17963248,0.9999927639791729,0.950998970177261,0.1917381714572638,190.54607179632464,1.659586907437563
5,5.495408738576248e-08,18197008.586099826,0.9999924949418665,0.949400698267722,0.20802984201947627,181.97008586099764,1.7378008287493838
5,5.7543993733715665e-08,17378008.28749376,0.9999922159267366,0.9477534213460665,0.22412270989195526,173.78008287493753,1.8197008586099854
5,6.025595860743581e-08,16595869.074375598,0.9999919265649264,0.9460557894908408,0.24001514868027185,165.95869074375548,1.9054607179632557
5,6.30957344480193e-08,15848931.924611142,0.9999916264740002,0.9443064230725131,0.25570566036394626,158.48931924611082,1.995262314968888
5,6.606934480075964e-08,15135612.484362073,0.9999913152574459,0.9425039124742579,0.27119287557443306,151.35612484362036,2.089296130854048
5,6.918309709189362e-08,14454397.70745928,0.9999909925041605,0.9406468178311869,0.28647555367107147,144.54397707459233,2.187761623949561
5,7.244359600749906e-08,13803842.646028837,0.9999906577879153,0.9387336687894022,0.3015525826172013,138.03842646028812,2.2908676527677816
5,7.585775750291836e-08,13182567.385564074,0.9999903106668032,0.9367629642863023,0.3164229786591478,131.8256738556404,2.398832919019499
5,7.943282347242822e-08,12589254.11794166,0.9999899506826648,0.9347331723536079,0.3310858858113547,125.89254117941643,2.5118864315095886
5,8.317637711026709e-08,12022644.34617413,0.9999895773604945,0.9326427299446243,0.3455405751514301,120.22644346174104,2.63026799189539
5,8.709635899560814e-08,11481536.214968817,0.9999891902078243,0.9304900427872982,0.35978644392940184,114.81536214968806,2.7542287033381743
5,9.120108393559096e-08,10964781.961431852,0.9999887887140858,0.9282734852646668,0.3738230144959135,109.64781961431831,2.884031503126614
5,9.549925860214369e-08,10471285.480508985,0.9999883723499489,0.925991400324342,0.38764993305456885,104.71285480508979,3.0199517204020236
5,1e-07,10000000.0,0.9999879405666365,0.923642099418708,0.40126696824402264,99.99999999999987,3.1622776601683866
5,1.0471285480509007e-07,9549925.860214349,0.9999874927952144,0.9212238624775506,0.41467400955582556,95.49925860214314,3.31131121482593
5,1.0964781961431852e-07,9120108.393559096,0.9999870284458552,0.9187349379148714,0.4278710655943603,91.20108393559089,3.4673685045253233
5,1.148153621496884e-07,8709635.899560796,0.9999865469070763,0.9161735426716706,0.4408582621855758,87.09635899560784,3.6307805477010264
5,1.2022644346174132e-07,8317637.711026708,0.9999860475449496,0.9135378622965213,0.45363584034144766,83.1763771102669,3.801893963205625
5,1.2589254117941688e-07,7943282.347242805,0.9999855297022822,0.910826051065774,0.4662041540874423,79.43282347242784,3.9810717055349922
5,1.3182567385564074e-07,7585775.7502918355,0.9999849926977693,0.9080362321452655,0.4785636681604063,75.85775750291823,4.168693834703366
5,1.380384264602884e-07,7244359.600749905,0.9999844358251145,0.9051664977954232,0.47240997777781735,72.44359600749888,4.073802778041118
5,1.445439770745928e-07,6918309.709189363,0.9999838583521192,0.9022149096216736,0.459946128786593,69.18309709189354,3.890451449942798
5,1.5135612484362072e-07,6606934.480075964,0.999983259519739,0.8991794988720803,0.44727323406372654,66.06934480075951,3.7153522909717185
5,1.584893192461114e-07,6309573.44480193,0.9999826385411061,0.8960582667841406,0.43439088393249703,63.09573444801914,3.548133892335742
5,1.6595869074375596e-07,6025595.860743581,0.9999819946005164,0.8928491849826835,0.42129878059434134,60.255958607435716,3.3884415613920202
5,1.7378008287493762e-07,5754399.373371567,0.9999813268523797,0.889550195930801,0.40799674036711986,57.543993733715546,3.2359365692962725
5,1.8197008586099824e-07,5495408.738576248,0.999980634420133,0.8861592134357492,0.3944846957900764,54.95408738576242,3.090295432513587
5,1.9054607179632483e-07,5248074.602497723,0.9999799163951129,0.8826741232117338,0.3807626975881232,52.480746024977144,2.9512092266663776
5,1.9952623149688787e-07,5011872.336272725,0.9999791718353898,0.8790927835014882,0.3668309164883681,50.118723362727124,2.8183829312644466
5,2.0892961308540409e-07,4786300.923226381,0.9999783997645573,0.875413025758516,0.35268964488203236,47.86300923226375,2.6915348039269094
5,2.187761623949552e-07,4570881.8961487515,0.9999775991704809,0.8716326553918496,0.3383392983252581,45.70881896148743,2.570395782768858
5,2.2908676527677748e-07,4365158.322401657,0.9999767690039993,0.8677494525751306,0.3237804168726165,43.651583224016456,2.4547089156850213
5,2.39883291901949e-07,4168693.834703355,0.9999759081775801,0.8637611731217766,0.30901366623751536,41.68693834703349,2.344228815319918
5,2.5118864315095823e-07,3981071.705534969,0.9999750155639274,0.8596655494279394,0.2940398387740891,39.81071705534961,2.2387211385683323
5,2.6302679918953816e-07,3801893.9632056123,0.9999740899945389,0.8554602914849069,0.2788598542756219,38.01893963205602,2.1379620895022255
5,2.754228703338169e-07,3630780.54770101,0.9999731302582106,0.8511430879625176,0.2634747605849549,36.30780547701004,2.0417379446695234
5,2.8840315031266057e-07,3467368.504525317,0.9999721350994896,0.8467116073650885,0.2478857340128724,34.67368504525309,1.94984459975804
5,3.019951720402019e-07,3311311.2148259077,0.9999711032170696,0.8421634992612598,0.23209407956092476,33.11311214825904,1.8620871366628626
5,3.162277660168379e-07,3162277.6601683795,0.9999700332621297,0.8374963955890669,0.21610123094570066,31.622776601683732,1.7782794100389185
5,3.3113112148259143e-07,3019951.720402013,0.9999689238366137,0.832707912037437,0.19990875042209533,30.199517204020058,1.6982436524617377
5,3.467368504525317e-07,2884031.5031266054,0.9999677734914473,0.8277956495051941,0.18351832840370308,28.840315031266016,1.6218100973589267
5,3.6307805477010174e-07,2754228.7033381634,0.9999665807246917,0.8227571956385206,0.16693178287902333,27.54228703338158,1.5488166189124757
5,3.8018939632056126e-07,2630267.9918953814,0.9999653439796315,0.8175901264476956,0.15015105862279354,26.302679918953743,1.4791083881682023
5,3.981071705534977e-07,2511886.431509577,0.9999640616427939,0.8122920080037666,0.133178226202327,25.11886431509573,1.4125375446227497
5,4.168693834703355e-07,2398832.91901949,0.9999627320418967,0.8068603982156639,0.11601548077938295,23.988329190194843,1.3489628825916495
5,4.365158322401656e-07,2290867.6527677746,0.9999613534437234,0.8012928486880876,0.09866514070868804,22.908676527677716,1.2882495516931327
5,4.5708818961487516e-07,2187761.623949552,0.9999599240519228,0.7955869066603178,0.08112964593484617,21.877616239495477,1.2302687708123783
5,4.78630092322638e-07,2089296.130854041,0.9999584420047292,0.7897401170259133,0.06341155619000316,20.892961308540354,1.1748975549395266
5,5.011872336272725e-07,1995262.3149688789,0.9999569053726018,0.7837500244330443,0.04551354899521376,19.952623149688762,1.122018454301961
5,5.248074602497723e-07,1905460.7179632483,0.9999553121557805,0.7776141754650139,0.027438417469098142,19.05460717963244,1.0715193052376042
5,5.495408738576248e-07,1819700.8586099825,0.9999536602817527,0.7713301209002821,0.009189067947926732,18.197008586099777,1.0232929922807503
5,5.754399373371567e-07,1737800.8287493763,0.9999519476026327,0.7648954180510836,0.009189067947928842,17.378008287493735,1.0232929922807559
5,6.025595860743581e-07,1659586.9074375597,0.9999501718924453,0.7583076331794788,0.027438417469100362,16.59586907437556,1.07151930523761
5,6.30957344480193e-07,1584893.1924611141,0.9999483308443142,0.7515643439894424,0.04551354899521509,15.848931924611122,1.122018454301965
5,6.606934480075964e-07,1513561.2484362072,0.9999464220675502,0.7446631421933095,0.06341155619000516,15.135612484362046,1.1748975549395329
5,6.918309709189363e-07,1445439.770745928,0.999944443084636,0.7376016361506603,0.08112964593484828,14.454397707459243,1.230268770812385
5,7.244359600749906e-07,1380384.264602884,0.9999423913281034,0.7303774535774199,0.0986651407086897,13.803842646028821,1.2882495516931372
5,7.585775750291836e-07,1318256.7385564074,0.9999402641373004,0.722988244322694,0.11601548077938495,13.182567385564047,1.3489628825916566
5,7.943282347242821e-07,1258925.4117941663,0.9999380587550442,0.7154316832105547,0.13317822620232966,12.589254117941628,1.4125375446227597
5,8.317637711026709e-07,1202264.4346174132,0.9999357723241534,0.7077054729437096,0.15015105862279587,12.022644346174111,1.4791083881682103
5,8.709635899560814e-07,1148153.6214968818,0.9999334018838608,0.6998073470656825,0.16693178287902588,11.481536214968793,1.5488166189124868
5,9.120108393559096e-07,1096478.1961431853,0.9999309443660956,0.6917350729778493,0.1835183284037042,10.96478196143184,1.6218100973589324
5,9.549925860214369e-07,1047128.5480508985,0.9999283965916375,0.6834864550073466,0.19990875042209777,10.471285480508968,1.6982436524617497
5,1e-06,1000000.0,0.9999257552661323,0.6750593375216032,0.21610123094570244,9.999999999999975,1.778279410038928
5,1.0471285480509007e-06,954992.586021435,0.9999230169759684,0.6664516080849072,0.23209407956092676,9.549925860214337,1.8620871366628726
5,1.096478196143185e-06,912010.8393559096,0.9999201781840077,0.6576612006521556,0.24788573401287395,9.120108393559079,1.9498445997580502
5,1.148153621496884e-06,870963.5899560797,0.999917235225165,0.6486860987946141,0.2634747605849571,8.709635899560775,2.0417379446695376
5,1.2022644346174132e-06,831763.7711026708,0.9999141843018325,0.6395243389522407,0.27885985427562343,8.317637711026697,2.1379620895022367
5,1.2589254117941687e-06,794328.2347242805,0.9999110214791435,0.6301740137068279,0.29403983877409123,7.943282347242789,2.238721138568348
5,1.3182567385564074e-06,758577.5750291836,0.9999077426800683,0.620633275069963,0.3090136662375169,7.585775750291814,2.3442288153199304
5,1.3803842646028865e-06,724435.9600749891,0.9999043436803392,0.6109003377795135,0.3237804168726188,7.244359600749879,2.4547089156850386
5,1.445439770745928e-06,691830.9709189363,0.999900820103196,0.6009734825981146,0.33833929832525966,6.918309709189346,2.570395782768872
5,1.5135612484362072e-06,660693.4480075964,0.9998971674139479,0.5908510596068774,0.35268964488203347,6.606934480075955,2.691534803926919
5,1.584893192461114e-06,630957.344480193,0.9998933809143441,0.5805314914873123,0.36683091648836974,6.309573444801918,2.8183829312644617
5,1.6595869074375596e-06,602559.5860743581,0.9998894557367481,0.5700132767842595,0.38076269758812475,6.0255958607435645,2.9512092266663936
5,1.7378008287493763e-06,575439.9373371566,0.9998853868381072,0.5592949931424052,0.3944846957900775,5.754399373371558,3.090295432513598
5,1.8197008586099826e-06,549540.8738576248,0.9998811689937109,0.548375300508809,0.4079967403671213,5.495408738576236,3.23593656929629
5,1.9054607179632483e-06,524807.4602497723,0.9998767967907322,0.5372529442937035,0.4212987805943429,5.2480746024977085,3.3884415613920384
5,1.9952623149688787e-06,501187.23362727254,0.9998722646215423,0.5259267584816949,0.4343908839324985,5.011872336272716,3.5481338923357613
5,2.0892961308540407e-06,478630.0923226381,0.9998675666767931,0.5143956686853873,0.447273234063728,4.786300923226369,3.715352290971738
5,2.1877616239495517e-06,457088.1896148752,0.9998626969382571,0.5026586951333879,0.45994612878659413,4.570881896148745,3.8904514499428116
5,2.2908676527677747e-06,436515.8322401656,0.99985764917142,0.4907149555845586,0.4724099777778188,4.365158322401649,4.07380277804114
5,2.3988329190194897e-06,416869.3834703355,0.9998524169178129,0.47856366816040474,0.47856366816040474,4.168693834703344,4.168693834703344
5,2.5118864315095823e-06,398107.1705534969,0.9998469934870813,0.4662041540874404,0.4662041540874404,3.981071705534964,3.981071705534964
5,2.6302679918953812e-06,380189.3963205613,0.9998413719487752,0.45363584034144633,0.45363584034144633,3.8018939632056044,3.8018939632056044
5,2.754228703338169e-06,363078.05477010104,0.9998355451238572,0.4408582621855739,0.4408582621855739,3.6307805477010007,3.6307805477010007
5,2.884031503126606e-06,346736.85045253165,0.9998295055759142,0.4278710655943594,0.4278710655943594,3.467368504525311,3.467368504525311
5,3.0199517204020193e-06,331131.12148259074,0.9998232456020661,0.4146740095558229,0.4146740095558229,3.3113112148259005,3.3113112148259005
5,3.162277660168379e-06,316227.76601683797,0.9998167572235596,0.4012669682440215,0.4012669682440215,3.1622776601683755,3.1622776601683755
5,3.3113112148259145e-06,301995.1720402013,0.9998100321760365,0.3876499330545673,0.3876499330545673,3.0199517204020077,3.0199517204020077
5,3.467368504525317e-06,288403.15031266055,0.999803061899467,0.37382301449591193,0.37382301449591193,2.8840315031265984,2.8840315031265984
5,3.6307805477010175e-06,275422.87033381633,0.9997958375277348,0.3597864439294002,0.3597864439294002,2.7542287033381596,2.7542287033381596
5,3.801893963205613e-06,263026.7991895381,0.9997883498778645,0.34554057515142844,0.34554057515142844,2.630267991895376,2.630267991895376
5,3.981071705534978e-06,251188.64315095768,0.9997805894388772,0.33108588581135234,0.33108588581135234,2.5118864315095704,2.5118864315095704
5,4.168693834703355e-06,239883.291901949,0.9997725463602638,0.31642297865914637,0.31642297865914637,2.398832919019486,2.398832919019486
5,4.365158322401665e-06,229086.76527677703,0.9997642104400624,0.30155258261719875,0.30155258261719875,2.290867652767765,2.290867652767765
5,4.570881896148752e-06,218776.16239495517,0.9997555711125267,0.2864755536710697,0.2864755536710697,2.1877616239495494,2.1877616239495494
5,4.78630092322638e-06,208929.6130854041,0.999746617435372,0.27119287557443117,0.27119287557443117,2.089296130854037,2.089296130854037
5,5.011872336272725e-06,199526.23149688786,0.9997373380765847,0.25570566036394404,0.25570566036394404,1.995262314968874,1.995262314968874
5,5.248074602497723e-06,190546.07179632483,0.9997277213007817,0.24001514868026985,0.24001514868026985,1.9054607179632455,1.9054607179632455
5,5.4954087385762485e-06,181970.08586099825,0.9997177549551026,0.22412270989195393,0.22412270989195393,1.819700858609979,1.819700858609979
5,5.754399373371567e-06,173780.08287493762,0.9997074264546233,0.20802984201947394,0.20802984201947394,1.7378008287493716,1.7378008287493716
5,6.025595860743581e-06,165958.690743756,0.9996967227672708,0.19173817145726235,0.19173817145726235,1.659586907437557,1.659586907437557
5,6.30957344480193e-06,158489.3192461114,0.9996856303982264,0.17524945249213664,0.17524945249213664,1.5848931924611105,1.5848931924611105
5,6.606934480075964e-06,151356.12484362072,0.9996741353737985,0.1585655666171143,0.1585655666171143,1.5135612484362029,1.5135612484362029
5,6.9183097091893625e-06,144543.9770745928,0.9996622232247486,0.1416885216402286,0.1416885216402286,1.4454397707459252,1.4454397707459252
5,7.244359600749906e-06,138038.42646028838,0.9996498789690532,0.12462045058852256,0.12462045058852256,1.3803842646028806,1.3803842646028806
5,7.585775750291836e-06,131825.67385564075,0.9996370870940817,0.10736361040807485,0.10736361040807485,1.3182567385564057,1.3182567385564057
5,7.943282347242822e-06,125892.54117941661,0.9996238315381726,0.08992038046145057,0.08992038046145057,1.2589254117941637,1.2589254117941637
5,8.31763771102671e-06,120226.4434617413,0.9996100956715886,0.07229326082466314,0.07229326082466314,1.2022644346174098,1.2022644346174098
5,8.709635899560814e-06,114815.36214968817,0.9995958622768306,0.05448487038627625,0.05448487038627625,1.1481536214968802,1.1481536214968802
5,9.120108393559096e-06,109647.81961431852,0.9995811135282878,0.03649794475193491,0.03649794475193491,1.0964781961431826,1.0964781961431826
5,9.549925860214369e-06,104712.85480508985,0.9995658309712071,0.018335333958180544,0.018335333958180544,1.0471285480508956,1.0471285480508956
5,9.999999999999999e-06,100000.00000000001,0.999549995499955,8.881784197001252e-16,8.881784197001252e-16,1.0000000000000018,1.0000000000000018
5,1.0471285480509006e-05,95499.2586021435,0.9995335873355534,0.018335333958183653,0.018335333958183653,1.0471285480509032,1.0471285480509032
5,1.096478196143185e-05,91201.08393559097,0.9995165860024632,0.03649794475193657,0.03649794475193657,1.0964781961431866,1.0964781961431866
5,1.1481536214968841e-05,87096.35899560797,0.999498970304594,0.05448487038627825,0.05448487038627825,1.1481536214968862,1.1481536214968862
5,1.202264434617413e-05,83176.37711026709,0.9994807183005141,0.07229326082466525,0.07229326082466525,1.2022644346174163,1.2022644346174163
5,1.2589254117941688e-05,79432.82347242805,0.9994618072778361,0.08992038046145256,0.08992038046145256,1.2589254117941704,1.2589254117941704
5,1.3182567385564074e-05,75857.75750291836,0.9994422137267512,0.10736361040807607,0.10736361040807607,1.3182567385564103,1.3182567385564103
5,1.3803842646028866e-05,72443.59600749891,0.9994219133126875,0.12462045058852489,0.12462045058852489,1.3803842646028903,1.3803842646028903
5,1.445439770745928e-05,69183.09709189362,0.9994008808480619,0.14168852164023005,0.14168852164023005,1.4454397707459303,1.4454397707459303
5,1.5135612484362071e-05,66069.34480075965,0.9993790902631,0.15856556661711652,0.15856556661711652,1.5135612484362109,1.5135612484362109
5,1.584893192461114e-05,63095.7344480193,0.9993565145756934,0.17524945249213775,0.17524945249213775,1.584893192461116,1.584893192461116
5,1.6595869074375598e-05,60255.9586074358,0.9993331258602648,0.1917381714572638,0.1917381714572638,1.659586907437563,1.659586907437563
5,1.7378008287493764e-05,57543.993733715666,0.9993088952156103,0.2080298420194756,0.2080298420194756,1.7378008287493807,1.7378008287493807
5,1.8197008586099824e-05,54954.08738576249,0.9992837927316874,0.22412270989195526,0.22412270989195526,1.8197008586099854,1.8197008586099854
5,1.9054607179632484e-05,52480.74602497723,0.9992577874553165,0.24001514868027118,0.24001514868027118,1.9054607179632523,1.9054607179632523
5,1.9952623149688786e-05,50118.72336272725,0.9992308473547609,0.25570566036394493,0.25570566036394493,1.995262314968881,1.995262314968881
5,2.089296130854041e-05,47863.0092322638,0.9992029392831542,0.2711928755744325,0.2711928755744325,2.089296130854044,2.089296130854044
5,2.187761623949552e-05,45708.818961487515,0.9991740289407367,0.2864755536710709,0.2864755536710709,2.187761623949557,2.187761623949557
5,2.2908676527677746e-05,43651.58322401657,0.9991440808358667,0.30155258261720064,0.30155258261720064,2.2908676527677776,2.2908676527677776
5,2.3988329190194897e-05,41686.93834703355,0.999113058244769,0.31642297865914726,0.31642297865914726,2.3988329190194944,2.3988329190194944
5,2.5118864315095822e-05,39810.71705534969,0.9990809231699823,0.3310858858113547,0.3310858858113547,2.5118864315095886,2.5118864315095886
5,2.6302679918953814e-05,38018.93963205613,0.9990476362974673,0.34554057515142944,0.34554057515142944,2.6302679918953853,2.6302679918953853
5,2.754228703338169e-05,36307.8054770101,0.9990131569523345,0.35978644392940184,0.35978644392940184,2.7542287033381743,2.7542287033381743
5,2.8840315031266056e-05,34673.685045253165,0.9989774430531514,0.3738230144959135,0.3738230144959135,2.884031503126614,2.884031503126614
5,3.0199517204020192e-05,33113.112148259075,0.9989404510647857,0.38764993305456885,0.38764993305456885,3.0199517204020236,3.0199517204020236
5,3.1622776601683795e-05,31622.776601683792,0.998902135949744,0.40126696824402264,0.40126696824402264,3.1622776601683866,3.1622776601683866
5,3.3113112148259144e-05,30199.51720402013,0.9988624511179581,0.41467400955582456,0.41467400955582456,3.311311214825918,3.311311214825918
5,3.467368504525317e-05,28840.31503126606,0.9988213483749766,0.4278710655943603,0.4278710655943603,3.4673685045253233,3.4673685045253233
5,3.6307805477010174e-05,27542.287033381635,0.9987787778685135,0.4408582621855758,0.4408582621855758,3.6307805477010264,3.6307805477010264
5,3.8018939632056124e-05,26302.679918953818,0.9987346880333077,0.4536358403414472,0.4536358403414472,3.801893963205618,3.801893963205618
5,3.9810717055349776e-05,25118.86431509577,0.9986890255342422,0.46620415408744187,0.46620415408744187,3.981071705534985,3.981071705534985
5,4.168693834703355e-05,23988.329190194898,0.9986417352076767,0.4785636681604063,0.4785636681604063,4.168693834703366,4.168693834703366
5,4.3651583224016654e-05,22908.6765276777,0.998592760000939,0.4907149555845599,0.47240997777781735,4.365158322401672,4.073802778041118
5,4.5708818961487516e-05,21877.61623949552,0.998542040909925,0.5026586951333891,0.459946128786593,4.570881896148762,3.890451449942798
5,4.7863009232263804e-05,20892.96130854041,0.9984895169147536,0.5143956686853883,0.447273234063727,4.786300923226387,3.715352290971725
5,5.011872336272725e-05,19952.62314968879,0.9984351249134216,0.5259267584816958,0.4343908839324975,5.0118723362727335,3.5481338923357484
5,5.248074602497723e-05,19054.607179632483,0.9983787996534017,0.5372529442937046,0.42129878059434134,5.248074602497736,3.3884415613920202
5,5.495408738576248e-05,18197.008586099826,0.9983204736611296,0.5483753005088097,0.4079967403671203,5.495408738576256,3.2359365692962783
5,5.7543993733715664e-05,17378.00828749376,0.9982600771693182,0.5592949931424058,0.3944846957900764,5.754399373371578,3.090295432513587
5,6.0255958607435806e-05,16595.869074375598,0.9981975380420418,0.5700132767842607,0.3807626975881232,6.025595860743596,2.9512092266663776
5,6.309573444801929e-05,15848.931924611143,0.9981327816975291,0.580531491487313,0.36683091648836863,6.3095734448019405,2.8183829312644515
5,6.606934480075965e-05,15135.612484362071,0.9980657310286021,0.5908510596068782,0.35268964488203236,6.606934480075979,2.6915348039269094
5,6.918309709189363e-05,14454.39770745928,0.997996306320699,0.6009734825981152,0.3383392983252588,6.918309709189371,2.570395782768863
5,7.244359600749906e-05,13803.842646028837,0.9979244251674159,0.6109003377795147,0.32378041687261705,7.2443596007499185,2.4547089156850257
5,7.585775750291836e-05,13182.567385564074,0.9978500023835012,0.6206332750699641,0.30901366623751536,7.585775750291854,2.344228815319918
5,7.943282347242822e-05,12589.25411794166,0.997772949915237,0.630174013706829,0.2940398387740898,7.943282347242832,2.2387211385683363
5,8.317637711026709e-05,12022.644346174131,0.9976931767481385,0.6395243389522414,0.2788598542756222,8.317637711026725,2.137962089502229
5,8.709635899560814e-05,11481.536214968817,0.9976105888119019,0.6486860987946155,0.2634747605849549,8.709635899560837,2.0417379446695234
5,9.120108393559096e-05,10964.78196143185,0.9975250888825312,0.6576612006521563,0.24788573401287295,9.12010839355911,1.9498445997580434
5,9.549925860214369e-05,10471.285480508985,0.9974365764815716,0.6664516080849083,0.23209407956092476,9.549925860214389,1.8620871366628626
5,0.0001,10000.0,0.9973449477723763,0.6750593375216043,0.21610123094570066,10.000000000000028,1.7782794100389185
5,0.00010471285480508985,9549.92586021437,0.9972500954533335,0.6834864550073472,0.19990875042209622,10.471285480509005,1.6982436524617437
5,0.00010964781961431873,9120.108393559078,0.9971519086479789,0.6917350729778503,0.1835183284037024,10.964781961431896,1.6218100973589238
5,0.0001148153621496884,8709.635899560797,0.997050272791915,0.6998073470656834,0.166931782879024,11.481536214968854,1.5488166189124786
5,0.00012022644346174131,8317.63771102671,0.9969450695164646,0.7077054729437102,0.15015105862279432,12.022644346174154,1.479108388168205
5,0.0001258925411794166,7943.282347242822,0.9968361765289746,0.7154316832105556,0.13317822620232778,12.589254117941696,1.4125375446227524
5,0.000131825673855641,7585.77575029182,0.9967234674896966,0.7229882443226949,0.11601548077938295,13.182567385564118,1.3489628825916495
5,0.00013803842646028865,7244.359600749892,0.9966068118851604,0.7303774535774208,0.0986651407086876,13.803842646028894,1.2882495516931303
5,0.0001445439770745928,6918.309709189362,0.9964860748979606,0.737601636150661,0.08112964593484617,14.45439770745932,1.2302687708123783
5,0.00015135612484362072,6606.9344800759645,0.9963611172728754,0.7446631421933101,0.06341155619000394,15.135612484362099,1.1748975549395289
5,0.0001584893192461111,6309.573444801943,0.9962317951792342,0.7515643439894426,0.04551354899521465,15.84893192461115,1.122018454301963
5,0.00016595869074375631,6025.595860743569,0.9960979600694517,0.7583076331794798,0.027438417469097365,16.595869074375678,1.0715193052376022
5,0.00017378008287493763,5754.399373371566,0.9959594585336439,0.7648954180510841,0.009189067947927398,17.378008287493795,1.0232929922807523
5,0.00018197008586099826,5495.408738576248,0.9958161321502426,0.7713301209002827,0.009189067947928842,18.197008586099873,1.0232929922807559
5,0.00019054607179632443,5248.074602497733,0.9956678173325237,0.7776141754650141,0.027438417469098697,19.054607179632477,1.0715193052376062
5,0.00019952623149688828,5011.872336272715,0.9955143451709647,0.783750024433045,0.04551354899521587,19.95262314968887,1.122018454301967
5,0.0002089296130854041,4786.30092322638,0.9953555412713447,0.7897401170259141,0.06341155619000516,20.892961308540464,1.1748975549395329
5,0.00021877616239495518,4570.881896148751,0.9951912255885046,0.7955869066603183,0.08112964593484784,21.877616239495556,1.2302687708123827
5,0.00022908676527677702,4365.158322401665,0.9950212122556793,0.8012928486880878,0.09866514070868893,22.90867652767776,1.288249551693135
5,0.00023988329190194948,4168.6938347033465,0.9948453094093194,0.8068603982156647,0.1160154807793854,23.988329190195014,1.348962882591659
5,0.0002511886431509582,3981.071705534969,0.9946633190093158,0.8122920080037672,0.133178226202329,25.118864315095866,1.4125375446227573
5,0.00026302679918953814,3801.8939632056126,0.9944750366545441,0.8175901264476961,0.15015105862279587,26.30267991895388,1.4791083881682103
5,0.00027542287033381635,3630.7805477010174,0.9942802513936448,0.8227571956385209,0.16693178287902477,27.542287033381676,1.5488166189124812
5,0.00028840315031266115,3467.3685045253096,0.994078745530957,0.8277956495051947,0.18351832840370486,28.84031503126617,1.6218100973589353
5,0.0003019951720402019,3311.311214825908,0.9938702944275217,0.8327079120374378,0.19990875042209777,30.19951720402027,1.6982436524617497
5,0.00031622776601683794,3162.277660168379,0.9936546662970771,0.8374963955890672,0.2161012309457021,31.622776601683846,1.778279410038925
5,0.0003311311214825908,3019.951720402019,0.9934316219969639,0.8421634992612601,0.2320940795609261,33.113112148259155,1.8620871366628693
5,0.0003467368504525324,2884.0315031265995,0.9932009148138636,0.8467116073650891,0.24788573401287428,34.6736850452533,1.949844599758052
5,0.0003630780547701018,2754.228703338163,0.9929622902442953,0.8511430879625181,0.26347476058495656,36.30780547701024,2.041737944669534
5,0.00038018939632056124,2630.267991895382,0.9927154857697934,0.8554602914849073,0.2788598542756232,38.01893963205619,2.137962089502235
5,0.0003981071705534969,2511.886431509582,0.9924602306266994,0.8596655494279397,0.29403983877409,39.810717055349755,2.23872113856834
5,0.00041686938347033637,2398.832919019485,0.9921962455704946,0.863761173121777,0.3090136662375169,41.68693834703371,2.3442288153199304
5,0.00043651583224016654,2290.86765276777,0.9919232426346098,0.8677494525751311,0.3237804168726186,43.651583224016726,2.4547089156850364
5,0.00045708818961487515,2187.761623949552,0.9916409248836491,0.8716326553918499,0.33833929832525933,45.70881896148759,2.5703957827688675
5,0.00047863009232263805,2089.2961308540407,0.9913489861609662,0.8754130257585163,0.35268964488203347,47.86300923226391,2.691534803926919
5,0.0005011872336272735,1995.2623149688748,0.9910471108305416,0.8790927835014887,0.3668309164883701,50.11872336272744,2.8183829312644644
5,0.0005248074602497734,1905.4607179632444,0.9907349735131047,0.8826741232117342,0.38076269758812475,52.48074602497742,2.9512092266663936
5,0.0005495408738576248,1819.7008586099828,0.9904122388164572,0.8861592134357494,0.39448469579007717,54.95408738576257,3.0902954325135954
5,0.0005754399373371566,1737.8008287493763,0.9900785610599556,0.8895501959308013,0.4079967403671211,57.5439937337158,3.235936569296287
5,0.0006025595860743568,1659.5869074375632,0.9897335839931145,0.8928491849826836,0.421298780594342,60.25595860743582,3.3884415613920265
5,0.0006309573444801943,1584.8931924611109,0.9893769405083029,0.896058266784141,0.4343908839324987,63.09573444801953,3.5481338923357644
5,0.0006606934480075965,1513.561248436207,0.9890082523475071,0.8991794988720806,0.44727323406372765,66.06934480075981,3.715352290971735
5,0.0006918309709189362,1445.439770745928,0.9886271298031426,0.9022149096216739,0.45994612878659413,69.18309709189379,3.8904514499428116
5,0.0007244359600749891,1380.3842646028868,0.9882331714129069,0.9051664977954232,0.4724099777778181,72.44359600749907,4.073802778041129
5,0.0007585775750291852,1318.2567385564048,0.9878259636486684,0.9080362321452659,0.47856366816040474,75.85775750291863,4.168693834703344
5,0.0007943282347242822,1258.9254117941662,0.9874050805993979,0.9108260510657744,0.4662041540874404,79.4328234724284,3.981071705534964
5,0.0008317637711026709,1202.2644346174131,0.9869700836481576,0.9135378622965217,0.45363584034144655,83.17637711026727,3.801893963205608
5,0.0008709635899560796,1148.1536214968842,0.9865205211431723,0.9161735426716708,0.4408582621855748,87.09635899560816,3.6307805477010135
5,0.0009120108393559115,1096.478196143183,0.9860559280630149,0.9187349379148716,0.42787106559435906,91.20108393559129,3.4673685045253078
5,0.0009549925860214369,1047.1285480508984,0.9855758256759543,0.9212238624775511,0.41467400955582323,95.49925860214391,3.311311214825903
5,0.001,1000.0,0.9850797211935186,0.9236420994187082,0.4012669682440215,100.00000000000023,3.1622776601683755
5,0.0010471285480508985,954.9925860214369,0.9845671074183452,0.9259914003243421,0.3876499330545681,104.71285480509007,3.0199517204020156
5,0.0010964781961431873,912.0108393559078,0.9840374623863954,0.9282734852646671,0.3738230144959117,109.64781961431899,2.8840315031265957
5,0.001148153621496884,870.9635899560797,0.9834902490036325,0.9304900427872984,0.3597864439294002,114.81536214968867,2.7542287033381596
5,0.001202264434617413,831.763771102671,0.9829249146772665,0.9326427299446245,0.34554057515142866,120.22644346174157,2.630267991895378
5,0.0012589254117941662,794.3282347242822,0.9823408909416957,0.9347331723536081,0.33108588581135323,125.89254117941688,2.5118864315095792
5,0.0013182567385564101,758.5775750291821,0.9817375930792797,0.9367629642863027,0.3164229786591458,131.82567385564133,2.398832919019482
5,0.0013803842646028866,724.4359600749891,0.9811144197361024,0.9387336687894026,0.3015525826171992,138.03842646028897,2.2908676527677674
5,0.001445439770745928,691.8309709189363,0.9804707525328994,0.9406468178311871,0.2864755536710697,144.5439770745931,2.1877616239495494
5,0.0015135612484362072,660.6934480075964,0.9798059556713404,0.9425039124742581,0.2711928755744316,151.35612484362102,2.0892961308540388
5,0.0015848931924611173,630.9573444801918,0.9791193755358801,0.9443064230725133,0.2557056603639436,158.4893192461121,1.9952623149688722
5,0.001659586907437563,602.5595860743568,0.9784103402914075,0.9460557894908411,0.24001514868026907,165.95869074375668,1.9054607179632421
5,0.0017378008287493763,575.4399373371567,0.9776781594769476,0.9477534213460667,0.22412270989195415,173.780082874938,1.8197008586099805
5,0.0018197008586099824,549.5408738576249,0.9769221235956911,0.9494006982677221,0.20802984201947416,181.9700858609986,1.7378008287493745
5,0.0019054607179632443,524.8074602497734,0.976141503701649,0.950998970177261,0.19173817145726335,190.5460717963248,1.6595869074375615
5,0.001995262314968883,501.1872336272715,0.975335550983255,0.9525495575843806,0.1752494524921363,199.52623149688873,1.5848931924611092
5,0.0020892961308540407,478.63009232263806,0.9745034963442639,0.9540537518991631,0.15856556661711507,208.92961308540453,1.5135612484362055
5,0.002187761623949552,457.08818961487515,0.9736445499823178,0.9555128157587919,0.14168852164022905,218.7761623949556,1.4454397707459266
5,0.00229086765276777,436.5158322401665,0.9727579009655823,0.9569279833676436,0.12462045058852378,229.08676527677744,1.3803842646028854
5,0.0023988329190194947,416.8693834703347,0.971842716807882,0.9583004608496035,0.10736361040807418,239.88329190194997,1.3182567385564032
5,0.002511886431509582,398.1071705534969,0.9708981430427918,0.9596314266114945,0.08992038046145079,251.1886431509587,1.2589254117941648
5,0.0026302679918953813,380.1893963205613,0.9699233027971739,0.9609220317165607,0.07229326082466381,263.0267991895387,1.202264434617412
5,0.0027542287033381634,363.07805477010174,0.9689172963646814,0.9621734002669807,0.05448487038627703,275.42287033381683,1.148153621496883
5,0.0028840315031266116,346.736850452531,0.9678792007797795,0.9633866297944397,0.03649794475193491,288.40315031266175,1.0964781961431818
5,0.003019951720402019,331.13112148259074,0.9668080693928711,0.9645627916578234,0.018335333958181432,301.99517204020253,1.0471285480508974
5,0.0031622776601683794,316.2277660168379,0.9657029314471479,0.9657029314471479,3.3306690738754696e-16,316.22776601683796,1.0000000000000009
5,0.003311311214825908,301.9951720402019,0.9645627916578234,0.9645627916578234,0.018335333958181876,301.99517204020196,1.0471285480508994
5,0.0034673685045253236,288.40315031266,0.9633866297944396,0.9633866297944395,0.036497944751936906,288.40315031266,1.0964781961431884
5,0.0036307805477010175,275.4228703338163,0.9621734002669806,0.9621734002669806,0.054484870386277806,275.4228703338163,1.148153621496885
5,0.0038018939632056127,263.02679918953817,0.9609220317165607,0.9609220317165607,0.07229326082466458,263.02679918953817,1.202264434617414
5,0.003981071705534969,251.18864315095823,0.9596314266114945,0.9596314266114945,0.08992038046145168,251.18864315095828,1.258925411794167
5,0.004168693834703364,239.88329190194847,0.9583004608496033,0.9583004608496033,0.10736361040807652,239.8832919019485,1.3182567385564115
5,0.004365158322401665,229.08676527677702,0.9569279833676436,0.9569279833676436,0.12462045058852467,229.08676527677702,1.3803842646028879
5,0.004570881896148752,218.77616239495518,0.9555128157587918,0.9555128157587918,0.14168852164022983,218.77616239495524,1.4454397707459292
5,0.00478630092322638,208.9296130854041,0.954053751899163,0.954053751899163,0.15856556661711585,208.92961308540416,1.5135612484362082
5,0.005011872336272735,199.52623149688748,0.9525495575843804,0.9525495575843804,0.1752494524921384,199.52623149688748,1.584893192461119
5,0.005248074602497733,190.54607179632444,0.950998970177261,0.950998970177261,0.19173817145726413,190.54607179632447,1.6595869074375644
5,0.005495408738576248,181.97008586099827,0.9494006982677221,0.9494006982677221,0.20802984201947494,181.9700858609983,1.7378008287493776
5,0.005754399373371567,173.78008287493762,0.9477534213460665,0.9477534213460665,0.22412270989195482,173.78008287493768,1.8197008586099839
5,0.006025595860743568,165.9586907437563,0.946055789490841,0.946055789490841,0.24001514868026985,165.95869074375636,1.9054607179632455
5,0.006309573444801942,158.4893192461111,0.9443064230725131,0.9443064230725131,0.2557056603639457,158.4893192461111,1.9952623149688846
5,0.006606934480075964,151.3561248436207,0.942503912474258,0.942503912474258,0.27119287557443217,151.35612484362076,2.0892961308540423
5,0.006918309709189363,144.5439770745928,0.9406468178311871,0.9406468178311871,0.28647555367107036,144.54397707459285,2.1877616239495534
5,0.007244359600749891,138.03842646028866,0.9387336687894025,0.9387336687894025,0.30155258261719997,138.0384264602886,2.290867652767773
5,0.0075857757502918515,131.82567385564047,0.9367629642863025,0.9367629642863025,0.3164229786591475,131.8256738556405,2.3988329190194966
5,0.00794328234724282,125.89254117941663,0.934733172353608,0.934733172353608,0.3310858858113539,125.89254117941665,2.5118864315095837
5,0.008317637711026709,120.22644346174131,0.9326427299446244,0.9326427299446245,0.3455405751514292,120.22644346174135,2.630267991895383
5,0.008709635899560796,114.81536214968841,0.9304900427872983,0.9304900427872984,0.35978644392940085,114.81536214968847,2.7542287033381645
5,0.009120108393559116,109.64781961431828,0.9282734852646668,0.9282734852646668,0.3738230144959135,109.64781961431831,2.884031503126614
5,0.00954992586021437,104.71285480508985,0.925991400324342,0.925991400324342,0.38764993305456863,104.71285480508989,3.019951720402021
5,0.01,100.0,0.9236420994187081,0.9236420994187081,0.4012669682440223,99.99999999999996,3.162277660168384
5,0.010471285480508985,95.49925860214368,0.9212238624775508,0.9212238624775508,0.414674009555824,95.49925860214366,3.311311214825912
5,0.010964781961431873,91.20108393559079,0.9187349379148713,0.9187349379148714,0.4278710655943605,91.2010839355908,3.4673685045253264
5,0.01148153621496884,87.09635899560797,0.9161735426716706,0.9161735426716707,0.44085826218557533,87.096358995608,3.6307805477010198
5,0.012022644346174132,83.17637711026708,0.9135378622965216,0.9135378622965216,0.4536358403414472,83.17637711026705,3.801893963205618
5,0.012589254117941661,79.43282347242823,0.9108260510657743,0.9108260510657743,0.4662041540874412,79.4328234724282,3.9810717055349745
5,0.0131825673855641,75.8577575029182,0.9080362321452655,0.9080362321452655,0.4785636681604063,75.85775750291823,4.168693834703366
5,0.013803842646028866,72.44359600749891,0.9051664977954232,0.9051664977954232,0.4724099777778177,72.44359600749894,4.073802778041122
5,0.01445439770745928,69.18309709189363,0.9022149096216738,0.9022149096216737,0.45994612878659336,69.1830970918936,3.8904514499428013
5,0.015135612484362071,66.06934480075965,0.8991794988720805,0.8991794988720805,0.447273234063727,66.06934480075962,3.715352290971725
5,0.015848931924611172,63.09573444801917,0.8960582667841406,0.8960582667841407,0.43439088393249725,63.09573444801919,3.5481338923357453
5,0.01659586907437563,60.25595860743569,0.8928491849826835,0.8928491849826835,0.42129878059434134,60.255958607435716,3.3884415613920202
5,0.017378008287493762,57.543993733715666,0.8895501959308011,0.8895501959308011,0.4079967403671203,57.543993733715645,3.2359365692962783
5,0.018197008586099826,54.954087385762485,0.8861592134357492,0.8861592134357492,0.3944846957900767,54.95408738576247,3.0902954325135896
5,0.019054607179632442,52.48074602497734,0.8826741232117341,0.8826741232117341,0.38076269758812453,52.48074602497735,2.9512092266663896
5,0.01995262314968883,50.118723362727145,0.8790927835014882,0.8790927835014883,0.3668309164883681,50.11872336272715,2.818382931264448
5,0.02089296130854041,47.8630092322638,0.8754130257585161,0.8754130257585161,0.3526896448820326,47.86300923226379,2.691534803926912
5,0.02187761623949552,45.708818961487516,0.8716326553918499,0.8716326553918498,0.3383392983252588,45.70881896148751,2.570395782768863
5,0.0229086765276777,43.651583224016655,0.867749452575131,0.867749452575131,0.32378041687261794,43.65158322401665,2.454708915685032
5,0.02398832919019495,41.68693834703346,0.8637611731217766,0.8637611731217766,0.30901366623751503,41.68693834703347,2.344228815319917
5,0.025118864315095822,39.81071705534969,0.8596655494279395,0.8596655494279395,0.2940398387740898,39.8107170553497,2.238721138568337
5,0.026302679918953815,38.018939632056124,0.8554602914849072,0.8554602914849072,0.27885985427562254,38.01893963205612,2.137962089502231
5,0.027542287033381633,36.30780547701018,0.851143087962518,0.851143087962518,0.2634747605849559,36.30780547701017,2.0417379446695305
5,0.028840315031266116,34.673685045253094,0.8467116073650885,0.8467116073650885,0.2478857340128724,34.6736850452531,1.9498445997580407
5,0.030199517204020192,33.11311214825908,0.8421634992612599,0.8421634992612599,0.2320940795609251,33.11311214825907,1.8620871366628644
5,0.03162277660168379,31.622776601683796,0.8374963955890671,0.8374963955890671,0.21610123094570144,31.62277660168379,1.7782794100389216
5,0.03311311214825908,30.19951720402019,0.8327079120374374,0.8327079120374374,0.19990875042209666,30.19951720402019,1.6982436524617452
5,0.034673685045253234,28.840315031266,0.827795649505194,0.8277956495051941,0.18351832840370308,28.840315031266,1.621810097358926
5,0.03630780547701017,27.542287033381633,0.8227571956385207,0.8227571956385208,0.166931782879024,27.54228703338164,1.5488166189124792
5,0.038018939632056124,26.302679918953817,0.8175901264476958,0.8175901264476958,0.15015105862279465,26.302679918953814,1.4791083881682063
5,0.03981071705534969,25.11886431509582,0.812292008003767,0.812292008003767,0.1331782262023281,25.118864315095824,1.4125375446227548
5,0.04168693834703364,23.988329190194847,0.8068603982156639,0.8068603982156639,0.11601548077938295,23.988329190194843,1.3489628825916495
5,0.04365158322401665,22.908676527677702,0.8012928486880875,0.8012928486880875,0.0986651407086876,22.9086765276777,1.2882495516931314
5,0.04570881896148752,21.877616239495516,0.7955869066603182,0.7955869066603181,0.08112964593484706,21.877616239495516,1.2302687708123805
5,0.0478630092322638,20.892961308540407,0.7897401170259137,0.7897401170259137,0.06341155619000394,20.89296130854041,1.1748975549395297
5,0.05011872336272735,19.952623149688748,0.7837500244330442,0.7837500244330442,0.045513548995213315,19.952623149688744,1.12201845430196
5,0.052480746024977334,19.054607179632445,0.7776141754650139,0.7776141754650139,0.027438417469098142,19.05460717963244,1.0715193052376042
5,0.05495408738576248,18.197008586099827,0.7713301209002824,0.7713301209002824,0.009189067947927954,18.197008586099827,1.0232929922807532
5,0.057543993733715666,17.378008287493763,0.7648954180510839,0.7648954180510839,0.009189067947928509,17.378008287493763,1.023292992280754
5,0.06025595860743568,16.59586907437563,0.7583076331794794,0.7583076331794794,0.027438417469098142,16.595869074375635,1.071519305237605
5,0.06309573444801943,15.84893192461111,0.7515643439894423,0.7515643439894423,0.045513548995215425,15.848931924611108,1.1220184543019658
5,0.06606934480075964,15.135612484362072,0.7446631421933098,0.7446631421933098,0.06341155619000438,15.135612484362072,1.1748975549395309
5,0.06918309709189363,14.454397707459279,0.7376016361506605,0.7376016361506607,0.0811296459348475,14.454397707459282,1.2302687708123816
5,0.07244359600749892,13.803842646028865,0.7303774535774203,0.7303774535774203,0.09866514070868848,13.803842646028864,1.2882495516931332
5,0.07585775750291851,13.182567385564047,0.722988244322694,0.722988244322694,0.11601548077938495,13.182567385564047,1.3489628825916566
5,0.07943282347242822,12.58925411794166,0.7154316832105552,0.7154316832105552,0.13317822620232855,12.589254117941662,1.412537544622756
5,0.08317637711026708,12.02264434617413,0.7077054729437098,0.7077054729437099,0.1501510586227951,12.022644346174133,1.4791083881682077
5,0.08709635899560797,11.48153621496884,0.6998073470656831,0.6998073470656831,0.16693178287902444,11.48153621496884,1.5488166189124806
5,0.09120108393559115,10.964781961431829,0.6917350729778492,0.6917350729778492,0.18351832840370452,10.964781961431829,1.621810097358934
5,0.09549925860214369,10.471285480508985,0.683486455007347,0.683486455007347,0.199908750422097,10.471285480508985,1.6982436524617466
5,0.1,10.0,0.6750593375216036,0.6750593375216035,0.21610123094570177,9.999999999999998,1.778279410038924
5,0.10471285480508985,9.549925860214369,0.6664516080849079,0.6664516080849078,0.23209407956092587,9.549925860214367,1.8620871366628668
5,0.10964781961431873,9.120108393559079,0.6576612006521556,0.6576612006521556,0.24788573401287395,9.120108393559079,1.9498445997580502
5,0.1148153621496884,8.709635899560796,0.6486860987946145,0.6486860987946145,0.2634747605849561,8.709635899560798,2.0417379446695323
5,0.12022644346174131,8.317637711026709,0.6395243389522409,0.6395243389522409,0.2788598542756232,8.317637711026707,2.137962089502234
5,0.12589254117941662,7.943282347242822,0.6301740137068287,0.6301740137068288,0.29403983877409,7.943282347242821,2.238721138568339
5,0.131825673855641,7.585775750291821,0.6206332750699632,0.6206332750699632,0.3090136662375166,7.5857757502918215,2.344228815319928
5,0.13803842646028866,7.244359600749891,0.6109003377795137,0.6109003377795137,0.32378041687261827,7.244359600749891,2.454708915685035
5,0.1445439770745928,6.918309709189363,0.6009734825981152,0.6009734825981151,0.338339298325259,6.918309709189363,2.5703957827688657
5,0.1513561248436207,6.606934480075965,0.5908510596068777,0.5908510596068777,0.3526896448820329,6.606934480075964,2.6915348039269156
5,0.15848931924611173,6.309573444801917,0.5805314914873121,0.5805314914873123,0.36683091648836974,6.309573444801918,2.8183829312644617
5,0.1659586907437563,6.025595860743569,0.5700132767842597,0.5700132767842597,0.38076269758812453,6.025595860743569,2.9512092266663914
5,0.17378008287493762,5.754399373371567,0.5592949931424054,0.5592949931424054,0.39448469579007694,5.754399373371567,3.090295432513593
5,0.18197008586099825,5.4954087385762485,0.5483753005088094,0.5483753005088094,0.40799674036712064,5.4954087385762485,3.2359365692962827
5,0.19054607179632443,5.248074602497733,0.5372529442937046,0.5372529442937046,0.42129878059434156,5.248074602497734,3.388441561392022
5,0.19952623149688828,5.011872336272715,0.5259267584816947,0.5259267584816947,0.4343908839324985,5.011872336272715,3.548133892335762
5,0.2089296130854041,4.7863009232263805,0.514395668685388,0.5143956686853879,0.44727323406372743,4.78630092322638,3.71535229097173
5,0.21877616239495518,4.570881896148752,0.5026586951333883,0.5026586951333883,0.4599461287865936,4.570881896148752,3.8904514499428067
5,0.22908676527677702,4.3651583224016655,0.4907149555845597,0.4907149555845597,0.4724099777778179,4.365158322401665,4.073802778041125
5,0.23988329190194949,4.168693834703347,0.47856366816040496,0.47856366816040496,0.47856366816040496,4.168693834703346,4.168693834703346
5,0.25118864315095824,3.981071705534969,0.46620415408744076,0.46620415408744076,0.46620415408744076,3.981071705534969,3.981071705534969
5,0.26302679918953814,3.801893963205613,0.45363584034144677,0.45363584034144677,0.45363584034144677,3.801893963205613,3.801893963205613
5,0.27542287033381635,3.630780547701017,0.440858262185575,0.440858262185575,0.440858262185575,3.6307805477010175,3.6307805477010175
5,0.28840315031266117,3.4673685045253095,0.42787106559435917,0.42787106559435906,0.42787106559435906,3.467368504525309,3.467368504525309
5,0.30199517204020193,3.3113112148259076,0.41467400955582356,0.41467400955582345,0.41467400955582345,3.3113112148259076,3.3113112148259076
5,0.31622776601683794,3.162277660168379,0.4012669682440221,0.4012669682440221,0.4012669682440221,3.162277660168379,3.162277660168379
5,0.3311311214825908,3.019951720402019,0.3876499330545683,0.3876499330545683,0.3876499330545683,3.019951720402019,3.019951720402019
5,0.3467368504525324,2.8840315031265997,0.37382301449591226,0.37382301449591226,0.37382301449591226,2.8840315031265997,2.8840315031265997
5,0.36307805477010174,2.7542287033381636,0.3597864439294005,0.3597864439294005,0.3597864439294005,2.7542287033381636,2.7542287033381636
5,0.38018939632056126,2.6302679918953813,0.3455405751514292,0.3455405751514292,0.3455405751514292,2.6302679918953817,2.6302679918953817
5,0.3981071705534969,2.5118864315095824,0.3310858858113539,0.3310858858113539,0.3310858858113539,2.5118864315095824,2.5118864315095824
5,0.41686938347033636,2.398832919019485,0.31642297865914615,0.31642297865914615,0.31642297865914615,2.398832919019485,2.398832919019485
5,0.43651583224016655,2.29086765276777,0.3015525826171995,0.3015525826171994,0.3015525826171994,2.29086765276777,2.29086765276777
5,0.4570881896148752,2.1877616239495516,0.28647555367107025,0.28647555367107036,0.28647555367107036,2.1877616239495516,2.1877616239495516
5,0.47863009232263803,2.089296130854041,0.27119287557443184,0.27119287557443184,0.27119287557443184,2.0892961308540405,2.0892961308540405
5,0.5011872336272735,1.9952623149688749,0.25570566036394404,0.25570566036394404,0.25570566036394404,1.995262314968875,1.995262314968875
5,0.5248074602497733,1.9054607179632446,0.24001514868026985,0.24001514868026985,0.24001514868026985,1.9054607179632446,1.9054607179632446
5,0.5495408738576248,1.8197008586099825,0.22412270989195449,0.22412270989195449,0.22412270989195449,1.8197008586099825,1.8197008586099825
5,0.5754399373371566,1.7378008287493765,0.20802984201947483,0.20802984201947494,0.20802984201947494,1.7378008287493765,1.7378008287493765
5,0.6025595860743569,1.659586907437563,0.1917381714572638,0.1917381714572638,0.1917381714572638,1.659586907437563,1.659586907437563
5,0.6309573444801942,1.584893192461111,0.17524945249213664,0.17524945249213664,0.17524945249213664,1.584893192461111,1.584893192461111
5,0.6606934480075964,1.513561248436207,0.15856556661711552,0.1585655666171154,0.1585655666171154,1.513561248436207,1.513561248436207
5,0.6918309709189363,1.4454397707459279,0.14168852164022938,0.14168852164022938,0.14168852164022938,1.4454397707459279,1.4454397707459279
5,0.7244359600749891,1.3803842646028865,0.12462045058852433,0.12462045058852422,0.12462045058852422,1.3803842646028868,1.3803842646028868
5,0.7585775750291851,1.3182567385564048,0.10736361040807452,0.10736361040807452,0.10736361040807452,1.3182567385564048,1.3182567385564048
5,0.7943282347242822,1.2589254117941662,0.08992038046145145,0.08992038046145145,0.08992038046145145,1.2589254117941662,1.2589254117941662
5,0.8317637711026709,1.2022644346174132,0.07229326082466447,0.07229326082466436,0.07229326082466436,1.2022644346174132,1.2022644346174132
5,0.8709635899560796,1.1481536214968842,0.05448487038627736,0.05448487038627747,0.05448487038627747,1.1481536214968842,1.1481536214968842
5,0.9120108393559115,1.0964781961431829,0.03649794475193491,0.03649794475193491,0.03649794475193491,1.0964781961431829,1.0964781961431829
5,0.9549925860214369,1.0471285480508985,0.018335333958181765,0.018335333958181876,0.018335333958181876,1.0471285480508985,1.0471285480508985
5,1.0,1.0,0.0,0.0,0.0,1.0,1.0
5,1.0471285480508985,1.0471285480508985,0.018335333958181765,0.018335333958181876,0.018335333958181876,1.0471285480508985,1.0471285480508985
5,1.0964781961431873,1.0964781961431873,0.03649794475193657,0.03649794475193657,0.03649794475193657,1.0964781961431873,1.0964781961431873
5,1.1481536214968842,1.1481536214968842,0.05448487038627736,0.05448487038627747,0.05448487038627747,1.1481536214968842,1.1481536214968842
5,1.2022644346174132,1.2022644346174132,0.07229326082466447,0.07229326082466436,0.07229326082466436,1.2022644346174132,1.2022644346174132
5,1.2589254117941662,1.2589254117941662,0.08992038046145145,0.08992038046145145,0.08992038046145145,1.2589254117941662,1.2589254117941662
5,1.3182567385564101,1.3182567385564101,0.10736361040807618,0.10736361040807607,0.10736361040807607,1.3182567385564101,1.3182567385564101
5,1.3803842646028865,1.3803842646028865,0.12462045058852433,0.12462045058852422,0.12462045058852422,1.3803842646028865,1.3803842646028865
5,1.4454397707459279,1.4454397707459279,0.14168852164022938,0.14168852164022938,0.14168852164022938,1.4454397707459279,1.4454397707459279
5,1.513561248436207,1.513561248436207,0.15856556661711552,0.1585655666171154,0.1585655666171154,1.513561248436207,1.513561248436207
5,1.5848931924611174,1.5848931924611174,0.1752494524921382,0.17524945249213808,0.17524945249213808,1.5848931924611174,1.5848931924611174
5,1.659586907437563,1.659586907437563,0.1917381714572638,0.1917381714572638,0.1917381714572638,1.659586907437563,1.659586907437563
5,1.7378008287493762,1.7378008287493762,0.2080298420194745,0.2080298420194746,0.2080298420194746,1.7378008287493762,1.7378008287493762
5,1.8197008586099825,1.8197008586099825,0.22412270989195449,0.22412270989195449,0.22412270989195449,1.8197008586099825,1.8197008586099825
5,1.9054607179632521,1.9054607179632521,0.24001514868027118,0.24001514868027118,0.24001514868027118,1.9054607179632521,1.9054607179632521
5,1.9952623149688828,1.9952623149688828,0.2557056603639454,0.25570566036394526,0.25570566036394526,1.9952623149688828,1.9952623149688828
5,2.089296130854041,2.089296130854041,0.27119287557443184,0.27119287557443184,0.27119287557443184,2.089296130854041,2.089296130854041
5,2.1877616239495516,2.1877616239495516,0.28647555367107025,0.28647555367107036,0.28647555367107036,2.1877616239495516,2.1877616239495516
5,2.29086765276777,2.29086765276777,0.3015525826171995,0.3015525826171994,0.3015525826171994,2.29086765276777,2.29086765276777
5,2.398832919019495,2.398832919019495,0.3164229786591475,0.3164229786591475,0.3164229786591475,2.398832919019495,2.398832919019495
5,2.5118864315095824,2.5118864315095824,0.3310858858113539,0.3310858858113539,0.3310858858113539,2.5118864315095824,2.5118864315095824
5,2.6302679918953813,2.6302679918953813,0.3455405751514292,0.3455405751514292,0.3455405751514292,2.6302679918953813,2.6302679918953813
5,2.754228703338163,2.754228703338163,0.3597864439294005,0.3597864439294005,0.3597864439294005,2.7542287033381636,2.7542287033381636
5,2.8840315031266117,2.8840315031266117,0.3738230144959135,0.3738230144959135,0.3738230144959135,2.8840315031266117,2.8840315031266117
5,3.019951720402019,3.019951720402019,0.3876499330545683,0.3876499330545683,0.3876499330545683,3.019951720402019,3.019951720402019
5,3.1622776601683795,3.1622776601683795,0.4012669682440221,0.4012669682440221,0.4012669682440221,3.1622776601683795,3.1622776601683795
5,3.3113112148259076,3.3113112148259076,0.41467400955582356,0.41467400955582345,0.41467400955582345,3.3113112148259076,3.3113112148259076
5,3.4673685045253237,3.4673685045253237,0.4278710655943603,0.4278710655943603,0.4278710655943603,3.4673685045253237,3.4673685045253237
5,3.6307805477010175,3.6307805477010175,0.440858262185575,0.440858262185575,0.440858262185575,3.6307805477010175,3.6307805477010175
5,3.8018939632056123,3.8018939632056123,0.45363584034144677,0.45363584034144677,0.45363584034144677,3.801893963205612,3.801893963205612
5,3.981071705534969,3.981071705534969,0.46620415408744076,0.46620415408744076,0.46620415408744076,3.981071705534969,3.981071705534969
5,4.1686938347033635,4.1686938347033635,0.4785636681604062,0.4785636681604061,0.4785636681604061,4.1686938347033635,4.1686938347033635
5,4.3651583224016655,4.3651583224016655,0.4907149555845597,0.4907149555845597,0.4724099777778177,4.365158322401666,4.073802778041124
5,4.570881896148752,4.570881896148752,0.5026586951333883,0.5026586951333883,0.4599461287865936,4.570881896148752,3.8904514499428067
5,4.7863009232263805,4.7863009232263805,0.514395668685388,0.5143956686853879,0.44727323406372743,4.78630092322638,3.71535229097173
5,5.011872336272735,5.011872336272735,0.525926758481696,0.525926758481696,0.4343908839324975,5.011872336272735,3.548133892335748
5,5.248074602497733,5.248074602497733,0.5372529442937046,0.5372529442937046,0.42129878059434156,5.248074602497733,3.3884415613920225
5,5.4954087385762485,5.4954087385762485,0.5483753005088094,0.5483753005088094,0.40799674036712064,5.4954087385762485,3.2359365692962827
5,5.754399373371567,5.754399373371567,0.5592949931424054,0.5592949931424054,0.39448469579007694,5.754399373371567,3.090295432513593
5,6.025595860743593,6.025595860743593,0.5700132767842605,0.5700132767842605,0.38076269758812353,6.025595860743593,2.95120922666638
5,6.309573444801943,6.309573444801943,0.5805314914873132,0.5805314914873132,0.3668309164883684,6.309573444801943,2.8183829312644506
5,6.606934480075965,6.606934480075965,0.5908510596068777,0.5908510596068777,0.3526896448820329,6.606934480075964,2.6915348039269156
5,6.918309709189362,6.918309709189362,0.6009734825981152,0.6009734825981151,0.338339298325259,6.918309709189361,2.570395782768866
5,7.244359600749891,7.244359600749891,0.6109003377795137,0.6109003377795137,0.32378041687261827,7.244359600749891,2.454708915685035
5,7.585775750291851,7.585775750291851,0.620633275069964,0.6206332750699641,0.30901366623751536,7.585775750291852,2.344228815319919
5,7.943282347242821,7.943282347242821,0.6301740137068287,0.6301740137068288,0.29403983877409,7.943282347242821,2.238721138568339
5,8.317637711026709,8.317637711026709,0.6395243389522409,0.6395243389522411,0.2788598542756229,8.31763771102671,2.137962089502233
5,8.709635899560796,8.709635899560796,0.6486860987946145,0.6486860987946145,0.2634747605849561,8.709635899560798,2.0417379446695323
5,9.120108393559116,9.120108393559116,0.6576612006521565,0.6576612006521563,0.24788573401287262,9.120108393559114,1.9498445997580425
5,9.549925860214369,9.549925860214369,0.6664516080849079,0.6664516080849078,0.23209407956092587,9.549925860214367,1.8620871366628668
5,10.0,10.0,0.6750593375216036,0.6750593375216036,0.21610123094570177,10.000000000000002,1.7782794100389232
5,10.471285480508985,10.471285480508985,0.683486455007347,0.683486455007347,0.199908750422097,10.471285480508985,1.6982436524617466
5,10.964781961431873,10.964781961431873,0.6917350729778498,0.6917350729778498,0.18351832840370308,10.964781961431873,1.6218100973589273
5,11.481536214968841,11.481536214968841,0.6998073470656831,0.6998073470656831,0.16693178287902444,11.48153621496884,1.5488166189124806
5,12.02264434617413,12.02264434617413,0.7077054729437098,0.7077054729437099,0.1501510586227951,12.022644346174133,1.4791083881682077
5,12.589254117941662,12.589254117941662,0.7154316832105552,0.7154316832105552,0.13317822620232855,12.589254117941662,1.412537544622756
5,13.1825673855641,13.1825673855641,0.7229882443226947,0.7229882443226947,0.1160154807793834,13.1825673855641,1.3489628825916513
5,13.803842646028867,13.803842646028867,0.7303774535774203,0.7303774535774203,0.09866514070868804,13.803842646028869,1.2882495516931327
5,14.45439770745928,14.45439770745928,0.7376016361506608,0.7376016361506607,0.0811296459348475,14.454397707459282,1.2302687708123816
5,15.135612484362072,15.135612484362072,0.7446631421933098,0.7446631421933098,0.06341155619000438,15.135612484362072,1.1748975549395309
5,15.848931924611174,15.848931924611174,0.7515643439894429,0.7515643439894428,0.04551354899521376,15.848931924611172,1.1220184543019613
5,16.59586907437563,16.59586907437563,0.7583076331794794,0.7583076331794794,0.027438417469098142,16.595869074375635,1.071519305237605
5,17.378008287493763,17.378008287493763,0.7648954180510839,0.7648954180510839,0.009189067947928509,17.378008287493763,1.023292992280754
5,18.197008586099827,18.197008586099827,0.7713301209002824,0.7713301209002824,0.009189067947927954,18.197008586099827,1.0232929922807532
5,19.054607179632523,19.054607179632523,0.7776141754650144,0.7776141754650144,0.02743841746910003,19.054607179632526,1.0715193052376089
5,19.95262314968883,19.95262314968883,0.7837500244330448,0.7837500244330448,0.04551354899521509,19.952623149688833,1.122018454301965
5,20.892961308540407,20.892961308540407,0.7897401170259137,0.7897401170259137,0.06341155619000394,20.89296130854041,1.1748975549395297
5,21.87761623949552,21.87761623949552,0.7955869066603182,0.7955869066603181,0.08112964593484706,21.877616239495516,1.2302687708123805
5,22.9086765276777,22.9086765276777,0.8012928486880875,0.8012928486880875,0.0986651407086876,22.9086765276777,1.2882495516931314
5,23.988329190194946,23.988329190194946,0.8068603982156644,0.8068603982156644,0.11601548077938462,23.98832919019495,1.3489628825916555
5,25.11886431509582,25.11886431509582,0.812292008003767,0.812292008003767,0.1331782262023281,25.118864315095824,1.4125375446227548
5,26.302679918953814,26.302679918953814,0.8175901264476958,0.8175901264476958,0.15015105862279465,26.302679918953814,1.4791083881682063
5,27.542287033381633,27.542287033381633,0.8227571956385207,0.8227571956385207,0.166931782879024,27.542287033381626,1.5488166189124786
5,28.840315031266115,28.840315031266115,0.8277956495051945,0.8277956495051945,0.1835183284037042,28.84031503126612,1.6218100973589324
5,30.199517204020193,30.199517204020193,0.8327079120374374,0.8327079120374374,0.19990875042209666,30.19951720402019,1.6982436524617452
5,31.622776601683793,31.622776601683793,0.8374963955890671,0.8374963955890671,0.21610123094570144,31.62277660168379,1.7782794100389216
5,33.11311214825908,33.11311214825908,0.8421634992612599,0.8421634992612599,0.2320940795609251,33.11311214825907,1.8620871366628644
5,34.67368504525324,34.67368504525324,0.8467116073650889,0.8467116073650889,0.24788573401287395,34.67368504525324,1.9498445997580487
5,36.30780547701018,36.30780547701018,0.851143087962518,0.851143087962518,0.2634747605849559,36.30780547701017,2.0417379446695305
5,38.018939632056124,38.018939632056124,0.8554602914849072,0.8554602914849072,0.27885985427562254,38.01893963205612,2.137962089502231
5,39.81071705534969,39.81071705534969,0.8596655494279395,0.8596655494279395,0.2940398387740898,39.8107170553497,2.238721138568337
5,41.68693834703364,41.68693834703364,0.8637611731217769,0.8637611731217769,0.3090136662375166,41.68693834703364,2.3442288153199264
5,43.651583224016655,43.651583224016655,0.867749452575131,0.867749452575131,0.32378041687261794,43.65158322401665,2.454708915685032
5,45.708818961487516,45.708818961487516,0.8716326553918499,0.8716326553918498,0.3383392983252588,45.70881896148751,2.570395782768863
5,47.8630092322638,47.8630092322638,0.8754130257585161,0.8754130257585161,0.3526896448820326,47.86300923226379,2.691534803926912
5,50.11872336272735,50.11872336272735,0.8790927835014886,0.8790927835014886,0.3668309164883695,50.11872336272735,2.818382931264459
5,52.480746024977336,52.480746024977336,0.8826741232117341,0.8826741232117341,0.3807626975881243,52.48074602497733,2.9512092266663883
5,54.954087385762485,54.954087385762485,0.8861592134357492,0.8861592134357492,0.3944846957900767,54.95408738576247,3.0902954325135896
5,57.543993733715666,57.543993733715666,0.8895501959308011,0.8895501959308011,0.4079967403671203,57.543993733715645,3.2359365692962783
5,60.25595860743593,60.25595860743593,0.8928491849826837,0.8928491849826837,0.42129878059434234,60.25595860743593,3.3884415613920322
5,63.09573444801943,63.09573444801943,0.8960582667841409,0.8960582667841408,0.43439088393249814,63.095734448019414,3.548133892335758
5,66.06934480075964,66.06934480075964,0.8991794988720805,0.8991794988720805,0.447273234063727,66.06934480075962,3.715352290971725
5,69.18309709189363,69.18309709189363,0.9022149096216738,0.9022149096216737,0.45994612878659336,69.1830970918936,3.8904514499428013
5,72.44359600749891,72.44359600749891,0.9051664977954232,0.9051664977954232,0.4724099777778177,72.44359600749894,4.073802778041122
5,75.85775750291852,75.85775750291852,0.9080362321452659,0.9080362321452659,0.4785636681604055,75.8577575029185,4.168693834703352
5,79.43282347242821,79.43282347242821,0.9108260510657743,0.9108260510657743,0.4662041540874412,79.4328234724282,3.9810717055349745
5,83.17637711026708,83.17637711026708,0.9135378622965216,0.9135378622965216,0.4536358403414472,83.17637711026705,3.801893963205618
5,87.09635899560796,87.09635899560796,0.9161735426716706,0.9161735426716706,0.44085826218557556,87.09635899560791,3.630780547701023
5,91.20108393559116,91.20108393559116,0.9187349379148715,0.9187349379148715,0.4278710655943596,91.20108393559113,3.467368504525314
5,95.49925860214368,95.49925860214368,0.9212238624775508,0.9212238624775508,0.414674009555824,95.49925860214366,3.311311214825912
5,100.0,100.0,0.9236420994187081,0.9236420994187081,0.4012669682440221,100.00000000000004,3.1622776601683813
5,104.71285480508985,104.71285480508985,0.925991400324342,0.925991400324342,0.38764993305456863,104.71285480508989,3.019951720402021
5,109.64781961431873,109.64781961431873,0.928273485264667,0.928273485264667,0.3738230144959125,109.6478196143187,2.8840315031266037
5,114.81536214968841,114.81536214968841,0.9304900427872983,0.9304900427872983,0.35978644392940107,114.81536214968835,2.754228703338167
5,120.22644346174131,120.22644346174131,0.9326427299446244,0.9326427299446245,0.3455405751514292,120.22644346174135,2.630267991895383
5,125.89254117941661,125.89254117941661,0.934733172353608,0.934733172353608,0.3310858858113539,125.89254117941665,2.5118864315095837
5,131.825673855641,131.825673855641,0.9367629642863026,0.9367629642863026,0.3164229786591466,131.82567385564096,2.398832919019488
5,138.03842646028866,138.03842646028866,0.9387336687894025,0.9387336687894025,0.30155258261719997,138.0384264602886,2.290867652767773
5,144.5439770745928,144.5439770745928,0.9406468178311871,0.9406468178311871,0.28647555367107036,144.54397707459285,2.1877616239495534
5,151.3561248436207,151.3561248436207,0.942503912474258,0.942503912474258,0.27119287557443217,151.35612484362076,2.0892961308540423
5,158.48931924611173,158.48931924611173,0.9443064230725133,0.9443064230725132,0.2557056603639446,158.48931924611168,1.9952623149688775
5,165.9586907437563,165.9586907437563,0.946055789490841,0.946055789490841,0.24001514868026985,165.95869074375636,1.9054607179632455
5,173.78008287493762,173.78008287493762,0.9477534213460665,0.9477534213460665,0.22412270989195482,173.78008287493768,1.8197008586099839
5,181.97008586099827,181.97008586099827,0.9494006982677221,0.9494006982677221,0.20802984201947494,181.9700858609983,1.7378008287493776
5,190.5460717963252,190.5460717963252,0.9509989701772611,0.9509989701772611,0.19173817145726268,190.54607179632515,1.6595869074375587
5,199.52623149688827,199.52623149688827,0.9525495575843805,0.9525495575843805,0.17524945249213741,199.5262314968882,1.5848931924611134
5,208.92961308540407,208.92961308540407,0.954053751899163,0.954053751899163,0.15856556661711585,208.92961308540416,1.5135612484362082
5,218.77616239495518,218.77616239495518,0.9555128157587918,0.9555128157587918,0.14168852164022983,218.77616239495524,1.4454397707459292
5,229.08676527677702,229.08676527677702,0.9569279833676436,0.9569279833676436,0.12462045058852467,229.08676527677702,1.3803842646028879
5,239.88329190194946,239.88329190194946,0.9583004608496034,0.9583004608496035,0.10736361040807485,239.88329190194955,1.3182567385564057
5,251.18864315095823,251.18864315095823,0.9596314266114945,0.9596314266114945,0.08992038046145168,251.18864315095828,1.258925411794167
5,263.02679918953817,263.02679918953817,0.9609220317165607,0.9609220317165607,0.07229326082466458,263.02679918953817,1.202264434617414
5,275.4228703338163,275.4228703338163,0.9621734002669806,0.9621734002669806,0.054484870386277806,275.4228703338163,1.148153621496885
5,288.4031503126612,288.4031503126612,0.9633866297944396,0.9633866297944396,0.03649794475193524,288.40315031266124,1.0964781961431835
5,301.9951720402019,301.9951720402019,0.9645627916578234,0.9645627916578234,0.018335333958181876,301.99517204020196,1.0471285480508994
5,316.2277660168379,316.2277660168379,0.9657029314471479,0.9657029314471479,3.3306690738754696e-16,316.22776601683796,1.0000000000000009
5,331.13112148259074,331.13112148259074,0.9668080693928711,0.9645627916578234,0.018335333958181432,301.99517204020253,1.0471285480508974
5,346.7368504525324,346.7368504525324,0.9678792007797795,0.9633866297944396,0.03649794475193657,288.4031503126605,1.0964781961431866
5,363.07805477010174,363.07805477010174,0.9689172963646814,0.9621734002669807,0.05448487038627703,275.42287033381683,1.148153621496883
5,380.18939632056123,380.18939632056123,0.9699233027971739,0.9609220317165607,0.07229326082466381,263.0267991895387,1.202264434617412
5,398.1071705534969,398.1071705534969,0.9708981430427918,0.9596314266114945,0.08992038046145079,251.1886431509587,1.2589254117941648
5,416.86938347033634,416.86938347033634,0.9718427168078821,0.9583004608496034,0.10736361040807574,239.88329190194892,1.318256738556409
5,436.51583224016656,436.51583224016656,0.9727579009655823,0.9569279833676436,0.12462045058852378,229.08676527677744,1.3803842646028854
5,457.08818961487515,457.08818961487515,0.9736445499823178,0.9555128157587919,0.14168852164022905,218.7761623949556,1.4454397707459266
5,478.630092322638,478.630092322638,0.9745034963442639,0.9540537518991631,0.15856556661711507,208.92961308540453,1.5135612484362055
5,501.1872336272735,501.1872336272735,0.9753355509832551,0.9525495575843804,0.17524945249213775,199.52623149688782,1.584893192461116
5,524.8074602497734,524.8074602497734,0.976141503701649,0.950998970177261,0.19173817145726335,190.5460717963248,1.6595869074375615
5,549.5408738576248,549.5408738576248,0.9769221235956911,0.9494006982677221,0.20802984201947416,181.9700858609986,1.7378008287493745
5,575.4399373371566,575.4399373371566,0.9776781594769476,0.9477534213460667,0.22412270989195415,173.780082874938,1.8197008586099805
5,602.5595860743593,602.5595860743593,0.9784103402914076,0.9460557894908409,0.24001514868027074,165.95869074375594,1.9054607179632506
5,630.9573444801943,630.9573444801943,0.9791193755358802,0.9443064230725132,0.25570566036394493,158.4893192461114,1.995262314968881
5,660.6934480075964,660.6934480075964,0.9798059556713404,0.9425039124742581,0.2711928755744316,151.35612484362102,2.0892961308540388
5,691.8309709189363,691.8309709189363,0.9804707525328994,0.9406468178311871,0.2864755536710697,144.5439770745931,2.1877616239495494
5,724.4359600749891,724.4359600749891,0.9811144197361024,0.9387336687894026,0.3015525826171992,138.03842646028897,2.2908676527677674
5,758.5775750291851,758.5775750291851,0.9817375930792798,0.9367629642863025,0.31642297865914726,131.82567385564073,2.3988329190194926
5,794.3282347242822,794.3282347242822,0.9823408909416957,0.9347331723536081,0.33108588581135323,125.89254117941688,2.5118864315095792
5,831.7637711026708,831.7637711026708,0.9829249146772665,0.9326427299446245,0.34554057515142866,120.22644346174157,2.630267991895378
5,870.9635899560797,870.9635899560797,0.9834902490036325,0.9304900427872984,0.3597864439294002,114.81536214968867,2.7542287033381596
5,912.0108393559116,912.0108393559116,0.9840374623863956,0.9282734852646669,0.37382301449591304,109.64781961431851,2.8840315031266086
5,954.9925860214369,954.9925860214369,0.9845671074183452,0.9259914003243421,0.3876499330545681,104.71285480509007,3.0199517204020156
5,1000.0,1000.0,0.9850797211935186,0.9236420994187082,0.4012669682440215,100.00000000000023,3.1622776601683755
5,1047.1285480508984,1047.1285480508984,0.9855758256759543,0.9212238624775511,0.41467400955582323,95.49925860214391,3.311311214825903
5,1096.4781961431872,1096.4781961431872,0.986055928063015,0.9187349379148715,0.42787106559436006,91.20108393559097,3.46736850452532
5,1148.1536214968842,1148.1536214968842,0.9865205211431723,0.9161735426716708,0.4408582621855748,87.09635899560816,3.6307805477010135
5,1202.2644346174131,1202.2644346174131,0.9869700836481576,0.9135378622965217,0.45363584034144655,83.17637711026727,3.801893963205608
5,1258.9254117941662,1258.9254117941662,0.9874050805993979,0.9108260510657744,0.4662041540874404,79.4328234724284,3.981071705534964
5,1318.25673855641,1318.25673855641,0.9878259636486684,0.9080362321452657,0.47856366816040585,75.85775750291836,4.168693834703359
5,1380.3842646028866,1380.3842646028866,0.9882331714129069,0.9051664977954232,0.4724099777778181,72.44359600749907,4.073802778041129
5,1445.439770745928,1445.439770745928,0.9886271298031426,0.9022149096216739,0.45994612878659413,69.18309709189379,3.8904514499428116
5,1513.561248436207,1513.561248436207,0.9890082523475071,0.8991794988720806,0.44727323406372765,66.06934480075981,3.715352290971735
5,1584.8931924611175,1584.8931924611175,0.989376940508303,0.8960582667841408,0.4343908839324977,63.09573444801931,3.5481338923357515
5,1659.586907437563,1659.586907437563,0.9897335839931145,0.8928491849826836,0.421298780594342,60.25595860743582,3.3884415613920265
5,1737.8008287493763,1737.8008287493763,0.9900785610599556,0.8895501959308013,0.4079967403671211,57.5439937337158,3.235936569296287
5,1819.7008586099826,1819.7008586099826,0.9904122388164572,0.8861592134357494,0.39448469579007717,54.95408738576257,3.0902954325135954
5,1905.4607179632521,1905.4607179632521,0.9907349735131048,0.8826741232117339,0.38076269758812387,52.480746024977236,2.951209226666383
5,1995.262314968883,1995.262314968883,0.9910471108305416,0.8790927835014885,0.36683091648836896,50.11872336272726,2.818382931264454
5,2089.2961308540407,2089.2961308540407,0.9913489861609662,0.8754130257585163,0.35268964488203347,47.86300923226391,2.691534803926919
5,2187.761623949552,2187.761623949552,0.9916409248836491,0.8716326553918499,0.33833929832525933,45.70881896148759,2.5703957827688675
5,2290.86765276777,2290.86765276777,0.9919232426346098,0.8677494525751311,0.3237804168726186,43.651583224016726,2.4547089156850364
5,2398.832919019495,2398.832919019495,0.9921962455704946,0.8637611731217768,0.3090136662375159,41.68693834703356,2.344228815319922
5,2511.886431509582,2511.886431509582,0.9924602306266994,0.8596655494279397,0.29403983877409035,39.81071705534979,2.238721138568342
5,2630.2679918953813,2630.2679918953813,0.9927154857697934,0.8554602914849073,0.2788598542756232,38.01893963205619,2.137962089502235
5,2754.228703338163,2754.228703338163,0.9929622902442953,0.8511430879625181,0.26347476058495656,36.30780547701024,2.041737944669534
5,2884.0315031266114,2884.0315031266114,0.9932009148138636,0.8467116073650887,0.2478857340128734,34.67368504525318,1.9498445997580451
5,3019.951720402019,3019.951720402019,0.9934316219969639,0.8421634992612601,0.2320940795609261,33.113112148259155,1.8620871366628693
5,3162.2776601683795,3162.2776601683795,0.9936546662970771,0.8374963955890672,0.2161012309457021,31.622776601683846,1.778279410038925
5,3311.311214825908,3311.311214825908,0.9938702944275217,0.8327079120374378,0.19990875042209777,30.19951720402027,1.6982436524617497
5,3467.3685045253237,3467.3685045253237,0.9940787455309571,0.8277956495051944,0.18351832840370375,28.840315031266066,1.6218100973589296
5,3630.7805477010174,3630.7805477010174,0.9942802513936448,0.8227571956385209,0.16693178287902477,27.542287033381676,1.5488166189124812
5,3801.8939632056126,3801.8939632056126,0.9944750366545441,0.8175901264476961,0.15015105862279587,26.30267991895388,1.4791083881682103
5,3981.071705534969,3981.071705534969,0.9946633190093158,0.8122920080037672,0.133178226202329,25.118864315095866,1.4125375446227573
5,4168.693834703364,4168.693834703364,0.9948453094093194,0.8068603982156641,0.1160154807793834,23.988329190194886,1.348962882591652
5,4365.158322401665,4365.158322401665,0.9950212122556793,0.8012928486880878,0.09866514070868893,22.90867652767776,1.288249551693135
5,4570.881896148751,4570.881896148751,0.9951912255885046,0.7955869066603183,0.08112964593484784,21.877616239495556,1.2302687708123827
5,4786.30092322638,4786.30092322638,0.9953555412713447,0.7897401170259141,0.06341155619000516,20.892961308540464,1.1748975549395329
5,5011.872336272735,5011.872336272735,0.9955143451709647,0.7837500244330445,0.04551354899521465,19.952623149688797,1.122018454301963
5,5248.074602497733,5248.074602497733,0.9956678173325237,0.7776141754650141,0.027438417469098697,19.054607179632477,1.0715193052376062
5,5495.408738576248,5495.408738576248,0.9958161321502426,0.7713301209002827,0.009189067947928842,18.197008586099873,1.0232929922807559
5,5754.399373371566,5754.399373371566,0.9959594585336439,0.7648954180510841,0.009189067947927398,17.378008287493795,1.0232929922807523
5,6025.595860743593,6025.595860743593,0.9960979600694517,0.758307633179479,0.027438417469099585,16.59586907437559,1.071519305237608
5,6309.573444801943,6309.573444801943,0.9962317951792342,0.7515643439894426,0.04551354899521465,15.84893192461115,1.122018454301963
5,6606.9344800759645,6606.9344800759645,0.9963611172728754,0.7446631421933101,0.06341155619000394,15.135612484362099,1.1748975549395289
5,6918.309709189362,6918.309709189362,0.9964860748979606,0.737601636150661,0.08112964593484617,14.45439770745932,1.2302687708123783
5,7244.359600749921,7244.359600749921,0.9966068118851604,0.7303774535774201,0.09866514070868893,13.803842646028846,1.288249551693135
5,7585.775750291851,7585.775750291851,0.9967234674896966,0.7229882443226943,0.11601548077938406,13.18256738556407,1.3489628825916544
5,7943.282347242822,7943.282347242822,0.9968361765289746,0.7154316832105556,0.13317822620232778,12.589254117941696,1.4125375446227524
5,8317.63771102671,8317.63771102671,0.9969450695164646,0.7077054729437102,0.15015105862279432,12.022644346174154,1.479108388168205
5,8709.635899560797,8709.635899560797,0.997050272791915,0.6998073470656834,0.166931782879024,11.481536214968854,1.5488166189124786
5,9120.108393559116,9120.108393559116,0.9971519086479789,0.6917350729778498,0.18351832840370375,10.964781961431859,1.6218100973589296
5,9549.92586021437,9549.92586021437,0.9972500954533335,0.6834864550073472,0.19990875042209622,10.471285480509005,1.6982436524617437
5,10000.0,10000.0,0.9973449477723763,0.6750593375216039,0.21610123094570144,10.00000000000001,1.7782794100389216
5,10471.285480508985,10471.285480508985,0.9974365764815716,0.6664516080849083,0.23209407956092476,9.549925860214389,1.8620871366628626
5,10964.781961431829,10964.781961431829,0.9975250888825312,0.6576612006521565,0.2478857340128724,9.120108393559127,1.94984459975804
5,11481.536214968794,11481.536214968794,0.9976105888119019,0.6486860987946158,0.2634747605849542,8.709635899560851,2.04173794466952
5,12022.64434617418,12022.64434617418,0.9976931767481385,0.6395243389522407,0.27885985427562343,8.317637711026697,2.1379620895022367
5,12589.254117941713,12589.254117941713,0.997772949915237,0.6301740137068282,0.2940398387740908,7.943282347242803,2.238721138568344
5,13182.567385564102,13182.567385564102,0.9978500023835012,0.6206332750699639,0.3090136662375159,7.585775750291841,2.344228815319922
5,13803.842646028867,13803.842646028867,0.9979244251674159,0.6109003377795141,0.3237804168726177,7.244359600749905,2.45470891568503
5,14454.39770745928,14454.39770745928,0.997996306320699,0.6009734825981152,0.3383392983252588,6.918309709189371,2.570395782768863
5,15135.612484362071,15135.612484362071,0.9980657310286021,0.5908510596068782,0.35268964488203236,6.606934480075979,2.6915348039269094
5,15848.931924611108,15848.931924611108,0.9981327816975291,0.5805314914873134,0.3668309164883681,6.309573444801951,2.8183829312644466
5,16595.86907437556,16595.86907437556,0.9981975380420418,0.5700132767842612,0.38076269758812276,6.025595860743607,2.9512092266663723
5,17378.008287493834,17378.008287493834,0.9982600771693182,0.5592949931424052,0.3944846957900775,5.754399373371558,3.090295432513598
5,18197.0085860999,18197.0085860999,0.9983204736611296,0.548375300508809,0.4079967403671213,5.495408738576236,3.23593656929629
5,19054.607179632523,19054.607179632523,0.9983787996534017,0.5372529442937038,0.42129878059434234,5.248074602497718,3.3884415613920322
5,19952.62314968883,19952.62314968883,0.9984351249134216,0.5259267584816953,0.4343908839324979,5.011872336272725,3.548133892335755
5,20892.96130854041,20892.96130854041,0.9984895169147536,0.5143956686853883,0.447273234063727,4.786300923226387,3.715352290971725
5,21877.616239495517,21877.616239495517,0.998542040909925,0.5026586951333891,0.459946128786593,4.570881896148762,3.890451449942798
5,22908.6765276777,22908.6765276777,0.998592760000939,0.4907149555845599,0.47240997777781735,4.365158322401672,4.073802778041118
5,23988.32919019485,23988.32919019485,0.9986417352076767,0.47856366816040685,0.47856366816040685,4.168693834703374,4.168693834703374
5,25118.864315095718,25118.864315095718,0.9986890255342422,0.4662041540874423,0.4662041540874423,3.9810717055349922,3.9810717055349922
5,26302.679918953923,26302.679918953923,0.9987346880333077,0.45363584034144633,0.45363584034144633,3.8018939632056044,3.8018939632056044
5,27542.287033381745,27542.287033381745,0.9987787778685137,0.44085826218557433,0.44085826218557433,3.630780547701007,3.630780547701007
5,28840.315031266116,28840.315031266116,0.9988213483749766,0.42787106559435983,0.42787106559435983,3.467368504525317,3.467368504525317
5,30199.51720402019,30199.51720402019,0.9988624511179581,0.414674009555824,0.414674009555824,3.311311214825912,3.311311214825912
5,31622.776601683792,31622.776601683792,0.998902135949744,0.40126696824402264,0.40126696824402264,3.1622776601683866,3.1622776601683866
5,33113.112148259075,33113.112148259075,0.9989404510647857,0.38764993305456885,0.38764993305456885,3.0199517204020236,3.0199517204020236
5,34673.68504525309,34673.68504525309,0.9989774430531514,0.37382301449591404,0.37382301449591404,2.884031503126619,2.884031503126619
5,36307.80547701003,36307.80547701003,0.9990131569523345,0.3597864439294024,0.3597864439294024,2.754228703338179,2.754228703338179
5,38018.93963205628,38018.93963205628,0.9990476362974673,0.34554057515142844,0.34554057515142844,2.630267991895376,2.630267991895376
5,39810.71705534986,39810.71705534986,0.9990809231699823,0.3310858858113529,0.3310858858113529,2.511886431509575,2.511886431509575
5,41686.93834703363,41686.93834703363,0.999113058244769,0.3164229786591469,0.3164229786591469,2.3988329190194904,2.3988329190194904
5,43651.58322401666,43651.58322401666,0.9991440808358667,0.30155258261719997,0.30155258261719997,2.290867652767773,2.290867652767773
5,45708.818961487515,45708.818961487515,0.9991740289407367,0.2864755536710709,0.2864755536710709,2.187761623949557,2.187761623949557
5,47863.0092322638,47863.0092322638,0.9992029392831542,0.2711928755744325,0.2711928755744325,2.089296130854044,2.089296130854044
5,50118.72336272715,50118.72336272715,0.9992308473547609,0.25570566036394626,0.25570566036394626,1.995262314968888,1.995262314968888
5,52480.746024977125,52480.746024977125,0.9992577874553165,0.24001514868027185,0.24001514868027185,1.9054607179632557,1.9054607179632557
5,54954.08738576271,54954.08738576271,0.9992837927316874,0.22412270989195393,0.22412270989195393,1.819700858609979,1.819700858609979
5,57543.9937337159,57543.9937337159,0.9993088952156103,0.20802984201947394,0.20802984201947394,1.7378008287493716,1.7378008287493716
5,60255.95860743593,60255.95860743593,0.9993331258602648,0.19173817145726302,0.19173817145726302,1.65958690743756,1.65958690743756
5,63095.73444801943,63095.73444801943,0.9993565145756934,0.17524945249213741,0.17524945249213741,1.5848931924611134,1.5848931924611134
5,66069.34480075965,66069.34480075965,0.9993790902631,0.15856556661711652,0.15856556661711652,1.5135612484362109,1.5135612484362109
5,69183.09709189362,69183.09709189362,0.9994008808480619,0.14168852164023005,0.14168852164023005,1.4454397707459303,1.4454397707459303
5,72443.59600749891,72443.59600749891,0.9994219133126875,0.12462045058852489,0.12462045058852489,1.3803842646028903,1.3803842646028903
5,75857.7575029182,75857.7575029182,0.9994422137267512,0.10736361040807685,0.10736361040807685,1.3182567385564126,1.3182567385564126
5,79432.82347242789,79432.82347242789,0.9994618072778361,0.08992038046145423,0.08992038046145423,1.258925411794175,1.258925411794175
5,83176.37711026742,83176.37711026742,0.9994807183005141,0.07229326082466314,0.07229326082466314,1.2022644346174098,1.2022644346174098
5,87096.35899560832,87096.35899560832,0.999498970304594,0.054484870386276585,0.054484870386276585,1.1481536214968822,1.1481536214968822
5,91201.08393559116,91201.08393559116,0.9995165860024632,0.036497944751935685,0.036497944751935685,1.0964781961431846,1.0964781961431846
5,95499.25860214369,95499.25860214369,0.9995335873355534,0.018335333958182765,0.018335333958182765,1.0471285480509012,1.0471285480509012
5,100000.0,100000.0,0.999549995499955,8.881784197001252e-16,8.881784197001252e-16,1.0000000000000018,1.0000000000000018
5,104712.85480508985,104712.85480508985,0.9995658309712071,0.018335333958180544,0.018335333958180544,1.0471285480508956,1.0471285480508956
5,109647.81961431829,109647.81961431829,0.9995811135282878,0.036497944751934464,0.036497944751934464,1.0964781961431807,1.0964781961431807
5,114815.36214968794,114815.36214968794,0.9995958622768306,0.054484870386275475,0.054484870386275475,1.148153621496878,1.148153621496878
5,120226.4434617418,120226.4434617418,0.9996100956715886,0.07229326082466525,0.07229326082466525,1.2022644346174163,1.2022644346174163
5,125892.54117941714,125892.54117941714,0.9996238315381726,0.08992038046145168,0.08992038046145168,1.2589254117941682,1.2589254117941682
5,131825.673855641,131825.673855641,0.9996370870940817,0.10736361040807574,0.10736361040807574,1.318256738556408,1.318256738556408
5,138038.42646028867,138038.42646028867,0.9996498789690532,0.124620450588523,0.124620450588523,1.380384264602883,1.380384264602883
5,144543.9770745928,144543.9770745928,0.9996622232247486,0.1416885216402286,0.1416885216402286,1.4454397707459252,1.4454397707459252
5,151356.12484362072,151356.12484362072,0.9996741353737985,0.15856556661711507,0.15856556661711507,1.5135612484362055,1.5135612484362055
5,158489.3192461111,158489.3192461111,0.9996856303982264,0.17524945249213597,0.17524945249213597,1.5848931924611076,1.5848931924611076
5,165958.69074375564,165958.69074375564,0.9996967227672708,0.19173817145726202,0.19173817145726202,1.6595869074375542,1.6595869074375542
5,173780.08287493835,173780.08287493835,0.9997074264546233,0.2080298420194756,0.2080298420194756,1.7378008287493807,1.7378008287493807
5,181970.085860999,181970.085860999,0.9997177549551026,0.22412270989195526,0.22412270989195526,1.8197008586099854,1.8197008586099854
5,190546.0717963252,190546.0717963252,0.9997277213007817,0.24001514868027052,0.24001514868027052,1.9054607179632488,1.9054607179632488
5,199526.2314968883,199526.2314968883,0.9997373380765847,0.2557056603639446,0.2557056603639446,1.9952623149688775,1.9952623149688775
5,208929.6130854041,208929.6130854041,0.999746617435372,0.27119287557443117,0.27119287557443117,2.089296130854037,2.089296130854037
5,218776.16239495517,218776.16239495517,0.9997555711125267,0.2864755536710697,0.2864755536710697,2.1877616239495494,2.1877616239495494
5,229086.765276777,229086.765276777,0.9997642104400624,0.30155258261719875,0.30155258261719875,2.290867652767765,2.290867652767765
5,239883.29190194848,239883.29190194848,0.9997725463602638,0.3164229786591458,0.3164229786591458,2.398832919019482,2.398832919019482
5,251188.64315095925,251188.64315095925,0.9997805894388772,0.3310858858113547,0.3310858858113547,2.5118864315095886,2.5118864315095886
5,263026.7991895392,263026.7991895392,0.9997883498778645,0.34554057515142944,0.34554057515142944,2.6302679918953853,2.6302679918953853
5,275422.87033381744,275422.87033381744,0.9997958375277348,0.3597864439294013,0.3597864439294013,2.7542287033381694,2.7542287033381694
5,288403.15031266114,288403.15031266114,0.999803061899467,0.3738230144959125,0.3738230144959125,2.8840315031266037,2.8840315031266037
5,301995.1720402019,301995.1720402019,0.9998100321760365,0.38764993305456785,0.38764993305456785,3.019951720402013,3.019951720402013
5,316227.7660168379,316227.7660168379,0.9998167572235596,0.4012669682440215,0.4012669682440215,3.1622776601683755,3.1622776601683755
5,331131.12148259074,331131.12148259074,0.9998232456020661,0.4146740095558229,0.4146740095558229,3.3113112148259005,3.3113112148259005
5,346736.85045253095,346736.85045253095,0.9998295055759142,0.42787106559435883,0.42787106559435883,3.4673685045253047,3.4673685045253047
5,363078.0547701003,363078.0547701003,0.9998355451238572,0.4408582621855731,0.4408582621855731,3.630780547700994,3.630780547700994
5,380189.3963205628,380189.3963205628,0.9998413719487752,0.4536358403414472,0.4536358403414472,3.801893963205618,3.801893963205618
5,398107.17055349855,398107.17055349855,0.9998469934870813,0.4662041540874414,0.4662041540874414,3.981071705534978,3.981071705534978
5,416869.3834703364,416869.3834703364,0.9998524169178129,0.47856366816040585,0.47856366816040585,4.168693834703359,4.168693834703359
5,436515.83224016655,436515.83224016655,0.99985764917142,0.49071495558455913,0.47240997777781824,4.365158322401657,4.0738027780411326
5,457088.1896148752,457088.1896148752,0.9998626969382571,0.5026586951333879,0.45994612878659413,4.570881896148745,3.8904514499428116
5,478630.092322638,478630.092322638,0.9998675666767931,0.5143956686853873,0.447273234063728,4.786300923226369,3.715352290971738
5,501187.2336272715,501187.2336272715,0.9998722646215423,0.5259267584816943,0.4343908839324989,5.011872336272707,3.5481338923357675
5,524807.4602497712,524807.4602497712,0.9998767967907322,0.5372529442937028,0.42129878059434345,5.2480746024977,3.388441561392044
5,549540.873857627,549540.873857627,0.9998811689937109,0.5483753005088097,0.4079967403671203,5.495408738576256,3.2359365692962783
5,575439.937337159,575439.937337159,0.9998853868381072,0.5592949931424058,0.3944846957900764,5.754399373371578,3.090295432513587
5,602559.5860743594,602559.5860743594,0.9998894557367481,0.5700132767842605,0.38076269758812387,6.025595860743586,2.951209226666383
5,630957.3444801943,630957.3444801943,0.9998933809143441,0.5805314914873128,0.3668309164883692,6.309573444801929,2.818382931264457
5,660693.4480075964,660693.4480075964,0.9998971674139479,0.5908510596068774,0.35268964488203347,6.606934480075955,2.691534803926919
5,691830.9709189363,691830.9709189363,0.999900820103196,0.6009734825981146,0.33833929832525966,6.918309709189346,2.570395782768872
5,724435.9600749891,724435.9600749891,0.9999043436803392,0.6109003377795135,0.3237804168726188,7.244359600749879,2.4547089156850386
5,758577.575029182,758577.575029182,0.9999077426800683,0.6206332750699628,0.30901366623751747,7.585775750291801,2.3442288153199344
5,794328.2347242854,794328.2347242854,0.9999110214791435,0.6301740137068292,0.2940398387740891,7.943282347242845,2.2387211385683323
5,831763.7711026743,831763.7711026743,0.9999141843018325,0.6395243389522414,0.2788598542756222,8.317637711026725,2.137962089502229
5,870963.5899560832,870963.5899560832,0.999917235225165,0.648686098794615,0.2634747605849552,8.709635899560821,2.041737944669527
5,912010.8393559115,912010.8393559115,0.9999201781840077,0.6576612006521558,0.24788573401287362,9.120108393559095,1.949844599758047
5,954992.5860214368,954992.5860214368,0.9999230169759684,0.6664516080849077,0.2320940795609261,9.549925860214355,1.8620871366628693
5,1000000.0,1000000.0,0.9999257552661323,0.6750593375216032,0.21610123094570244,9.999999999999975,1.778279410038928
5,1047128.5480508985,1047128.5480508985,0.9999283965916375,0.6834864550073466,0.19990875042209777,10.471285480508968,1.6982436524617497
5,1096478.196143183,1096478.196143183,0.9999309443660956,0.6917350729778488,0.18351832840370552,10.9647819614318,1.6218100973589382
5,1148153.6214968793,1148153.6214968793,0.9999334018838608,0.6998073470656822,0.16693178287902666,11.481536214968772,1.5488166189124895
5,1202264.434617418,1202264.434617418,0.9999357723241534,0.7077054729437102,0.15015105862279432,12.022644346174154,1.479108388168205
5,1258925.4117941714,1258925.4117941714,0.9999380587550442,0.7154316832105556,0.13317822620232778,12.589254117941696,1.4125375446227524
5,1318256.7385564102,1318256.7385564102,0.9999402641373004,0.7229882443226943,0.11601548077938406,13.18256738556407,1.3489628825916544
5,1380384.2646028865,1380384.2646028865,0.9999423913281034,0.7303774535774201,0.09866514070868893,13.803842646028846,1.288249551693135
5,1445439.770745928,1445439.770745928,0.999944443084636,0.7376016361506603,0.08112964593484828,14.454397707459243,1.230268770812385
5,1513561.2484362072,1513561.2484362072,0.9999464220675502,0.7446631421933095,0.06341155619000516,15.135612484362046,1.1748975549395329
5,1584893.192461111,1584893.192461111,0.9999483308443142,0.7515643439894419,0.04551354899521676,15.848931924611065,1.122018454301969
5,1659586.9074375562,1659586.9074375562,0.9999501718924453,0.7583076331794785,0.027438417469100695,16.595869074375532,1.0715193052376117
5,1737800.8287493833,1737800.8287493833,0.9999519476026327,0.7648954180510841,0.009189067947927398,17.378008287493795,1.0232929922807523
5,1819700.85860999,1819700.85860999,0.9999536602817527,0.7713301209002827,0.009189067947928842,18.197008586099873,1.0232929922807559
5,1905460.7179632522,1905460.7179632522,0.9999553121557805,0.7776141754650141,0.027438417469098697,19.054607179632477,1.0715193052376062
5,1995262.3149688828,1995262.3149688828,0.9999569053726018,0.7837500244330445,0.04551354899521465,19.952623149688797,1.122018454301963
5,2089296.1308540408,2089296.1308540408,0.9999584420047292,0.7897401170259133,0.06341155619000316,20.892961308540354,1.1748975549395266
5,2187761.623949552,2187761.623949552,0.9999599240519228,0.7955869066603178,0.08112964593484617,21.877616239495477,1.2302687708123783
5,2290867.65276777,2290867.65276777,0.9999613534437234,0.8012928486880871,0.09866514070868693,22.908676527677635,1.288249551693128
5,2398832.919019485,2398832.919019485,0.9999627320418967,0.8068603982156637,0.11601548077938217,23.9883291901948,1.348962882591647
5,2511886.4315095926,2511886.4315095926,0.9999640616427939,0.8122920080037672,0.133178226202329,25.118864315095866,1.4125375446227573
5,2630267.991895392,2630267.991895392,0.9999653439796315,0.8175901264476961,0.15015105862279587,26.30267991895388,1.4791083881682103
5,2754228.7033381746,2754228.7033381746,0.9999665807246917,0.8227571956385209,0.16693178287902477,27.542287033381676,1.5488166189124812
5,2884031.5031266115,2884031.5031266115,0.9999677734914473,0.8277956495051944,0.18351832840370375,28.840315031266066,1.6218100973589296
5,3019951.720402019,3019951.720402019,0.9999689238366137,0.8327079120374371,0.19990875042209555,30.19951720402011,1.6982436524617406
5,3162277.660168379,3162277.660168379,0.9999700332621297,0.8374963955890669,0.21610123094570066,31.622776601683732,1.7782794100389185
5,3311311.2148259077,3311311.2148259077,0.9999711032170696,0.8421634992612598,0.23209407956092476,33.11311214825904,1.8620871366628626
5,3467368.5045253094,3467368.5045253094,0.9999721350994896,0.8467116073650882,0.24788573401287162,34.67368504525302,1.9498445997580365
5,3630780.5477010026,3630780.5477010026,0.9999731302582106,0.8511430879625175,0.2634747605849542,36.30780547700998,2.04173794466952
5,3801893.963205628,3801893.963205628,0.9999740899945389,0.8554602914849073,0.27885985427562343,38.018939632056224,2.1379620895022367
5,3981071.7055349853,3981071.7055349853,0.9999750155639274,0.8596655494279397,0.29403983877409,39.810717055349755,2.23872113856834
5,4168693.8347033635,4168693.8347033635,0.9999759081775801,0.8637611731217768,0.3090136662375159,41.68693834703356,2.344228815319922
5,4365158.322401665,4365158.322401665,0.9999767690039993,0.8677494525751308,0.32378041687261705,43.651583224016534,2.4547089156850257
5,4570881.8961487515,4570881.8961487515,0.9999775991704809,0.8716326553918496,0.3383392983252581,45.70881896148743,2.570395782768858
5,4786300.92322638,4786300.92322638,0.9999783997645573,0.8754130257585159,0.3526896448820317,47.863009232263664,2.6915348039269045
5,5011872.336272715,5011872.336272715,0.9999791718353898,0.8790927835014881,0.3668309164883675,50.11872336272704,2.8183829312644417
5,5248074.602497712,5248074.602497712,0.9999799163951129,0.8826741232117337,0.38076269758812276,52.48074602497705,2.9512092266663723
5,5495408.738576271,5495408.738576271,0.999980634420133,0.8861592134357494,0.3944846957900775,54.95408738576261,3.090295432513598
5,5754399.37337159,5754399.37337159,0.9999813268523797,0.8895501959308012,0.40799674036712086,57.543993733715745,3.235936569296284
5,6025595.860743593,6025595.860743593,0.9999819946005164,0.8928491849826836,0.421298780594342,60.25595860743582,3.3884415613920265
5,6309573.444801942,6309573.444801942,0.9999826385411061,0.8960582667841407,0.4343908839324975,63.09573444801925,3.5481338923357484
5,6606934.480075965,6606934.480075965,0.999983259519739,0.8991794988720803,0.44727323406372654,66.06934480075951,3.7153522909717185
5,6918309.709189363,6918309.709189363,0.9999838583521192,0.9022149096216736,0.459946128786593,69.18309709189354,3.890451449942798
5,7244359.600749891,7244359.600749891,0.9999844358251145,0.905166497795423,0.472409977777817,72.44359600749875,4.073802778041111
5,7585775.750291821,7585775.750291821,0.9999849926977693,0.9080362321452655,0.47856366816040685,75.85775750291809,4.168693834703374
5,7943282.347242854,7943282.347242854,0.9999855297022822,0.9108260510657744,0.4662041540874404,79.4328234724284,3.981071705534964
5,8317637.711026743,8317637.711026743,0.9999860475449496,0.9135378622965216,0.45363584034144677,83.1763771102672,3.801893963205611
5,8709635.899560831,8709635.899560831,0.9999865469070763,0.9161735426716708,0.4408582621855748,87.09635899560816,3.6307805477010135
5,9120108.393559115,9120108.393559115,0.9999870284458552,0.9187349379148714,0.4278710655943603,91.20108393559089,3.4673685045253233
5,9549925.86021437,9549925.86021437,0.9999874927952144,0.9212238624775507,0.41467400955582456,95.49925860214348,3.311311214825918
5,10000000.0,10000000.0,0.9999879405666365,0.923642099418708,0.40126696824402264,99.99999999999987,3.1622776601683866
5,10471285.480508985,10471285.480508985,0.9999883723499489,0.925991400324342,0.38764993305456885,104.71285480508979,3.0199517204020236
5,10964781.96143183,10964781.96143183,0.9999887887140858,0.9282734852646667,0.3738230144959146,109.64781961431792,2.884031503126624
5,11481536.214968793,11481536.214968793,0.9999891902078243,0.9304900427872981,0.35978644392940295,114.81536214968764,2.754228703338184
5,12022644.34617418,12022644.34617418,0.9999895773604945,0.9326427299446245,0.3455405751514292,120.22644346174147,2.630267991895381
5,12589254.117941713,12589254.117941713,0.9999899506826648,0.9347331723536081,0.33108588581135323,125.89254117941688,2.5118864315095792
5,13182567.385564102,13182567.385564102,0.9999903106668032,0.9367629642863025,0.3164229786591469,131.82567385564084,2.3988329190194904
5,13803842.646028867,13803842.646028867,0.9999906577879153,0.9387336687894025,0.30155258261719997,138.0384264602886,2.290867652767773
5,14454397.70745928,14454397.70745928,0.9999909925041605,0.9406468178311869,0.28647555367107147,144.54397707459233,2.187761623949561
5,15135612.484362071,15135612.484362071,0.9999913152574459,0.9425039124742579,0.27119287557443306,151.35612484362036,2.089296130854048
5,15848931.924611108,15848931.924611108,0.9999916264740002,0.9443064230725131,0.25570566036394626,158.48931924611082,1.995262314968888
5,16595869.074375562,16595869.074375562,0.9999919265649264,0.9460557894908408,0.24001514868027185,165.95869074375548,1.9054607179632557
5,17378008.287493832,17378008.287493832,0.9999922159267366,0.9477534213460667,0.22412270989195393,173.78008287493816,1.819700858609979
5,18197008.5860999,18197008.5860999,0.9999924949418665,0.9494006982677222,0.20802984201947394,181.97008586099895,1.7378008287493716
5,19054607.179632522,19054607.179632522,0.9999927639791729,0.950998970177261,0.1917381714572638,190.54607179632464,1.659586907437563
5,19952623.14968883,19952623.14968883,0.9999930233944134,0.9525495575843804,0.17524945249213775,199.52623149688782,1.584893192461116
5,20892961.308540408,20892961.308540408,0.9999932735307094,0.954053751899163,0.15856556661711652,208.92961308540376,1.5135612484362109
5,21877616.23949552,21877616.23949552,0.9999935147189927,0.9555128157587918,0.14168852164023005,218.77616239495504,1.4454397707459303
5,22908676.5276777,22908676.5276777,0.9999937472784359,0.9569279833676435,0.12462045058852578,229.08676527677622,1.3803842646028928
5,23988329.19019485,23988329.19019485,0.9999939715168692,0.9583004608496033,0.10736361040807774,239.88329190194784,1.318256738556415
5,25118864.315095924,25118864.315095924,0.9999941877311808,0.9596314266114945,0.08992038046145145,251.1886431509585,1.258925411794166
5,26302679.91895392,26302679.91895392,0.9999943962077044,0.9609220317165607,0.07229326082466381,263.0267991895387,1.202264434617412
5,27542287.033381745,27542287.033381745,0.9999945972225923,0.9621734002669807,0.054484870386276585,275.42287033381706,1.1481536214968822
5,28840315.031266116,28840315.031266116,0.9999947910421765,0.9633866297944396,0.036497944751935685,288.403150312661,1.0964781961431846
5,30199517.20402019,30199517.20402019,0.9999949779233154,0.9645627916578233,0.018335333958183653,301.9951720402009,1.0471285480509032
5,31622776.60168379,31622776.60168379,0.9999951581137299,0.9657029314471479,1.4432899320127035e-15,316.2277660168371,1.0000000000000036
5,33113112.148259077,33113112.148259077,0.9999953318523269,0.9645627916578234,0.018335333958180544,301.99517204020304,1.0471285480508956
5,34673685.0452531,34673685.0452531,0.9999954993695115,0.9633866297944397,0.036497944751934464,288.40315031266204,1.0964781961431807
5,36307805.47701003,36307805.47701003,0.9999956608874879,0.962173400266981,0.05448487038627414,275.42287033381905,1.148153621496874
5,38018939.63205628,38018939.63205628,0.9999958166205507,0.9609220317165605,0.07229326082466525,263.0267991895377,1.2022644346174163
5,39810717.05534986,39810717.05534986,0.9999959667753647,0.9596314266114945,0.08992038046145145,251.1886431509585,1.258925411794166
5,41686938.347033635,41686938.347033635,0.9999961115512357,0.9583004608496035,0.10736361040807485,239.88329190194955,1.3182567385564057
5,43651583.22401665,43651583.22401665,0.9999962511403713,0.9569279833676437,0.124620450588523,229.08676527677784,1.380384264602883
5,45708818.96148752,45708818.96148752,0.9999963857281325,0.9555128157587919,0.1416885216402286,218.7761623949558,1.4454397707459252
5,47863009.2322638,47863009.2322638,0.9999965154932774,0.9540537518991632,0.15856556661711407,208.92961308540526,1.5135612484362002
5,50118723.36272714,50118723.36272714,0.9999966406081942,0.9525495575843808,0.1752494524921352,199.52623149688924,1.5848931924611047
5,52480746.024977125,52480746.024977125,0.9999967612391281,0.9509989701772612,0.19173817145726135,190.54607179632598,1.6595869074375513
5,54954087.38576271,54954087.38576271,0.9999968775463995,0.9494006982677221,0.20802984201947494,181.9700858609983,1.7378008287493776
5,57543993.7337159,57543993.7337159,0.9999969896846137,0.9477534213460665,0.22412270989195526,173.78008287493753,1.8197008586099854
5,60255958.607435934,60255958.607435934,0.9999970978028643,0.946055789490841,0.24001514868027052,165.95869074375608,1.9054607179632488
5,63095734.44801943,63095734.44801943,0.9999972020449286,0.9443064230725133,0.25570566036394404,158.48931924611196,1.995262314968874
5,66069344.80075964,66069344.80075964,0.9999973025494568,0.9425039124742582,0.2711928755744305,151.35612484362142,2.089296130854033
5,69183097.09189363,69183097.09189363,0.999997399450154,0.9406468178311872,0.28647555367106936,144.54397707459336,2.1877616239495454
5,72443596.0074989,72443596.0074989,0.9999974928759557,0.9387336687894026,0.30155258261719875,138.0384264602891,2.290867652767765
5,75857757.5029182,75857757.5029182,0.9999975829511978,0.9367629642863027,0.3164229786591458,131.82567385564133,2.398832919019482
5,79432823.47242855,79432823.47242855,0.9999976697957796,0.9347331723536079,0.3310858858113547,125.89254117941643,2.5118864315095886
5,83176377.11026743,83176377.11026743,0.9999977535253219,0.9326427299446245,0.3455405751514292,120.22644346174147,2.630267991895381
5,87096358.99560831,87096358.99560831,0.9999978342513188,0.9304900427872984,0.35978644392940085,114.81536214968847,2.7542287033381645
5,91201083.93559115,91201083.93559115,0.999997912081285,0.928273485264667,0.3738230144959125,109.6478196143187,2.8840315031266037
5,95499258.60214369,95499258.60214369,0.9999979871188964,0.9259914003243422,0.38764993305456785,104.71285480509016,3.019951720402013
5,100000000.0,100000000.0,0.9999980594641278,0.9236420994187082,0.4012669682440215,100.00000000000023,3.1622776601683755
5,104712854.80508985,104712854.80508985,0.9999981292133839,0.9212238624775512,0.41467400955582245,95.49925860214417,3.3113112148258943
5,109647819.61431828,109647819.61431828,0.9999981964596266,0.9187349379148718,0.4278710655943583,91.20108393559154,3.4673685045252984
5,114815362.14968793,114815362.14968793,0.9999982612924972,0.9161735426716711,0.4408582621855731,87.09635899560861,3.630780547700994
5,120226443.4617418,120226443.4617418,0.9999983237984351,0.9135378622965216,0.4536358403414472,83.17637711026705,3.801893963205618
5,125892541.17941713,125892541.17941713,0.9999983840607914,0.9108260510657742,0.4662041540874414,79.43282347242813,3.981071705534978
5,131825673.855641,131825673.855641,0.9999984421599394,0.9080362321452659,0.47856366816040474,75.85775750291863,4.168693834703344
5,138038426.46028867,138038426.46028867,0.9999984981733797,0.9051664977954235,0.47240997777781824,72.44359600749927,4.0738027780411326
5,144543977.0745928,144543977.0745928,0.9999985521758438,0.902214909621674,0.45994612878659413,69.18309709189391,3.8904514499428116
5,151356124.84362072,151356124.84362072,0.9999986042393915,0.8991794988720806,0.44727323406372743,66.06934480075986,3.7153522909717314
5,158489319.2461111,158489319.2461111,0.9999986544335071,0.896058266784141,0.4343908839324985,63.095734448019584,3.5481338923357613
5,165958690.74375564,165958690.74375564,0.9999987028251905,0.8928491849826841,0.42129878059434345,60.25595860743625,3.388441561392044
5,173780082.87493834,173780082.87493834,0.9999987494790462,0.8895501959308012,0.4079967403671203,57.543993733715745,3.2359365692962783
5,181970085.860999,181970085.860999,0.9999987944573685,0.8861592134357493,0.3944846957900764,54.95408738576252,3.090295432513587
5,190546071.7963252,190546071.7963252,0.9999988378202236,0.8826741232117341,0.38076269758812387,52.48074602497733,2.951209226666383
5,199526231.49688828,199526231.49688828,0.9999988796255297,0.8790927835014886,0.36683091648836863,50.1187233627273,2.8183829312644515
5,208929613.0854041,208929613.0854041,0.9999989199291329,0.8754130257585163,0.3526896448820329,47.86300923226391,2.6915348039269142
5,218776162.3949552,218776162.3949552,0.9999989587848818,0.8716326553918502,0.33833929832525966,45.70881896148775,2.570395782768872
5,229086765.276777,229086765.276777,0.9999989962446978,0.8677494525751314,0.3237804168726188,43.651583224016846,2.4547089156850386
5,239883291.90194848,239883291.90194848,0.9999990323586451,0.8637611731217772,0.3090136662375169,41.68693834703378,2.3442288153199304
5,251188643.15095925,251188643.15095925,0.9999990671749959,0.8596655494279395,0.2940398387740891,39.810717055349684,2.2387211385683323
5,263026799.18953922,263026799.18953922,0.9999991007402947,0.855460291484907,0.2788598542756219,38.01893963205609,2.1379620895022255
5,275422870.3338175,275422870.3338175,0.9999991330994205,0.8511430879625178,0.2634747605849549,36.307805477010106,2.0417379446695234
5,288403150.3126612,288403150.3126612,0.9999991642956452,0.8467116073650891,0.24788573401287362,34.67368504525327,1.949844599758047
5,301995172.0402019,301995172.0402019,0.9999991943706918,0.8421634992612603,0.2320940795609261,33.11311214825922,1.8620871366628693
5,316227766.01683795,316227766.01683795,0.9999992233647896,0.8374963955890674,0.2161012309457021,31.622776601683903,1.778279410038925
5,331131121.4825908,331131121.4825908,0.9999992513167272,0.8327079120374378,0.199908750422097,30.19951720402027,1.6982436524617466
5,346736850.452531,346736850.452531,0.9999992782639042,0.8277956495051951,0.18351832840370552,28.84031503126627,1.6218100973589382
5,363078054.7701003,363078054.7701003,0.9999993042423807,0.8227571956385217,0.16693178287902666,27.54228703338187,1.5488166189124895
5,380189396.3205628,380189396.3205628,0.9999993292869254,0.8175901264476959,0.15015105862279432,26.302679918953835,1.479108388168205
5,398107170.55349857,398107170.55349857,0.9999993534310613,0.812292008003767,0.13317822620232778,25.118864315095824,1.4125375446227524
5,416869383.4703364,416869383.4703364,0.9999993767071105,0.8068603982156642,0.1160154807793834,23.98832919019493,1.348962882591652
5,436515832.24016654,436515832.24016654,0.9999993991462373,0.8012928486880878,0.09866514070868804,22.90867652767776,1.2882495516931327
5,457088189.6148752,457088189.6148752,0.999999420778489,0.7955869066603187,0.08112964593484828,21.877616239495634,1.230268770812385
5,478630092.32263803,478630092.32263803,0.9999994416328366,0.7897401170259143,0.06341155619000516,20.892961308540503,1.1748975549395329
5,501187233.6272715,501187233.6272715,0.9999994617372124,0.7837500244330453,0.04551354899521587,19.952623149688904,1.122018454301967
5,524807460.24977124,524807460.24977124,0.999999481118548,0.7776141754650148,0.027438417469100362,19.054607179632576,1.07151930523761
5,549540873.857627,549540873.857627,0.9999994998028093,0.7713301209002823,0.009189067947926732,18.19700858609981,1.0232929922807503
5,575439937.337159,575439937.337159,0.9999995178150318,0.7648954180510836,0.009189067947929841,17.378008287493735,1.0232929922807577
5,602559586.0743593,602559586.0743593,0.999999535179353,0.7583076331794796,0.027438417469098697,16.59586907437565,1.0715193052376062
5,630957344.4801943,630957344.4801943,0.9999995519190455,0.7515643439894429,0.04551354899521465,15.848931924611179,1.122018454301963
5,660693448.0075964,660693448.0075964,0.9999995680565472,0.7446631421933103,0.06341155619000394,15.135612484362126,1.1748975549395289
5,691830970.9189363,691830970.9189363,0.9999995836134912,0.737601636150661,0.08112964593484706,14.45439770745932,1.2302687708123805
5,724435960.0749891,724435960.0749891,0.9999995986107351,0.7303774535774212,0.09866514070868693,13.803842646028944,1.288249551693128
5,758577575.0291821,758577575.0291821,0.9999996130683884,0.7229882443226955,0.11601548077938217,13.182567385564164,1.348962882591647
5,794328234.7242854,794328234.7242854,0.9999996270058391,0.7154316832105553,0.133178226202329,12.589254117941675,1.4125375446227573
5,831763771.1026742,831763771.1026742,0.99999964044178,0.7077054729437099,0.15015105862279587,12.022644346174133,1.4791083881682103
5,870963589.9560832,870963589.9560832,0.9999996533942332,0.6998073470656831,0.1669317828790251,11.481536214968834,1.5488166189124841
5,912010839.3559115,912010839.3559115,0.9999996658805743,0.6917350729778498,0.1835183284037042,10.964781961431859,1.6218100973589324
5,954992586.0214369,954992586.0214369,0.9999996779175554,0.6834864550073478,0.19990875042209555,10.471285480509042,1.6982436524617406
5,1000000000.0,1000000000.0,0.9999996895213275,0.6750593375216045,0.21610123094570066,10.000000000000046,1.7782794100389185
5,1047128548.0508986,1047128548.0508986,0.999999700707462,0.6664516080849086,0.23209407956092476,9.549925860214406,1.8620871366628626
5,1096478196.1431828,1096478196.1431828,0.9999997114909717,0.6576612006521569,0.2478857340128724,9.120108393559143,1.94984459975804
5,1148153621.4968793,1148153621.4968793,0.9999997218863304,0.6486860987946158,0.2634747605849549,8.709635899560851,2.0417379446695234
5,1202264434.617418,1202264434.617418,0.9999997319074923,0.6395243389522407,0.2788598542756241,8.317637711026697,2.1379620895022406
5,1258925411.7941713,1258925411.7941713,0.9999997415679108,0.630174013706829,0.29403983877409,7.943282347242832,2.23872113856834
5,1318256738.55641,1318256738.55641,0.9999997508805567,0.6206332750699641,0.3090136662375159,7.585775750291854,2.344228815319922
5,1380384264.6028867,1380384264.6028867,0.9999997598579345,0.6109003377795147,0.3237804168726177,7.2443596007499185,2.45470891568503
5,1445439770.745928,1445439770.745928,0.9999997685121004,0.6009734825981158,0.3383392983252588,6.9183097091893835,2.570395782768863
5,1513561248.436207,1513561248.436207,0.9999997768546771,0.5908510596068789,0.3526896448820317,6.606934480076002,2.6915348039269045
5,1584893192.4611108,1584893192.4611108,0.9999997848968705,0.5805314914873143,0.3668309164883675,6.309573444801974,2.8183829312644417
5,1659586907.4375563,1659586907.4375563,0.9999997926494836,0.5700132767842616,0.38076269758812276,6.025595860743619,2.9512092266663723
5,1737800828.7493834,1737800828.7493834,0.9999998001229319,0.5592949931424054,0.3944846957900775,5.754399373371569,3.090295432513598
5,1819700858.60999,1819700858.60999,0.9999998073272564,0.5483753005088094,0.4079967403671213,5.495408738576246,3.23593656929629
5,1905460717.963252,1905460717.963252,0.9999998142721377,0.5372529442937042,0.42129878059434234,5.248074602497727,3.3884415613920322
5,1995262314.9688828,1995262314.9688828,0.9999998209669086,0.5259267584816962,0.4343908839324975,5.011872336272742,3.5481338923357484
5,2089296130.8540409,2089296130.8540409,0.9999998274205668,0.5143956686853892,0.44727323406372654,4.7863009232264035,3.7153522909717185
5,2187761623.9495516,2187761623.9495516,0.9999998336417866,0.5026586951333893,0.459946128786593,4.57088189614877,3.890451449942798
5,2290867652.76777,2290867652.76777,0.9999998396389304,0.4907149555845607,0.47240997777781735,4.36515832240168,4.073802778041118
5,2398832919.019485,2398832919.019485,0.9999998454200606,0.47856366816040685,0.47856366816040685,4.168693834703374,4.168693834703374
5,2511886431.5095925,2511886431.5095925,0.9999998509929497,0.4662041540874404,0.4662041540874404,3.981071705534964,3.981071705534964
5,2630267991.8953924,2630267991.8953924,0.999999856365091,0.4536358403414472,0.4536358403414472,3.801893963205618,3.801893963205618
5,2754228703.3381743,2754228703.3381743,0.9999998615437083,0.44085826218557533,0.44085826218557533,3.6307805477010198,3.6307805477010198
5,2884031503.1266117,2884031503.1266117,0.999999866535766,0.4278710655943603,0.4278710655943603,3.4673685045253233,3.4673685045253233
5,3019951720.402019,3019951720.402019,0.9999998713479781,0.41467400955582456,0.41467400955582456,3.311311214825918,3.311311214825918
5,3162277660.1683793,3162277660.1683793,0.9999998759868172,0.40126696824402264,0.40126696824402264,3.1622776601683866,3.1622776601683866
5,3311311214.8259077,3311311214.8259077,0.9999998804585235,0.38764993305456996,0.38764993305456996,3.0199517204020347,3.0199517204020347
5,3467368504.5253096,3467368504.5253096,0.9999998847691126,0.3738230144959146,0.3738230144959146,2.884031503126624,2.884031503126624
5,3630780547.7010026,3630780547.7010026,0.9999998889243841,0.35978644392940295,0.35978644392940295,2.754228703338184,2.754228703338184
5,3801893963.205628,3801893963.205628,0.9999998929299287,0.3455405751514292,0.3455405751514292,2.630267991895381,2.630267991895381
5,3981071705.5349855,3981071705.5349855,0.9999998967911367,0.33108588581135323,0.33108588581135323,2.5118864315095792,2.5118864315095792
5,4168693834.7033634,4168693834.7033634,0.999999900513204,0.3164229786591469,0.3164229786591469,2.3988329190194904,2.3988329190194904
5,4365158322.401666,4365158322.401666,0.9999999041011399,0.3015525826172013,0.3015525826172013,2.2908676527677816,2.2908676527677816
5,4570881896.148751,4570881896.148751,0.9999999075597737,0.28647555367107147,0.28647555367107147,2.187761623949561,2.187761623949561
5,4786300923.22638,4786300923.22638,0.9999999108937611,0.27119287557443306,0.27119287557443306,2.089296130854048,2.089296130854048
5,5011872336.272715,5011872336.272715,0.9999999141075897,0.25570566036394626,0.25570566036394626,1.995262314968888,1.995262314968888
5,5248074602.497712,5248074602.497712,0.9999999172055866,0.24001514868027285,0.24001514868027285,1.9054607179632623,1.9054607179632623
5,5495408738.576271,5495408738.576271,0.9999999201919225,0.22412270989195526,0.22412270989195526,1.8197008586099854,1.8197008586099854
5,5754399373.37159,5754399373.37159,0.9999999230706188,0.20802984201947494,0.20802984201947494,1.7378008287493776,1.7378008287493776
5,6025595860.743593,6025595860.743593,0.9999999258455516,0.1917381714572638,0.1917381714572638,1.659586907437563,1.659586907437563
5,6309573444.801943,6309573444.801943,0.999999928520458,0.17524945249213775,0.17524945249213775,1.584893192461116,1.584893192461116
5,6606934480.075964,6606934480.075964,0.9999999310989405,0.15856556661711652,0.15856556661711652,1.5135612484362109,1.5135612484362109
5,6918309709.189363,6918309709.189363,0.9999999335844718,0.14168852164023127,0.14168852164023127,1.4454397707459357,1.4454397707459357
5,7244359600.749891,7244359600.749891,0.9999999359804,0.12462045058852578,0.12462045058852578,1.3803842646028928,1.3803842646028928
5,7585775750.291821,7585775750.291821,0.9999999382899526,0.10736361040807774,0.10736361040807774,1.318256738556415,1.318256738556415
5,7943282347.242854,7943282347.242854,0.999999940516241,0.08992038046145145,0.08992038046145145,1.258925411794166,1.258925411794166
5,8317637711.026743,8317637711.026743,0.9999999426622644,0.07229326082466381,0.07229326082466381,1.202264434617412,1.202264434617412
5,8709635899.560831,8709635899.560831,0.9999999447309145,0.054484870386276585,0.054484870386276585,1.1481536214968822,1.1481536214968822
5,9120108393.559114,9120108393.559114,0.9999999467249784,0.036497944751936906,0.036497944751936906,1.0964781961431884,1.0964781961431884
5,9549925860.214369,9549925860.214369,0.9999999486471435,0.018335333958183653,0.018335333958183653,1.0471285480509032,1.0471285480509032
5,10000000000.0,10000000000.0,0.9999999505,1.4432899320127035e-15,1.4432899320127035e-15,1.0000000000000036,1.0000000000000036
5,10471285480.508986,10471285480.508986,0.9999999522860451,0.018335333958180544,0.018335333958180544,1.0471285480508956,1.0471285480508956
5,10964781961.43183,10964781961.43183,0.999999954007686,0.036497944751932576,0.036497944751932576,1.0964781961431769,1.0964781961431769
5,11481536214.968794,11481536214.968794,0.9999999556672435,0.05448487038627414,0.05448487038627414,1.148153621496874,1.148153621496874
5,12022644346.17418,12022644346.17418,0.9999999572669545,0.07229326082466381,0.07229326082466381,1.202264434617412,1.202264434617412
5,12589254117.941713,12589254117.941713,0.9999999588089755,0.08992038046145145,0.08992038046145145,1.258925411794166,1.258925411794166
5,13182567385.5641,13182567385.5641,0.9999999602953856,0.10736361040807485,0.10736361040807485,1.3182567385564057,1.3182567385564057
5,13803842646.028866,13803842646.028866,0.9999999617281887,0.124620450588523,0.124620450588523,1.380384264602883,1.380384264602883
5,14454397707.45928,14454397707.45928,0.9999999631093168,0.1416885216402275,0.1416885216402275,1.4454397707459201,1.4454397707459201
5,15135612484.362072,15135612484.362072,0.9999999644406321,0.15856556661711407,0.15856556661711407,1.5135612484362002,1.5135612484362002
5,15848931924.611109,15848931924.611109,0.9999999657239301,0.1752494524921352,0.1752494524921352,1.5848931924611047,1.5848931924611047
5,16595869074.375563,16595869074.375563,0.9999999669609413,0.19173817145726135,0.19173817145726135,1.6595869074375513,1.6595869074375513
5,17378008287.493835,17378008287.493835,0.9999999681533341,0.20802984201947494,0.20802984201947494,1.7378008287493776,1.7378008287493776
5,18197008586.0999,18197008586.0999,0.9999999693027167,0.22412270989195526,0.22412270989195526,1.8197008586099854,1.8197008586099854
5,19054607179.632523,19054607179.632523,0.9999999704106394,0.24001514868026907,0.24001514868026907,1.9054607179632421,1.9054607179632421
5,19952623149.688828,19952623149.688828,0.9999999714785968,0.25570566036394404,0.25570566036394404,1.995262314968874,1.995262314968874
5,20892961308.54041,20892961308.54041,0.9999999725080294,0.2711928755744305,0.2711928755744305,2.089296130854033,2.089296130854033
5,21877616239.495518,21877616239.495518,0.9999999735003261,0.28647555367106936,0.28647555367106936,2.1877616239495454,2.1877616239495454
5,22908676527.6777,22908676527.6777,0.9999999744568256,0.30155258261719764,0.30155258261719764,2.290867652767757,2.290867652767757
5,23988329190.19485,23988329190.19485,0.9999999753788186,0.3164229786591446,0.3164229786591446,2.398832919019473,2.398832919019473
5,25118864315.095924,25118864315.095924,0.999999976267549,0.33108588581135323,0.33108588581135323,2.5118864315095792,2.5118864315095792
5,26302679918.953922,26302679918.953922,0.999999977124216,0.3455405751514292,0.3455405751514292,2.630267991895381,2.630267991895381
5,27542287033.381744,27542287033.381744,0.9999999779499756,0.35978644392940085,0.35978644392940085,2.7542287033381645,2.7542287033381645
5,28840315031.266117,28840315031.266117,0.9999999787459424,0.3738230144959125,0.3738230144959125,2.8840315031266037,2.8840315031266037
5,30199517204.02019,30199517204.02019,0.9999999795131904,0.38764993305456674,0.38764993305456674,3.0199517204020023,3.0199517204020023
5,31622776601.683792,31622776601.683792,0.9999999802527554,0.4012669682440205,0.4012669682440205,3.1622776601683644,3.1622776601683644
5,33113112148.259075,33113112148.259075,0.9999999809656354,0.41467400955582245,0.41467400955582245,3.3113112148258943,3.3113112148258943
5,34673685045.2531,34673685045.2531,0.9999999816527926,0.4278710655943583,0.4278710655943583,3.4673685045252984,3.4673685045252984
5,36307805477.010025,36307805477.010025,0.9999999823151547,0.4408582621855731,0.4408582621855731,3.630780547700994,3.630780547700994
5,38018939632.05628,38018939632.05628,0.999999982953616,0.4536358403414472,0.4536358403414472,3.801893963205618,3.801893963205618
5,39810717055.34985,39810717055.34985,0.9999999835690383,0.4662041540874404,0.4662041540874404,3.981071705534964,3.981071705534964
5,41686938347.03364,41686938347.03364,0.9999999841622523,0.47856366816040474,0.47856366816040474,4.168693834703344,4.168693834703344
5,43651583224.016655,43651583224.016655,0.9999999847340593,0.4907149555845586,0.47240997777781824,4.365158322401649,4.0738027780411326
5,45708818961.48752,45708818961.48752,0.9999999852852312,0.5026586951333876,0.45994612878659413,4.570881896148737,3.8904514499428116
5,47863009232.2638,47863009232.2638,0.9999999858165121,0.5143956686853873,0.44727323406372743,4.786300923226369,3.7153522909717314
5,50118723362.72715,50118723362.72715,0.9999999863286196,0.5259267584816936,0.43439088393249936,5.011872336272689,3.5481338923357737
5,52480746024.97712,52480746024.97712,0.9999999868222452,0.5372529442937025,0.42129878059434345,5.24807460249769,3.388441561392044
5,54954087385.7627,54954087385.7627,0.9999999872980556,0.5483753005088094,0.4079967403671203,5.495408738576246,3.2359365692962783
5,57543993733.7159,57543993733.7159,0.9999999877566934,0.5592949931424054,0.3944846957900764,5.754399373371569,3.090295432513587
5,60255958607.43593,60255958607.43593,0.9999999881987779,0.5700132767842598,0.38076269758812387,6.025595860743575,2.951209226666383
5,63095734448.019424,63095734448.019424,0.9999999886249064,0.5805314914873119,0.36683091648836974,6.309573444801907,2.8183829312644617
5,66069344800.75964,66069344800.75964,0.9999999890356543,0.5908510596068766,0.3526896448820339,6.606934480075932,2.6915348039269236
5,69183097091.89363,69183097091.89363,0.9999999894315768,0.6009734825981141,0.33833929832525966,6.918309709189334,2.570395782768872
5,72443596007.49892,72443596007.49892,0.9999999898132084,0.610900337779513,0.3237804168726188,7.244359600749867,2.4547089156850386
5,75857757502.9182,75857757502.9182,0.9999999901810647,0.6206332750699628,0.3090136662375169,7.585775750291801,2.3442288153199304
5,79432823472.42854,79432823472.42854,0.9999999905356427,0.630174013706829,0.2940398387740891,7.943282347242832,2.2387211385683323
5,83176377110.26743,83176377110.26743,0.9999999908774215,0.6395243389522407,0.2788598542756229,8.317637711026697,2.137962089502233
5,87096358995.60832,87096358995.60832,0.9999999912068629,0.6486860987946144,0.2634747605849559,8.70963589956079,2.0417379446695305
5,91201083935.59116,91201083935.59116,0.999999991524412,0.6576612006521556,0.24788573401287362,9.120108393559079,1.949844599758047
5,95499258602.14369,95499258602.14369,0.9999999918304978,0.6664516080849072,0.2320940795609261,9.549925860214337,1.8620871366628693
5,100000000000.0,100000000000.0,0.999999992125534,0.6750593375216032,0.2161012309457021,9.999999999999975,1.778279410038925
5,104712854805.08984,104712854805.08984,0.9999999924099193,0.6834864550073461,0.1999087504220981,10.47128548050893,1.6982436524617528
5,109647819614.31828,109647819614.31828,0.999999992684038,0.6917350729778483,0.18351832840370552,10.96478196143178,1.6218100973589382
5,114815362149.68794,114815362149.68794,0.9999999929482606,0.6998073470656818,0.16693178287902666,11.481536214968752,1.5488166189124895
5,120226443461.7418,120226443461.7418,0.9999999932029441,0.7077054729437099,0.15015105862279432,12.022644346174133,1.479108388168205
5,125892541179.41713,125892541179.41713,0.9999999934484327,0.7154316832105553,0.13317822620232778,12.589254117941675,1.4125375446227524
5,131825673855.641,131825673855.641,0.9999999936850583,0.7229882443226943,0.1160154807793834,13.18256738556407,1.348962882591652
5,138038426460.28867,138038426460.28867,0.9999999939131408,0.7303774535774197,0.0986651407086897,13.803842646028796,1.2882495516931372
5,144543977074.5928,144543977074.5928,0.9999999941329883,0.73760163615066,0.08112964593484828,14.454397707459218,1.230268770812385
5,151356124843.62073,151356124843.62073,0.9999999943448983,0.7446631421933092,0.06341155619000516,15.135612484362019,1.1748975549395329
5,158489319246.11108,158489319246.11108,0.9999999945491569,0.7515643439894419,0.04551354899521587,15.848931924611065,1.122018454301967
5,165958690743.7556,165958690743.7556,0.9999999947460404,0.758307633179478,0.027438417469101695,16.59586907437547,1.0715193052376137
5,173780082874.93835,173780082874.93835,0.999999994935815,0.7648954180510841,0.009189067947926732,17.378008287493795,1.0232929922807503
5,181970085860.999,181970085860.999,0.9999999951187374,0.7713301209002823,0.009189067947928509,18.19700858609981,1.023292992280754
5,190546071796.32523,190546071796.32523,0.9999999952950546,0.7776141754650139,0.027438417469098697,19.05460717963244,1.0715193052376062
5,199526231496.88828,199526231496.88828,0.9999999954650052,0.7837500244330443,0.04551354899521465,19.952623149688762,1.122018454301963
5,208929613085.40408,208929613085.40408,0.9999999956288189,0.7897401170259133,0.06341155619000394,20.892961308540354,1.1748975549395289
5,218776162394.95517,218776162394.95517,0.9999999957867174,0.7955869066603174,0.0811296459348454,21.877616239495403,1.230268770812376
5,229086765276.777,229086765276.777,0.999999995938914,0.8012928486880869,0.09866514070868693,22.908676527677596,1.288249551693128
5,239883291901.9485,239883291901.9485,0.9999999960856145,0.8068603982156635,0.11601548077938217,23.988329190194758,1.348962882591647
5,251188643150.95923,251188643150.95923,0.9999999962270175,0.812292008003767,0.133178226202329,25.118864315095824,1.4125375446227573
5,263026799189.5392,263026799189.5392,0.999999996363314,0.8175901264476959,0.15015105862279587,26.302679918953835,1.4791083881682103
5,275422870333.81744,275422870333.81744,0.9999999964946885,0.8227571956385209,0.1669317828790251,27.542287033381676,1.5488166189124841
5,288403150312.66113,288403150312.66113,0.9999999966213187,0.8277956495051939,0.18351832840370308,28.840315031265966,1.6218100973589267
5,301995172040.2019,301995172040.2019,0.9999999967433757,0.832707912037437,0.19990875042209555,30.199517204020058,1.6982436524617406
5,316227766016.83795,316227766016.83795,0.9999999968610247,0.8374963955890666,0.21610123094570066,31.62277660168368,1.7782794100389185
5,331131121482.59076,331131121482.59076,0.9999999969744248,0.8421634992612596,0.23209407956092476,33.113112148258985,1.8620871366628626
5,346736850452.53094,346736850452.53094,0.9999999970837293,0.846711607365088,0.24788573401287095,34.6736850452529,1.949844599758033
5,363078054770.1003,363078054770.1003,0.9999999971890863,0.8511430879625171,0.26347476058495367,36.30780547700985,2.041737944669516
5,380189396320.5628,380189396320.5628,0.999999997290638,0.855460291484907,0.2788598542756229,38.01893963205609,2.137962089502233
5,398107170553.49854,398107170553.49854,0.9999999973885221,0.8596655494279395,0.29403983877409,39.810717055349684,2.23872113856834
5,416869383470.33636,416869383470.33636,0.9999999974828708,0.8637611731217766,0.3090136662375159,41.68693834703349,2.344228815319922
5,436515832240.16656,436515832240.16656,0.9999999975738119,0.8677494525751308,0.3237804168726177,43.651583224016534,2.45470891568503
5,457088189614.8752,457088189614.8752,0.9999999976614683,0.8716326553918493,0.33833929832525755,45.70881896148727,2.5703957827688537
5,478630092322.638,478630092322.638,0.9999999977459586,0.8754130257585158,0.3526896448820317,47.86300923226358,2.6915348039269045
5,501187233627.2715,501187233627.2715,0.9999999978273971,0.8790927835014879,0.3668309164883675,50.118723362726946,2.8183829312644417
5,524807460249.77124,524807460249.77124,0.9999999979058941,0.8826741232117336,0.38076269758812276,52.48074602497696,2.9512092266663723
5,549540873857.6271,549540873857.6271,0.9999999979815558,0.8861592134357493,0.3944846957900775,54.95408738576252,3.090295432513598
5,575439937337.1589,575439937337.1589,0.9999999980544845,0.8895501959308012,0.4079967403671213,57.543993733715745,3.23593656929629
5,602559586074.3594,602559586074.3594,0.9999999981247789,0.8928491849826834,0.42129878059434134,60.25595860743561,3.3884415613920202
5,630957344480.1943,630957344480.1943,0.9999999981925342,0.8960582667841406,0.4343908839324975,63.09573444801914,3.5481338923357484
5,660693448007.5964,660693448007.5964,0.999999998257842,0.8991794988720802,0.44727323406372654,66.0693448007594,3.7153522909717185
5,691830970918.9363,691830970918.9363,0.9999999983207907,0.9022149096216735,0.459946128786593,69.18309709189342,3.890451449942798
5,724435960074.9891,724435960074.9891,0.9999999983814655,0.905166497795423,0.47240997777781735,72.44359600749875,4.073802778041118
5,758577575029.182,758577575029.182,0.9999999984399485,0.9080362321452653,0.47856366816040763,75.85775750291782,4.168693834703388
5,794328234724.2854,794328234724.2854,0.9999999984963188,0.9108260510657742,0.4662041540874414,79.43282347242813,3.981071705534978
5,831763771102.6743,831763771102.6743,0.9999999985506528,0.9135378622965216,0.4536358403414472,83.17637711026705,3.801893963205618
5,870963589956.0833,870963589956.0833,0.9999999986030239,0.9161735426716707,0.44085826218557533,87.096358995608,3.6307805477010198
5,912010839355.9115,912010839355.9115,0.9999999986535032,0.9187349379148714,0.4278710655943603,91.20108393559089,3.4673685045253233
5,954992586021.4369,954992586021.4369,0.9999999987021588,0.9212238624775506,0.41467400955582556,95.49925860214314,3.31131121482593
5,1000000000000.0,1000000000000.0,0.9999999987490568,0.9236420994187078,0.40126696824402364,99.99999999999952,3.1622776601683977
8,1e-12,1000000000000.0,0.9999999997550177,0.9982700048723525,1.5543122344752192e-15,9999.999999999973,1.0000000000000036
8,1.0471285480508985e-12,954992586021.4369,0.9999999997449927,0.9982036711130475,0.020031256553333487,9549.925860214336,1.0471285480509032
8,1.096478196143183e-12,912010839355.9115,0.9999999997345576,0.99813483575335,0.039828295071914877,9120.108393559109,1.0964781961431846
8,1.148153621496884e-12,870963589956.0797,0.9999999997236958,0.9980634065522516,0.05938897721935721,8709.635899560788,1.1481536214968862
8,1.202264434617413e-12,831763771102.6709,0.99999999971239,0.9979892879741609,0.07871129890677053,8317.637711026695,1.2022644346174163
8,1.258925411794166e-12,794328234724.2822,0.9999999997006218,0.9979123810767196,0.09779339178524182,7943.282347242802,1.2589254117941704
8,1.3182567385564048e-12,758577575029.185,0.9999999996883724,0.997832583395087,0.11663352452497378,7585.775750291826,1.3182567385564103
8,1.3803842646028866e-12,724435960074.9891,0.9999999996756223,0.9977497888225954,0.13523010387895806,7244.359600749891,1.3803842646028879
8,1.445439770745928e-12,691830970918.9363,0.9999999996623509,0.997663887487682,0.1535816755297149,6918.309709189357,1.4454397707459303
8,1.5135612484362072e-12,660693448007.5964,0.9999999996485368,0.9975747656269963,0.17168692471825453,6606.934480075954,1.5135612484362109
8,1.5848931924611108e-12,630957344480.1943,0.9999999996341581,0.9974823054545825,0.18954467665508623,6309.5734448019275,1.584893192461116
8,1.659586907437563e-12,602559586074.3569,0.9999999996191916,0.9973863850270344,0.20715389671374007,6025.595860743552,1.6595869074375689
8,1.7378008287493763e-12,575439937337.1566,0.9999999996036133,0.9972868781045208,0.22451369040789482,5754.399373371547,1.7378008287493838
8,1.8197008586099825e-12,549540873857.6248,0.9999999995873982,0.9971836540075725,0.24162330315387137,5495.408738576244,1.8197008586099854
8,1.9054607179632443e-12,524807460249.7734,0.9999999995705203,0.9970765774695279,0.2584821198208169,5248.074602497726,1.9054607179632488
8,1.9952623149688827e-12,501187233627.2715,0.9999999995529525,0.9969655084845256,0.2750896640715478,5011.872336272706,1.995262314968888
8,2.089296130854041e-12,478630092322.638,0.9999999995346667,0.9968503021509354,0.2914455974975829,4786.3009232263685,2.089296130854048
8,2.1877616239495518e-12,457088189614.8752,0.9999999995156336,0.9967308085101191,0.30754971855249447,4570.881896148737,2.187761623949561
8,2.29086765276777e-12,436515832240.16656,0.9999999994958225,0.9966068723804039,0.3234019612881779,4365.158322401663,2.290867652767773
8,2.398832919019495e-12,416869383470.3346,0.9999999994752018,0.9964783331861607,0.33900239389924325,4168.693834703343,2.398832919019499
8,2.5118864315095823e-12,398107170553.4969,0.9999999994537384,0.9963450247818687,0.3543512170811356,3981.071705534963,2.5118864315095886
8,2.6302679918953816e-12,380189396320.5612,0.9999999994313981,0.9962067752710537,0.36944876220813494,3801.8939632056035,2.63026799189539
8,2.7542287033381634e-12,363078054770.10175,0.9999999994081447,0.996063406819983,0.38429548933773894,3630.780547701006,2.7542287033381743
8,2.8840315031266117e-12,346736850452.53094,0.9999999993839411,0.9959147354660005,0.3988919850483742,3467.368504525298,2.884031503126624
8,3.0199517204020193e-12,331131121482.59076,0.9999999993587486,0.995760570920386,0.4132389601177333,3311.3112148259056,3.0199517204020236
8,3.1622776601683794e-12,316227766016.83795,0.9999999993325268,0.9956007163656184,0.42733724704937315,3162.2776601683745,3.1622776601683866
8,3.3113112148259077e-12,301995172040.2019,0.9999999993052335,0.9954349682469291,0.44118779745547,3019.951720402012,3.311311214825918
8,3.4673685045253096e-12,288403150312.66113,0.9999999992768254,0.9952631160580242,0.4547916793039406,2884.0315031266027,3.4673685045253233
8,3.6307805477010174e-12,275422870333.81635,0.9999999992472565,0.9950849421208605,0.46815007403831244,2754.2287033381544,3.6307805477010326
8,3.8018939632056125e-12,263026799189.53815,0.9999999992164796,0.9949002213593569,0.4812642735789321,2630.26799189538,3.801893963205618
8,3.9810717055349695e-12,251188643150.9582,0.9999999991844456,0.994708721066925,0.4941356772142713,2511.886431509579,3.981071705534978
8,4.168693834703346e-12,239883291901.9495,0.9999999991511029,0.9945102006677032,0.5067657883911452,2398.8329190194895,4.168693834703359
8,4.365158322401665e-12,229086765276.777,0.9999999991163984,0.9943044114713796,0.5191562114128181,2290.8676527677644,4.36515832240168
8,4.5708818961487516e-12,218776162394.9552,0.9999999990802763,0.99409109642149,0.5313086480539413,2187.761623949545,4.57088189614877
8,4.78630092322638e-12,208929613085.40408,0.9999999990426787,0.9938699898370799,0.5432248941013351,2089.29613085404,4.786300923226387
8,5.011872336272715e-12,199526231496.88828,0.9999999990035456,0.9936408171476201,0.5549068358295675,1995.2623149688804,5.011872336272725
8,5.248074602497734e-12,190546071796.32443,0.9999999989628143,0.993403294621069,0.566356446420238,1905.4607179632417,5.248074602497746
8,5.495408738576248e-12,181970085860.99826,0.9999999989204196,0.9931571290849751,0.5775757823338119,1819.7008586099785,5.495408738576265
8,5.754399373371567e-12,173780082874.93762,0.9999999988762934,0.9929020176405193,0.588566979642709,1737.800828749371,5.754399373371589
8,6.0255958607435685e-12,165958690743.75632,0.9999999988303655,0.9926376473693979,0.5993322503342174,1659.5869074375626,6.025595860743575
8,6.309573444801943e-12,158489319246.11108,0.9999999987825621,0.9923636950334492,0.6098738785916531,1584.8931924611102,6.309573444801951
8,6.6069344800759645e-12,151356124843.62073,0.9999999987328066,0.9920798267669367,0.6201942170619585,1513.5612484362052,6.606934480075979
8,6.918309709189362e-12,144543977074.5928,0.9999999986810197,0.9917856977613976,0.6302956831177756,1445.439770745925,6.9183097091893835
8,7.244359600749891e-12,138038426460.28867,0.9999999986271184,0.9914809519429796,0.6401807551217267,1380.3842646028827,7.2443596007499185
8,7.585775750291852e-12,131825673855.64047,0.9999999985710165,0.9911652216421879,0.6498519687004409,1318.2567385564007,7.585775750291882
8,7.943282347242821e-12,125892541179.41663,0.9999999985126241,0.9908381272559731,0.6593119130355554,1258.9254117941657,7.943282347242832
8,8.317637711026709e-12,120226443461.74132,0.9999999984518481,0.9904992769020967,0.6685632271786652,1202.2644346174118,8.317637711026725
8,8.709635899560796e-12,114815362149.68842,0.9999999983885909,0.9901482660657199,0.6776085963968539,1148.153621496882,8.709635899560821
8,9.120108393559116e-12,109647819614.31828,0.9999999983227515,0.9897846772381645,0.6864507485551807,1096.4781961431804,9.120108393559143
8,9.549925860214368e-12,104712854805.08986,0.9999999982542248,0.9894080795478093,0.6950924505421261,1047.1285480508955,9.549925860214406
8,1e-11,100000000000.0,0.9999999981829011,0.9890180283830898,0.7035365047437114,999.9999999999998,9.999999999999975
8,1.0471285480508984e-11,95499258602.14369,0.9999999981086662,0.9886140650075808,0.6950924505421245,954.992586021436,9.549925860214337
8,1.0964781961431828e-11,91201083935.59116,0.9999999980314016,0.9881957161671507,0.6864507485551794,912.0108393559099,9.120108393559079
8,1.148153621496884e-11,87096358995.60797,0.9999999979509838,0.9877624936891916,0.6776085963968526,870.9635899560778,8.709635899560759
8,1.202264434617413e-11,83176377110.26709,0.9999999978672842,0.9873138940739324,0.6685632271786637,831.7637711026684,8.317637711026666
8,1.2589254117941662e-11,79432823472.42822,0.9999999977801691,0.986849398077868,0.6593119130355547,794.3282347242821,7.943282347242803
8,1.3182567385564101e-11,75857757502.9182,0.9999999976894992,0.9863684702893372,0.6498519687004387,758.5775750291817,7.585775750291801
8,1.3803842646028866e-11,72443596007.49892,0.9999999975951296,0.9858705586963095,0.6401807551217253,724.4359600749883,7.244359600749867
8,1.445439770745928e-11,69183097091.89363,0.9999999974969096,0.9853550942464453,0.6302956831177742,691.8309709189349,6.918309709189334
8,1.5135612484362072e-11,66069344800.75964,0.9999999973946823,0.9848214903995202,0.620194217061957,660.6934480075946,6.606934480075932
8,1.5848931924611107e-11,63095734448.01943,0.9999999972882844,0.9842691426723127,0.6098738785916521,630.9573444801943,6.309573444801929
8,1.659586907437563e-11,60255958607.435684,0.9999999971775458,0.9836974281760813,0.5993322503342164,602.5595860743567,6.025595860743554
8,1.7378008287493762e-11,57543993733.71567,0.9999999970622898,0.9831057051467696,0.5885669796427073,575.439937337156,5.754399373371548
8,1.8197008586099825e-11,54954087385.76248,0.9999999969423323,0.9824933124681029,0.5775757823338101,549.5408738576239,5.495408738576226
8,1.9054607179632443e-11,52480746024.97734,0.9999999968174818,0.9818595691877595,0.5663564464202362,524.807460249772,5.2480746024977085
8,1.9952623149688828e-11,50118723362.72715,0.9999999966875389,0.9812037740268236,0.5549068358295657,501.18723362727,5.011872336272689
8,2.089296130854041e-11,47863009232.2638,0.9999999965522961,0.9805252048827509,0.5432248941013345,478.630092322638,4.786300923226369
8,2.187761623949552e-11,45708818961.48752,0.9999999964115377,0.9798231183261011,0.5313086480539394,457.0881896148748,4.570881896148737
8,2.29086765276777e-11,43651583224.016655,0.9999999962650389,0.9790967490913222,0.5191562114128162,436.5158322401658,4.365158322401649
8,2.3988329190194948e-11,41686938347.03346,0.9999999961125658,0.9783453095618921,0.5067657883911432,416.86938347033384,4.16869383470333
8,2.5118864315095823e-11,39810717055.34969,0.9999999959538753,0.9775679892501635,0.4941356772142692,398.10717055349585,3.9810717055349496
8,2.6302679918953815e-11,38018939632.05613,0.9999999957887141,0.9767639542722724,0.48126427357893,380.1893963205599,3.801893963205591
8,2.7542287033381634e-11,36307805477.01018,0.9999999956168188,0.9759323468185184,0.4681500740383102,363.0780547701015,3.630780547701007
8,2.8840315031266117e-11,34673685045.2531,0.999999995437915,0.9750722846196466,0.4547916793039384,346.73685045253063,3.4673685045252984
8,3.019951720402019e-11,33113112148.25908,0.9999999952517175,0.9741828604095003,0.44118779745546766,331.1311214825902,3.3113112148258943
8,3.1622776601683794e-11,31622776601.683792,0.9999999950579291,0.9732631413845474,0.42733724704937126,316.2277660168371,3.1622776601683644
8,3.311311214825908e-11,30199517204.020187,0.9999999948562411,0.972312168660821,0.4132389601177313,301.9951720402009,3.0199517204020023
8,3.4673685045253096e-11,28840315031.266117,0.9999999946463316,0.9713289567288558,0.3988919850483723,288.403150312661,2.8840315031266037
8,3.6307805477010174e-11,27542287033.381634,0.9999999944278661,0.9703124929072335,0.3842954893377364,275.4228703338161,2.7542287033381547
8,3.801893963205613e-11,26302679918.95381,0.9999999942004963,0.9692617367954053,0.3694487622081324,263.0267991895377,2.6302679918953715
8,3.9810717055349695e-11,25118864315.09582,0.9999999939638599,0.9681756197264841,0.35435121708113304,251.1886431509576,2.5118864315095704
8,4.168693834703364e-11,23988329190.194847,0.9999999937175794,0.967053044220763,0.33900239389924003,239.88329190194784,2.398832919019473
8,4.3651583224016655e-11,22908676527.6777,0.9999999934612627,0.9658928834407433,0.32340196128817567,229.08676527677622,2.290867652767757
8,4.570881896148752e-11,21877616239.495518,0.9999999931945011,0.9646939806485152,0.30754971855249225,218.77616239495504,2.1877616239495454
8,4.78630092322638e-11,20892961308.54041,0.9999999929168697,0.9634551486663745,0.2914455974975807,208.92961308540376,2.089296130854033
8,5.011872336272715e-11,19952623149.688828,0.9999999926279262,0.9621751693416123,0.2750896640715448,199.52623149688782,1.995262314968874
8,5.248074602497734e-11,19054607179.632442,0.9999999923272104,0.9608527930164608,0.2584821198208146,190.54607179632396,1.9054607179632352
8,5.495408738576248e-11,18197008586.099827,0.9999999920142432,0.9594867380042328,0.24162330315386826,181.97008586099764,1.8197008586099725
8,5.7543993733715666e-11,17378008287.493763,0.9999999916885264,0.9580756900727433,0.22451369040789226,173.78008287493753,1.7378008287493716
8,6.025595860743569e-11,16595869074.37563,0.9999999913495412,0.9566183019361555,0.20715389671373752,165.95869074375608,1.659586907437557
8,6.309573444801942e-11,15848931924.61111,0.9999999909967481,0.955113192756448,0.18954467665508357,158.48931924611082,1.5848931924611047
8,6.606934480075964e-11,15135612484.362072,0.9999999906295852,0.9535589476557552,0.17168692471825187,151.35612484362036,1.5135612484362002
8,6.918309709189363e-11,14454397707.45928,0.9999999902474683,0.9519541172408852,0.15358167552971225,144.54397707459233,1.4454397707459201
8,7.244359600749891e-11,13803842646.028866,0.9999999898497893,0.9502972171413837,0.13523010387895662,138.0384264602886,1.380384264602883
8,7.585775750291851e-11,13182567385.564047,0.9999999894359152,0.9485867275625606,0.116633524524971,131.8256738556404,1.3182567385564008
8,7.943282347242822e-11,12589254117.941662,0.9999999890051875,0.9468210928549586,0.09779339178523894,125.89254117941643,1.2589254117941615
8,8.317637711026709e-11,12022644346.17413,0.9999999885569211,0.9449987211017986,0.07871129890676765,120.22644346174104,1.2022644346174076
8,8.709635899560797e-11,11481536214.96884,0.9999999880904027,0.943117983725993,0.05938897721935432,114.81536214968806,1.148153621496878
8,9.120108393559115e-11,10964781961.43183,0.9999999876048905,0.941177215118378,0.03982829507191099,109.64781961431792,1.0964781961431769
8,9.549925860214369e-11,10471285480.508986,0.9999999870996124,0.9391747122888706,0.02003125655333049,104.71285480508979,1.0471285480508956
8,1e-10,10000000000.0,0.9999999865737648,0.9371087345423093,1.5543122344752192e-15,99.99999999999987,1.0000000000000036
8,1.0471285480508985e-10,9549925860.214369,0.9999999860265116,0.9349775031808009,0.020031256553333487,95.49925860214348,1.0471285480509032
8,1.0964781961431829e-10,9120108393.559114,0.9999999854569832,0.9327792012344422,0.03982829507191543,91.20108393559089,1.0964781961431884
8,1.1481536214968841e-10,8709635899.560797,0.9999999848642742,0.9305119732223408,0.059388977219358874,87.09635899560769,1.1481536214968902
8,1.2022644346174132e-10,8317637711.026708,0.9999999842474425,0.9281739249459129,0.07871129890677053,83.17637711026705,1.2022644346174163
8,1.2589254117941662e-10,7943282347.242822,0.999999983605508,0.9257631233164804,0.09779339178524182,79.43282347242813,1.2589254117941704
8,1.31825673855641e-10,7585775750.291821,0.999999982937451,0.9232775962192453,0.11663352452497511,75.85775750291809,1.318256738556415
8,1.3803842646028866e-10,7244359600.749891,0.9999999822422099,0.9207153324157547,0.1352301038789594,72.44359600749875,1.3803842646028928
8,1.445439770745928e-10,6918309709.189363,0.9999999815186805,0.9180742814870155,0.15358167552971624,69.18309709189342,1.4454397707459357
8,1.5135612484362072e-10,6606934480.075964,0.9999999807657138,0.9153523538194636,0.17168692471825453,66.06934480075962,1.5135612484362109
8,1.584893192461111e-10,6309573444.801943,0.9999999799821141,0.9125474206360129,0.18954467665508623,63.095734448019364,1.584893192461116
8,1.6595869074375631e-10,6025595860.743568,0.9999999791666372,0.9096573140744583,0.20715389671374007,60.25595860743561,1.6595869074375689
8,1.7378008287493763e-10,5754399373.371567,0.9999999783179886,0.9066798273155202,0.22451369040789482,57.543993733715546,1.7378008287493838
8,1.8197008586099825e-10,5495408738.576248,0.9999999774348213,0.9036127147628459,0.24162330315387248,54.95408738576232,1.8197008586099919
8,1.9054607179632522e-10,5248074602.497712,0.9999999765157336,0.9004536922773042,0.25848211982082003,52.48074602497696,1.9054607179632623
8,1.9952623149688828e-10,5011872336.272715,0.9999999755592671,0.8972004374679181,0.2750896640715478,50.118723362727124,1.995262314968888
8,2.0892961308540407e-10,4786300923.22638,0.9999999745639044,0.8938505900417795,0.2914455974975829,47.86300923226375,2.089296130854048
8,2.1877616239495518e-10,4570881896.148752,0.9999999735280664,0.8904017522153104,0.30754971855249447,45.70881896148743,2.187761623949561
8,2.29086765276777e-10,4365158322.401666,0.9999999724501101,0.886851489189201,0.32340196128817955,43.651583224016534,2.2908676527677816
8,2.398832919019485e-10,4168693834.7033634,0.9999999713283261,0.8831973296893637,0.33900239389924325,41.68693834703349,2.398832919019499
8,2.511886431509582e-10,3981071705.5349693,0.9999999701609354,0.8794367665762071,0.3543512170811356,39.810717055349684,2.5118864315095886
8,2.6302679918953814e-10,3801893963.2056127,0.9999999689460877,0.8755672575245087,0.36944876220813494,38.01893963205609,2.63026799189539
8,2.754228703338163e-10,3630780547.701018,0.9999999676818568,0.8715862257761273,0.38429548933773894,36.307805477010106,2.7542287033381743
8,2.8840315031266117e-10,3467368504.5253096,0.9999999663662392,0.8674910609677444,0.3988919850483742,34.67368504525302,2.884031503126624
8,3.0199517204020193e-10,3311311214.8259077,0.99999996499715,0.863279120035774,0.41323896011773475,33.113112148258985,3.0199517204020347
8,3.1622776601683795e-10,3162277660.1683793,0.9999999635724202,0.8589477282005044,0.42733724704937315,31.62277660168379,3.1622776601683866
8,3.3113112148259076e-10,3019951720.402019,0.9999999620897922,0.854494180031467,0.44118779745547,30.199517204020164,3.311311214825918
8,3.4673685045253093e-10,2884031503.1266117,0.9999999605469182,0.8499157405959374,0.4547916793039406,28.840315031266066,3.4673685045253233
8,3.6307805477010177e-10,2754228703.3381634,0.9999999589413545,0.84520964669237,0.46815007403831244,27.54228703338158,3.6307805477010326
8,3.801893963205613e-10,2630267991.8953815,0.9999999572705588,0.8403731081704677,0.481264273578933,26.302679918953743,3.8018939632056314
8,3.9810717055349694e-10,2511886431.509582,0.9999999555318858,0.8354033093394553,0.4941356772142722,25.11886431509573,3.9810717055349922
8,4.1686938347033633e-10,2398832919.019485,0.9999999537225835,0.8302974104660041,0.5067657883911464,23.988329190194843,4.168693834703374
8,4.3651583224016655e-10,2290867652.76777,0.9999999518397883,0.825052549363102,0.5191562114128181,22.908676527677677,4.36515832240168
8,4.5708818961487517e-10,2187761623.949552,0.9999999498805208,0.8196658430710065,0.5313086480539413,21.877616239495477,4.57088189614877
8,4.78630092322638e-10,2089296130.854041,0.999999947841681,0.8141343896312518,0.5432248941013363,20.892961308540354,4.7863009232264035
8,5.011872336272714e-10,1995262314.968883,0.9999999457200439,0.8084552699544967,0.5549068358295681,19.952623149688762,5.011872336272742
8,5.248074602497733e-10,1905460717.9632447,0.9999999435122536,0.8026255497828026,0.566356446420238,19.05460717963244,5.248074602497746
8,5.495408738576248e-10,1819700858.6099825,0.999999941214819,0.7966422817467316,0.5775757823338119,18.19700858609981,5.495408738576265
8,5.754399373371567e-10,1737800828.7493763,0.9999999388241074,0.7905025075174219,0.588566979642709,17.378008287493735,5.754399373371589
8,6.025595860743593e-10,1659586907.4375563,0.9999999363363398,0.7842032600535788,0.5993322503342191,16.595869074375532,6.025595860743619
8,6.309573444801942e-10,1584893192.461111,0.9999999337475837,0.7777415659430689,0.6098738785916538,15.848931924611065,6.309573444801974
8,6.606934480075964e-10,1513561248.4362073,0.9999999310537483,0.7711144478385444,0.6201942170619585,15.135612484362072,6.606934480075979
8,6.918309709189363e-10,1445439770.7459278,0.9999999282505774,0.7643189269862676,0.6302956831177756,14.454397707459268,6.9183097091893835
8,7.244359600749891e-10,1380384264.6028867,0.9999999253336426,0.7573520258470252,0.6401807551217267,13.803842646028846,7.2443596007499185
8,7.58577575029182e-10,1318256738.55641,0.9999999222983367,0.7502107708077184,0.64985196870044,13.18256738556407,7.585775750291854
8,7.943282347242822e-10,1258925411.794166,0.9999999191398664,0.7428921949819394,0.6593119130355563,12.589254117941628,7.943282347242859
8,8.317637711026708e-10,1202264434.6174133,0.9999999158532449,0.7353933410975242,0.6685632271786658,12.02264434617409,8.317637711026755
8,8.709635899560796e-10,1148153621.496884,0.9999999124332837,0.7277112644687475,0.6776085963968539,11.481536214968834,8.709635899560821
8,9.120108393559115e-10,1096478196.1431828,0.999999908874585,0.7198430360505257,0.6864507485551807,10.96478196143182,9.120108393559143
8,9.549925860214368e-10,1047128548.0508986,0.999999905171533,0.7117857455716483,0.6950924505421261,10.471285480508968,9.549925860214406
8,1e-09,999999999.9999999,0.9999999013182853,0.7035365047437114,0.7035365047437114,9.999999999999975,9.999999999999975
8,1.0471285480508984e-09,954992586.0214369,0.9999998973087635,0.6950924505421245,0.6950924505421245,9.549925860214337,9.549925860214337
8,1.0964781961431829e-09,912010839.3559115,0.9999998931366438,0.6864507485551798,0.6864507485551798,9.12010839355911,9.12010839355911
8,1.148153621496884e-09,870963589.9560797,0.9999998887953473,0.6776085963968534,0.6776085963968534,8.70963589956079,8.70963589956079
8,1.202264434617413e-09,831763771.1026709,0.9999998842780298,0.6685632271786645,0.6685632271786645,8.317637711026697,8.317637711026697
8,1.2589254117941663e-09,794328234.7242821,0.9999998795775704,0.6593119130355547,0.6593119130355547,7.943282347242803,7.943282347242803
8,1.31825673855641e-09,758577575.0291821,0.9999998746865616,0.6498519687004387,0.6498519687004387,7.585775750291801,7.585775750291801
8,1.3803842646028865e-09,724435960.0749892,0.9999998695972965,0.6401807551217253,0.6401807551217253,7.244359600749867,7.244359600749867
8,1.445439770745928e-09,691830970.9189363,0.9999998643017578,0.6302956831177747,0.6302956831177747,6.918309709189359,6.918309709189359
8,1.513561248436207e-09,660693448.0075965,0.9999998587916048,0.6201942170619577,0.6201942170619577,6.606934480075955,6.606934480075955
8,1.584893192461111e-09,630957344.4801942,0.9999998530581601,0.6098738785916521,0.6098738785916521,6.309573444801929,6.309573444801929
8,1.6595869074375631e-09,602559586.0743568,0.999999847092397,0.5993322503342164,0.5993322503342164,6.025595860743554,6.025595860743554
8,1.7378008287493762e-09,575439937.3371567,0.9999998408849244,0.5885669796427073,0.5885669796427073,5.754399373371548,5.754399373371548
8,1.8197008586099825e-09,549540873.8576249,0.9999998344259732,0.5775757823338111,0.5775757823338111,5.495408738576246,5.495408738576246
8,1.9054607179632523e-09,524807460.2497712,0.9999998277053802,0.5663564464202362,0.5663564464202362,5.2480746024977085,5.2480746024977085
8,1.9952623149688828e-09,501187233.6272715,0.9999998207125728,0.5549068358295663,0.5549068358295663,5.011872336272707,5.011872336272707
8,2.089296130854041e-09,478630092.322638,0.9999998134365522,0.5432248941013345,0.5432248941013345,4.786300923226369,4.786300923226369
8,2.1877616239495518e-09,457088189.6148752,0.999999805865877,0.5313086480539394,0.5313086480539394,4.570881896148737,4.570881896148737
8,2.29086765276777e-09,436515832.24016654,0.9999997979886445,0.519156211412817,0.519156211412817,4.365158322401664,4.365158322401664
8,2.3988329190194848e-09,416869383.4703364,0.9999997897924728,0.5067657883911452,0.5067657883911452,4.168693834703359,4.168693834703359
8,2.511886431509582e-09,398107170.55349696,0.9999997812644814,0.4941356772142701,0.4941356772142701,3.981071705534964,3.981071705534964
8,2.6302679918953816e-09,380189396.32056123,0.9999997723912711,0.4812642735789312,0.4812642735789312,3.8018939632056044,3.8018939632056044
8,2.7542287033381634e-09,363078054.7701017,0.9999997631589034,0.4681500740383102,0.4681500740383102,3.630780547701007,3.630780547701007
8,2.8840315031266117e-09,346736850.4525309,0.9999997535528787,0.4547916793039384,0.4547916793039384,3.4673685045252984,3.4673685045252984
8,3.019951720402019e-09,331131121.4825908,0.9999997435581138,0.4411877974554691,0.4411877974554691,3.3113112148259063,3.3113112148259063
8,3.1622776601683795e-09,316227766.0168379,0.9999997331589187,0.42733724704937226,0.42733724704937226,3.1622776601683755,3.1622776601683755
8,3.3113112148259078e-09,301995172.0402019,0.9999997223389717,0.4132389601177323,0.4132389601177323,3.019951720402013,3.019951720402013
8,3.4673685045253096e-09,288403150.3126612,0.9999997110812952,0.3988919850483723,0.3988919850483723,2.8840315031266037,2.8840315031266037
8,3.6307805477010177e-09,275422870.33381635,0.999999699368228,0.3842954893377364,0.3842954893377364,2.7542287033381547,2.7542287033381547
8,3.8018939632056126e-09,263026799.18953815,0.9999996871813991,0.36944876220813394,0.36944876220813394,2.630267991895381,2.630267991895381
8,3.981071705534969e-09,251188643.15095824,0.9999996745016986,0.35435121708113404,0.35435121708113404,2.5118864315095792,2.5118864315095792
8,4.168693834703363e-09,239883291.9019485,0.9999996613092483,0.33900239389924114,0.33900239389924114,2.398832919019482,2.398832919019482
8,4.365158322401665e-09,229086765.276777,0.999999647583371,0.3234019612881768,0.3234019612881768,2.290867652767765,2.290867652767765
8,4.570881896148752e-09,218776162.3949552,0.9999996333025583,0.30754971855249225,0.30754971855249225,2.1877616239495454,2.1877616239495454
8,4.78630092322638e-09,208929613.0854041,0.9999996184444374,0.2914455974975818,0.2914455974975818,2.0892961308540405,2.0892961308540405
8,5.011872336272715e-09,199526231.49688828,0.9999996029857368,0.27508966407154656,0.27508966407154656,1.995262314968881,1.995262314968881
8,5.248074602497734e-09,190546071.79632443,0.99999958690225,0.2584821198208158,0.2584821198208158,1.9054607179632421,1.9054607179632421
8,5.495408738576248e-09,181970085.86099827,0.999999570168798,0.24162330315387004,0.24162330315387004,1.819700858609979,1.819700858609979
8,5.754399373371566e-09,173780082.87493765,0.999999552759191,0.22451369040789226,0.22451369040789226,1.7378008287493716,1.7378008287493716
8,6.025595860743593e-09,165958690.74375564,0.9999995346461868,0.20715389671373552,0.20715389671373552,1.6595869074375513,1.6595869074375513
8,6.309573444801943e-09,158489319.2461111,0.9999995158014504,0.1895446766550849,0.1895446766550849,1.5848931924611105,1.5848931924611105
8,6.606934480075964e-09,151356124.84362072,0.9999994961955088,0.1716869247182533,0.1716869247182533,1.5135612484362055,1.5135612484362055
8,6.918309709189363e-09,144543977.0745928,0.999999475797706,0.15358167552971358,0.15358167552971358,1.4454397707459252,1.4454397707459252
8,7.244359600749891e-09,138038426.46028867,0.9999994545761561,0.13523010387895662,0.13523010387895662,1.380384264602883,1.380384264602883
8,7.58577575029182e-09,131825673.855641,0.999999432497694,0.11663352452497233,0.11663352452497233,1.3182567385564057,1.3182567385564057
8,7.943282347242822e-09,125892541.17941661,0.9999994095278237,0.09779339178524038,0.09779339178524038,1.258925411794166,1.258925411794166
8,8.317637711026709e-09,120226443.46174131,0.999999385630666,0.0787112989067692,0.0787112989067692,1.202264434617412,1.202264434617412
8,8.709635899560797e-09,114815362.14968841,0.9999993607689027,0.059388977219355876,0.059388977219355876,1.1481536214968822,1.1481536214968822
8,9.120108393559115e-09,109647819.6143183,0.9999993349037194,0.039828295071912434,0.039828295071912434,1.0964781961431807,1.0964781961431807
8,9.549925860214368e-09,104712854.80508986,0.9999993079947456,0.02003125655333049,0.02003125655333049,1.0471285480508956,1.0471285480508956
8,1e-08,100000000.0,0.9999992799999928,0.0,0.0,1.0,1.0
8,1.0471285480509006e-08,95499258.6021435,0.9999992508757899,0.020031256553333487,0.020031256553333487,1.0471285480509032,1.0471285480509032
8,1.0964781961431851e-08,91201083.93559097,0.999999220576716,0.03982829507191543,0.03982829507191543,1.0964781961431884,1.0964781961431884
8,1.148153621496884e-08,87096358.99560797,0.9999991890555304,0.05938897721935721,0.05938897721935721,1.1481536214968862,1.1481536214968862
8,1.202264434617413e-08,83176377.11026709,0.9999991562631007,0.07871129890677053,0.07871129890677053,1.2022644346174163,1.2022644346174163
8,1.2589254117941661e-08,79432823.47242822,0.9999991221483266,0.09779339178524182,0.09779339178524182,1.2589254117941704,1.2589254117941704
8,1.3182567385564074e-08,75857757.50291836,0.9999990866580623,0.11663352452497378,0.11663352452497378,1.3182567385564103,1.3182567385564103
8,1.3803842646028838e-08,72443596.00749907,0.9999990497370338,0.13523010387895806,0.13523010387895806,1.3803842646028879,1.3803842646028879
8,1.4454397707459279e-08,69183097.09189363,0.9999990113277557,0.1535816755297149,0.1535816755297149,1.4454397707459303,1.4454397707459303
8,1.5135612484362072e-08,66069344.80075964,0.9999989713704416,0.17168692471825453,0.17168692471825453,1.5135612484362109,1.5135612484362109
8,1.584893192461114e-08,63095734.4480193,0.9999989298029136,0.18954467665508623,0.18954467665508623,1.584893192461116,1.584893192461116
8,1.6595869074375597e-08,60255958.60743581,0.9999988865605063,0.20715389671373874,0.20715389671373874,1.659586907437563,1.659586907437563
8,1.7378008287493763e-08,57543993.73371567,0.9999988415759683,0.2245136904078936,0.2245136904078936,1.7378008287493776,1.7378008287493776
8,1.8197008586099826e-08,54954087.38576248,0.9999987947793592,0.24162330315387137,0.24162330315387137,1.8197008586099854,1.8197008586099854
8,1.9054607179632482e-08,52480746.02497723,0.9999987460979424,0.2584821198208169,0.2584821198208169,1.9054607179632488,1.9054607179632488
8,1.9952623149688786e-08,50118723.362727255,0.9999986954560741,0.27508966407154656,0.27508966407154656,1.995262314968881,1.995262314968881
8,2.0892961308540408e-08,47863009.2322638,0.9999986427750878,0.2914455974975829,0.2914455974975829,2.089296130854048,2.089296130854048
8,2.1877616239495518e-08,45708818.96148752,0.9999985879731735,0.30754971855249336,0.30754971855249336,2.1877616239495534,2.1877616239495534
8,2.2908676527677746e-08,43651583.22401657,0.9999985309652539,0.32340196128817955,0.32340196128817955,2.2908676527677816,2.2908676527677816
8,2.3988329190194897e-08,41686938.34703355,0.9999984716628534,0.33900239389924225,0.33900239389924225,2.3988329190194904,2.3988329190194904
8,2.511886431509582e-08,39810717.05534969,0.9999984099739637,0.3543512170811356,0.3543512170811356,2.5118864315095886,2.5118864315095886
8,2.6302679918953814e-08,38018939.632056125,0.9999983458029036,0.36944876220813494,0.36944876220813494,2.63026799189539,2.63026799189539
8,2.754228703338169e-08,36307805.4770101,0.9999982790501728,0.38429548933773894,0.38429548933773894,2.7542287033381743,2.7542287033381743
8,2.8840315031266057e-08,34673685.045253165,0.9999982096123005,0.3988919850483733,0.3988919850483733,2.884031503126614,2.884031503126614
8,3.0199517204020194e-08,33113112.148259073,0.9999981373816879,0.4132389601177333,0.4132389601177333,3.0199517204020236,3.0199517204020236
8,3.162277660168379e-08,31622776.601683795,0.9999980622464442,0.42733724704937315,0.42733724704937315,3.1622776601683866,3.1622776601683866
8,3.3113112148259144e-08,30199517.20402013,0.9999979840902165,0.44118779745547,0.44118779745547,3.311311214825918,3.311311214825918
8,3.4673685045253164e-08,28840315.03126606,0.9999979027920128,0.4547916793039406,0.4547916793039406,3.4673685045253233,3.4673685045253233
8,3.6307805477010175e-08,27542287.033381633,0.9999978182260186,0.4681500740383111,0.4681500740383111,3.6307805477010198,3.6307805477010198
8,3.8018939632056126e-08,26302679.918953814,0.9999977302614046,0.4812642735789321,0.4812642735789321,3.801893963205618,3.801893963205618
8,3.9810717055349776e-08,25118864.315095767,0.9999976387621292,0.4941356772142713,0.4941356772142713,3.981071705534978,3.981071705534978
8,4.168693834703355e-08,23988329.1901949,0.9999975435867313,0.5067657883911452,0.5067657883911452,4.168693834703359,4.168693834703359
8,4.3651583224016566e-08,22908676.52767775,0.9999974445881161,0.519156211412817,0.519156211412817,4.365158322401664,4.365158322401664
8,4.570881896148752e-08,21877616.23949552,0.9999973416133318,0.5313086480539405,0.5313086480539405,4.570881896148754,4.570881896148754
8,4.78630092322638e-08,20892961.308540408,0.9999972345033379,0.5432248941013351,0.5432248941013351,4.786300923226387,4.786300923226387
8,5.011872336272725e-08,19952623.149688788,0.9999971230927642,0.5549068358295675,0.5549068358295675,5.011872336272725,5.011872336272725
8,5.248074602497723e-08,19054607.17963248,0.9999970072096607,0.5663564464202373,0.5663564464202373,5.248074602497727,5.248074602497727
8,5.495408738576248e-08,18197008.586099826,0.9999968866752371,0.5775757823338119,0.5775757823338119,5.495408738576265,5.495408738576265
8,5.7543993733715665e-08,17378008.28749376,0.9999967613035923,0.588566979642708,0.588566979642708,5.754399373371569,5.754399373371569
8,6.025595860743581e-08,16595869.074375598,0.9999966309014339,0.5993322503342181,0.5993322503342181,6.025595860743596,6.025595860743596
8,6.30957344480193e-08,15848931.924611142,0.9999964952677854,0.6098738785916531,0.6098738785916531,6.309573444801951,6.309573444801951
8,6.606934480075964e-08,15135612.484362073,0.9999963541936836,0.6201942170619585,0.6201942170619585,6.606934480075979,6.606934480075979
8,6.918309709189362e-08,14454397.70745928,0.9999962074618625,0.6302956831177756,0.6302956831177756,6.9183097091893835,6.9183097091893835
8,7.244359600749906e-08,13803842.646028837,0.9999960548464255,0.6401807551217267,0.6401807551217267,7.2443596007499185,7.2443596007499185
8,7.585775750291836e-08,13182567.385564074,0.9999958961125058,0.64985196870044,0.64985196870044,7.585775750291854,7.585775750291854
8,7.943282347242822e-08,12589254.11794166,0.9999957310159114,0.6593119130355554,0.6593119130355554,7.943282347242832,7.943282347242832
8,8.317637711026709e-08,12022644.34617413,0.999995559302758,0.6685632271786652,0.6685632271786652,8.317637711026725,8.317637711026725
8,8.709635899560814e-08,11481536.214968817,0.9999953807090863,0.6776085963968539,0.6776085963968539,8.709635899560821,8.709635899560821
8,9.120108393559096e-08,10964781.961431852,0.999995194960466,0.6864507485551798,0.6864507485551798,9.12010839355911,9.12010839355911
8,9.549925860214369e-08,10471285.480508985,0.9999950017715816,0.6950924505421253,0.6950924505421253,9.549925860214373,9.549925860214373
8,1e-07,10000000.0,0.9999948008458054,0.7035365047437121,0.7035365047437119,10.00000000000001,9.999999999999993
8,1.0471285480509007e-07,9549925.860214349,0.999994591874751,0.7117857455716494,0.6950924505421243,10.471285480509042,9.549925860214321
8,1.0964781961431852e-07,9120108.393559096,0.9999943745378108,0.7198430360505264,0.6864507485551796,10.964781961431859,9.120108393559095
8,1.148153621496884e-07,8709635.899560796,0.9999941485016749,0.7277112644687479,0.6776085963968534,11.481536214968854,8.70963589956079
8,1.2022644346174132e-07,8317637.711026708,0.9999939134198319,0.7353933410975251,0.6685632271786645,12.022644346174154,8.317637711026697
8,1.2589254117941688e-07,7943282.347242805,0.9999936689320493,0.7428921949819407,0.6593119130355544,12.589254117941719,7.943282347242789
8,1.3182567385564074e-07,7585775.7502918355,0.9999934146638345,0.7502107708077187,0.6498519687004395,13.182567385564093,7.585775750291828
8,1.380384264602884e-07,7244359.600749905,0.9999931502258745,0.7573520258470255,0.6401807551217258,13.803842646028869,7.244359600749893
8,1.445439770745928e-07,6918309.709189363,0.9999928752134534,0.764318926986268,0.6302956831177747,14.454397707459295,6.918309709189359
8,1.5135612484362072e-07,6606934.480075964,0.9999925892058475,0.7711144478385445,0.6201942170619577,15.135612484362099,6.606934480075955
8,1.584893192461114e-07,6309573.44480193,0.9999922917656979,0.7777415659430699,0.6098738785916518,15.848931924611179,6.309573444801918
8,1.6595869074375596e-07,6025595.860743581,0.9999919824383565,0.7842032600535794,0.5993322503342174,16.59586907437562,6.025595860743575
8,1.7378008287493762e-07,5754399.373371567,0.9999916607512086,0.7905025075174223,0.5885669796427077,17.378008287493795,5.754399373371558
8,1.8197008586099824e-07,5495408.738576248,0.9999913262129684,0.7966422817467318,0.5775757823338111,18.19700858609984,5.495408738576246
8,1.9054607179632483e-07,5248074.602497723,0.9999909783129469,0.8026255497828031,0.5663564464202369,19.05460717963251,5.248074602497718
8,1.9952623149688787e-07,5011872.336272725,0.9999906165202916,0.8084552699544971,0.554906835829567,19.952623149688833,5.011872336272716
8,2.0892961308540409e-07,4786300.923226381,0.9999902402831975,0.8141343896312523,0.5432248941013348,20.89296130854043,4.786300923226378
8,2.187761623949552e-07,4570881.8961487515,0.9999898490280857,0.819665843071007,0.5313086480539397,21.877616239495556,4.570881896148745
8,2.2908676527677748e-07,4365158.322401657,0.9999894421587523,0.8250525493631026,0.5191562114128162,22.908676527677798,4.365158322401649
8,2.39883291901949e-07,4168693.834703355,0.9999890190554823,0.8302974104660045,0.5067657883911447,23.98832919019493,4.168693834703352
8,2.5118864315095823e-07,3981071.705534969,0.9999885790741314,0.8354033093394558,0.4941356772142701,25.118864315095866,3.981071705534964
8,2.6302679918953816e-07,3801893.9632056123,0.9999881215451698,0.8403731081704684,0.4812642735789312,26.30267991895388,3.8018939632056044
8,2.754228703338169e-07,3630780.54770101,0.9999876457726912,0.8452096466923706,0.4681500740383102,27.542287033381726,3.630780547701007
8,2.8840315031266057e-07,3467368.504525317,0.999987151033382,0.8499157405959376,0.4547916793039394,28.84031503126612,3.467368504525311
8,3.019951720402019e-07,3311311.2148259077,0.9999866365754517,0.8544941800314672,0.4411877974554691,30.199517204020218,3.3113112148259063
8,3.162277660168379e-07,3162277.6601683795,0.9999861016175214,0.8589477282005046,0.42733724704937226,31.622776601683846,3.1622776601683755
8,3.3113112148259143e-07,3019951.720402013,0.9999855453474694,0.8632791200357746,0.41323896011773187,33.11311214825922,3.0199517204020077
8,3.467368504525317e-07,2884031.5031266054,0.9999849669212327,0.8674910609677448,0.3988919850483723,34.67368504525321,2.8840315031266037
8,3.6307805477010174e-07,2754228.7033381634,0.9999843654615619,0.8715862257761277,0.38429548933773683,36.30780547701024,2.7542287033381596
8,3.8018939632056126e-07,2630267.9918953814,0.999983740056728,0.875567257524509,0.36944876220813294,38.018939632056224,2.630267991895376
8,3.981071705534977e-07,2511886.431509577,0.9999830897591803,0.8794367665762074,0.3543512170811335,39.810717055349826,2.511886431509575
8,4.168693834703355e-07,2398832.91901949,0.9999824135841514,0.8831973296893639,0.3390023938992417,41.68693834703364,2.398832919019486
8,4.365158322401656e-07,2290867.6527677746,0.9999817105082096,0.8868514891892011,0.3234019612881779,43.65158322401661,2.290867652767773
8,4.5708818961487516e-07,2187761.623949552,0.999980979467755,0.8904017522153107,0.3075497185524927,45.70881896148759,2.1877616239495494
8,4.78630092322638e-07,2089296.130854041,0.9999802193574576,0.8938505900417797,0.29144559749758125,47.86300923226391,2.089296130854037
8,5.011872336272725e-07,1995262.3149688789,0.999979429028637,0.8972004374679183,0.275089664071546,50.1187233627273,1.9952623149688775
8,5.248074602497723e-07,1905460.7179632483,0.9999786072875774,0.9004536922773047,0.25848211982081637,52.48074602497733,1.9054607179632455
8,5.495408738576248e-07,1819700.8586099825,0.9999777528937804,0.9036127147628462,0.24162330315387004,54.95408738576261,1.819700858609979
8,5.754399373371567e-07,1737800.8287493763,0.9999768645581495,0.9066798273155204,0.22451369040789293,57.543993733715745,1.7378008287493745
8,6.025595860743581e-07,1659586.9074375597,0.9999759409411046,0.9096573140744586,0.20715389671373752,60.25595860743593,1.659586907437557
8,6.30957344480193e-07,1584893.1924611141,0.9999749806506266,0.9125474206360129,0.18954467665508545,63.095734448019364,1.5848931924611134
8,6.606934480075964e-07,1513561.2484362072,0.9999739822402242,0.9153523538194637,0.1716869247182533,66.06934480075974,1.5135612484362055
8,6.918309709189363e-07,1445439.770745928,0.999972944206825,0.9180742814870159,0.15358167552971358,69.18309709189379,1.4454397707459252
8,7.244359600749906e-07,1380384.264602884,0.9999718649885857,0.9207153324157549,0.13523010387895662,72.44359600749914,1.380384264602883
8,7.585775750291836e-07,1318256.7385564074,0.9999707429626182,0.9232775962192457,0.11663352452497233,75.8577575029185,1.3182567385564057
8,7.943282347242821e-07,1258925.4117941663,0.9999695764426291,0.9257631233164806,0.09779339178523971,79.4328234724284,1.2589254117941637
8,8.317637711026709e-07,1202264.4346174132,0.999968363676469,0.9281739249459131,0.0787112989067692,83.1763771102672,1.202264434617412
8,8.709635899560814e-07,1148153.6214968818,0.9999671028435898,0.9305119732223412,0.0593889772193551,87.09635899560831,1.1481536214968802
8,9.120108393559096e-07,1096478.1961431853,0.9999657920524025,0.9327792012344424,0.039828295071914877,91.20108393559104,1.0964781961431846
8,9.549925860214369e-07,1047128.5480508985,0.9999644293375373,0.934977503180801,0.020031256553331156,95.49925860214383,1.0471285480508974
8,1e-06,1000000.0,0.9999630126569974,0.9371087345423094,8.881784197001252e-16,100.00000000000023,1.0000000000000018
8,1.0471285480509007e-06,954992.586021435,0.9999615398892061,0.9391747122888708,0.0200312565533326,104.71285480509016,1.0471285480509012
8,1.096478196143185e-06,912010.8393559096,0.9999600088299405,0.9411772151183784,0.03982829507191543,109.6478196143187,1.0964781961431866
8,1.148153621496884e-06,870963.5899560797,0.99995841718915,0.9431179837259932,0.05938897721935721,114.81536214968867,1.1481536214968862
8,1.2022644346174132e-06,831763.7711026708,0.9999567625876535,0.9449987211017987,0.07871129890676976,120.22644346174147,1.202264434617414
8,1.2589254117941687e-06,794328.2347242805,0.9999550425537116,0.9468210928549589,0.09779339178524182,125.89254117941711,1.2589254117941704
8,1.3182567385564074e-06,758577.5750291836,0.9999532545194689,0.9485867275625607,0.11663352452497378,131.82567385564107,1.3182567385564103
8,1.3803842646028865e-06,724435.9600749891,0.9999513958172621,0.9502972171413838,0.13523010387895806,138.03842646028886,1.3803842646028879
8,1.445439770745928e-06,691830.9709189363,0.9999494636757884,0.9519541172408853,0.1535816755297149,144.5439770745931,1.4454397707459303
8,1.5135612484362072e-06,660693.4480075964,0.9999474552161287,0.9535589476557553,0.17168692471825386,151.3561248436209,1.5135612484362082
8,1.584893192461114e-06,630957.344480193,0.9999453674476213,0.9551131927564482,0.18954467665508623,158.48931924611168,1.584893192461116
8,1.6595869074375596e-06,602559.5860743581,0.9999431972635797,0.9566183019361555,0.20715389671373874,165.95869074375636,1.659586907437563
8,1.7378008287493763e-06,575439.9373371566,0.9999409414368495,0.9580756900727434,0.2245136904078936,173.78008287493785,1.7378008287493776
8,1.8197008586099826e-06,549540.8738576248,0.9999385966151969,0.9594867380042329,0.24162330315387137,181.9700858609986,1.8197008586099854
8,1.9054607179632483e-06,524807.4602497723,0.9999361593165252,0.960852793016461,0.25848211982081815,190.5460717963253,1.9054607179632523
8,1.9952623149688787e-06,501187.23362727254,0.9999336259239106,0.9621751693416123,0.27508966407154656,199.5262314968882,1.995262314968881
8,2.0892961308540407e-06,478630.0923226381,0.999930992680451,0.9634551486663746,0.29144559749758236,208.92961308540453,2.089296130854044
8,2.1877616239495517e-06,457088.1896148752,0.9999282556839241,0.9646939806485152,0.30754971855249336,218.7761623949554,2.1877616239495534
8,2.2908676527677747e-06,436515.8322401656,0.9999254108812411,0.9658928834407435,0.32340196128817844,229.08676527677784,2.2908676527677776
8,2.3988329190194897e-06,416869.3834703355,0.999922454062697,0.9670530442207632,0.3390023938992427,239.88329190194955,2.3988329190194944
8,2.5118864315095823e-06,398107.1705534969,0.9999193808560024,0.9681756197264842,0.3543512170811346,251.1886431509585,2.5118864315095837
8,2.6302679918953812e-06,380189.3963205613,0.9999161867200945,0.9692617367954053,0.3694487622081345,263.0267991895387,2.6302679918953853
8,2.754228703338169e-06,363078.05477010104,0.9999128669387152,0.9703124929072336,0.38429548933773894,275.42287033381757,2.7542287033381743
8,2.884031503126606e-06,346736.85045253165,0.9999094166137509,0.9713289567288558,0.39889198504837275,288.403150312661,2.8840315031266086
8,3.0199517204020193e-06,331131.12148259074,0.999905830658323,0.9723121686608212,0.4132389601177333,301.99517204020253,3.0199517204020236
8,3.162277660168379e-06,316227.76601683797,0.9999021037896216,0.9732631413845474,0.4273372470493727,316.22776601683825,3.1622776601683813
8,3.3113112148259145e-06,301995.1720402013,0.999898230521473,0.9741828604095004,0.44118779745547,331.13112148259194,3.311311214825918
8,3.467368504525317e-06,288403.15031266055,0.9998942051566296,0.9750722846196467,0.4547916793039406,346.73685045253245,3.4673685045253233
8,3.6307805477010175e-06,275422.87033381633,0.9998900217787748,0.9759323468185184,0.4681500740383111,363.07805477010214,3.6307805477010198
8,3.801893963205613e-06,263026.7991895381,0.9998856742442309,0.9767639542722725,0.4812642735789321,380.18939632056197,3.801893963205618
8,3.981071705534978e-06,251188.64315095768,0.9998811561733593,0.9775679892501636,0.49413567721427176,398.1071705534987,3.981071705534985
8,4.168693834703355e-06,239883.291901949,0.9998764609416431,0.9783453095618923,0.5067657883911452,416.86938347033606,4.168693834703359
8,4.365158322401665e-06,229086.76527677703,0.9998715816704393,0.9790967490913222,0.5191562114128179,436.51583224016736,4.365158322401672
8,4.570881896148752e-06,218776.16239495517,0.9998665112173903,0.9798231183261013,0.5313086480539405,457.0881896148756,4.570881896148754
8,4.78630092322638e-06,208929.6130854041,0.9998612421664806,0.9805252048827509,0.5432248941013351,478.63009232263886,4.786300923226387
8,5.011872336272725e-06,199526.23149688786,0.9998557668177274,0.9812037740268237,0.5549068358295677,501.1872336272736,5.0118723362727335
8,5.248074602497723e-06,190546.07179632483,0.9998500771764922,0.9818595691877595,0.5663564464202373,524.8074602497729,5.248074602497727
8,5.4954087385762485e-06,181970.08586099825,0.9998441649423989,0.982493312468103,0.5775757823338115,549.5408738576258,5.495408738576256
8,5.754399373371567e-06,173780.08287493762,0.9998380214978447,0.9831057051467696,0.5885669796427083,575.4399373371581,5.754399373371578
8,6.025595860743581e-06,165958.690743756,0.9998316378960902,0.9836974281760813,0.5993322503342178,602.5595860743589,6.025595860743586
8,6.30957344480193e-06,158489.3192461114,0.9998250048489125,0.9842691426723127,0.6098738785916527,630.9573444801943,6.3095734448019405
8,6.606934480075964e-06,151356.12484362072,0.9998181127138067,0.9848214903995202,0.6201942170619585,660.6934480075981,6.606934480075979
8,6.9183097091893625e-06,144543.9770745928,0.9998109514807201,0.9853550942464454,0.6302956831177753,691.8309709189374,6.918309709189371
8,7.244359600749906e-06,138038.42646028838,0.9998035107583009,0.9858705586963095,0.6401807551217267,724.4359600749922,7.2443596007499185
8,7.585775750291836e-06,131825.67385564075,0.9997957797596473,0.9863684702893373,0.6498519687004398,758.5775750291845,7.585775750291841
8,7.943282347242822e-06,125892.54117941661,0.9997877472875362,0.986849398077868,0.6593119130355554,794.3282347242834,7.943282347242832
8,8.31763771102671e-06,120226.4434617413,0.9997794017191156,0.9873138940739324,0.6685632271786652,831.7637711026729,8.317637711026725
8,8.709635899560814e-06,114815.36214968817,0.9997707309900412,0.9877624936891916,0.6776085963968539,870.9635899560825,8.709635899560821
8,9.120108393559096e-06,109647.81961431852,0.9997617225780371,0.9881957161671507,0.6864507485551798,912.0108393559115,9.12010839355911
8,9.549925860214369e-06,104712.85480508985,0.9997523634858622,0.9886140650075808,0.6950924505421255,954.9925860214393,9.549925860214389
8,9.999999999999999e-06,100000.00000000001,0.9997426402236593,0.9890180283830898,0.7035365047437119,1000.0000000000016,9.999999999999993
8,1.0471285480509006e-05,95499.2586021435,0.9997325387906686,0.9894080795478094,0.6950924505421245,1047.1285480509027,9.549925860214337
8,1.096478196143185e-05,91201.08393559097,0.9997220446562798,0.9897846772381645,0.6864507485551796,1096.4781961431863,9.120108393559095
8,1.1481536214968841e-05,87096.35899560797,0.9997111427404036,0.99014826606572,0.6776085963968534,1148.153621496886,8.70963589956079
8,1.202264434617413e-05,83176.37711026709,0.9996998173931368,0.9904992769020968,0.6685632271786645,1202.2644346174159,8.317637711026697
8,1.2589254117941688e-05,79432.82347242805,0.9996880523736977,0.9908381272559731,0.6593119130355547,1258.9254117941703,7.943282347242803
8,1.3182567385564074e-05,75857.75750291836,0.9996758308286063,0.991165221642188,0.6498519687004395,1318.25673855641,7.585775750291828
8,1.3803842646028866e-05,72443.59600749891,0.999663135269084,0.9914809519429797,0.6401807551217256,1380.38426460289,7.244359600749879
8,1.445439770745928e-05,69183.09709189362,0.9996499475476456,0.9917856977613977,0.6302956831177747,1445.43977074593,6.918309709189359
8,1.5135612484362071e-05,66069.34480075965,0.9996362488338566,0.9920798267669367,0.6201942170619577,1513.5612484362107,6.606934480075955
8,1.584893192461114e-05,63095.7344480193,0.9996220195892269,0.9923636950334493,0.6098738785916521,1584.8931924611156,6.309573444801929
8,1.6595869074375598e-05,60255.9586074358,0.9996072395412129,0.9926376473693979,0.5993322503342174,1659.5869074375626,6.025595860743575
8,1.7378008287493764e-05,57543.993733715666,0.9995918876562951,0.9929020176405193,0.5885669796427077,1737.8008287493803,5.754399373371558
8,1.8197008586099824e-05,54954.08738576249,0.9995759421121044,0.9931571290849751,0.5775757823338111,1819.700858609985,5.495408738576246
8,1.9054607179632484e-05,52480.74602497723,0.9995593802685604,0.993403294621069,0.5663564464202369,1905.4607179632517,5.248074602497718
8,1.9952623149688786e-05,50118.72336272725,0.9995421786379924,0.9936408171476201,0.5549068358295675,1995.2623149688804,5.011872336272725
8,2.089296130854041e-05,47863.0092322638,0.9995243128542067,0.9938699898370799,0.5432248941013348,2089.296130854044,4.786300923226378
8,2.187761623949552e-05,45708.818961487515,0.9995057576404667,0.99409109642149,0.5313086480539397,2187.7616239495565,4.570881896148745
8,2.2908676527677746e-05,43651.58322401657,0.9994864867763482,0.9943044114713796,0.5191562114128165,2290.8676527677767,4.365158322401657
8,2.3988329190194897e-05,41686.93834703355,0.9994664730634346,0.9945102006677032,0.5067657883911447,2398.832919019494,4.168693834703352
8,2.5118864315095822e-05,39810.71705534969,0.9994456882898114,0.994708721066925,0.4941356772142701,2511.886431509588,3.981071705534964
8,2.6302679918953814e-05,38018.93963205613,0.9994241031933222,0.9949002213593569,0.48126427357893165,2630.267991895385,3.801893963205611
8,2.754228703338169e-05,36307.8054770101,0.9994016874235457,0.9950849421208605,0.4681500740383102,2754.228703338174,3.630780547701007
8,2.8840315031266056e-05,34673.685045253165,0.9993784095024503,0.9952631160580242,0.4547916793039394,2884.031503126613,3.467368504525311
8,3.0199517204020192e-05,33113.112148259075,0.9993542367836848,0.9954349682469291,0.4411877974554691,3019.951720402023,3.3113112148259063
8,3.1622776601683795e-05,31622.776601683792,0.9993291354104609,0.9956007163656184,0.42733724704937226,3162.277660168386,3.1622776601683755
8,3.3113112148259144e-05,30199.51720402013,0.99930307027198,0.9957605709203861,0.4132389601177323,3311.3112148259174,3.019951720402013
8,3.467368504525317e-05,28840.31503126606,0.9992760049583606,0.9959147354660006,0.3988919850483723,3467.3685045253224,2.8840315031266037
8,3.6307805477010174e-05,27542.287033381635,0.999247901714016,0.9960634068199831,0.38429548933773683,3630.780547701025,2.7542287033381596
8,3.8018939632056124e-05,26302.679918953818,0.9992187213894322,0.9962067752710537,0.36944876220813394,3801.893963205617,2.630267991895381
8,3.9810717055349776e-05,25118.86431509577,0.9991884233912979,0.9963450247818688,0.3543512170811335,3981.071705534984,2.511886431509575
8,4.168693834703355e-05,23988.329190194898,0.9991569656309308,0.9964783331861607,0.3390023938992417,4168.693834703366,2.398832919019486
8,4.3651583224016654e-05,22908.6765276777,0.9991243044709502,0.9966068723804039,0.32340196128817733,4365.15832240167,2.290867652767769
8,4.5708818961487516e-05,21877.61623949552,0.9990903946701368,0.9967308085101191,0.3075497185524927,4570.881896148761,2.1877616239495494
8,4.7863009232263804e-05,20892.96130854041,0.9990551893264261,0.9968503021509354,0.2914455974975818,4786.300923226385,2.0892961308540405
8,5.011872336272725e-05,19952.62314968879,0.999018639817976,0.9969655084845256,0.275089664071546,5011.872336272732,1.9952623149688775
8,5.248074602497723e-05,19054.607179632483,0.9989806957422489,0.9970765774695279,0.25848211982081637,5248.074602497735,1.9054607179632455
8,5.495408738576248e-05,18197.008586099826,0.9989413048530464,0.9971836540075725,0.2416233031538707,5495.408738576254,1.819700858609982
8,5.7543993733715664e-05,17378.00828749376,0.9989004129954356,0.9972868781045208,0.22451369040789293,5754.399373371577,1.7378008287493745
8,6.0255958607435806e-05,16595.869074375598,0.9988579640385001,0.9973863850270344,0.20715389671373752,6025.595860743595,1.659586907437557
8,6.309573444801929e-05,15848.931924611143,0.998813899805852,0.9974823054545825,0.18954467665508545,6309.573444801938,1.5848931924611134
8,6.606934480075965e-05,15135.612484362071,0.9987681600038347,0.9975747656269963,0.1716869247182533,6606.934480075977,1.5135612484362055
8,6.918309709189363e-05,14454.39770745928,0.9987206821473498,0.997663887487682,0.15358167552971436,6918.309709189369,1.4454397707459279
8,7.244359600749906e-05,13803.842646028837,0.9986714014832337,0.9977497888225954,0.13523010387895662,7244.359600749916,1.380384264602883
8,7.585775750291836e-05,13182.567385564074,0.9986202509111151,0.997832583395087,0.11663352452497233,7585.775750291853,1.3182567385564057
8,7.943282347242822e-05,12589.25411794166,0.9985671609016745,0.9979123810767196,0.09779339178524038,7943.28234724283,1.258925411794166
8,8.317637711026709e-05,12022.644346174131,0.9985120594122332,0.9979892879741609,0.0787112989067692,8317.637711026724,1.202264434617412
8,8.709635899560814e-05,11481.536214968817,0.998454871799591,0.9980634065522517,0.0593889772193551,8709.635899560835,1.1481536214968802
8,9.120108393559096e-05,10964.78196143185,0.9983955207300352,0.99813483575335,0.039828295071914877,9120.108393559109,1.0964781961431846
8,9.549925860214369e-05,10471.285480508985,0.9983339260864368,0.9982036711130475,0.020031256553331156,9549.925860214387,1.0471285480508974
8,0.0001,10000.0,0.9982700048723525,0.9982700048723525,8.881784197001252e-16,9999.99999999999,1.0000000000000018
8,0.00010471285480508985,9549.92586021437,0.9982036711130475,0.9982036711130475,0.020031256553331933,9549.92586021437,1.0471285480508994
8,0.00010964781961431873,9120.108393559078,0.99813483575335,0.99813483575335,0.03982829507191543,9120.108393559076,1.0964781961431884
8,0.0001148153621496884,8709.635899560797,0.9980634065522516,0.9980634065522516,0.05938897721935665,8709.635899560804,1.1481536214968842
8,0.00012022644346174131,8317.63771102671,0.9979892879741609,0.9979892879741609,0.07871129890676976,8317.63771102671,1.202264434617414
8,0.0001258925411794166,7943.282347242822,0.9979123810767196,0.9979123810767196,0.09779339178524116,7943.282347242815,1.2589254117941682
8,0.000131825673855641,7585.77575029182,0.997832583395087,0.997832583395087,0.11663352452497378,7585.775750291826,1.3182567385564103
8,0.00013803842646028865,7244.359600749892,0.9977497888225954,0.9977497888225954,0.13523010387895806,7244.359600749891,1.3803842646028879
8,0.0001445439770745928,6918.309709189362,0.997663887487682,0.997663887487682,0.1535816755297149,6918.309709189357,1.4454397707459303
8,0.00015135612484362072,6606.9344800759645,0.9975747656269963,0.9975747656269963,0.17168692471825386,6606.934480075965,1.5135612484362082
8,0.0001584893192461111,6309.573444801943,0.9974823054545825,0.9974823054545825,0.18954467665508545,6309.573444801938,1.5848931924611134
8,0.00016595869074375631,6025.595860743569,0.9973863850270344,0.9973863850270344,0.2071538967137393,6025.595860743563,1.659586907437566
8,0.00017378008287493763,5754.399373371566,0.9972868781045208,0.9972868781045208,0.2245136904078936,5754.399373371567,1.7378008287493776
8,0.00018197008586099826,5495.408738576248,0.9971836540075725,0.9971836540075725,0.24162330315387137,5495.408738576244,1.8197008586099854
8,0.00019054607179632443,5248.074602497733,0.9970765774695279,0.9970765774695279,0.25848211982081637,5248.074602497735,1.9054607179632455
8,0.00019952623149688828,5011.872336272715,0.9969655084845256,0.9969655084845256,0.2750896640715471,5011.872336272715,1.9952623149688846
8,0.0002089296130854041,4786.30092322638,0.9968503021509354,0.9968503021509354,0.29144559749758236,4786.300923226377,2.089296130854044
8,0.00021877616239495518,4570.881896148751,0.9967308085101191,0.9967308085101191,0.30754971855249336,4570.881896148753,2.1877616239495534
8,0.00022908676527677702,4365.158322401665,0.9966068723804039,0.9966068723804039,0.3234019612881779,4365.158322401663,2.290867652767773
8,0.00023988329190194948,4168.6938347033465,0.9964783331861607,0.9964783331861607,0.33900239389924325,4168.693834703343,2.398832919019499
8,0.0002511886431509582,3981.071705534969,0.9963450247818688,0.9963450247818688,0.3543512170811346,3981.07170553497,2.5118864315095837
8,0.00026302679918953814,3801.8939632056126,0.9962067752710537,0.9962067752710537,0.3694487622081345,3801.8939632056104,2.6302679918953853
8,0.00027542287033381635,3630.7805477010174,0.996063406819983,0.9960634068199831,0.3842954893377374,3630.780547701019,2.7542287033381645
8,0.00028840315031266115,3467.3685045253096,0.9959147354660006,0.9959147354660006,0.3988919850483733,3467.36850452531,2.884031503126614
8,0.0003019951720402019,3311.311214825908,0.995760570920386,0.995760570920386,0.4132389601177333,3311.3112148259056,3.0199517204020236
8,0.00031622776601683794,3162.277660168379,0.9956007163656184,0.9956007163656184,0.4273372470493727,3162.2776601683804,3.1622776601683813
8,0.0003311311214825908,3019.951720402019,0.9954349682469291,0.9954349682469291,0.44118779745546954,3019.9517204020176,3.311311214825912
8,0.0003467368504525324,2884.0315031265995,0.9952631160580242,0.9952631160580242,0.4547916793039406,2884.0315031266005,3.4673685045253264
8,0.0003630780547701018,2754.228703338163,0.9950849421208605,0.9950849421208605,0.4681500740383111,2754.228703338164,3.6307805477010198
8,0.00038018939632056124,2630.267991895382,0.9949002213593569,0.9949002213593569,0.48126427357893165,2630.2679918953822,3.8018939632056146
8,0.0003981071705534969,2511.886431509582,0.994708721066925,0.994708721066925,0.49413567721427054,2511.8864315095834,3.981071705534971
8,0.00041686938347033637,2398.832919019485,0.9945102006677032,0.9945102006677032,0.5067657883911456,2398.8329190194854,4.168693834703366
8,0.00043651583224016654,2290.86765276777,0.9943044114713796,0.9943044114713796,0.5191562114128174,2290.867652767771,4.365158322401668
8,0.00045708818961487515,2187.761623949552,0.99409109642149,0.99409109642149,0.5313086480539405,2187.761623949553,4.570881896148754
8,0.00047863009232263805,2089.2961308540407,0.9938699898370799,0.9938699898370799,0.5432248941013351,2089.29613085404,4.786300923226387
8,0.0005011872336272735,1995.2623149688748,0.9936408171476201,0.9936408171476201,0.5549068358295681,1995.2623149688752,5.011872336272738
8,0.0005248074602497734,1905.4607179632444,0.993403294621069,0.993403294621069,0.5663564464202377,1905.460717963245,5.248074602497736
8,0.0005495408738576248,1819.7008586099828,0.9931571290849751,0.9931571290849751,0.5775757823338111,1819.7008586099832,5.49540873857625
8,0.0005754399373371566,1737.8008287493763,0.9929020176405193,0.9929020176405193,0.5885669796427083,1737.8008287493758,5.754399373371574
8,0.0006025595860743568,1659.5869074375632,0.9926376473693979,0.9926376473693979,0.5993322503342174,1659.5869074375626,6.025595860743575
8,0.0006309573444801943,1584.8931924611109,0.9923636950334493,0.9923636950334493,0.6098738785916527,1584.8931924611115,6.309573444801946
8,0.0006606934480075965,1513.561248436207,0.9920798267669367,0.9920798267669367,0.6201942170619583,1513.5612484362066,6.606934480075973
8,0.0006918309709189362,1445.439770745928,0.9917856977613977,0.9917856977613976,0.6302956831177753,1445.4397707459275,6.918309709189371
8,0.0007244359600749891,1380.3842646028868,0.9914809519429797,0.9914809519429797,0.6401807551217261,1380.3842646028863,7.244359600749899
8,0.0007585775750291852,1318.2567385564048,0.9911652216421879,0.9911652216421879,0.64985196870044,1318.2567385564053,7.585775750291854
8,0.0007943282347242822,1258.9254117941662,0.9908381272559731,0.9908381272559731,0.6593119130355554,1258.9254117941657,7.943282347242832
8,0.0008317637711026709,1202.2644346174131,0.9904992769020967,0.9904992769020967,0.668563227178665,1202.2644346174127,8.317637711026718
8,0.0008709635899560796,1148.1536214968842,0.9901482660657199,0.9901482660657199,0.6776085963968537,1148.153621496884,8.709635899560805
8,0.0009120108393559115,1096.478196143183,0.9897846772381645,0.9897846772381645,0.6864507485551802,1096.4781961431834,9.12010839355912
8,0.0009549925860214369,1047.1285480508984,0.9894080795478093,0.9894080795478093,0.6950924505421255,1047.1285480508982,9.54992586021438
8,0.001,1000.0,0.9890180283830898,0.9890180283830898,0.7035365047437119,999.9999999999998,9.999999999999993
8,0.0010471285480508985,954.9925860214369,0.9886140650075808,0.9886140650075808,0.695092450542125,954.9925860214368,9.549925860214364
8,0.0010964781961431873,912.0108393559078,0.9881957161671507,0.9881957161671507,0.6864507485551792,912.0108393559075,9.12010839355907
8,0.001148153621496884,870.9635899560797,0.9877624936891916,0.9877624936891916,0.6776085963968534,870.9635899560794,8.70963589956079
8,0.001202264434617413,831.763771102671,0.9873138940739324,0.9873138940739324,0.6685632271786648,831.7637711026707,8.317637711026704
8,0.0012589254117941662,794.3282347242822,0.986849398077868,0.986849398077868,0.6593119130355551,794.3282347242821,7.943282347242818
8,0.0013182567385564101,758.5775750291821,0.9863684702893372,0.9863684702893372,0.6498519687004389,758.5775750291817,7.585775750291814
8,0.0013803842646028866,724.4359600749891,0.9858705586963095,0.9858705586963095,0.6401807551217256,724.4359600749889,7.2443596007498865
8,0.001445439770745928,691.8309709189363,0.9853550942464453,0.9853550942464453,0.6302956831177747,691.8309709189361,6.918309709189359
8,0.0015135612484362072,660.6934480075964,0.9848214903995202,0.9848214903995202,0.620194217061958,660.6934480075964,6.606934480075961
8,0.0015848931924611173,630.9573444801918,0.9842691426723126,0.9842691426723126,0.6098738785916515,630.9573444801915,6.309573444801912
8,0.001659586907437563,602.5595860743568,0.9836974281760813,0.9836974281760813,0.5993322503342168,602.5595860743567,6.0255958607435645
8,0.0017378008287493763,575.4399373371567,0.9831057051467696,0.9831057051467696,0.588566979642708,575.4399373371566,5.754399373371563
8,0.0018197008586099824,549.5408738576249,0.982493312468103,0.982493312468103,0.5775757823338111,549.5408738576248,5.495408738576246
8,0.0019054607179632443,524.8074602497734,0.9818595691877595,0.9818595691877595,0.5663564464202373,524.8074602497734,5.248074602497732
8,0.001995262314968883,501.1872336272715,0.9812037740268236,0.9812037740268236,0.5549068358295667,501.1872336272714,5.011872336272711
8,0.0020892961308540407,478.63009232263806,0.9805252048827509,0.9805252048827509,0.5432248941013348,478.630092322638,4.786300923226378
8,0.002187761623949552,457.08818961487515,0.9798231183261013,0.9798231183261013,0.5313086480539402,457.0881896148752,4.57088189614875
8,0.00229086765276777,436.5158322401665,0.9790967490913222,0.9790967490913222,0.519156211412817,436.5158322401666,4.365158322401664
8,0.0023988329190194947,416.8693834703347,0.9783453095618921,0.9783453095618921,0.5067657883911443,416.8693834703346,4.168693834703344
8,0.002511886431509582,398.1071705534969,0.9775679892501635,0.9775679892501635,0.49413567721427054,398.1071705534969,3.9810717055349674
8,0.0026302679918953813,380.1893963205613,0.9767639542722724,0.9767639542722724,0.48126427357893165,380.1893963205613,3.801893963205611
8,0.0027542287033381634,363.07805477010174,0.9759323468185184,0.9759323468185184,0.4681500740383111,363.0780547701018,3.6307805477010167
8,0.0028840315031266116,346.736850452531,0.9750722846196466,0.9750722846196466,0.4547916793039394,346.7368504525309,3.4673685045253078
8,0.003019951720402019,331.13112148259074,0.9741828604095004,0.9741828604095004,0.4411877974554691,331.13112148259074,3.3113112148259063
8,0.0031622776601683794,316.2277660168379,0.9732631413845474,0.9732631413845474,0.42733724704937226,316.22776601683796,3.162277660168378
8,0.003311311214825908,301.9951720402019,0.9723121686608212,0.9723121686608212,0.41323896011773287,301.99517204020196,3.0199517204020183
8,0.0034673685045253236,288.40315031266,0.9713289567288557,0.9713289567288557,0.39889198504837187,288.40315031266,2.8840315031265984
8,0.0036307805477010175,275.4228703338163,0.9703124929072336,0.9703124929072336,0.3842954893377374,275.4228703338163,2.7542287033381623
8,0.0038018939632056127,263.02679918953817,0.9692617367954053,0.9692617367954053,0.36944876220813394,263.02679918953817,2.630267991895381
8,0.003981071705534969,251.18864315095823,0.9681756197264841,0.9681756197264842,0.3543512170811346,251.18864315095828,2.5118864315095815
8,0.004168693834703364,239.88329190194847,0.9670530442207631,0.9670530442207631,0.33900239389924114,239.8832919019485,2.3988329190194837
8,0.004365158322401665,229.08676527677702,0.9658928834407434,0.9658928834407434,0.32340196128817733,229.08676527677702,2.290867652767769
8,0.004570881896148752,218.77616239495518,0.9646939806485152,0.9646939806485152,0.3075497185524927,218.77616239495524,2.187761623949551
8,0.00478630092322638,208.9296130854041,0.9634551486663745,0.9634551486663745,0.2914455974975818,208.92961308540416,2.0892961308540405
8,0.005011872336272735,199.52623149688748,0.9621751693416123,0.9621751693416123,0.2750896640715448,199.52623149688748,1.995262314968874
8,0.005248074602497733,190.54607179632444,0.9608527930164609,0.9608527930164609,0.25848211982081637,190.54607179632447,1.9054607179632437
8,0.005495408738576248,181.97008586099827,0.9594867380042329,0.9594867380042329,0.2416233031538707,181.9700858609983,1.819700858609982
8,0.005754399373371567,173.78008287493762,0.9580756900727433,0.9580756900727434,0.22451369040789293,173.78008287493768,1.737800828749376
8,0.006025595860743568,165.9586907437563,0.9566183019361555,0.9566183019361555,0.20715389671373874,165.95869074375636,1.659586907437563
8,0.006309573444801942,158.4893192461111,0.955113192756448,0.955113192756448,0.1895446766550849,158.4893192461111,1.5848931924611105
8,0.006606934480075964,151.3561248436207,0.9535589476557552,0.9535589476557552,0.1716869247182533,151.35612484362076,1.5135612484362069
8,0.006918309709189363,144.5439770745928,0.9519541172408853,0.9519541172408853,0.15358167552971436,144.54397707459285,1.4454397707459279
8,0.007244359600749891,138.03842646028866,0.9502972171413837,0.9502972171413837,0.1352301038789574,138.0384264602886,1.3803842646028854
8,0.0075857757502918515,131.82567385564047,0.9485867275625606,0.9485867275625606,0.11663352452497167,131.8256738556405,1.3182567385564044
8,0.00794328234724282,125.89254117941663,0.9468210928549587,0.9468210928549586,0.09779339178524038,125.89254117941665,1.258925411794166
8,0.008317637711026709,120.22644346174131,0.9449987211017986,0.9449987211017987,0.0787112989067692,120.22644346174135,1.202264434617413
8,0.008709635899560796,114.81536214968841,0.9431179837259931,0.9431179837259931,0.05938897721935665,114.81536214968847,1.1481536214968842
8,0.009120108393559116,109.64781961431828,0.9411772151183782,0.9411772151183782,0.03982829507191321,109.64781961431831,1.0964781961431826
8,0.00954992586021437,104.71285480508985,0.9391747122888707,0.9391747122888707,0.020031256553331156,104.71285480508989,1.0471285480508985
8,0.01,100.0,0.9371087345423093,0.9371087345423093,0.0,99.99999999999996,1.0000000000000009
8,0.010471285480508985,95.49925860214368,0.934977503180801,0.9349775031808009,0.020031256553331933,95.49925860214366,1.0471285480508994
8,0.010964781961431873,91.20108393559079,0.9327792012344422,0.9327792012344422,0.03982829507191543,91.2010839355908,1.0964781961431875
8,0.01148153621496884,87.09635899560797,0.930511973222341,0.930511973222341,0.05938897721935665,87.096358995608,1.1481536214968842
8,0.012022644346174132,83.17637711026708,0.9281739249459129,0.9281739249459129,0.07871129890676976,83.17637711026705,1.202264434617414
8,0.012589254117941661,79.43282347242823,0.9257631233164805,0.9257631233164805,0.09779339178524116,79.4328234724282,1.258925411794167
8,0.0131825673855641,75.8577575029182,0.9232775962192454,0.9232775962192454,0.11663352452497378,75.85775750291823,1.3182567385564103
8,0.013803842646028866,72.44359600749891,0.9207153324157548,0.9207153324157548,0.13523010387895806,72.44359600749894,1.3803842646028868
8,0.01445439770745928,69.18309709189363,0.9180742814870158,0.9180742814870156,0.15358167552971436,69.1830970918936,1.4454397707459292
8,0.015135612484362071,66.06934480075965,0.9153523538194637,0.9153523538194636,0.17168692471825386,66.06934480075962,1.5135612484362082
8,0.015848931924611172,63.09573444801917,0.9125474206360127,0.9125474206360127,0.18954467665508679,63.09573444801919,1.5848931924611176
8,0.01659586907437563,60.25595860743569,0.9096573140744584,0.9096573140744584,0.20715389671373874,60.255958607435716,1.659586907437563
8,0.017378008287493762,57.543993733715666,0.9066798273155202,0.9066798273155202,0.2245136904078936,57.543993733715645,1.7378008287493776
8,0.018197008586099826,54.954087385762485,0.903612714762846,0.903612714762846,0.2416233031538707,54.95408738576247,1.8197008586099839
8,0.019054607179632442,52.48074602497734,0.9004536922773047,0.9004536922773047,0.25848211982081637,52.48074602497735,1.9054607179632446
8,0.01995262314968883,50.118723362727145,0.8972004374679181,0.8972004374679181,0.27508966407154656,50.11872336272715,1.9952623149688837
8,0.02089296130854041,47.8630092322638,0.8938505900417796,0.8938505900417796,0.2914455974975818,47.86300923226379,2.0892961308540423
8,0.02187761623949552,45.708818961487516,0.8904017522153105,0.8904017522153105,0.30754971855249336,45.70881896148751,2.1877616239495534
8,0.0229086765276777,43.651583224016655,0.8868514891892012,0.8868514891892011,0.3234019612881779,43.65158322401665,2.2908676527677714
8,0.02398832919019495,41.68693834703346,0.8831973296893636,0.8831973296893636,0.33900239389924325,41.68693834703347,2.3988329190194957
8,0.025118864315095822,39.81071705534969,0.8794367665762071,0.8794367665762071,0.3543512170811346,39.8107170553497,2.511886431509583
8,0.026302679918953815,38.018939632056124,0.8755672575245088,0.8755672575245088,0.36944876220813394,38.01893963205612,2.630267991895383
8,0.027542287033381633,36.30780547701018,0.8715862257761274,0.8715862257761274,0.3842954893377374,36.30780547701017,2.7542287033381645
8,0.028840315031266116,34.673685045253094,0.8674910609677445,0.8674910609677445,0.3988919850483733,34.6736850452531,2.8840315031266126
8,0.030199517204020192,33.11311214825908,0.8632791200357743,0.8632791200357741,0.4132389601177333,33.11311214825907,3.019951720402021
8,0.03162277660168379,31.622776601683796,0.8589477282005045,0.8589477282005044,0.4273372470493727,31.62277660168379,3.1622776601683813
8,0.03311311214825908,30.19951720402019,0.854494180031467,0.854494180031467,0.4411877974554691,30.19951720402019,3.3113112148259094
8,0.034673685045253234,28.840315031266,0.8499157405959372,0.8499157405959372,0.4547916793039406,28.840315031266,3.4673685045253246
8,0.03630780547701017,27.542287033381633,0.8452096466923702,0.8452096466923702,0.4681500740383111,27.54228703338164,3.630780547701018
8,0.038018939632056124,26.302679918953817,0.8403731081704682,0.8403731081704682,0.48126427357893165,26.302679918953814,3.8018939632056146
8,0.03981071705534969,25.11886431509582,0.8354033093394557,0.8354033093394557,0.49413567721427054,25.118864315095824,3.981071705534971
8,0.04168693834703364,23.988329190194847,0.8302974104660041,0.8302974104660041,0.5067657883911456,23.988329190194843,4.168693834703366
8,0.04365158322401665,22.908676527677702,0.8250525493631021,0.8250525493631021,0.5191562114128174,22.9086765276777,4.365158322401668
8,0.04570881896148752,21.877616239495516,0.8196658430710067,0.8196658430710067,0.5313086480539405,21.877616239495516,4.570881896148754
8,0.0478630092322638,20.892961308540407,0.8141343896312522,0.8141343896312522,0.5432248941013351,20.89296130854041,4.786300923226382
8,0.05011872336272735,19.952623149688748,0.8084552699544965,0.8084552699544965,0.5549068358295681,19.952623149688744,5.011872336272738
8,0.052480746024977334,19.054607179632445,0.8026255497828026,0.8026255497828026,0.5663564464202377,19.05460717963244,5.248074602497736
8,0.05495408738576248,18.197008586099827,0.7966422817467317,0.7966422817467317,0.5775757823338111,18.197008586099827,5.49540873857625
8,0.057543993733715666,17.378008287493763,0.790502507517422,0.790502507517422,0.588566979642708,17.378008287493763,5.754399373371569
8,0.06025595860743568,16.59586907437563,0.7842032600535795,0.7842032600535795,0.5993322503342171,16.595869074375635,6.02559586074357
8,0.06309573444801943,15.84893192461111,0.7777415659430692,0.7777415659430692,0.6098738785916527,15.848931924611108,6.309573444801946
8,0.06606934480075964,15.135612484362072,0.7711144478385444,0.7711144478385444,0.6201942170619583,15.135612484362072,6.606934480075967
8,0.06918309709189363,14.454397707459279,0.7643189269862678,0.7643189269862678,0.6302956831177751,14.454397707459282,6.918309709189365
8,0.07244359600749892,13.803842646028865,0.7573520258470255,0.7573520258470253,0.6401807551217258,13.803842646028864,7.244359600749895
8,0.07585775750291851,13.182567385564047,0.7502107708077181,0.7502107708077181,0.64985196870044,13.182567385564047,7.585775750291854
8,0.07943282347242822,12.58925411794166,0.7428921949819398,0.7428921949819398,0.6593119130355551,12.589254117941662,7.943282347242825
8,0.08317637711026708,12.02264434617413,0.7353933410975246,0.7353933410975246,0.6685632271786648,12.022644346174133,8.31763771102671
8,0.08709635899560797,11.48153621496884,0.7277112644687478,0.7277112644687477,0.6776085963968537,11.48153621496884,8.709635899560801
8,0.09120108393559115,10.964781961431829,0.719843036050526,0.7198430360505259,0.6864507485551802,10.964781961431829,9.12010839355912
8,0.09549925860214369,10.471285480508985,0.7117857455716484,0.7117857455716485,0.6950924505421253,10.471285480508985,9.549925860214373
8,0.1,10.0,0.7035365047437119,0.7035365047437119,0.7035365047437119,9.999999999999998,9.999999999999998
8,0.10471285480508985,9.549925860214369,0.6950924505421253,0.6950924505421253,0.6950924505421253,9.549925860214367,9.549925860214367
8,0.10964781961431873,9.120108393559079,0.6864507485551794,0.6864507485551794,0.6864507485551794,9.120108393559079,9.120108393559079
8,0.1148153621496884,8.709635899560796,0.6776085963968534,0.6776085963968534,0.6776085963968534,8.709635899560798,8.709635899560798
8,0.12022644346174131,8.317637711026709,0.6685632271786648,0.6685632271786648,0.6685632271786648,8.317637711026707,8.317637711026707
8,0.12589254117941662,7.943282347242822,0.6593119130355551,0.6593119130355551,0.6593119130355551,7.943282347242821,7.943282347242821
8,0.131825673855641,7.585775750291821,0.6498519687004392,0.6498519687004392,0.6498519687004392,7.5857757502918215,7.5857757502918215
8,0.13803842646028866,7.244359600749891,0.6401807551217258,0.6401807551217258,0.6401807551217258,7.244359600749891,7.244359600749891
8,0.1445439770745928,6.918309709189363,0.6302956831177751,0.6302956831177751,0.6302956831177751,6.918309709189363,6.918309709189363
8,0.1513561248436207,6.606934480075965,0.6201942170619583,0.620194217061958,0.620194217061958,6.606934480075964,6.606934480075964
8,0.15848931924611173,6.309573444801917,0.6098738785916518,0.6098738785916518,0.6098738785916518,6.309573444801918,6.309573444801918
8,0.1659586907437563,6.025595860743569,0.5993322503342171,0.5993322503342171,0.5993322503342171,6.025595860743569,6.025595860743569
8,0.17378008287493762,5.754399373371567,0.588566979642708,0.588566979642708,0.588566979642708,5.754399373371567,5.754399373371567
8,0.18197008586099825,5.4954087385762485,0.5775757823338111,0.5775757823338111,0.5775757823338111,5.4954087385762485,5.4954087385762485
8,0.19054607179632443,5.248074602497733,0.5663564464202377,0.5663564464202377,0.5663564464202377,5.248074602497734,5.248074602497734
8,0.19952623149688828,5.011872336272715,0.554906835829567,0.554906835829567,0.554906835829567,5.011872336272715,5.011872336272715
8,0.2089296130854041,4.7863009232263805,0.5432248941013348,0.5432248941013348,0.5432248941013348,4.78630092322638,4.78630092322638
8,0.21877616239495518,4.570881896148752,0.5313086480539402,0.5313086480539402,0.5313086480539402,4.570881896148752,4.570881896148752
8,0.22908676527677702,4.3651583224016655,0.5191562114128174,0.5191562114128174,0.5191562114128174,4.365158322401665,4.365158322401665
8,0.23988329190194949,4.168693834703347,0.5067657883911443,0.5067657883911443,0.5067657883911443,4.168693834703346,4.168693834703346
8,0.25118864315095824,3.981071705534969,0.49413567721427054,0.49413567721427054,0.49413567721427054,3.981071705534969,3.981071705534969
8,0.26302679918953814,3.801893963205613,0.48126427357893165,0.48126427357893165,0.48126427357893165,3.801893963205613,3.801893963205613
8,0.27542287033381635,3.630780547701017,0.4681500740383111,0.4681500740383111,0.4681500740383111,3.6307805477010175,3.6307805477010175
8,0.28840315031266117,3.4673685045253095,0.4547916793039394,0.4547916793039394,0.4547916793039394,3.467368504525309,3.467368504525309
8,0.30199517204020193,3.3113112148259076,0.4411877974554691,0.4411877974554691,0.4411877974554691,3.3113112148259076,3.3113112148259076
8,0.31622776601683794,3.162277660168379,0.4273372470493727,0.4273372470493727,0.4273372470493727,3.162277660168379,3.162277660168379
8,0.3311311214825908,3.019951720402019,0.41323896011773287,0.41323896011773287,0.41323896011773287,3.019951720402019,3.019951720402019
8,0.3467368504525324,2.8840315031265997,0.39889198504837187,0.39889198504837187,0.39889198504837187,2.8840315031265997,2.8840315031265997
8,0.36307805477010174,2.7542287033381636,0.3842954893377374,0.3842954893377374,0.3842954893377374,2.7542287033381636,2.7542287033381636
8,0.38018939632056126,2.6302679918953813,0.36944876220813405,0.36944876220813394,0.36944876220813394,2.6302679918953817,2.6302679918953817
8,0.3981071705534969,2.5118864315095824,0.3543512170811346,0.3543512170811346,0.3543512170811346,2.5118864315095824,2.5118864315095824
8,0.41686938347033636,2.398832919019485,0.3390023938992416,0.3390023938992417,0.3390023938992417,2.398832919019485,2.398832919019485
8,0.43651583224016655,2.29086765276777,0.32340196128817733,0.32340196128817733,0.32340196128817733,2.29086765276777,2.29086765276777
8,0.4570881896148752,2.1877616239495516,0.30754971855249325,0.30754971855249336,0.30754971855249336,2.1877616239495516,2.1877616239495516
8,0.47863009232263803,2.089296130854041,0.2914455974975817,0.2914455974975818,0.2914455974975818,2.0892961308540405,2.0892961308540405
8,0.5011872336272735,1.9952623149688749,0.27508966407154545,0.27508966407154545,0.27508966407154545,1.995262314968875,1.995262314968875
8,0.5248074602497733,1.9054607179632446,0.25848211982081637,0.25848211982081637,0.25848211982081637,1.9054607179632446,1.9054607179632446
8,0.5495408738576248,1.8197008586099825,0.2416233031538707,0.2416233031538707,0.2416233031538707,1.8197008586099825,1.8197008586099825
8,0.5754399373371566,1.7378008287493765,0.22451369040789293,0.22451369040789293,0.22451369040789293,1.7378008287493765,1.7378008287493765
8,0.6025595860743569,1.659586907437563,0.20715389671373874,0.20715389671373874,0.20715389671373874,1.659586907437563,1.659586907437563
8,0.6309573444801942,1.584893192461111,0.1895446766550849,0.1895446766550849,0.1895446766550849,1.584893192461111,1.584893192461111
8,0.6606934480075964,1.513561248436207,0.1716869247182533,0.1716869247182533,0.1716869247182533,1.513561248436207,1.513561248436207
8,0.6918309709189363,1.4454397707459279,0.15358167552971413,0.15358167552971436,0.15358167552971436,1.4454397707459279,1.4454397707459279
8,0.7244359600749891,1.3803842646028865,0.1352301038789573,0.13523010387895806,0.13523010387895806,1.3803842646028868,1.3803842646028868
8,0.7585775750291851,1.3182567385564048,0.11663352452497233,0.11663352452497233,0.11663352452497233,1.3182567385564048,1.3182567385564048
8,0.7943282347242822,1.2589254117941662,0.0977933917852406,0.09779339178524038,0.09779339178524038,1.2589254117941662,1.2589254117941662
8,0.8317637711026709,1.2022644346174132,0.07871129890676898,0.0787112989067692,0.0787112989067692,1.2022644346174132,1.2022644346174132
8,0.8709635899560796,1.1481536214968842,0.05938897721935665,0.05938897721935665,0.05938897721935665,1.1481536214968842,1.1481536214968842
8,0.9120108393559115,1.0964781961431829,0.0398282950719141,0.0398282950719141,0.0398282950719141,1.0964781961431829,1.0964781961431829
8,0.9549925860214369,1.0471285480508985,0.020031256553331156,0.020031256553331156,0.020031256553331156,1.0471285480508985,1.0471285480508985
8,1.0,1.0,0.0,0.0,0.0,1.0,1.0
8,1.0471285480508985,1.0471285480508985,0.020031256553331156,0.020031256553331156,0.020031256553331156,1.0471285480508985,1.0471285480508985
8,1.0964781961431873,1.0964781961431873,0.03982829507191543,0.03982829507191543,0.03982829507191543,1.0964781961431873,1.0964781961431873
8,1.1481536214968842,1.1481536214968842,0.05938897721935665,0.05938897721935665,0.05938897721935665,1.1481536214968842,1.1481536214968842
8,1.2022644346174132,1.2022644346174132,0.07871129890676898,0.0787112989067692,0.0787112989067692,1.2022644346174132,1.2022644346174132
8,1.2589254117941662,1.2589254117941662,0.0977933917852406,0.09779339178524038,0.09779339178524038,1.2589254117941662,1.2589254117941662
8,1.3182567385564101,1.3182567385564101,0.11663352452497378,0.11663352452497378,0.11663352452497378,1.3182567385564101,1.3182567385564101
8,1.3803842646028865,1.3803842646028865,0.1352301038789573,0.1352301038789574,0.1352301038789574,1.3803842646028865,1.3803842646028865
8,1.4454397707459279,1.4454397707459279,0.15358167552971413,0.15358167552971436,0.15358167552971436,1.4454397707459279,1.4454397707459279
8,1.513561248436207,1.513561248436207,0.1716869247182533,0.1716869247182533,0.1716869247182533,1.513561248436207,1.513561248436207
8,1.5848931924611174,1.5848931924611174,0.18954467665508623,0.18954467665508623,0.18954467665508623,1.5848931924611174,1.5848931924611174
8,1.659586907437563,1.659586907437563,0.20715389671373874,0.20715389671373874,0.20715389671373874,1.659586907437563,1.659586907437563
8,1.7378008287493762,1.7378008287493762,0.22451369040789293,0.22451369040789293,0.22451369040789293,1.7378008287493762,1.7378008287493762
8,1.8197008586099825,1.8197008586099825,0.2416233031538707,0.2416233031538707,0.2416233031538707,1.8197008586099825,1.8197008586099825
8,1.9054607179632521,1.9054607179632521,0.2584821198208176,0.2584821198208176,0.2584821198208176,1.9054607179632521,1.9054607179632521
8,1.9952623149688828,1.9952623149688828,0.27508966407154667,0.27508966407154656,0.27508966407154656,1.9952623149688828,1.9952623149688828
8,2.089296130854041,2.089296130854041,0.2914455974975817,0.2914455974975818,0.2914455974975818,2.089296130854041,2.089296130854041
8,2.1877616239495516,2.1877616239495516,0.30754971855249325,0.30754971855249336,0.30754971855249336,2.1877616239495516,2.1877616239495516
8,2.29086765276777,2.29086765276777,0.32340196128817733,0.32340196128817733,0.32340196128817733,2.29086765276777,2.29086765276777
8,2.398832919019495,2.398832919019495,0.3390023938992428,0.3390023938992427,0.3390023938992427,2.398832919019495,2.398832919019495
8,2.5118864315095824,2.5118864315095824,0.3543512170811346,0.3543512170811346,0.3543512170811346,2.5118864315095824,2.5118864315095824
8,2.6302679918953813,2.6302679918953813,0.36944876220813405,0.36944876220813394,0.36944876220813394,2.6302679918953813,2.6302679918953813
8,2.754228703338163,2.754228703338163,0.3842954893377374,0.3842954893377374,0.3842954893377374,2.7542287033381636,2.7542287033381636
8,2.8840315031266117,2.8840315031266117,0.3988919850483732,0.3988919850483733,0.3988919850483733,2.8840315031266117,2.8840315031266117
8,3.019951720402019,3.019951720402019,0.41323896011773287,0.41323896011773287,0.41323896011773287,3.019951720402019,3.019951720402019
8,3.1622776601683795,3.1622776601683795,0.4273372470493727,0.4273372470493727,0.4273372470493727,3.1622776601683795,3.1622776601683795
8,3.3113112148259076,3.3113112148259076,0.4411877974554691,0.4411877974554691,0.4411877974554691,3.3113112148259076,3.3113112148259076
8,3.4673685045253237,3.4673685045253237,0.4547916793039406,0.4547916793039406,0.4547916793039406,3.4673685045253237,3.4673685045253237
8,3.6307805477010175,3.6307805477010175,0.4681500740383111,0.4681500740383111,0.4681500740383111,3.6307805477010175,3.6307805477010175
8,3.8018939632056123,3.8018939632056123,0.48126427357893165,0.48126427357893165,0.48126427357893165,3.801893963205612,3.801893963205612
8,3.981071705534969,3.981071705534969,0.49413567721427054,0.49413567721427054,0.49413567721427054,3.981071705534969,3.981071705534969
8,4.1686938347033635,4.1686938347033635,0.5067657883911456,0.5067657883911456,0.5067657883911456,4.1686938347033635,4.1686938347033635
8,4.3651583224016655,4.3651583224016655,0.5191562114128174,0.5191562114128174,0.5191562114128174,4.365158322401666,4.365158322401666
8,4.570881896148752,4.570881896148752,0.5313086480539402,0.5313086480539402,0.5313086480539402,4.570881896148752,4.570881896148752
8,4.7863009232263805,4.7863009232263805,0.5432248941013348,0.5432248941013348,0.5432248941013348,4.78630092322638,4.78630092322638
8,5.011872336272735,5.011872336272735,0.5549068358295679,0.5549068358295677,0.5549068358295677,5.011872336272735,5.011872336272735
8,5.248074602497733,5.248074602497733,0.5663564464202377,0.5663564464202377,0.5663564464202377,5.248074602497733,5.248074602497733
8,5.4954087385762485,5.4954087385762485,0.5775757823338111,0.5775757823338111,0.5775757823338111,5.4954087385762485,5.4954087385762485
8,5.754399373371567,5.754399373371567,0.588566979642708,0.588566979642708,0.588566979642708,5.754399373371567,5.754399373371567
8,6.025595860743593,6.025595860743593,0.5993322503342181,0.5993322503342181,0.5993322503342181,6.025595860743593,6.025595860743593
8,6.309573444801943,6.309573444801943,0.6098738785916527,0.6098738785916527,0.6098738785916527,6.309573444801943,6.309573444801943
8,6.606934480075965,6.606934480075965,0.6201942170619583,0.620194217061958,0.620194217061958,6.606934480075964,6.606934480075964
8,6.918309709189362,6.918309709189362,0.6302956831177751,0.6302956831177751,0.6302956831177751,6.918309709189361,6.918309709189361
8,7.244359600749891,7.244359600749891,0.6401807551217258,0.6401807551217258,0.6401807551217258,7.244359600749891,7.244359600749891
8,7.585775750291851,7.585775750291851,0.64985196870044,0.64985196870044,0.64985196870044,7.585775750291852,7.585775750291852
8,7.943282347242821,7.943282347242821,0.6593119130355551,0.6593119130355551,0.6593119130355551,7.943282347242821,7.943282347242821
8,8.317637711026709,8.317637711026709,0.6685632271786648,0.6685632271786648,0.6685632271786648,8.31763771102671,8.31763771102671
8,8.709635899560796,8.709635899560796,0.6776085963968534,0.6776085963968534,0.6776085963968534,8.709635899560798,8.709635899560798
8,9.120108393559116,9.120108393559116,0.6864507485551802,0.6864507485551802,0.6864507485551802,9.120108393559114,9.120108393559114
8,9.549925860214369,9.549925860214369,0.6950924505421253,0.6950924505421253,0.6950924505421253,9.549925860214367,9.549925860214367
8,10.0,10.0,0.7035365047437119,0.7035365047437119,0.7035365047437119,10.000000000000002,10.000000000000002
8,10.471285480508985,10.471285480508985,0.7117857455716484,0.7117857455716485,0.6950924505421253,10.471285480508985,9.549925860214373
8,10.964781961431873,10.964781961431873,0.7198430360505267,0.7198430360505267,0.6864507485551794,10.964781961431873,9.120108393559082
8,11.481536214968841,11.481536214968841,0.7277112644687478,0.7277112644687477,0.6776085963968537,11.48153621496884,8.709635899560801
8,12.02264434617413,12.02264434617413,0.7353933410975246,0.7353933410975246,0.6685632271786648,12.022644346174133,8.31763771102671
8,12.589254117941662,12.589254117941662,0.7428921949819398,0.7428921949819398,0.6593119130355551,12.589254117941662,7.943282347242825
8,13.1825673855641,13.1825673855641,0.7502107708077187,0.7502107708077187,0.6498519687004392,13.1825673855641,7.585775750291824
8,13.803842646028867,13.803842646028867,0.7573520258470255,0.7573520258470255,0.6401807551217258,13.803842646028869,7.244359600749893
8,14.45439770745928,14.45439770745928,0.7643189269862678,0.7643189269862678,0.6302956831177751,14.454397707459282,6.918309709189365
8,15.135612484362072,15.135612484362072,0.7711144478385444,0.7711144478385444,0.6201942170619583,15.135612484362072,6.606934480075967
8,15.848931924611174,15.848931924611174,0.7777415659430699,0.7777415659430699,0.6098738785916518,15.848931924611172,6.309573444801921
8,16.59586907437563,16.59586907437563,0.7842032600535795,0.7842032600535795,0.5993322503342171,16.595869074375635,6.02559586074357
8,17.378008287493763,17.378008287493763,0.790502507517422,0.790502507517422,0.588566979642708,17.378008287493763,5.754399373371569
8,18.197008586099827,18.197008586099827,0.7966422817467317,0.7966422817467317,0.5775757823338111,18.197008586099827,5.49540873857625
8,19.054607179632523,19.054607179632523,0.8026255497828031,0.8026255497828032,0.5663564464202366,19.054607179632526,5.248074602497713
8,19.95262314968883,19.95262314968883,0.8084552699544971,0.8084552699544971,0.554906835829567,19.952623149688833,5.011872336272716
8,20.892961308540407,20.892961308540407,0.8141343896312522,0.8141343896312522,0.5432248941013351,20.89296130854041,4.786300923226382
8,21.87761623949552,21.87761623949552,0.8196658430710067,0.8196658430710067,0.5313086480539405,21.877616239495516,4.570881896148754
8,22.9086765276777,22.9086765276777,0.8250525493631021,0.8250525493631021,0.5191562114128174,22.9086765276777,4.365158322401668
8,23.988329190194946,23.988329190194946,0.8302974104660045,0.8302974104660047,0.5067657883911443,23.98832919019495,4.1686938347033475
8,25.11886431509582,25.11886431509582,0.8354033093394557,0.8354033093394557,0.49413567721427054,25.118864315095824,3.981071705534971
8,26.302679918953814,26.302679918953814,0.8403731081704682,0.8403731081704682,0.48126427357893165,26.302679918953814,3.8018939632056146
8,27.542287033381633,27.542287033381633,0.8452096466923702,0.8452096466923702,0.4681500740383111,27.542287033381626,3.6307805477010198
8,28.840315031266115,28.840315031266115,0.8499157405959376,0.8499157405959376,0.4547916793039394,28.84031503126612,3.467368504525311
8,30.199517204020193,30.199517204020193,0.854494180031467,0.854494180031467,0.4411877974554691,30.19951720402019,3.3113112148259094
8,31.622776601683793,31.622776601683793,0.8589477282005045,0.8589477282005044,0.4273372470493727,31.62277660168379,3.1622776601683813
8,33.11311214825908,33.11311214825908,0.8632791200357743,0.8632791200357741,0.4132389601177333,33.11311214825907,3.019951720402021
8,34.67368504525324,34.67368504525324,0.8674910609677449,0.8674910609677449,0.39889198504837187,34.67368504525324,2.884031503126601
8,36.30780547701018,36.30780547701018,0.8715862257761274,0.8715862257761274,0.3842954893377374,36.30780547701017,2.7542287033381645
8,38.018939632056124,38.018939632056124,0.8755672575245088,0.8755672575245088,0.36944876220813394,38.01893963205612,2.630267991895383
8,39.81071705534969,39.81071705534969,0.8794367665762071,0.8794367665762071,0.3543512170811346,39.8107170553497,2.511886431509583
8,41.68693834703364,41.68693834703364,0.8831973296893639,0.8831973296893639,0.3390023938992417,41.68693834703364,2.398832919019486
8,43.651583224016655,43.651583224016655,0.8868514891892012,0.8868514891892011,0.3234019612881779,43.65158322401665,2.2908676527677714
8,45.708818961487516,45.708818961487516,0.8904017522153105,0.8904017522153105,0.30754971855249336,45.70881896148751,2.1877616239495534
8,47.8630092322638,47.8630092322638,0.8938505900417796,0.8938505900417796,0.2914455974975818,47.86300923226379,2.0892961308540423
8,50.11872336272735,50.11872336272735,0.8972004374679183,0.8972004374679183,0.27508966407154545,50.11872336272735,1.9952623149688757
8,52.480746024977336,52.480746024977336,0.9004536922773047,0.9004536922773047,0.25848211982081637,52.48074602497733,1.9054607179632455
8,54.954087385762485,54.954087385762485,0.903612714762846,0.903612714762846,0.2416233031538707,54.95408738576247,1.8197008586099839
8,57.543993733715666,57.543993733715666,0.9066798273155202,0.9066798273155202,0.2245136904078936,57.543993733715645,1.7378008287493776
8,60.25595860743593,60.25595860743593,0.9096573140744586,0.9096573140744586,0.20715389671373752,60.25595860743593,1.659586907437557
8,63.09573444801943,63.09573444801943,0.9125474206360129,0.9125474206360129,0.1895446766550849,63.095734448019414,1.5848931924611118
8,66.06934480075964,66.06934480075964,0.9153523538194636,0.9153523538194636,0.17168692471825386,66.06934480075962,1.5135612484362082
8,69.18309709189363,69.18309709189363,0.9180742814870158,0.9180742814870156,0.15358167552971436,69.1830970918936,1.4454397707459292
8,72.44359600749891,72.44359600749891,0.9207153324157548,0.9207153324157548,0.13523010387895806,72.44359600749894,1.3803842646028868
8,75.85775750291852,75.85775750291852,0.9232775962192457,0.9232775962192457,0.11663352452497233,75.8577575029185,1.3182567385564057
8,79.43282347242821,79.43282347242821,0.9257631233164805,0.9257631233164805,0.09779339178524116,79.4328234724282,1.258925411794167
8,83.17637711026708,83.17637711026708,0.9281739249459129,0.9281739249459129,0.07871129890676976,83.17637711026705,1.202264434617414
8,87.09635899560796,87.09635899560796,0.930511973222341,0.930511973222341,0.05938897721935721,87.09635899560791,1.148153621496885
8,91.20108393559116,91.20108393559116,0.9327792012344425,0.9327792012344424,0.0398282950719141,91.20108393559113,1.0964781961431835
8,95.49925860214368,95.49925860214368,0.934977503180801,0.9349775031808009,0.020031256553331933,95.49925860214366,1.0471285480508994
8,100.0,100.0,0.9371087345423093,0.9371087345423093,0.0,100.00000000000004,1.0
8,104.71285480508985,104.71285480508985,0.9391747122888707,0.9391747122888707,0.020031256553331156,104.71285480508989,1.0471285480508985
8,109.64781961431873,109.64781961431873,0.9411772151183783,0.9411772151183784,0.03982829507191543,109.6478196143187,1.0964781961431866
8,114.81536214968841,114.81536214968841,0.9431179837259931,0.9431179837259931,0.05938897721935665,114.81536214968835,1.148153621496883
8,120.22644346174131,120.22644346174131,0.9449987211017986,0.9449987211017987,0.0787112989067692,120.22644346174135,1.202264434617413
8,125.89254117941661,125.89254117941661,0.9468210928549587,0.9468210928549586,0.09779339178524038,125.89254117941665,1.258925411794166
8,131.825673855641,131.825673855641,0.9485867275625607,0.9485867275625607,0.11663352452497378,131.82567385564096,1.318256738556409
8,138.03842646028866,138.03842646028866,0.9502972171413837,0.9502972171413837,0.1352301038789574,138.0384264602886,1.3803842646028854
8,144.5439770745928,144.5439770745928,0.9519541172408853,0.9519541172408853,0.15358167552971436,144.54397707459285,1.4454397707459279
8,151.3561248436207,151.3561248436207,0.9535589476557552,0.9535589476557552,0.1716869247182533,151.35612484362076,1.5135612484362069
8,158.48931924611173,158.48931924611173,0.9551131927564482,0.9551131927564482,0.18954467665508623,158.48931924611168,1.584893192461116
8,165.9586907437563,165.9586907437563,0.9566183019361555,0.9566183019361555,0.20715389671373874,165.95869074375636,1.659586907437563
8,173.78008287493762,173.78008287493762,0.9580756900727433,0.9580756900727434,0.22451369040789293,173.78008287493768,1.737800828749376
8,181.97008586099827,181.97008586099827,0.9594867380042329,0.9594867380042329,0.2416233031538707,181.9700858609983,1.819700858609982
8,190.5460717963252,190.5460717963252,0.960852793016461,0.960852793016461,0.2584821198208176,190.54607179632515,1.9054607179632506
8,199.52623149688827,199.52623149688827,0.9621751693416124,0.9621751693416123,0.27508966407154656,199.5262314968882,1.995262314968881
8,208.92961308540407,208.92961308540407,0.9634551486663745,0.9634551486663745,0.2914455974975818,208.92961308540416,2.0892961308540405
8,218.77616239495518,218.77616239495518,0.9646939806485152,0.9646939806485152,0.3075497185524927,218.77616239495524,2.187761623949551
8,229.08676527677702,229.08676527677702,0.9658928834407434,0.9658928834407434,0.32340196128817733,229.08676527677702,2.290867652767769
8,239.88329190194946,239.88329190194946,0.9670530442207632,0.9670530442207632,0.3390023938992427,239.88329190194955,2.3988329190194944
8,251.18864315095823,251.18864315095823,0.9681756197264841,0.9681756197264842,0.3543512170811346,251.18864315095828,2.5118864315095815
8,263.02679918953817,263.02679918953817,0.9692617367954053,0.9692617367954053,0.36944876220813394,263.02679918953817,2.630267991895381
8,275.4228703338163,275.4228703338163,0.9703124929072336,0.9703124929072336,0.3842954893377374,275.4228703338163,2.7542287033381623
8,288.4031503126612,288.4031503126612,0.9713289567288558,0.9713289567288558,0.39889198504837275,288.40315031266124,2.8840315031266113
8,301.9951720402019,301.9951720402019,0.9723121686608212,0.9723121686608212,0.41323896011773287,301.99517204020196,3.0199517204020183
8,316.2277660168379,316.2277660168379,0.9732631413845474,0.9732631413845474,0.42733724704937226,316.22776601683796,3.162277660168378
8,331.13112148259074,331.13112148259074,0.9741828604095004,0.9741828604095004,0.4411877974554691,331.13112148259074,3.3113112148259063
8,346.7368504525324,346.7368504525324,0.9750722846196467,0.9750722846196467,0.4547916793039406,346.73685045253245,3.4673685045253233
8,363.07805477010174,363.07805477010174,0.9759323468185184,0.9759323468185184,0.4681500740383111,363.0780547701018,3.6307805477010167
8,380.18939632056123,380.18939632056123,0.9767639542722724,0.9767639542722724,0.48126427357893165,380.1893963205613,3.801893963205611
8,398.1071705534969,398.1071705534969,0.9775679892501635,0.9775679892501635,0.49413567721427054,398.1071705534969,3.9810717055349674
8,416.86938347033634,416.86938347033634,0.9783453095618923,0.9783453095618923,0.5067657883911456,416.86938347033646,4.168693834703363
8,436.51583224016656,436.51583224016656,0.9790967490913222,0.9790967490913222,0.519156211412817,436.5158322401666,4.365158322401664
8,457.08818961487515,457.08818961487515,0.9798231183261013,0.9798231183261013,0.5313086480539402,457.0881896148752,4.57088189614875
8,478.630092322638,478.630092322638,0.9805252048827509,0.9805252048827509,0.5432248941013348,478.630092322638,4.786300923226378
8,501.1872336272735,501.1872336272735,0.9812037740268237,0.9812037740268237,0.5549068358295677,501.1872336272736,5.0118723362727335
8,524.8074602497734,524.8074602497734,0.9818595691877595,0.9818595691877595,0.5663564464202373,524.8074602497734,5.248074602497732
8,549.5408738576248,549.5408738576248,0.982493312468103,0.982493312468103,0.5775757823338111,549.5408738576248,5.495408738576246
8,575.4399373371566,575.4399373371566,0.9831057051467696,0.9831057051467696,0.588566979642708,575.4399373371566,5.754399373371563
8,602.5595860743593,602.5595860743593,0.9836974281760813,0.9836974281760813,0.5993322503342181,602.5595860743595,6.025595860743591
8,630.9573444801943,630.9573444801943,0.9842691426723127,0.9842691426723127,0.6098738785916527,630.9573444801943,6.3095734448019405
8,660.6934480075964,660.6934480075964,0.9848214903995202,0.9848214903995202,0.620194217061958,660.6934480075964,6.606934480075961
8,691.8309709189363,691.8309709189363,0.9853550942464453,0.9853550942464453,0.6302956831177747,691.8309709189361,6.918309709189359
8,724.4359600749891,724.4359600749891,0.9858705586963095,0.9858705586963095,0.6401807551217256,724.4359600749889,7.2443596007498865
8,758.5775750291851,758.5775750291851,0.9863684702893373,0.9863684702893373,0.64985196870044,758.5775750291851,7.585775750291848
8,794.3282347242822,794.3282347242822,0.986849398077868,0.986849398077868,0.6593119130355551,794.3282347242821,7.943282347242818
8,831.7637711026708,831.7637711026708,0.9873138940739324,0.9873138940739324,0.6685632271786648,831.7637711026707,8.317637711026704
8,870.9635899560797,870.9635899560797,0.9877624936891916,0.9877624936891916,0.6776085963968534,870.9635899560794,8.70963589956079
8,912.0108393559116,912.0108393559116,0.9881957161671507,0.9881957161671507,0.6864507485551798,912.0108393559115,9.12010839355911
8,954.9925860214369,954.9925860214369,0.9886140650075808,0.9886140650075808,0.695092450542125,954.9925860214368,9.549925860214364
8,1000.0,1000.0,0.9890180283830898,0.9890180283830898,0.7035365047437119,999.9999999999998,9.999999999999993
8,1047.1285480508984,1047.1285480508984,0.9894080795478093,0.9894080795478093,0.6950924505421255,1047.1285480508982,9.54992586021438
8,1096.4781961431872,1096.4781961431872,0.9897846772381645,0.9897846772381645,0.6864507485551794,1096.4781961431872,9.120108393559086
8,1148.1536214968842,1148.1536214968842,0.9901482660657199,0.9901482660657199,0.6776085963968537,1148.153621496884,8.709635899560805
8,1202.2644346174131,1202.2644346174131,0.9904992769020967,0.9904992769020967,0.668563227178665,1202.2644346174127,8.317637711026718
8,1258.9254117941662,1258.9254117941662,0.9908381272559731,0.9908381272559731,0.6593119130355554,1258.9254117941657,7.943282347242832
8,1318.25673855641,1318.25673855641,0.991165221642188,0.991165221642188,0.6498519687004395,1318.25673855641,7.585775750291828
8,1380.3842646028866,1380.3842646028866,0.9914809519429797,0.9914809519429797,0.6401807551217261,1380.3842646028863,7.244359600749899
8,1445.439770745928,1445.439770745928,0.9917856977613977,0.9917856977613976,0.6302956831177753,1445.4397707459275,6.918309709189371
8,1513.561248436207,1513.561248436207,0.9920798267669367,0.9920798267669367,0.6201942170619583,1513.5612484362066,6.606934480075973
8,1584.8931924611175,1584.8931924611175,0.9923636950334493,0.9923636950334493,0.6098738785916521,1584.8931924611172,6.309573444801924
8,1659.586907437563,1659.586907437563,0.9926376473693979,0.9926376473693979,0.5993322503342174,1659.5869074375626,6.025595860743575
8,1737.8008287493763,1737.8008287493763,0.9929020176405193,0.9929020176405193,0.5885669796427083,1737.8008287493758,5.754399373371574
8,1819.7008586099826,1819.7008586099826,0.9931571290849751,0.9931571290849751,0.5775757823338111,1819.7008586099832,5.49540873857625
8,1905.4607179632521,1905.4607179632521,0.993403294621069,0.993403294621069,0.5663564464202369,1905.4607179632517,5.248074602497718
8,1995.262314968883,1995.262314968883,0.9936408171476201,0.9936408171476201,0.554906835829567,1995.2623149688823,5.01187233627272
8,2089.2961308540407,2089.2961308540407,0.9938699898370799,0.9938699898370799,0.5432248941013351,2089.29613085404,4.786300923226387
8,2187.761623949552,2187.761623949552,0.99409109642149,0.99409109642149,0.5313086480539405,2187.761623949553,4.570881896148754
8,2290.86765276777,2290.86765276777,0.9943044114713796,0.9943044114713796,0.5191562114128174,2290.867652767771,4.365158322401668
8,2398.832919019495,2398.832919019495,0.9945102006677032,0.9945102006677032,0.5067657883911447,2398.832919019494,4.168693834703352
8,2511.886431509582,2511.886431509582,0.994708721066925,0.994708721066925,0.494135677214271,2511.886431509581,3.9810717055349745
8,2630.2679918953813,2630.2679918953813,0.9949002213593569,0.9949002213593569,0.48126427357893165,2630.2679918953822,3.8018939632056146
8,2754.228703338163,2754.228703338163,0.9950849421208605,0.9950849421208605,0.4681500740383111,2754.228703338164,3.6307805477010198
8,2884.0315031266114,2884.0315031266114,0.9952631160580242,0.9952631160580242,0.4547916793039397,2884.0315031266105,3.467368504525314
8,3019.951720402019,3019.951720402019,0.9954349682469291,0.9954349682469291,0.44118779745546954,3019.9517204020176,3.311311214825912
8,3162.2776601683795,3162.2776601683795,0.9956007163656184,0.9956007163656184,0.4273372470493727,3162.2776601683804,3.1622776601683813
8,3311.311214825908,3311.311214825908,0.995760570920386,0.995760570920386,0.4132389601177333,3311.3112148259056,3.0199517204020236
8,3467.3685045253237,3467.3685045253237,0.9959147354660006,0.9959147354660006,0.3988919850483723,3467.3685045253224,2.8840315031266037
8,3630.7805477010174,3630.7805477010174,0.996063406819983,0.9960634068199831,0.3842954893377374,3630.780547701019,2.7542287033381645
8,3801.8939632056126,3801.8939632056126,0.9962067752710537,0.9962067752710537,0.3694487622081345,3801.8939632056104,2.6302679918953853
8,3981.071705534969,3981.071705534969,0.9963450247818688,0.9963450247818688,0.3543512170811346,3981.07170553497,2.5118864315095837
8,4168.693834703364,4168.693834703364,0.9964783331861607,0.9964783331861607,0.3390023938992417,4168.693834703366,2.398832919019486
8,4365.158322401665,4365.158322401665,0.9966068723804039,0.9966068723804039,0.3234019612881779,4365.158322401663,2.290867652767773
8,4570.881896148751,4570.881896148751,0.9967308085101191,0.9967308085101191,0.30754971855249336,4570.881896148753,2.1877616239495534
8,4786.30092322638,4786.30092322638,0.9968503021509354,0.9968503021509354,0.29144559749758236,4786.300923226377,2.089296130854044
8,5011.872336272735,5011.872336272735,0.9969655084845256,0.9969655084845256,0.275089664071546,5011.872336272732,1.9952623149688775
8,5248.074602497733,5248.074602497733,0.9970765774695279,0.9970765774695279,0.25848211982081637,5248.074602497735,1.9054607179632455
8,5495.408738576248,5495.408738576248,0.9971836540075725,0.9971836540075725,0.24162330315387137,5495.408738576244,1.8197008586099854
8,5754.399373371566,5754.399373371566,0.9972868781045208,0.9972868781045208,0.2245136904078936,5754.399373371567,1.7378008287493776
8,6025.595860743593,6025.595860743593,0.9973863850270344,0.9973863850270344,0.20715389671373752,6025.595860743595,1.659586907437557
8,6309.573444801943,6309.573444801943,0.9974823054545825,0.9974823054545825,0.18954467665508545,6309.573444801938,1.5848931924611134
8,6606.9344800759645,6606.9344800759645,0.9975747656269963,0.9975747656269963,0.17168692471825386,6606.934480075965,1.5135612484362082
8,6918.309709189362,6918.309709189362,0.997663887487682,0.997663887487682,0.1535816755297149,6918.309709189357,1.4454397707459303
8,7244.359600749921,7244.359600749921,0.9977497888225954,0.9977497888225954,0.13523010387895662,7244.359600749916,1.380384264602883
8,7585.775750291851,7585.775750291851,0.997832583395087,0.997832583395087,0.11663352452497233,7585.775750291853,1.3182567385564057
8,7943.282347242822,7943.282347242822,0.9979123810767196,0.9979123810767196,0.09779339178524116,7943.282347242815,1.2589254117941682
8,8317.63771102671,8317.63771102671,0.9979892879741609,0.9979892879741609,0.07871129890676976,8317.63771102671,1.202264434617414
8,8709.635899560797,8709.635899560797,0.9980634065522516,0.9980634065522516,0.05938897721935665,8709.635899560804,1.1481536214968842
8,9120.108393559116,9120.108393559116,0.99813483575335,0.99813483575335,0.039828295071914877,9120.108393559109,1.0964781961431846
8,9549.92586021437,9549.92586021437,0.9982036711130475,0.9982036711130475,0.020031256553331933,9549.92586021437,1.0471285480508994
8,10000.0,10000.0,0.9982700048723525,0.9982700048723525,0.0,10000.00000000001,1.0
8,10471.285480508985,10471.285480508985,0.9983339260864368,0.9982036711130475,0.020031256553331156,9549.925860214387,1.0471285480508974
8,10964.781961431829,10964.781961431829,0.9983955207300352,0.99813483575335,0.03982829507191321,9120.108393559125,1.0964781961431826
8,11481.536214968794,11481.536214968794,0.998454871799591,0.9980634065522517,0.05938897721935432,8709.63589956085,1.148153621496878
8,12022.64434617418,12022.64434617418,0.9985120594122332,0.9979892879741609,0.07871129890677053,8317.637711026695,1.2022644346174163
8,12589.254117941713,12589.254117941713,0.9985671609016745,0.9979123810767196,0.09779339178524182,7943.282347242802,1.2589254117941704
8,13182.567385564102,13182.567385564102,0.9986202509111151,0.997832583395087,0.116633524524973,7585.775750291839,1.318256738556408
8,13803.842646028867,13803.842646028867,0.9986714014832337,0.9977497888225954,0.1352301038789574,7244.359600749904,1.3803842646028854
8,14454.39770745928,14454.39770745928,0.9987206821473498,0.997663887487682,0.15358167552971436,6918.309709189369,1.4454397707459279
8,15135.612484362071,15135.612484362071,0.9987681600038347,0.9975747656269963,0.1716869247182533,6606.934480075977,1.5135612484362055
8,15848.931924611108,15848.931924611108,0.998813899805852,0.9974823054545825,0.1895446766550849,6309.57344480195,1.5848931924611105
8,16595.86907437556,16595.86907437556,0.9988579640385001,0.9973863850270345,0.2071538967137363,6025.595860743606,1.6595869074375542
8,17378.008287493834,17378.008287493834,0.9989004129954356,0.9972868781045208,0.22451369040789426,5754.399373371557,1.7378008287493807
8,18197.0085860999,18197.0085860999,0.9989413048530464,0.9971836540075725,0.24162330315387204,5495.408738576235,1.8197008586099885
8,19054.607179632523,19054.607179632523,0.9989806957422489,0.9970765774695279,0.25848211982081815,5248.074602497717,1.9054607179632523
8,19952.62314968883,19952.62314968883,0.999018639817976,0.9969655084845256,0.27508966407154656,5011.872336272724,1.995262314968881
8,20892.96130854041,20892.96130854041,0.9990551893264261,0.9968503021509354,0.2914455974975818,4786.300923226385,2.0892961308540405
8,21877.616239495517,21877.616239495517,0.9990903946701368,0.9967308085101191,0.3075497185524927,4570.881896148761,2.1877616239495494
8,22908.6765276777,22908.6765276777,0.9991243044709502,0.9966068723804039,0.32340196128817733,4365.15832240167,2.290867652767769
8,23988.32919019485,23988.32919019485,0.9991569656309308,0.9964783331861607,0.33900239389924114,4168.693834703373,2.398832919019482
8,25118.864315095718,25118.864315095718,0.9991884233912979,0.9963450247818688,0.35435121708113304,3981.071705534991,2.5118864315095704
8,26302.679918953923,26302.679918953923,0.9992187213894322,0.9962067752710537,0.36944876220813494,3801.8939632056035,2.63026799189539
8,27542.287033381745,27542.287033381745,0.999247901714016,0.996063406819983,0.38429548933773894,3630.780547701006,2.7542287033381743
8,28840.315031266116,28840.315031266116,0.9992760049583606,0.9959147354660006,0.39889198504837275,3467.368504525316,2.8840315031266086
8,30199.51720402019,30199.51720402019,0.99930307027198,0.995760570920386,0.41323896011773287,3311.3112148259115,3.0199517204020183
8,31622.776601683792,31622.776601683792,0.9993291354104609,0.9956007163656184,0.42733724704937226,3162.277660168386,3.1622776601683755
8,33113.112148259075,33113.112148259075,0.9993542367836848,0.9954349682469291,0.4411877974554691,3019.951720402023,3.3113112148259063
8,34673.68504525309,34673.68504525309,0.9993784095024503,0.9952631160580242,0.4547916793039388,2884.031503126618,3.4673685045253047
8,36307.80547701003,36307.80547701003,0.9994016874235457,0.9950849421208605,0.46815007403830977,2754.2287033381785,3.6307805477010007
8,38018.93963205628,38018.93963205628,0.9994241031933222,0.9949002213593569,0.48126427357893253,2630.2679918953754,3.801893963205625
8,39810.71705534986,39810.71705534986,0.9994456882898114,0.994708721066925,0.49413567721427176,2511.8864315095743,3.981071705534985
8,41686.93834703363,41686.93834703363,0.9994664730634346,0.9945102006677032,0.5067657883911452,2398.8329190194895,4.168693834703359
8,43651.58322401666,43651.58322401666,0.9994864867763482,0.9943044114713796,0.519156211412817,2290.8676527677726,4.365158322401664
8,45708.818961487515,45708.818961487515,0.9995057576404667,0.99409109642149,0.5313086480539397,2187.7616239495565,4.570881896148745
8,47863.0092322638,47863.0092322638,0.9995243128542067,0.9938699898370799,0.5432248941013348,2089.296130854044,4.786300923226378
8,50118.72336272715,50118.72336272715,0.9995421786379924,0.9936408171476201,0.5549068358295663,1995.2623149688875,5.011872336272707
8,52480.746024977125,52480.746024977125,0.9995593802685604,0.993403294621069,0.5663564464202362,1905.460717963255,5.2480746024977085
8,54954.08738576271,54954.08738576271,0.9995759421121044,0.9931571290849751,0.5775757823338119,1819.7008586099785,5.495408738576265
8,57543.9937337159,57543.9937337159,0.9995918876562951,0.9929020176405193,0.588566979642709,1737.800828749371,5.754399373371589
8,60255.95860743593,60255.95860743593,0.9996072395412129,0.9926376473693979,0.5993322503342178,1659.5869074375596,6.025595860743586
8,63095.73444801943,63095.73444801943,0.9996220195892269,0.9923636950334493,0.6098738785916527,1584.893192461113,6.3095734448019405
8,66069.34480075965,66069.34480075965,0.9996362488338566,0.9920798267669367,0.6201942170619577,1513.5612484362107,6.606934480075955
8,69183.09709189362,69183.09709189362,0.9996499475476456,0.9917856977613977,0.6302956831177747,1445.43977074593,6.918309709189359
8,72443.59600749891,72443.59600749891,0.999663135269084,0.9914809519429797,0.6401807551217256,1380.38426460289,7.244359600749879
8,75857.7575029182,75857.7575029182,0.9996758308286063,0.991165221642188,0.6498519687004389,1318.2567385564123,7.585775750291814
8,79432.82347242789,79432.82347242789,0.9996880523736977,0.9908381272559731,0.659311913035554,1258.9254117941746,7.943282347242775
8,83176.37711026742,83176.37711026742,0.9996998173931368,0.9904992769020967,0.6685632271786655,1202.2644346174095,8.317637711026741
8,87096.35899560832,87096.35899560832,0.9997111427404036,0.9901482660657199,0.6776085963968539,1148.153621496882,8.709635899560821
8,91201.08393559116,91201.08393559116,0.9997220446562798,0.9897846772381645,0.6864507485551798,1096.4781961431843,9.12010839355911
8,95499.25860214369,95499.25860214369,0.9997325387906686,0.9894080795478094,0.695092450542125,1047.128548050901,9.549925860214355
8,100000.0,100000.0,0.9997426402236593,0.9890180283830898,0.7035365047437119,1000.0000000000016,9.999999999999993
8,104712.85480508985,104712.85480508985,0.9997523634858622,0.9886140650075808,0.6950924505421255,954.9925860214393,9.549925860214389
8,109647.81961431829,109647.81961431829,0.9997617225780371,0.9881957161671509,0.6864507485551804,912.0108393559132,9.120108393559127
8,114815.36214968794,114815.36214968794,0.9997707309900412,0.9877624936891916,0.6776085963968544,870.963589956084,8.709635899560837
8,120226.4434617418,120226.4434617418,0.9997794017191156,0.9873138940739324,0.6685632271786641,831.7637711026684,8.31763771102668
8,125892.54117941714,125892.54117941714,0.9997877472875362,0.986849398077868,0.6593119130355547,794.3282347242806,7.943282347242803
8,131825.673855641,131825.673855641,0.9997957797596473,0.9863684702893372,0.6498519687004395,758.5775750291831,7.585775750291828
8,138038.42646028867,138038.42646028867,0.9998035107583009,0.9858705586963095,0.6401807551217261,724.4359600749908,7.244359600749905
8,144543.9770745928,144543.9770745928,0.9998109514807201,0.9853550942464454,0.6302956831177753,691.8309709189374,6.918309709189371
8,151356.12484362072,151356.12484362072,0.9998181127138067,0.9848214903995202,0.6201942170619583,660.693448007597,6.606934480075967
8,158489.3192461111,158489.3192461111,0.9998250048489125,0.9842691426723127,0.6098738785916531,630.9573444801954,6.309573444801951
8,165958.69074375564,165958.69074375564,0.9998316378960902,0.9836974281760813,0.5993322503342181,602.5595860743599,6.025595860743596
8,173780.08287493835,173780.08287493835,0.9998380214978447,0.9831057051467696,0.5885669796427073,575.439937337155,5.754399373371548
8,181970.085860999,181970.085860999,0.9998441649423989,0.9824933124681029,0.5775757823338106,549.5408738576239,5.495408738576236
8,190546.0717963252,190546.0717963252,0.9998500771764922,0.9818595691877595,0.5663564464202369,524.807460249772,5.248074602497718
8,199526.2314968883,199526.2314968883,0.9998557668177274,0.9812037740268237,0.5549068358295675,501.1872336272727,5.011872336272725
8,208929.6130854041,208929.6130854041,0.9998612421664806,0.9805252048827509,0.5432248941013351,478.63009232263886,4.786300923226387
8,218776.16239495517,218776.16239495517,0.9998665112173903,0.9798231183261013,0.5313086480539405,457.0881896148756,4.570881896148754
8,229086.765276777,229086.765276777,0.9998715816704393,0.9790967490913222,0.5191562114128179,436.51583224016736,4.365158322401672
8,239883.29190194848,239883.29190194848,0.9998764609416431,0.9783453095618923,0.5067657883911456,416.8693834703368,4.168693834703366
8,251188.64315095925,251188.64315095925,0.9998811561733593,0.9775679892501635,0.49413567721426976,398.10717055349585,3.9810717055349567
8,263026.7991895392,263026.7991895392,0.9998856742442309,0.9767639542722724,0.4812642735789312,380.1893963205606,3.8018939632056044
8,275422.87033381744,275422.87033381744,0.9998900217787748,0.9759323468185184,0.4681500740383102,363.07805477010083,3.630780547701007
8,288403.15031266114,288403.15031266114,0.9998942051566296,0.9750722846196467,0.45479167930394016,346.7368504525318,3.467368504525317
8,301995.1720402019,301995.1720402019,0.999898230521473,0.9741828604095004,0.44118779745546954,331.13112148259137,3.311311214825912
8,316227.7660168379,316227.7660168379,0.9999021037896216,0.9732631413845474,0.4273372470493727,316.22776601683825,3.1622776601683813
8,331131.12148259074,331131.12148259074,0.999905830658323,0.9723121686608212,0.4132389601177333,301.99517204020253,3.0199517204020236
8,346736.85045253095,346736.85045253095,0.9999094166137509,0.9713289567288558,0.3988919850483733,288.4031503126615,2.884031503126614
8,363078.0547701003,363078.0547701003,0.9999128669387152,0.9703124929072338,0.3842954893377394,275.422870333818,2.754228703338179
8,380189.3963205628,380189.3963205628,0.9999161867200945,0.9692617367954053,0.36944876220813294,263.0267991895377,2.630267991895376
8,398107.17055349855,398107.17055349855,0.9999193808560024,0.9681756197264841,0.3543512170811335,251.1886431509576,2.511886431509575
8,416869.3834703364,416869.3834703364,0.999922454062697,0.9670530442207631,0.3390023938992417,239.8832919019487,2.398832919019486
8,436515.83224016655,436515.83224016655,0.9999254108812411,0.9658928834407434,0.3234019612881779,229.08676527677744,2.290867652767773
8,457088.1896148752,457088.1896148752,0.9999282556839241,0.9646939806485152,0.30754971855249336,218.7761623949554,2.1877616239495534
8,478630.092322638,478630.092322638,0.999930992680451,0.9634551486663746,0.29144559749758236,208.92961308540453,2.089296130854044
8,501187.2336272715,501187.2336272715,0.9999336259239106,0.9621751693416124,0.2750896640715471,199.52623149688853,1.9952623149688846
8,524807.4602497712,524807.4602497712,0.9999361593165252,0.960852793016461,0.2584821198208188,190.54607179632563,1.9054607179632557
8,549540.873857627,549540.873857627,0.9999385966151969,0.9594867380042329,0.24162330315387004,181.97008586099798,1.819700858609979
8,575439.937337159,575439.937337159,0.9999409414368495,0.9580756900727433,0.22451369040789226,173.78008287493722,1.7378008287493716
8,602559.5860743594,602559.5860743594,0.9999431972635797,0.9566183019361554,0.20715389671373752,165.9586907437558,1.659586907437557
8,630957.3444801943,630957.3444801943,0.9999453674476213,0.9551131927564481,0.18954467665508545,158.4893192461114,1.5848931924611134
8,660693.4480075964,660693.4480075964,0.9999474552161287,0.9535589476557553,0.17168692471825386,151.3561248436209,1.5135612484362082
8,691830.9709189363,691830.9709189363,0.9999494636757884,0.9519541172408853,0.1535816755297149,144.5439770745931,1.4454397707459303
8,724435.9600749891,724435.9600749891,0.9999513958172621,0.9502972171413838,0.13523010387895806,138.03842646028886,1.3803842646028879
8,758577.575029182,758577.575029182,0.9999532545194689,0.9485867275625608,0.11663352452497444,131.82567385564133,1.3182567385564126
8,794328.2347242854,794328.2347242854,0.9999550425537116,0.9468210928549585,0.09779339178523894,125.89254117941621,1.2589254117941615
8,831763.7711026743,831763.7711026743,0.9999567625876535,0.9449987211017986,0.07871129890676842,120.22644346174104,1.2022644346174098
8,870963.5899560832,870963.5899560832,0.99995841718915,0.943117983725993,0.0593889772193551,114.81536214968806,1.1481536214968802
8,912010.8393559115,912010.8393559115,0.9999600088299405,0.9411772151183783,0.039828295071914877,109.64781961431851,1.0964781961431846
8,954992.5860214368,954992.5860214368,0.9999615398892061,0.9391747122888707,0.020031256553331933,104.71285480508998,1.0471285480508994
8,1000000.0,1000000.0,0.9999630126569974,0.9371087345423094,8.881784197001252e-16,100.00000000000023,1.0000000000000018
8,1047128.5480508985,1047128.5480508985,0.9999644293375373,0.934977503180801,0.020031256553331156,95.49925860214383,1.0471285480508974
8,1096478.196143183,1096478.196143183,0.9999657920524025,0.9327792012344425,0.039828295071912434,91.20108393559137,1.0964781961431807
8,1148153.6214968793,1148153.6214968793,0.9999671028435898,0.9305119732223414,0.05938897721935432,87.09635899560845,1.148153621496878
8,1202264.434617418,1202264.434617418,0.999968363676469,0.9281739249459129,0.07871129890677053,83.1763771102669,1.2022644346174163
8,1258925.4117941714,1258925.4117941714,0.9999695764426291,0.9257631233164804,0.09779339178524182,79.43282347242798,1.2589254117941704
8,1318256.7385564102,1318256.7385564102,0.9999707429626182,0.9232775962192455,0.116633524524973,75.85775750291836,1.318256738556408
8,1380384.2646028865,1380384.2646028865,0.9999718649885857,0.9207153324157549,0.1352301038789574,72.44359600749901,1.3803842646028854
8,1445439.770745928,1445439.770745928,0.999972944206825,0.9180742814870159,0.15358167552971358,69.18309709189379,1.4454397707459252
8,1513561.2484362072,1513561.2484362072,0.9999739822402242,0.9153523538194637,0.1716869247182533,66.06934480075974,1.5135612484362055
8,1584893.192461111,1584893.192461111,0.9999749806506266,0.9125474206360131,0.18954467665508434,63.095734448019584,1.5848931924611076
8,1659586.9074375562,1659586.9074375562,0.9999759409411046,0.9096573140744587,0.2071538967137363,60.255958607436035,1.6595869074375542
8,1737800.8287493833,1737800.8287493833,0.9999768645581495,0.9066798273155202,0.22451369040789426,57.543993733715546,1.7378008287493807
8,1819700.85860999,1819700.85860999,0.9999777528937804,0.9036127147628459,0.24162330315387204,54.95408738576232,1.8197008586099885
8,1905460.7179632522,1905460.7179632522,0.9999786072875774,0.9004536922773045,0.2584821198208169,52.480746024977236,1.9054607179632488
8,1995262.3149688828,1995262.3149688828,0.999979429028637,0.8972004374679181,0.27508966407154656,50.118723362727216,1.995262314968881
8,2089296.1308540408,2089296.1308540408,0.9999802193574576,0.8938505900417797,0.29144559749758125,47.86300923226391,2.089296130854037
8,2187761.623949552,2187761.623949552,0.999980979467755,0.8904017522153107,0.3075497185524927,45.70881896148759,2.1877616239495494
8,2290867.65276777,2290867.65276777,0.9999817105082096,0.8868514891892014,0.3234019612881768,43.65158322401677,2.290867652767765
8,2398832.919019485,2398832.919019485,0.9999824135841514,0.8831973296893642,0.33900239389924114,41.68693834703371,2.398832919019482
8,2511886.4315095926,2511886.4315095926,0.9999830897591803,0.8794367665762068,0.3543512170811356,39.81071705534961,2.5118864315095886
8,2630267.991895392,2630267.991895392,0.999983740056728,0.8755672575245086,0.36944876220813494,38.01893963205602,2.63026799189539
8,2754228.7033381746,2754228.7033381746,0.9999843654615619,0.8715862257761273,0.38429548933773827,36.307805477010106,2.7542287033381694
8,2884031.5031266115,2884031.5031266115,0.9999849669212327,0.8674910609677446,0.39889198504837275,34.673685045253144,2.8840315031266086
8,3019951.720402019,3019951.720402019,0.9999855453474694,0.8632791200357744,0.4132389601177323,33.113112148259155,3.019951720402013
8,3162277.660168379,3162277.660168379,0.9999861016175214,0.8589477282005046,0.42733724704937226,31.622776601683846,3.1622776601683755
8,3311311.2148259077,3311311.2148259077,0.9999866365754517,0.8544941800314672,0.4411877974554691,30.199517204020218,3.3113112148259063
8,3467368.5045253094,3467368.5045253094,0.999987151033382,0.8499157405959378,0.4547916793039388,28.84031503126617,3.4673685045253047
8,3630780.5477010026,3630780.5477010026,0.9999876457726912,0.8452096466923708,0.46815007403830977,27.542287033381776,3.6307805477010007
8,3801893.963205628,3801893.963205628,0.9999881215451698,0.8403731081704677,0.48126427357893253,26.302679918953743,3.801893963205625
8,3981071.7055349853,3981071.7055349853,0.9999885790741314,0.8354033093394555,0.4941356772142713,25.118864315095777,3.981071705534978
8,4168693.8347033635,4168693.8347033635,0.9999890190554823,0.8302974104660042,0.5067657883911452,23.988329190194886,4.168693834703359
8,4365158.322401665,4365158.322401665,0.9999894421587523,0.8250525493631025,0.5191562114128165,22.90867652767776,4.365158322401657
8,4570881.8961487515,4570881.8961487515,0.9999898490280857,0.819665843071007,0.5313086480539397,21.877616239495556,4.570881896148745
8,4786300.92322638,4786300.92322638,0.9999902402831975,0.8141343896312525,0.5432248941013345,20.892961308540464,4.786300923226369
8,5011872.336272715,5011872.336272715,0.9999906165202916,0.8084552699544972,0.5549068358295663,19.95262314968887,5.011872336272707
8,5248074.602497712,5248074.602497712,0.9999909783129469,0.8026255497828032,0.5663564464202362,19.054607179632544,5.2480746024977085
8,5495408.738576271,5495408.738576271,0.9999913262129684,0.7966422817467314,0.5775757823338119,18.197008586099777,5.495408738576265
8,5754399.37337159,5754399.37337159,0.9999916607512086,0.7905025075174219,0.5885669796427083,17.378008287493735,5.754399373371578
8,6025595.860743593,6025595.860743593,0.9999919824383565,0.7842032600535793,0.5993322503342178,16.59586907437559,6.025595860743586
8,6309573.444801942,6309573.444801942,0.9999922917656979,0.7777415659430695,0.6098738785916521,15.84893192461115,6.309573444801929
8,6606934.480075965,6606934.480075965,0.9999925892058475,0.7711144478385445,0.6201942170619577,15.135612484362099,6.606934480075955
8,6918309.709189363,6918309.709189363,0.9999928752134534,0.764318926986268,0.6302956831177747,14.454397707459295,6.918309709189359
8,7244359.600749891,7244359.600749891,0.9999931502258745,0.7573520258470258,0.6401807551217256,13.803842646028894,7.244359600749879
8,7585775.750291821,7585775.750291821,0.9999934146638345,0.7502107708077189,0.6498519687004389,13.182567385564118,7.585775750291814
8,7943282.347242854,7943282.347242854,0.9999936689320493,0.7428921949819394,0.6593119130355558,12.589254117941628,7.943282347242845
8,8317637.711026743,8317637.711026743,0.9999939134198319,0.7353933410975244,0.6685632271786652,12.022644346174111,8.317637711026725
8,8709635.899560831,8709635.899560831,0.9999941485016749,0.7277112644687472,0.6776085963968539,11.481536214968813,8.709635899560821
8,9120108.393559115,9120108.393559115,0.9999943745378108,0.7198430360505264,0.6864507485551796,10.964781961431859,9.120108393559095
8,9549925.86021437,9549925.86021437,0.999994591874751,0.711785745571649,0.695092450542125,10.471285480509005,9.549925860214355
8,10000000.0,10000000.0,0.9999948008458054,0.7035365047437121,0.7035365047437119,10.00000000000001,9.999999999999993
8,10471285.480508985,10471285.480508985,0.9999950017715816,0.6950924505421253,0.6950924505421253,9.549925860214373,9.549925860214373
8,10964781.96143183,10964781.96143183,0.999995194960466,0.6864507485551807,0.6864507485551807,9.120108393559143,9.120108393559143
8,11481536.214968793,11481536.214968793,0.9999953807090863,0.6776085963968547,0.6776085963968547,8.709635899560851,8.709635899560851
8,12022644.34617418,12022644.34617418,0.999995559302758,0.6685632271786645,0.6685632271786645,8.317637711026697,8.317637711026697
8,12589254.117941713,12589254.117941713,0.9999957310159114,0.6593119130355547,0.6593119130355547,7.943282347242803,7.943282347242803
8,13182567.385564102,13182567.385564102,0.9999958961125058,0.6498519687004395,0.6498519687004395,7.585775750291828,7.585775750291828
8,13803842.646028867,13803842.646028867,0.9999960548464255,0.6401807551217258,0.6401807551217258,7.244359600749893,7.244359600749893
8,14454397.70745928,14454397.70745928,0.9999962074618625,0.6302956831177756,0.6302956831177756,6.9183097091893835,6.9183097091893835
8,15135612.484362071,15135612.484362071,0.9999963541936836,0.6201942170619585,0.6201942170619585,6.606934480075979,6.606934480075979
8,15848931.924611108,15848931.924611108,0.9999964952677854,0.6098738785916531,0.6098738785916531,6.309573444801951,6.309573444801951
8,16595869.074375562,16595869.074375562,0.9999966309014339,0.5993322503342181,0.5993322503342181,6.025595860743596,6.025595860743596
8,17378008.287493832,17378008.287493832,0.9999967613035923,0.5885669796427073,0.5885669796427073,5.754399373371548,5.754399373371548
8,18197008.5860999,18197008.5860999,0.9999968866752371,0.5775757823338101,0.5775757823338101,5.495408738576226,5.495408738576226
8,19054607.179632522,19054607.179632522,0.9999970072096607,0.5663564464202373,0.5663564464202373,5.248074602497727,5.248074602497727
8,19952623.14968883,19952623.14968883,0.9999971230927642,0.5549068358295675,0.5549068358295675,5.011872336272725,5.011872336272725
8,20892961.308540408,20892961.308540408,0.9999972345033379,0.5432248941013351,0.5432248941013351,4.786300923226387,4.786300923226387
8,21877616.23949552,21877616.23949552,0.9999973416133318,0.5313086480539405,0.5313086480539405,4.570881896148754,4.570881896148754
8,22908676.5276777,22908676.5276777,0.9999974445881161,0.5191562114128181,0.5191562114128181,4.36515832240168,4.36515832240168
8,23988329.19019485,23988329.19019485,0.9999975435867313,0.5067657883911464,0.5067657883911464,4.168693834703374,4.168693834703374
8,25118864.315095924,25118864.315095924,0.9999976387621292,0.4941356772142701,0.4941356772142701,3.981071705534964,3.981071705534964
8,26302679.91895392,26302679.91895392,0.9999977302614046,0.4812642735789312,0.4812642735789312,3.8018939632056044,3.8018939632056044
8,27542287.033381745,27542287.033381745,0.9999978182260186,0.4681500740383102,0.4681500740383102,3.630780547701007,3.630780547701007
8,28840315.031266116,28840315.031266116,0.9999979027920128,0.4547916793039394,0.4547916793039394,3.467368504525311,3.467368504525311
8,30199517.20402019,30199517.20402019,0.9999979840902165,0.44118779745547,0.44118779745547,3.311311214825918,3.311311214825918
8,31622776.60168379,31622776.60168379,0.9999980622464442,0.42733724704937315,0.42733724704937315,3.1622776601683866,3.1622776601683866
8,33113112.148259077,33113112.148259077,0.9999981373816879,0.4132389601177333,0.4132389601177333,3.0199517204020236,3.0199517204020236
8,34673685.0452531,34673685.0452531,0.9999982096123005,0.3988919850483733,0.3988919850483733,2.884031503126614,2.884031503126614
8,36307805.47701003,36307805.47701003,0.9999982790501728,0.3842954893377398,0.3842954893377398,2.754228703338184,2.754228703338184
8,38018939.63205628,38018939.63205628,0.9999983458029036,0.3694487622081324,0.3694487622081324,2.6302679918953715,2.6302679918953715
8,39810717.05534986,39810717.05534986,0.9999984099739637,0.35435121708113404,0.35435121708113404,2.5118864315095792,2.5118864315095792
8,41686938.347033635,41686938.347033635,0.9999984716628534,0.33900239389924225,0.33900239389924225,2.3988329190194904,2.3988329190194904
8,43651583.22401665,43651583.22401665,0.9999985309652539,0.3234019612881779,0.3234019612881779,2.290867652767773,2.290867652767773
8,45708818.96148752,45708818.96148752,0.9999985879731735,0.30754971855249336,0.30754971855249336,2.1877616239495534,2.1877616239495534
8,47863009.2322638,47863009.2322638,0.9999986427750878,0.2914455974975829,0.2914455974975829,2.089296130854048,2.089296130854048
8,50118723.36272714,50118723.36272714,0.9999986954560741,0.2750896640715478,0.2750896640715478,1.995262314968888,1.995262314968888
8,52480746.024977125,52480746.024977125,0.9999987460979424,0.2584821198208188,0.2584821198208188,1.9054607179632557,1.9054607179632557
8,54954087.38576271,54954087.38576271,0.9999987947793592,0.24162330315387004,0.24162330315387004,1.819700858609979,1.819700858609979
8,57543993.7337159,57543993.7337159,0.9999988415759683,0.22451369040789226,0.22451369040789226,1.7378008287493716,1.7378008287493716
8,60255958.607435934,60255958.607435934,0.9999988865605063,0.20715389671373752,0.20715389671373752,1.659586907437557,1.659586907437557
8,63095734.44801943,63095734.44801943,0.9999989298029136,0.18954467665508623,0.18954467665508623,1.584893192461116,1.584893192461116
8,66069344.80075964,66069344.80075964,0.9999989713704416,0.17168692471825453,0.17168692471825453,1.5135612484362109,1.5135612484362109
8,69183097.09189363,69183097.09189363,0.9999990113277557,0.1535816755297149,0.1535816755297149,1.4454397707459303,1.4454397707459303
8,72443596.0074989,72443596.0074989,0.9999990497370338,0.13523010387895806,0.13523010387895806,1.3803842646028879,1.3803842646028879
8,75857757.5029182,75857757.5029182,0.9999990866580623,0.11663352452497378,0.11663352452497378,1.3182567385564103,1.3182567385564103
8,79432823.47242855,79432823.47242855,0.9999991221483266,0.09779339178523894,0.09779339178523894,1.2589254117941615,1.2589254117941615
8,83176377.11026743,83176377.11026743,0.9999991562631007,0.0787112989067692,0.0787112989067692,1.202264434617412,1.202264434617412
8,87096358.99560831,87096358.99560831,0.9999991890555304,0.059388977219355876,0.059388977219355876,1.1481536214968822,1.1481536214968822
8,91201083.93559115,91201083.93559115,0.999999220576716,0.039828295071914877,0.039828295071914877,1.0964781961431846,1.0964781961431846
8,95499258.60214369,95499258.60214369,0.9999992508757899,0.020031256553331933,0.020031256553331933,1.0471285480508994,1.0471285480508994
8,100000000.0,100000000.0,0.9999992799999928,0.0,0.0,1.0,1.0
8,104712854.80508985,104712854.80508985,0.9999993079947456,0.02003125655333049,0.02003125655333049,1.0471285480508956,1.0471285480508956
8,109647819.61431828,109647819.61431828,0.9999993349037194,0.039828295071912434,0.039828295071912434,1.0964781961431807,1.0964781961431807
8,114815362.14968793,114815362.14968793,0.9999993607689027,0.05938897721935432,0.05938897721935432,1.148153621496878,1.148153621496878
8,120226443.4617418,120226443.4617418,0.999999385630666,0.07871129890677053,0.07871129890677053,1.2022644346174163,1.2022644346174163
8,125892541.17941713,125892541.17941713,0.9999994095278237,0.09779339178524182,0.09779339178524182,1.2589254117941704,1.2589254117941704
8,131825673.855641,131825673.855641,0.999999432497694,0.11663352452497233,0.11663352452497233,1.3182567385564057,1.3182567385564057
8,138038426.46028867,138038426.46028867,0.9999994545761561,0.13523010387895662,0.13523010387895662,1.380384264602883,1.380384264602883
8,144543977.0745928,144543977.0745928,0.999999475797706,0.15358167552971358,0.15358167552971358,1.4454397707459252,1.4454397707459252
8,151356124.84362072,151356124.84362072,0.9999994961955088,0.1716869247182533,0.1716869247182533,1.5135612484362055,1.5135612484362055
8,158489319.2461111,158489319.2461111,0.9999995158014504,0.1895446766550849,0.1895446766550849,1.5848931924611105,1.5848931924611105
8,165958690.74375564,165958690.74375564,0.9999995346461868,0.20715389671373552,0.20715389671373552,1.6595869074375513,1.6595869074375513
8,173780082.87493834,173780082.87493834,0.999999552759191,0.2245136904078936,0.2245136904078936,1.7378008287493776,1.7378008287493776
8,181970085.860999,181970085.860999,0.999999570168798,0.24162330315387137,0.24162330315387137,1.8197008586099854,1.8197008586099854
8,190546071.7963252,190546071.7963252,0.99999958690225,0.2584821198208169,0.2584821198208169,1.9054607179632488,1.9054607179632488
8,199526231.49688828,199526231.49688828,0.9999996029857368,0.27508966407154656,0.27508966407154656,1.995262314968881,1.995262314968881
8,208929613.0854041,208929613.0854041,0.9999996184444374,0.2914455974975818,0.2914455974975818,2.0892961308540405,2.0892961308540405
8,218776162.3949552,218776162.3949552,0.9999996333025583,0.30754971855249225,0.30754971855249225,2.1877616239495454,2.1877616239495454
8,229086765.276777,229086765.276777,0.999999647583371,0.3234019612881768,0.3234019612881768,2.290867652767765,2.290867652767765
8,239883291.90194848,239883291.90194848,0.9999996613092483,0.33900239389924114,0.33900239389924114,2.398832919019482,2.398832919019482
8,251188643.15095925,251188643.15095925,0.9999996745016986,0.3543512170811356,0.3543512170811356,2.5118864315095886,2.5118864315095886
8,263026799.18953922,263026799.18953922,0.9999996871813991,0.36944876220813494,0.36944876220813494,2.63026799189539,2.63026799189539
8,275422870.3338175,275422870.3338175,0.999999699368228,0.38429548933773894,0.38429548933773894,2.7542287033381743,2.7542287033381743
8,288403150.3126612,288403150.3126612,0.9999997110812952,0.3988919850483723,0.3988919850483723,2.8840315031266037,2.8840315031266037
8,301995172.0402019,301995172.0402019,0.9999997223389717,0.4132389601177323,0.4132389601177323,3.019951720402013,3.019951720402013
8,316227766.01683795,316227766.01683795,0.9999997331589187,0.42733724704937226,0.42733724704937226,3.1622776601683755,3.1622776601683755
8,331131121.4825908,331131121.4825908,0.9999997435581138,0.4411877974554691,0.4411877974554691,3.3113112148259063,3.3113112148259063
8,346736850.452531,346736850.452531,0.9999997535528787,0.4547916793039384,0.4547916793039384,3.4673685045252984,3.4673685045252984
8,363078054.7701003,363078054.7701003,0.9999997631589034,0.46815007403830944,0.46815007403830944,3.630780547700994,3.630780547700994
8,380189396.3205628,380189396.3205628,0.9999997723912711,0.4812642735789321,0.4812642735789321,3.801893963205618,3.801893963205618
8,398107170.55349857,398107170.55349857,0.9999997812644814,0.4941356772142713,0.4941356772142713,3.981071705534978,3.981071705534978
8,416869383.4703364,416869383.4703364,0.9999997897924728,0.5067657883911452,0.5067657883911452,4.168693834703359,4.168693834703359
8,436515832.24016654,436515832.24016654,0.9999997979886445,0.519156211412817,0.519156211412817,4.365158322401664,4.365158322401664
8,457088189.6148752,457088189.6148752,0.999999805865877,0.5313086480539394,0.5313086480539394,4.570881896148737,4.570881896148737
8,478630092.32263803,478630092.32263803,0.9999998134365522,0.5432248941013345,0.5432248941013345,4.786300923226369,4.786300923226369
8,501187233.6272715,501187233.6272715,0.9999998207125728,0.5549068358295663,0.5549068358295663,5.011872336272707,5.011872336272707
8,524807460.24977124,524807460.24977124,0.9999998277053802,0.5663564464202362,0.5663564464202362,5.2480746024977085,5.2480746024977085
8,549540873.857627,549540873.857627,0.9999998344259732,0.5775757823338119,0.5775757823338119,5.495408738576265,5.495408738576265
8,575439937.337159,575439937.337159,0.9999998408849244,0.588566979642709,0.588566979642709,5.754399373371589,5.754399373371589
8,602559586.0743593,602559586.0743593,0.999999847092397,0.5993322503342174,0.5993322503342174,6.025595860743575,6.025595860743575
8,630957344.4801943,630957344.4801943,0.9999998530581601,0.6098738785916521,0.6098738785916521,6.309573444801929,6.309573444801929
8,660693448.0075964,660693448.0075964,0.9999998587916048,0.6201942170619577,0.6201942170619577,6.606934480075955,6.606934480075955
8,691830970.9189363,691830970.9189363,0.9999998643017578,0.6302956831177747,0.6302956831177747,6.918309709189359,6.918309709189359
8,724435960.0749891,724435960.0749891,0.9999998695972965,0.6401807551217253,0.6401807551217253,7.244359600749867,7.244359600749867
8,758577575.0291821,758577575.0291821,0.9999998746865616,0.6498519687004387,0.6498519687004387,7.585775750291801,7.585775750291801
8,794328234.7242854,794328234.7242854,0.9999998795775704,0.6593119130355554,0.6593119130355554,7.943282347242832,7.943282347242832
8,831763771.1026742,831763771.1026742,0.9999998842780298,0.6685632271786652,0.6685632271786652,8.317637711026725,8.317637711026725
8,870963589.9560832,870963589.9560832,0.9999998887953473,0.6776085963968539,0.6776085963968539,8.709635899560821,8.709635899560821
8,912010839.3559115,912010839.3559115,0.9999998931366438,0.6864507485551798,0.6864507485551798,9.12010839355911,9.12010839355911
8,954992586.0214369,954992586.0214369,0.9999998973087635,0.6950924505421245,0.6950924505421245,9.549925860214337,9.549925860214337
8,1000000000.0,1000000000.0,0.9999999013182853,0.7035365047437114,0.7035365047437114,9.999999999999975,9.999999999999975
8,1047128548.0508986,1047128548.0508986,0.999999905171533,0.7117857455716483,0.6950924505421261,10.471285480508968,9.549925860214406
8,1096478196.1431828,1096478196.1431828,0.999999908874585,0.7198430360505257,0.6864507485551807,10.96478196143182,9.120108393559143
8,1148153621.4968793,1148153621.4968793,0.9999999124332837,0.727711264468747,0.6776085963968547,11.481536214968793,8.709635899560851
8,1202264434.617418,1202264434.617418,0.9999999158532449,0.7353933410975253,0.6685632271786645,12.022644346174175,8.317637711026697
8,1258925411.7941713,1258925411.7941713,0.9999999191398664,0.74289219498194,0.6593119130355554,12.589254117941675,7.943282347242832
8,1318256738.55641,1318256738.55641,0.9999999222983367,0.7502107708077184,0.64985196870044,13.18256738556407,7.585775750291854
8,1380384264.6028867,1380384264.6028867,0.9999999253336426,0.7573520258470252,0.6401807551217267,13.803842646028846,7.2443596007499185
8,1445439770.745928,1445439770.745928,0.9999999282505774,0.7643189269862676,0.6302956831177756,14.454397707459268,6.9183097091893835
8,1513561248.436207,1513561248.436207,0.9999999310537483,0.7711144478385439,0.6201942170619594,15.135612484362019,6.606934480076002
8,1584893192.4611108,1584893192.4611108,0.9999999337475837,0.7777415659430689,0.6098738785916538,15.848931924611065,6.309573444801974
8,1659586907.4375563,1659586907.4375563,0.9999999363363398,0.7842032600535788,0.5993322503342191,16.595869074375532,6.025595860743619
8,1737800828.7493834,1737800828.7493834,0.9999999388241074,0.7905025075174223,0.588566979642708,17.378008287493795,5.754399373371569
8,1819700858.60999,1819700858.60999,0.999999941214819,0.796642281746732,0.5775757823338111,18.197008586099873,5.495408738576246
8,1905460717.963252,1905460717.963252,0.9999999435122536,0.8026255497828031,0.5663564464202373,19.05460717963251,5.248074602497727
8,1995262314.9688828,1995262314.9688828,0.9999999457200439,0.8084552699544967,0.5549068358295681,19.952623149688762,5.011872336272742
8,2089296130.8540409,2089296130.8540409,0.999999947841681,0.8141343896312518,0.5432248941013363,20.892961308540354,4.7863009232264035
8,2187761623.9495516,2187761623.9495516,0.9999999498805208,0.8196658430710065,0.5313086480539413,21.877616239495477,4.57088189614877
8,2290867652.76777,2290867652.76777,0.9999999518397883,0.825052549363102,0.5191562114128181,22.908676527677677,4.36515832240168
8,2398832919.019485,2398832919.019485,0.9999999537225835,0.8302974104660041,0.5067657883911464,23.988329190194843,4.168693834703374
8,2511886431.5095925,2511886431.5095925,0.9999999555318858,0.8354033093394562,0.4941356772142701,25.118864315095912,3.981071705534964
8,2630267991.8953924,2630267991.8953924,0.9999999572705588,0.8403731081704682,0.4812642735789321,26.302679918953835,3.801893963205618
8,2754228703.3381743,2754228703.3381743,0.9999999589413545,0.8452096466923704,0.4681500740383111,27.542287033381676,3.6307805477010198
8,2884031503.1266117,2884031503.1266117,0.9999999605469182,0.8499157405959374,0.4547916793039406,28.840315031266066,3.4673685045253233
8,3019951720.402019,3019951720.402019,0.9999999620897922,0.854494180031467,0.44118779745547,30.199517204020164,3.311311214825918
8,3162277660.1683793,3162277660.1683793,0.9999999635724202,0.8589477282005044,0.42733724704937315,31.62277660168379,3.1622776601683866
8,3311311214.8259077,3311311214.8259077,0.99999996499715,0.863279120035774,0.41323896011773475,33.113112148258985,3.0199517204020347
8,3467368504.5253096,3467368504.5253096,0.9999999663662392,0.8674910609677444,0.3988919850483742,34.67368504525302,2.884031503126624
8,3630780547.7010026,3630780547.7010026,0.9999999676818568,0.871586225776127,0.3842954893377398,36.30780547700998,2.754228703338184
8,3801893963.205628,3801893963.205628,0.9999999689460877,0.875567257524509,0.36944876220813394,38.018939632056224,2.630267991895381
8,3981071705.5349855,3981071705.5349855,0.9999999701609354,0.8794367665762074,0.35435121708113404,39.810717055349826,2.5118864315095792
8,4168693834.7033634,4168693834.7033634,0.9999999713283261,0.8831973296893639,0.33900239389924225,41.68693834703364,2.3988329190194904
8,4365158322.401666,4365158322.401666,0.9999999724501101,0.886851489189201,0.32340196128817955,43.651583224016534,2.2908676527677816
8,4570881896.148751,4570881896.148751,0.9999999735280664,0.8904017522153104,0.30754971855249447,45.70881896148743,2.187761623949561
8,4786300923.22638,4786300923.22638,0.9999999745639044,0.8938505900417795,0.2914455974975829,47.86300923226375,2.089296130854048
8,5011872336.272715,5011872336.272715,0.9999999755592671,0.8972004374679181,0.2750896640715478,50.118723362727124,1.995262314968888
8,5248074602.497712,5248074602.497712,0.9999999765157336,0.9004536922773042,0.25848211982082003,52.48074602497696,1.9054607179632623
8,5495408738.576271,5495408738.576271,0.9999999774348213,0.903612714762846,0.24162330315387137,54.95408738576252,1.8197008586099854
8,5754399373.37159,5754399373.37159,0.9999999783179886,0.9066798273155204,0.2245136904078936,57.543993733715745,1.7378008287493776
8,6025595860.743593,6025595860.743593,0.9999999791666372,0.9096573140744585,0.20715389671373874,60.25595860743582,1.659586907437563
8,6309573444.801943,6309573444.801943,0.9999999799821141,0.9125474206360129,0.18954467665508623,63.095734448019364,1.584893192461116
8,6606934480.075964,6606934480.075964,0.9999999807657138,0.9153523538194636,0.17168692471825453,66.06934480075962,1.5135612484362109
8,6918309709.189363,6918309709.189363,0.9999999815186805,0.9180742814870155,0.15358167552971624,69.18309709189342,1.4454397707459357
8,7244359600.749891,7244359600.749891,0.9999999822422099,0.9207153324157547,0.1352301038789594,72.44359600749875,1.3803842646028928
8,7585775750.291821,7585775750.291821,0.999999982937451,0.9232775962192453,0.11663352452497511,75.85775750291809,1.318256738556415
8,7943282347.242854,7943282347.242854,0.999999983605508,0.9257631233164806,0.09779339178524038,79.4328234724284,1.258925411794166
8,8317637711.026743,8317637711.026743,0.9999999842474425,0.9281739249459131,0.0787112989067692,83.17637711026735,1.202264434617412
8,8709635899.560831,8709635899.560831,0.9999999848642742,0.9305119732223412,0.059388977219355876,87.09635899560831,1.1481536214968822
8,9120108393.559114,9120108393.559114,0.9999999854569832,0.9327792012344422,0.03982829507191543,91.20108393559089,1.0964781961431884
8,9549925860.214369,9549925860.214369,0.9999999860265116,0.9349775031808009,0.020031256553333487,95.49925860214348,1.0471285480509032
8,10000000000.0,10000000000.0,0.9999999865737648,0.9371087345423093,1.5543122344752192e-15,99.99999999999987,1.0000000000000036
8,10471285480.508986,10471285480.508986,0.9999999870996124,0.9391747122888706,0.02003125655333049,104.71285480508979,1.0471285480508956
8,10964781961.43183,10964781961.43183,0.9999999876048905,0.941177215118378,0.03982829507191099,109.64781961431792,1.0964781961431769
8,11481536214.968794,11481536214.968794,0.9999999880904027,0.9431179837259928,0.05938897721935288,114.81536214968764,1.148153621496874
8,12022644346.17418,12022644346.17418,0.9999999885569211,0.9449987211017987,0.0787112989067692,120.22644346174147,1.202264434617412
8,12589254117.941713,12589254117.941713,0.9999999890051875,0.9468210928549587,0.09779339178524038,125.89254117941688,1.258925411794166
8,13182567385.5641,13182567385.5641,0.9999999894359152,0.9485867275625607,0.11663352452497233,131.82567385564084,1.3182567385564057
8,13803842646.028866,13803842646.028866,0.9999999898497893,0.9502972171413837,0.13523010387895662,138.0384264602886,1.380384264602883
8,14454397707.45928,14454397707.45928,0.9999999902474683,0.9519541172408852,0.15358167552971225,144.54397707459233,1.4454397707459201
8,15135612484.362072,15135612484.362072,0.9999999906295852,0.9535589476557552,0.17168692471825187,151.35612484362036,1.5135612484362002
8,15848931924.611109,15848931924.611109,0.9999999909967481,0.955113192756448,0.18954467665508357,158.48931924611082,1.5848931924611047
8,16595869074.375563,16595869074.375563,0.9999999913495412,0.9566183019361554,0.20715389671373552,165.95869074375548,1.6595869074375513
8,17378008287.493835,17378008287.493835,0.9999999916885264,0.9580756900727434,0.2245136904078936,173.78008287493816,1.7378008287493776
8,18197008586.0999,18197008586.0999,0.9999999920142432,0.959486738004233,0.24162330315387137,181.97008586099895,1.8197008586099854
8,19054607179.632523,19054607179.632523,0.9999999923272104,0.9608527930164609,0.2584821198208158,190.54607179632464,1.9054607179632421
8,19952623149.688828,19952623149.688828,0.9999999926279262,0.9621751693416123,0.2750896640715448,199.52623149688782,1.995262314968874
8,20892961308.54041,20892961308.54041,0.9999999929168697,0.9634551486663745,0.2914455974975807,208.92961308540376,2.089296130854033
8,21877616239.495518,21877616239.495518,0.9999999931945011,0.9646939806485152,0.30754971855249225,218.77616239495504,2.1877616239495454
8,22908676527.6777,22908676527.6777,0.9999999934612627,0.9658928834407433,0.32340196128817567,229.08676527677622,2.290867652767757
8,23988329190.19485,23988329190.19485,0.9999999937175794,0.967053044220763,0.33900239389924003,239.88329190194784,2.398832919019473
8,25118864315.095924,25118864315.095924,0.9999999939638599,0.9681756197264842,0.35435121708113404,251.1886431509585,2.5118864315095792
8,26302679918.953922,26302679918.953922,0.9999999942004963,0.9692617367954053,0.36944876220813394,263.0267991895387,2.630267991895381
8,27542287033.381744,27542287033.381744,0.9999999944278661,0.9703124929072336,0.3842954893377374,275.42287033381706,2.7542287033381645
8,28840315031.266117,28840315031.266117,0.9999999946463316,0.9713289567288558,0.3988919850483723,288.403150312661,2.8840315031266037
8,30199517204.02019,30199517204.02019,0.9999999948562411,0.972312168660821,0.4132389601177313,301.9951720402009,3.0199517204020023
8,31622776601.683792,31622776601.683792,0.9999999950579291,0.9732631413845474,0.42733724704937126,316.2277660168371,3.1622776601683644
8,33113112148.259075,33113112148.259075,0.9999999952517175,0.9741828604095003,0.44118779745546766,331.1311214825902,3.3113112148258943
8,34673685045.2531,34673685045.2531,0.999999995437915,0.9750722846196466,0.4547916793039384,346.73685045253063,3.4673685045252984
8,36307805477.010025,36307805477.010025,0.9999999956168188,0.9759323468185183,0.46815007403830944,363.0780547701002,3.630780547700994
8,38018939632.05628,38018939632.05628,0.9999999957887141,0.9767639542722725,0.4812642735789321,380.18939632056265,3.801893963205618
8,39810717055.34985,39810717055.34985,0.9999999959538753,0.9775679892501636,0.4941356772142701,398.10717055349727,3.981071705534964
8,41686938347.03364,41686938347.03364,0.9999999961125658,0.9783453095618923,0.5067657883911443,416.8693834703353,4.168693834703344
8,43651583224.016655,43651583224.016655,0.9999999962650389,0.9790967490913222,0.5191562114128162,436.5158322401658,4.365158322401649
8,45708818961.48752,45708818961.48752,0.9999999964115377,0.9798231183261011,0.5313086480539394,457.0881896148748,4.570881896148737
8,47863009232.2638,47863009232.2638,0.9999999965522961,0.9805252048827509,0.5432248941013345,478.630092322638,4.786300923226369
8,50118723362.72715,50118723362.72715,0.9999999966875389,0.9812037740268236,0.5549068358295657,501.18723362727,5.011872336272689
8,52480746024.97712,52480746024.97712,0.9999999968174818,0.9818595691877594,0.5663564464202355,524.8074602497702,5.24807460249769
8,54954087385.7627,54954087385.7627,0.9999999969423323,0.982493312468103,0.5775757823338111,549.5408738576258,5.495408738576246
8,57543993733.7159,57543993733.7159,0.9999999970622898,0.9831057051467696,0.588566979642708,575.4399373371581,5.754399373371569
8,60255958607.43593,60255958607.43593,0.9999999971775458,0.9836974281760813,0.5993322503342174,602.5595860743589,6.025595860743575
8,63095734448.019424,63095734448.019424,0.9999999972882844,0.9842691426723126,0.6098738785916515,630.9573444801921,6.309573444801907
8,66069344800.75964,66069344800.75964,0.9999999973946823,0.9848214903995202,0.620194217061957,660.6934480075946,6.606934480075932
8,69183097091.89363,69183097091.89363,0.9999999974969096,0.9853550942464453,0.6302956831177742,691.8309709189349,6.918309709189334
8,72443596007.49892,72443596007.49892,0.9999999975951296,0.9858705586963095,0.6401807551217253,724.4359600749883,7.244359600749867
8,75857757502.9182,75857757502.9182,0.9999999976894992,0.9863684702893372,0.6498519687004387,758.5775750291817,7.585775750291801
8,79432823472.42854,79432823472.42854,0.9999999977801691,0.986849398077868,0.6593119130355554,794.3282347242849,7.943282347242832
8,83176377110.26743,83176377110.26743,0.9999999978672842,0.9873138940739324,0.6685632271786645,831.7637711026714,8.317637711026697
8,87096358995.60832,87096358995.60832,0.9999999979509838,0.9877624936891916,0.6776085963968534,870.9635899560809,8.70963589956079
8,91201083935.59116,91201083935.59116,0.9999999980314016,0.9881957161671507,0.6864507485551794,912.0108393559099,9.120108393559079
8,95499258602.14369,95499258602.14369,0.9999999981086662,0.9886140650075808,0.6950924505421245,954.992586021436,9.549925860214337
8,100000000000.0,100000000000.0,0.9999999981829011,0.9890180283830898,0.7035365047437114,999.9999999999998,9.999999999999975
8,104712854805.08984,104712854805.08984,0.9999999982542248,0.9894080795478093,0.6950924505421261,1047.1285480508955,9.549925860214406
8,109647819614.31828,109647819614.31828,0.9999999983227515,0.9897846772381645,0.6864507485551807,1096.4781961431804,9.120108393559143
8,114815362149.68794,114815362149.68794,0.9999999983885909,0.9901482660657199,0.6776085963968547,1148.1536214968778,8.709635899560851
8,120226443461.7418,120226443461.7418,0.9999999984518481,0.9904992769020968,0.6685632271786645,1202.2644346174159,8.317637711026697
8,125892541179.41713,125892541179.41713,0.9999999985126241,0.9908381272559731,0.6593119130355547,1258.9254117941703,7.943282347242803
8,131825673855.641,131825673855.641,0.9999999985710165,0.991165221642188,0.6498519687004395,1318.25673855641,7.585775750291828
8,138038426460.28867,138038426460.28867,0.9999999986271184,0.9914809519429796,0.6401807551217267,1380.3842646028827,7.2443596007499185
8,144543977074.5928,144543977074.5928,0.9999999986810197,0.9917856977613976,0.6302956831177756,1445.439770745925,6.9183097091893835
8,151356124843.62073,151356124843.62073,0.9999999987328066,0.9920798267669367,0.6201942170619585,1513.5612484362052,6.606934480075979
8,158489319246.11108,158489319246.11108,0.9999999987825621,0.9923636950334492,0.6098738785916531,1584.8931924611102,6.309573444801951
8,165958690743.7556,165958690743.7556,0.9999999988303655,0.9926376473693979,0.5993322503342191,1659.586907437551,6.025595860743619
8,173780082874.93835,173780082874.93835,0.9999999988762934,0.9929020176405193,0.5885669796427073,1737.8008287493835,5.754399373371548
8,181970085860.999,181970085860.999,0.9999999989204196,0.9931571290849751,0.5775757823338111,1819.700858609985,5.495408738576246
8,190546071796.32523,190546071796.32523,0.9999999989628143,0.993403294621069,0.5663564464202373,1905.4607179632485,5.248074602497727
8,199526231496.88828,199526231496.88828,0.9999999990035456,0.9936408171476201,0.5549068358295675,1995.2623149688804,5.011872336272725
8,208929613085.40408,208929613085.40408,0.9999999990426787,0.9938699898370799,0.5432248941013351,2089.29613085404,4.786300923226387
8,218776162394.95517,218776162394.95517,0.9999999990802763,0.99409109642149,0.5313086480539413,2187.761623949545,4.57088189614877
8,229086765276.777,229086765276.777,0.9999999991163984,0.9943044114713796,0.5191562114128181,2290.8676527677644,4.36515832240168
8,239883291901.9485,239883291901.9485,0.9999999991511029,0.9945102006677032,0.5067657883911464,2398.8329190194813,4.168693834703374
8,251188643150.95923,251188643150.95923,0.9999999991844456,0.994708721066925,0.4941356772142701,2511.886431509588,3.981071705534964
8,263026799189.5392,263026799189.5392,0.9999999992164796,0.994900221359357,0.4812642735789312,2630.2679918953895,3.8018939632056044
8,275422870333.81744,275422870333.81744,0.9999999992472565,0.9950849421208605,0.4681500740383102,2754.228703338174,3.630780547701007
8,288403150312.66113,288403150312.66113,0.9999999992768254,0.9952631160580242,0.4547916793039406,2884.0315031266027,3.4673685045253233
8,301995172040.2019,301995172040.2019,0.9999999993052335,0.9954349682469291,0.44118779745547,3019.951720402012,3.311311214825918
8,316227766016.83795,316227766016.83795,0.9999999993325268,0.9956007163656184,0.42733724704937315,3162.2776601683745,3.1622776601683866
8,331131121482.59076,331131121482.59076,0.9999999993587486,0.995760570920386,0.4132389601177333,3311.3112148259056,3.0199517204020236
8,346736850452.53094,346736850452.53094,0.9999999993839411,0.9959147354660005,0.3988919850483742,3467.368504525298,2.884031503126624
8,363078054770.1003,363078054770.1003,0.9999999994081447,0.996063406819983,0.3842954893377398,3630.7805477009933,2.754228703338184
8,380189396320.5628,380189396320.5628,0.9999999994313981,0.9962067752710537,0.36944876220813394,3801.893963205617,2.630267991895381
8,398107170553.49854,398107170553.49854,0.9999999994537384,0.9963450247818688,0.35435121708113404,3981.071705534977,2.5118864315095792
8,416869383470.33636,416869383470.33636,0.9999999994752018,0.9964783331861607,0.33900239389924225,4168.693834703358,2.3988329190194904
8,436515832240.16656,436515832240.16656,0.9999999994958225,0.9966068723804039,0.3234019612881779,4365.158322401663,2.290867652767773
8,457088189614.8752,457088189614.8752,0.9999999995156336,0.9967308085101191,0.30754971855249447,4570.881896148737,2.187761623949561
8,478630092322.638,478630092322.638,0.9999999995346667,0.9968503021509354,0.2914455974975829,4786.3009232263685,2.089296130854048
8,501187233627.2715,501187233627.2715,0.9999999995529525,0.9969655084845256,0.2750896640715478,5011.872336272706,1.995262314968888
8,524807460249.77124,524807460249.77124,0.9999999995705203,0.9970765774695279,0.2584821198208188,5248.074602497707,1.9054607179632557
8,549540873857.6271,549540873857.6271,0.9999999995873982,0.9971836540075725,0.24162330315387004,5495.408738576264,1.819700858609979
8,575439937337.1589,575439937337.1589,0.9999999996036133,0.9972868781045208,0.22451369040789226,5754.399373371588,1.7378008287493716
8,602559586074.3594,602559586074.3594,0.9999999996191916,0.9973863850270344,0.20715389671373874,6025.595860743574,1.659586907437563
8,630957344480.1943,630957344480.1943,0.9999999996341581,0.9974823054545825,0.18954467665508623,6309.5734448019275,1.584893192461116
8,660693448007.5964,660693448007.5964,0.9999999996485368,0.9975747656269963,0.17168692471825453,6606.934480075954,1.5135612484362109
8,691830970918.9363,691830970918.9363,0.9999999996623509,0.997663887487682,0.1535816755297149,6918.309709189357,1.4454397707459303
8,724435960074.9891,724435960074.9891,0.9999999996756223,0.9977497888225954,0.13523010387895806,7244.359600749891,1.3803842646028879
8,758577575029.182,758577575029.182,0.9999999996883724,0.997832583395087,0.11663352452497511,7585.775750291799,1.318256738556415
8,794328234724.2854,794328234724.2854,0.9999999997006218,0.9979123810767196,0.09779339178524038,7943.28234724283,1.258925411794166
8,831763771102.6743,831763771102.6743,0.99999999971239,0.9979892879741609,0.0787112989067692,8317.637711026724,1.202264434617412
8,870963589956.0833,870963589956.0833,0.9999999997236958,0.9980634065522516,0.059388977219355876,8709.635899560819,1.1481536214968822
8,912010839355.9115,912010839355.9115,0.9999999997345576,0.99813483575335,0.039828295071914877,9120.108393559109,1.0964781961431846
8,954992586021.4369,954992586021.4369,0.9999999997449927,0.9982036711130475,0.020031256553333487,9549.925860214336,1.0471285480509032
8,1000000000000.0,1000000000000.0,0.9999999997550177,0.9982700048723525,1.5543122344752192e-15,9999.999999999973,1.0000000000000036
16,1e-12,1000000000000.0,0.9999999999260254,0.9987546284067784,1.7763568394002505e-15,10000.000000000044,1.0000000000000036
16,1.0471285480508985e-12,954992586021.4369,0.9999999999228099,0.9988028520002129,0.021441543967402055,10471.28548050904,1.0471285480509032
16,1.096478196143183e-12,912010839355.9115,0.9999999999194548,0.9988492357372568,0.04259188375863343,10964.781961431856,1.0964781961431846
16,1.148153621496884e-12,870963589956.0797,0.9999999999159539,0.9988938484718146,0.06344989621204289,11481.536214968872,1.1481536214968862
16,1.202264434617413e-12,831763771102.6709,0.9999999999123012,0.9989367565472748,0.08401460440229891,12022.644346174173,1.2022644346174163
16,1.258925411794166e-12,794328234724.2822,0.9999999999084899,0.9989780238847313,0.10428517814178417,12589.254117941715,1.2589254117941704
16,1.3182567385564048e-12,758577575029.185,0.9999999999045132,0.9990177120682748,0.12426093425738916,13182.567385564114,1.3182567385564103
16,1.3803842646028866e-12,724435960074.9891,0.9999999999003639,0.99905588042744,0.14394133664280484,13803.84264602889,1.3803842646028879
16,1.445439770745928e-12,691830970918.9363,0.9999999998960345,0.9990925861168969,0.16332599608704135,14454.397707459317,1.4454397707459303
16,1.5135612484362072e-12,660693448007.5964,0.9999999998915172,0.99912788419347,0.18241466988056254,15135.612484362122,1.5135612484362109
16,1.5848931924611108e-12,630957344480.1943,0.999999999886804,0.9991618276905677,0.20120726120109056,15848.931924611175,1.584893192461116
16,1.659586907437563e-12,602559586074.3569,0.9999999998818863,0.9991944676901006,0.219703818281763,16595.869074375703,1.6595869074375689
16,1.7378008287493763e-12,575439937337.1566,0.999999999876755,0.9992258533919682,0.23790453336492579,17378.008287493853,1.7378008287493838
16,1.8197008586099825e-12,549540873857.6248,0.9999999998714013,0.9992560321811897,0.2558097414455217,18197.00858609987,1.8197008586099854
16,1.9054607179632443e-12,524807460249.7734,0.9999999998658153,0.9992850496927508,0.27341991880852023,19054.607179632505,1.9054607179632488
16,1.9952623149688827e-12,501187233627.2715,0.999999999859987,0.9993129498742409,0.29073568136546957,19952.623149688898,1.995262314968888
16,2.089296130854041e-12,478630092322.638,0.9999999998539058,0.9993397750463492,0.3077577827957688,20892.961308540496,2.089296130854048
16,2.1877616239495518e-12,457088189614.8752,0.9999999998475608,0.999365565961287,0.32448711249875484,21877.61623949563,2.187761623949561
16,2.29086765276777e-12,436515832240.16656,0.9999999998409408,0.9993903618592044,0.3409246933631921,22908.67652767775,2.290867652767773
16,2.398832919019495e-12,416869383470.3346,0.9999999998340335,0.9994142005226633,0.3570716793611821,23988.32919019501,2.398832919019499
16,2.5118864315095823e-12,398107170553.4969,0.9999999998268267,0.9994371183292308,0.3729293529739487,25118.864315095907,2.5118864315095886
16,2.6302679918953816e-12,380189396320.5612,0.9999999998193074,0.9994591503022526,0.38849912245731766,26302.679918953923,2.63026799189539
16,2.7542287033381634e-12,363078054770.10175,0.9999999998114621,0.9994803301598666,0.40378251895506145,27542.28703338177,2.7542287033381743
16,2.8840315031266117e-12,346736850452.53094,0.9999999998032767,0.9995006903623118,0.4187811934685681,28840.315031266266,2.884031503126624
16,3.0199517204020193e-12,331131121482.59076,0.9999999997947363,0.9995202621575908,0.4334969136916019,30199.517204020263,3.0199517204020236
16,3.1622776601683794e-12,316227766016.83795,0.9999999997858257,0.9995390756255375,0.4479315607191161,31622.776601683894,3.1622776601683866
16,3.3113112148259077e-12,301995172040.2019,0.9999999997765289,0.9995571597203431,0.4620871256392909,33113.112148259206,3.311311214825918
16,3.4673685045253096e-12,288403150312.66113,0.999999999766829,0.9995745423115932,0.47596570601812505,34673.68504525326,3.4673685045253233
16,3.6307805477010174e-12,275422870333.81635,0.9999999997567086,0.9995912502238609,0.489569502286032,36307.805477010355,3.6307805477010326
16,3.8018939632056125e-12,263026799189.53815,0.9999999997461497,0.9996073092749087,0.502900814035953,38018.939632056215,3.801893963205618
16,3.9810717055349695e-12,251188643150.9582,0.9999999997351331,0.9996227443125417,0.515962036242569,39810.717055349814,3.981071705534978
16,4.168693834703346e-12,239883291901.9495,0.9999999997236392,0.9996375792501597,0.5287556554121775,41686.938347033625,4.168693834703359
16,4.365158322401665e-12,229086765276.777,0.9999999997116471,0.9996518371010501,0.5412842456727929,43651.58322401683,4.36515832240168
16,4.5708818961487516e-12,218776162394.9552,0.9999999996991356,0.9996655400114645,0.5535504648139479,45708.81896148774,4.57088189614877
16,4.78630092322638e-12,208929613085.40408,0.9999999996860818,0.9996787092925207,0.5655570502855989,47863.0092322639,4.786300923226387
16,5.011872336272715e-12,199526231496.88828,0.9999999996724624,0.9996913654509686,0.5773068151653983,50118.723362727294,5.011872336272725
16,5.248074602497734e-12,190546071796.32443,0.9999999996582531,0.9997035282188593,0.5888026441034355,52480.7460249775,5.248074602497746
16,5.495408738576248e-12,181970085860.99826,0.9999999996434283,0.9997152165821536,0.600047489253394,54954.0873857627,5.495408738576265
16,5.754399373371567e-12,173780082874.93762,0.9999999996279614,0.999726448808308,0.6110443661988281,57543.993733715935,5.754399373371589
16,6.0255958607435685e-12,165958690743.75632,0.9999999996118245,0.9997372424728712,0.6217963498830479,60255.95860743581,6.025595860743575
16,6.309573444801943e-12,158489319246.11108,0.9999999995949888,0.999747614485126,0.6323065705508399,63095.73444801957,6.309573444801951
16,6.6069344800759645e-12,151356124843.62073,0.9999999995774239,0.9997575811128084,0.6425782097099606,66069.34480075985,6.606934480075979
16,6.918309709189362e-12,144543977074.5928,0.9999999995590984,0.9997671580059376,0.6526144961200782,69183.09709189388,6.9183097091893835
16,7.244359600749891e-12,138038426460.28867,0.9999999995399794,0.9997763602197853,0.6624187018164767,72443.59600749925,7.2443596007499185
16,7.585775750291852e-12,131825673855.64047,0.9999999995200326,0.9997852022370153,0.671994138175551,75857.75750291889,7.585775750291882
16,7.943282347242821e-12,125892541179.41663,0.9999999994992221,0.999793697989022,0.6813441520287444,79432.82347242838,7.943282347242832
16,8.317637711026709e-12,120226443461.74132,0.9999999994775108,0.9998018608764958,0.6904721218312773,83176.37711026733,8.317637711026725
16,8.709635899560796e-12,114815362149.68842,0.9999999994548596,0.999809703789242,0.6993814538915868,87096.35899560829,8.709635899560821
16,9.120108393559116e-12,109647819614.31828,0.999999999431228,0.9998172391252789,0.7080755786671056,91201.08393559151,9.120108393559143
16,9.549925860214368e-12,104712854805.08986,0.9999999994065735,0.9998244788092404,0.7165579471315726,95499.25860214414,9.549925860214406
16,1e-11,100000000000.0,0.9999999993808519,0.99983143431011,0.7248320272187412,100000.0000000002,10.00000000000001
16,1.0471285480508984e-11,95499258602.14369,0.9999999993540173,0.9998381166583041,0.7329013003469385,104712.85480509014,10.471285480509005
16,1.0964781961431828e-11,91201083935.59116,0.9999999993260213,0.9998445364621342,0.7407692580285717,109647.81961431868,10.964781961431859
16,1.148153621496884e-11,87096358995.60797,0.9999999992968142,0.9998507039236638,0.748439398568306,114815.36214968884,11.481536214968875
16,1.202264434617413e-11,83176377110.26709,0.9999999992663431,0.999856628853986,0.7559152238532469,120226.44346174186,12.022644346174175
16,1.2589254117941662e-11,79432823472.42822,0.9999999992345538,0.9998623206879393,0.7632002362381219,125892.54117941685,12.589254117941675
16,1.3182567385564101e-11,75857757502.9182,0.9999999992013894,0.9998677884982841,0.7702979355280702,131825.67385564127,13.182567385564118
16,1.3803842646028866e-11,72443596007.49892,0.9999999991667902,0.9998730410093555,0.7772118160612995,138038.42646028908,13.803842646028894
16,1.445439770745928e-11,69183097091.89363,0.9999999991306945,0.9998780866102153,0.7839453638935527,144543.97707459333,14.45439770745932
16,1.5135612484362072e-11,66069344800.75964,0.9999999990930376,0.999882933367317,0.7905020540859435,151356.1248436214,15.135612484362126
16,1.5848931924611107e-11,63095734448.01943,0.9999999990537521,0.9998875890367055,0.7968853480974334,158489.31924611135,15.848931924611122
16,1.659586907437563e-11,60255958607.435684,0.9999999990127678,0.9998920610757626,0.8030986912828917,165958.69074375663,16.59586907437565
16,1.7378008287493762e-11,57543993733.71567,0.9999999989700112,0.9998963566545207,0.8091455104973682,173780.08287493812,17.378008287493795
16,1.8197008586099825e-11,54954087385.76248,0.999999998925406,0.9999004826665557,0.8150292118069471,181970.0858609989,18.197008586099873
16,1.9054607179632443e-11,52480746024.97734,0.9999999988788723,0.9999044457394758,0.820753178306232,190546.07179632527,19.05460717963251
16,1.9952623149688828e-11,50118723362.72715,0.9999999988303268,0.9999082522450209,0.8263207680422842,199526.2314968892,19.952623149688904
16,2.089296130854041e-11,47863009232.2638,0.9999999987796827,0.9999119083087872,0.8317353120445531,208929.61308540447,20.89296130854043
16,2.187761623949552e-11,45708818961.48752,0.9999999987268495,0.9999154198195883,0.8370001124601367,218776.16239495575,21.877616239495556
16,2.29086765276777e-11,43651583224.016655,0.9999999986717328,0.9999187924384688,0.8421184407934417,229086.7652767778,22.90867652767776
16,2.3988329190194948e-11,41686938347.03346,0.9999999986142342,0.9999220316073811,0.8470935362491422,239883.29190195035,23.988329190195014
16,2.5118864315095823e-11,39810717055.34969,0.9999999985542507,0.9999251425575381,0.8519286041771196,251188.64315095934,25.118864315095912
16,2.6302679918953815e-11,38018939632.05613,0.9999999984916752,0.9999281303174536,0.8566268146178954,263026.7991895395,26.30267991895393
16,2.7542287033381634e-11,36307805477.01018,0.999999998426396,0.9999309997206824,0.8611913009468839,275422.87033381703,27.542287033381676
16,2.8840315031266117e-11,34673685045.2531,0.9999999983582963,0.9999337554132698,0.8656251586156638,288403.15031266195,28.84031503126617
16,3.019951720402019e-11,33113112148.25908,0.9999999982872547,0.9999364018609219,0.8699314439883022,301995.172040203,30.19951720402027
16,3.1622776601683794e-11,31622776601.683792,0.9999999982131443,0.999938943355907,0.8741131732706584,316227.7660168393,31.622776601683903
16,3.311311214825908e-11,30199517204.020187,0.9999999981358327,0.999941384023698,0.8781733215304629,331131.1214825925,33.11311214825922
16,3.4673685045253096e-11,28840315031.266117,0.999999998055182,0.9999437278293639,0.8821148218058783,346736.85045253177,34.673685045253144
16,3.6307805477010174e-11,27542287033.381634,0.9999999979710482,0.9999459785837221,0.8859405643001572,363078.0547701027,36.30780547701024
16,3.801893963205613e-11,26302679918.95381,0.9999999978832812,0.9999481399492577,0.8896533956599257,380189.3963205625,38.018939632056224
16,3.9810717055349695e-11,25118864315.09582,0.9999999977917244,0.9999502154458205,0.8932561183345719,398107.1705534986,39.810717055349826
16,4.168693834703364e-11,23988329190.194847,0.9999999976962145,0.9999522084561067,0.896751490014147,416869.3834703382,41.68693834703378
16,4.3651583224016655e-11,22908676527.6777,0.9999999975965811,0.9999541222309328,0.900142223143153,436515.8322401688,43.651583224016846
16,4.570881896148752e-11,21877616239.495518,0.9999999974926466,0.9999559598943114,0.9034309845075533,457088.1896148763,45.70881896148759
16,4.78630092322638e-11,20892961308.54041,0.9999999973842257,0.9999577244483336,0.9066203948923153,478630.0923226396,47.86300923226391
16,5.011872336272715e-11,19952623149.688828,0.9999999972711251,0.9999594187778678,0.9097130288067802,501187.23362727347,50.1187233627273
16,5.248074602497734e-11,19054607179.632442,0.9999999971531431,0.9999610456550783,0.9127114142751503,524807.4602497757,52.48074602497751
16,5.495408738576248e-11,18197008586.099827,0.9999999970300698,0.9999626077437754,0.9156180326893761,549540.8738576276,54.95408738576271
16,5.7543993733715666e-11,17378008287.493763,0.9999999969016856,0.9999641076035976,0.9184353187217456,575439.937337158,57.543993733715745
16,6.025595860743569e-11,16595869074.37563,0.999999996767762,0.9999655476940362,0.9211656602944805,602559.5860743588,60.25595860743582
16,6.309573444801942e-11,15848931924.61111,0.9999999966280604,0.9999669303783068,0.9238113986036733,630957.3444801964,63.095734448019584
16,6.606934480075964e-11,15135612484.362072,0.999999996482332,0.9999682579270728,0.9263748281949231,660693.4480075992,66.06934480075986
16,6.918309709189363e-11,14454397707.45928,0.9999999963303173,0.9999695325220278,0.9288581970880658,691830.9709189397,69.18309709189391
16,7.244359600749891e-11,13803842646.028866,0.999999996171746,0.9999707562593408,0.9312637069484204,724435.9600749906,72.44359600749901
16,7.585775750291851e-11,13182567385.564047,0.9999999960063356,0.9999719311529707,0.9335935133020326,758577.575029187,75.85775750291863
16,7.943282347242822e-11,12589254117.941662,0.9999999958337918,0.9999730591378528,0.935849725792423,794328.2347242847,79.4328234724284
16,8.317637711026709e-11,12022644346.17413,0.9999999956538078,0.9999741420729655,0.9380344084764198,831763.7711026742,83.17637711026735
16,8.709635899560797e-11,11481536214.96884,0.9999999954660633,0.9999751817442784,0.9401495801566878,870963.5899560838,87.09635899560831
16,9.120108393559115e-11,10964781961.43183,0.9999999952702244,0.999976179867587,0.9421972147486393,912010.8393559161,91.20108393559154
16,9.549925860214369e-11,10471285480.508986,0.9999999950659431,0.9999771380912414,0.9441792416794577,954992.586021439,95.49925860214383
16,1e-10,10000000000.0,0.999999994852856,0.9999780579987674,0.9460975463170385,1000000.000000003,99.99999999999987
16,1.0471285480508985e-10,9549925860.214369,0.9999999946305843,0.9999789411113887,0.9441792416794575,1047128.5480509026,95.49925860214348
16,1.0964781961431829e-10,9120108393.559114,0.9999999943987333,0.9999797888904526,0.942197214748639,1096478.196143188,91.20108393559089
16,1.1481536214968841e-10,8709635899.560797,0.9999999941568908,0.9999806027397612,0.9401495801566876,1148153.6214968897,87.09635899560769
16,1.2022644346174132e-10,8317637711.026708,0.9999999939046273,0.999981384007814,0.9380344084764196,1202264.4346174158,83.17637711026705
16,1.2589254117941662e-10,7943282347.242822,0.9999999936414948,0.9999821339899646,0.9358497257924229,1258925.4117941698,79.43282347242813
16,1.31825673855641e-10,7585775750.291821,0.9999999933670259,0.9999828539304929,0.9335935133020323,1318256.7385564144,75.85775750291809
16,1.3803842646028866e-10,7244359600.749891,0.9999999930807335,0.999983545024599,0.9312637069484202,1380384.264602892,72.44359600749875
16,1.445439770745928e-10,6918309709.189363,0.9999999927821094,0.9999842084203197,0.9288581970880654,1445439.770745935,69.18309709189342
16,1.5135612484362072e-10,6606934480.075964,0.9999999924706234,0.9999848452203706,0.926374828194923,1513561.2484362102,66.06934480075962
16,1.584893192461111e-10,6309573444.801943,0.999999992145723,0.9999854564839183,0.9238113986036731,1584893.1924611153,63.095734448019364
16,1.6595869074375631e-10,6025595860.743568,0.9999999918068319,0.9999860432282832,0.9211656602944804,1659586.907437568,60.25595860743561
16,1.7378008287493763e-10,5754399373.371567,0.9999999914533487,0.9999866064305762,0.9184353187217453,1737800.828749383,57.543993733715546
16,1.8197008586099825e-10,5495408738.576248,0.999999991084647,0.9999871470292739,0.9156180326893756,1819700.858609991,54.95408738576232
16,1.9054607179632522e-10,5248074602.497712,0.999999990700073,0.9999876659257307,0.9127114142751497,1905460.7179632615,52.48074602497696
16,1.9952623149688828e-10,5011872336.272715,0.9999999902989447,0.999988163985634,0.9097130288067801,1995262.314968887,50.118723362727124
16,2.0892961308540407e-10,4786300923.22638,0.9999999898805515,0.9999886420404019,0.906620394892315,2089296.130854047,47.86300923226375
16,2.1877616239495518e-10,4570881896.148752,0.9999999894441521,0.9999891008885279,0.9034309845075529,2187761.62394956,45.70881896148743
16,2.29086765276777e-10,4365158322.401666,0.9999999889889732,0.9999895412968723,0.9001422231431525,2290867.6527677802,43.651583224016534
16,2.398832919019485e-10,4168693834.7033634,0.9999999885142089,0.9999899640019041,0.8967514900141463,2398832.9190194975,41.68693834703349
16,2.511886431509582e-10,3981071705.5349693,0.9999999880190182,0.9999903697108949,0.8932561183345714,2511886.431509587,39.810717055349684
16,2.6302679918953814e-10,3801893963.2056127,0.9999999875025247,0.999990759103066,0.8896533956599253,2630267.991895389,38.01893963205609
16,2.754228703338163e-10,3630780547.701018,0.9999999869638141,0.9999911328306906,0.885940564300157,2754228.703338173,36.307805477010106
16,2.8840315031266117e-10,3467368504.5253096,0.9999999864019329,0.9999914915201545,0.8821148218058777,2884031.5031266226,34.67368504525302
16,3.0199517204020193e-10,3311311214.8259077,0.9999999858158871,0.999991835772974,0.8781733215304621,3019951.720402033,33.113112148258985
16,3.1622776601683795e-10,3162277660.1683793,0.9999999852046401,0.9999921661667748,0.8741131732706582,3162277.660168385,31.62277660168379
16,3.3113112148259076e-10,3019951720.402019,0.9999999845671108,0.9999924832562332,0.8699314439883019,3311311.2148259166,30.199517204020164
16,3.4673685045253093e-10,2884031503.1266117,0.9999999839021719,0.99999278757398,0.8656251586156635,3467368.5045253215,28.840315031266066
16,3.6307805477010177e-10,2754228703.3381634,0.9999999832086481,0.9999930796314692,0.8611913009468836,3630780.547701031,27.54228703338158
16,3.801893963205613e-10,2630267991.8953815,0.9999999824853136,0.9999933599198131,0.8566268146178948,3801893.9632056295,26.302679918953743
16,3.9810717055349694e-10,2511886431.509582,0.9999999817308903,0.9999936289105849,0.851928604177119,3981071.7055349904,25.11886431509573
16,4.1686938347033633e-10,2398832919.019485,0.9999999809440453,0.9999938870565894,0.8470935362491412,4168693.834703372,23.988329190194843
16,4.3651583224016655e-10,2290867652.76777,0.999999980123389,0.9999941347926044,0.8421184407934413,4365158.322401677,22.908676527677677
16,4.5708818961487517e-10,2187761623.949552,0.9999999792674722,0.9999943725360919,0.8370001124601364,4570881.896148768,21.877616239495477
16,4.78630092322638e-10,2089296130.854041,0.9999999783747837,0.9999946006878832,0.8317353120445524,4786300.923226401,20.892961308540354
16,5.011872336272714e-10,1995262314.968883,0.9999999774437481,0.9999948196328354,0.8263207680422832,5011872.336272741,19.952623149688762
16,5.248074602497733e-10,1905460717.9632447,0.9999999764727223,0.9999950297404636,0.8207531783062316,5248074.602497743,19.05460717963244
16,5.495408738576248e-10,1819700858.6099825,0.9999999754599932,0.9999952313655475,0.8150292118069464,5495408.738576262,18.19700858609981
16,5.754399373371567e-10,1737800828.7493763,0.9999999744037744,0.9999954248487144,0.8091455104973678,5754399.373371586,17.378008287493735
16,6.025595860743593e-10,1659586907.4375563,0.9999999733022035,0.9999956105169999,0.8030986912828909,6025595.860743616,16.595869074375532
16,6.309573444801942e-10,1584893192.461111,0.9999999721533382,0.9999957886843857,0.7968853480974329,6309573.444801971,15.848931924611065
16,6.606934480075964e-10,1513561248.4362073,0.9999999709551536,0.9999959596523168,0.7905020540859432,6606934.480075976,15.135612484362072
16,6.918309709189363e-10,1445439770.7459278,0.9999999697055381,0.9999961237101987,0.7839453638935523,6918309.70918938,14.454397707459268
16,7.244359600749891e-10,1380384264.6028867,0.9999999684022902,0.9999962811358747,0.7772118160612991,7244359.600749915,13.803842646028846
16,7.58577575029182e-10,1318256738.55641,0.9999999670431142,0.9999964321960836,0.7702979355280697,7585775.750291851,13.18256738556407
16,7.943282347242822e-10,1258925411.794166,0.9999999656256169,0.9999965771469016,0.7632002362381215,7943282.3472428555,12.589254117941628
16,8.317637711026708e-10,1202264434.6174133,0.9999999641473024,0.9999967162341646,0.7559152238532455,8317637.711026751,12.02264434617409
16,8.709635899560796e-10,1148153621.496884,0.9999999626055689,0.9999968496938749,0.7484393985683055,8709635.899560817,11.481536214968834
16,9.120108393559115e-10,1096478196.1431828,0.9999999609977032,0.9999969777525922,0.7407692580285712,9120108.39355914,10.96478196143182
16,9.549925860214368e-10,1047128548.0508986,0.9999999593208765,0.999997100627808,0.7329013003469379,9549925.860214401,10.471285480508968
16,1e-09,999999999.9999999,0.9999999575721396,0.999997218528307,0.7248320272187407,10000000.000000041,9.999999999999975
16,1.0471285480508984e-09,954992586.0214369,0.9999999557484174,0.9999973316545124,0.7165579471315715,10471285.480509037,9.549925860214337
16,1.0964781961431829e-09,912010839.3559115,0.9999999538465038,0.9999974401988191,0.7080755786671051,10964781.961431853,9.12010839355911
16,1.148153621496884e-09,870963589.9560797,0.999999951863056,0.9999975443459126,0.6993814538915861,11481536.21496887,8.70963589956079
16,1.202264434617413e-09,831763771.1026709,0.9999999497945887,0.9999976442730761,0.6904721218312766,12022644.34617417,8.317637711026697
16,1.2589254117941663e-09,794328234.7242821,0.9999999476374684,0.9999977401504855,0.6813441520287438,12589254.117941713,7.943282347242803
16,1.31825673855641e-09,758577575.0291821,0.9999999453879063,0.9999978321414918,0.6719941381755483,13182567.385564158,7.585775750291801
16,1.3803842646028865e-09,724435960.0749892,0.9999999430419528,0.9999979204028937,0.6624187018164753,13803842.646028936,7.244359600749867
16,1.445439770745928e-09,691830970.9189363,0.9999999405954898,0.999998005085198,0.6526144961200775,14454397.707459314,6.918309709189359
16,1.513561248436207e-09,660693448.0075965,0.9999999380442239,0.999998086332871,0.6425782097099599,15135612.48436212,6.606934480075955
16,1.584893192461111e-09,630957344.4801942,0.9999999353836789,0.9999981642845793,0.6323065705508393,15848931.924611172,6.309573444801929
16,1.6595869074375631e-09,602559586.0743568,0.9999999326091882,0.9999982390734209,0.6217963498830472,16595869.0743757,6.025595860743554
16,1.7378008287493762e-09,575439937.3371567,0.9999999297158864,0.9999983108271477,0.6110443661988265,17378008.28749385,5.754399373371548
16,1.8197008586099825e-09,549540873.8576249,0.9999999266987012,0.9999983796683788,0.6000474892533934,18197008.586099867,5.495408738576246
16,1.9054607179632523e-09,524807460.2497712,0.9999999235523446,0.9999984457148051,0.588802644103434,19054607.179632567,5.2480746024977085
16,1.9952623149688828e-09,501187233.6272715,0.9999999202713034,0.9999985090793867,0.5773068151653975,19952623.149688892,5.011872336272707
16,2.089296130854041e-09,478630092.322638,0.99999991684983,0.9999985698705417,0.565557050285598,20892961.308540493,4.786300923226369
16,2.1877616239495518e-09,457088189.6148752,0.9999999132819327,0.9999986281923274,0.5535504648139462,21877616.239495624,4.570881896148737
16,2.29086765276777e-09,436515832.24016654,0.9999999095613646,0.9999986841446152,0.541284245672792,22908676.52767775,4.365158322401664
16,2.3988329190194848e-09,416869383.4703364,0.9999999056816138,0.9999987378232578,0.5287556554121775,23988329.19019492,4.168693834703359
16,2.511886431509582e-09,398107170.55349696,0.9999999016358909,0.9999987893202492,0.5159620362425681,25118864.315095898,3.981071705534964
16,2.6302679918953816e-09,380189396.32056123,0.9999998974171187,0.9999988387238805,0.5029008140359519,26302679.918953918,3.8018939632056044
16,2.7542287033381634e-09,363078054.7701017,0.9999998930179188,0.9999988861188869,0.48956950228603013,27542287.03338176,3.630780547701007
16,2.8840315031266117e-09,346736850.4525309,0.9999998884305996,0.9999989315865908,0.47596570601812216,28840315.031266257,3.4673685045252984
16,3.019951720402019e-09,331131121.4825908,0.9999998836471429,0.9999989752050379,0.4620871256392899,30199517.204020258,3.3113112148259063
16,3.1622776601683795e-09,316227766.0168379,0.9999998786591896,0.9999990170491291,0.4479315607191151,31622776.60168389,3.1622776601683755
16,3.3113112148259078e-09,301995172.0402019,0.9999998734580263,0.9999990571907458,0.4334969136916009,33113112.1482592,3.019951720402013
16,3.4673685045253096e-09,288403150.3126612,0.9999998680345692,0.9999990956988716,0.418781193468566,34673685.045253254,2.8840315031266037
16,3.6307805477010177e-09,275422870.33381635,0.9999998623793492,0.999999132639708,0.40378251895505923,36307805.47701035,2.7542287033381547
16,3.8018939632056126e-09,263026799.18953815,0.9999998564824952,0.9999991680767861,0.38849912245731655,38018939.63205621,2.630267991895381
16,3.981071705534969e-09,251188643.15095824,0.9999998503337175,0.9999992020710741,0.37292935297394747,39810717.055349804,2.5118864315095792
16,4.168693834703363e-09,239883291.9019485,0.9999998439222898,0.9999992346810793,0.3570716793611798,41686938.34703376,2.398832919019482
16,4.365158322401665e-09,229086765.276777,0.9999998372370308,0.999999265962948,0.34092469336319087,43651583.22401682,2.290867652767765
16,4.570881896148752e-09,218776162.3949552,0.999999830266285,0.9999992959705589,0.3244871124987524,45708818.96148773,2.1877616239495454
16,4.78630092322638e-09,208929613.0854041,0.9999998229979031,0.9999993247556157,0.3077577827957675,47863009.23226389,2.0892961308540405
16,5.011872336272715e-09,199526231.49688828,0.9999998154192205,0.9999993523677331,0.29073568136546823,50118723.362727284,1.995262314968881
16,5.248074602497734e-09,190546071.79632443,0.9999998075170358,0.9999993788545217,0.273419918808519,52480746.02497749,1.9054607179632421
16,5.495408738576248e-09,181970085.86099827,0.9999997992775883,0.999999404261668,0.2558097414455204,54954087.385762684,1.819700858609979
16,5.754399373371566e-09,173780082.87493765,0.9999997906865344,0.9999994286330119,0.23790453336492312,57543993.73371592,1.7378008287493716
16,6.025595860743593e-09,165958690.74375564,0.999999781728923,0.9999994520106211,0.2197038182817589,60255958.60743622,1.6595869074375513
16,6.309573444801943e-09,158489319.2461111,0.9999997723891695,0.9999994744348621,0.20120726120108923,63095734.44801956,1.5848931924611105
16,6.606934480075964e-09,151356124.84362072,0.9999997626510296,0.9999994959444691,0.18241466988055965,66069344.80075983,1.5135612484362055
16,6.918309709189363e-09,144543977.0745928,0.9999997524975714,0.9999995165766089,0.16332599608704002,69183097.09189388,1.4454397707459252
16,7.244359600749891e-09,138038426.46028867,0.9999997419111465,0.9999995363669447,0.14394133664280329,72443596.00749923,1.380384264602883
16,7.58577575029182e-09,131825673.855641,0.999999730873359,0.9999995553496966,0.12426093425738782,75857757.5029186,1.3182567385564057
16,7.943282347242822e-09,125892541.17941661,0.9999997193650356,0.9999995735576992,0.10428517814178273,79432823.47242837,1.258925411794166
16,8.317637711026709e-09,120226443.46174131,0.9999997073661914,0.9999995910224577,0.08401460440229747,83176377.11026731,1.202264434617412
16,8.709635899560797e-09,114815362.14968841,0.9999996948559963,0.9999996077742019,0.06344989621204133,87096358.99560827,1.1481536214968822
16,9.120108393559115e-09,109647819.6143183,0.9999996818127396,0.9999996238419367,0.042591883758631766,91201083.93559149,1.0964781961431807
16,9.549925860214368e-09,104712854.80508986,0.9999996682137928,0.9999996392534923,0.021441543967398613,95499258.60214412,1.0471285480508956
16,1e-08,100000000.0,0.9999996540355709,0.9999996540355709,0.0,100000000.00000018,1.0
16,1.0471285480509006e-08,95499258.6021435,0.9999996392534923,0.9999996392534923,0.021441543967402055,95499258.60214344,1.0471285480509032
16,1.0964781961431851e-08,91201083.93559097,0.9999996238419367,0.9999996238419367,0.042591883758634985,91201083.93559085,1.0964781961431884
16,1.148153621496884e-08,87096358.99560797,0.9999996077742019,0.9999996077742019,0.06344989621204289,87096358.99560796,1.1481536214968862
16,1.202264434617413e-08,83176377.11026709,0.9999995910224577,0.9999995910224577,0.08401460440229891,83176377.11026701,1.2022644346174163
16,1.2589254117941661e-08,79432823.47242822,0.9999995735576992,0.9999995735576992,0.10428517814178417,79432823.47242808,1.2589254117941704
16,1.3182567385564074e-08,75857757.50291836,0.9999995553496966,0.9999995553496966,0.12426093425738916,75857757.50291833,1.3182567385564103
16,1.3803842646028838e-08,72443596.00749907,0.9999995363669447,0.9999995363669447,0.14394133664280484,72443596.00749896,1.3803842646028879
16,1.4454397707459279e-08,69183097.09189363,0.9999995165766089,0.9999995165766089,0.16332599608704135,69183097.09189363,1.4454397707459303
16,1.5135612484362072e-08,66069344.80075964,0.9999994959444691,0.9999994959444691,0.18241466988056254,66069344.80075959,1.5135612484362109
16,1.584893192461114e-08,63095734.4480193,0.9999994744348621,0.9999994744348621,0.20120726120109056,63095734.44801933,1.584893192461116
16,1.6595869074375597e-08,60255958.60743581,0.9999994520106211,0.9999994520106211,0.21970381828176155,60255958.60743579,1.659586907437563
16,1.7378008287493763e-08,57543993.73371567,0.9999994286330119,0.9999994286330119,0.23790453336492445,57543993.73371572,1.7378008287493776
16,1.8197008586099826e-08,54954087.38576248,0.999999404261668,0.999999404261668,0.2558097414455217,54954087.38576249,1.8197008586099854
16,1.9054607179632482e-08,52480746.02497723,0.9999993788545217,0.9999993788545217,0.27341991880852023,52480746.024977304,1.9054607179632488
16,1.9952623149688786e-08,50118723.362727255,0.9999993523677331,0.9999993523677331,0.29073568136546823,50118723.362727284,1.995262314968881
16,2.0892961308540408e-08,47863009.2322638,0.9999993247556157,0.9999993247556157,0.3077577827957688,47863009.23226372,2.089296130854048
16,2.1877616239495518e-08,45708818.96148752,0.9999992959705589,0.9999992959705589,0.3244871124987536,45708818.96148757,2.1877616239495534
16,2.2908676527677746e-08,43651583.22401657,0.999999265962948,0.999999265962948,0.3409246933631933,43651583.22401651,2.2908676527677816
16,2.3988329190194897e-08,41686938.34703355,0.9999992346810793,0.9999992346810793,0.357071679361181,41686938.34703361,2.3988329190194904
16,2.511886431509582e-08,39810717.05534969,0.9999992020710741,0.9999992020710741,0.3729293529739487,39810717.05534966,2.5118864315095886
16,2.6302679918953814e-08,38018939.632056125,0.9999991680767861,0.9999991680767861,0.38849912245731766,38018939.632056065,2.63026799189539
16,2.754228703338169e-08,36307805.4770101,0.999999132639708,0.999999132639708,0.40378251895506145,36307805.47701009,2.7542287033381743
16,2.8840315031266057e-08,34673685.045253165,0.9999990956988716,0.9999990956988716,0.418781193468567,34673685.04525313,2.884031503126614
16,3.0199517204020194e-08,33113112.148259073,0.9999990571907458,0.9999990571907458,0.4334969136916019,33113112.148259085,3.0199517204020236
16,3.162277660168379e-08,31622776.601683795,0.9999990170491291,0.9999990170491291,0.4479315607191161,31622776.601683773,3.1622776601683866
16,3.3113112148259144e-08,30199517.20402013,0.9999989752050379,0.9999989752050379,0.4620871256392909,30199517.20402015,3.311311214825918
16,3.4673685045253164e-08,28840315.03126606,0.9999989315865908,0.9999989315865908,0.47596570601812505,28840315.031266052,3.4673685045253233
16,3.6307805477010175e-08,27542287.033381633,0.9999988861188869,0.9999988861188869,0.489569502286031,27542287.033381663,3.6307805477010198
16,3.8018939632056126e-08,26302679.918953814,0.9999988387238805,0.9999988387238805,0.502900814035953,26302679.918953825,3.801893963205618
16,3.9810717055349776e-08,25118864.315095767,0.9999987893202492,0.9999987893202492,0.515962036242569,25118864.31509581,3.981071705534978
16,4.168693834703355e-08,23988329.1901949,0.9999987378232578,0.9999987378232578,0.5287556554121775,23988329.19019492,4.168693834703359
16,4.3651583224016566e-08,22908676.52767775,0.9999986841446152,0.9999986841446152,0.541284245672792,22908676.52767775,4.365158322401664
16,4.570881896148752e-08,21877616.23949552,0.9999986281923274,0.9999986281923274,0.553550464813947,21877616.239495546,4.570881896148754
16,4.78630092322638e-08,20892961.308540408,0.9999985698705417,0.9999985698705417,0.5655570502855989,20892961.30854042,4.786300923226387
16,5.011872336272725e-08,19952623.149688788,0.9999985090793867,0.9999985090793867,0.5773068151653983,19952623.14968882,5.011872336272725
16,5.248074602497723e-08,19054607.17963248,0.9999984457148051,0.9999984457148051,0.5888026441034346,19054607.1796325,5.248074602497727
16,5.495408738576248e-08,18197008.586099826,0.9999983796683788,0.9999983796683788,0.600047489253394,18197008.5860998,5.495408738576265
16,5.7543993733715665e-08,17378008.28749376,0.9999983108271477,0.9999983108271477,0.6110443661988273,17378008.287493788,5.754399373371569
16,6.025595860743581e-08,16595869.074375598,0.9999982390734209,0.9999982390734209,0.6217963498830492,16595869.074375583,6.025595860743596
16,6.30957344480193e-08,15848931.924611142,0.9999981642845793,0.9999981642845793,0.6323065705508399,15848931.924611114,6.309573444801951
16,6.606934480075964e-08,15135612.484362073,0.999998086332871,0.999998086332871,0.6425782097099606,15135612.484362066,6.606934480075979
16,6.918309709189362e-08,14454397.70745928,0.999998005085198,0.999998005085198,0.6526144961200782,14454397.707459262,6.9183097091893835
16,7.244359600749906e-08,13803842.646028837,0.9999979204028937,0.9999979204028937,0.6624187018164767,13803842.646028839,7.2443596007499185
16,7.585775750291836e-08,13182567.385564074,0.9999978321414918,0.9999978321414918,0.6719941381755503,13182567.385564065,7.585775750291854
16,7.943282347242822e-08,12589254.11794166,0.9999977401504855,0.9999977401504855,0.6813441520287444,12589254.117941668,7.943282347242832
16,8.317637711026709e-08,12022644.34617413,0.9999976442730761,0.9999976442730761,0.6904721218312773,12022644.346174128,8.317637711026725
16,8.709635899560814e-08,11481536.214968817,0.9999975443459126,0.9999975443459126,0.6993814538915868,11481536.214968828,8.709635899560821
16,9.120108393559096e-08,10964781.961431852,0.9999974401988191,0.9999974401988191,0.7080755786671051,10964781.961431853,9.12010839355911
16,9.549925860214369e-08,10471285.480508985,0.9999973316545124,0.9999973316545124,0.7165579471315721,10471285.480509,9.549925860214373
16,1e-07,10000000.0,0.999997218528307,0.999997218528307,0.7248320272187412,10000000.000000006,10.00000000000001
16,1.0471285480509007e-07,9549925.860214349,0.999997100627808,0.999997100627808,0.732901300346939,9549925.860214334,10.471285480509042
16,1.0964781961431852e-07,9120108.393559096,0.9999969777525922,0.9999969777525922,0.7407692580285717,9120108.393559108,10.964781961431859
16,1.148153621496884e-07,8709635.899560796,0.9999968496938749,0.9999968496938749,0.7484393985683055,8709635.899560802,11.481536214968854
16,1.2022644346174132e-07,8317637.711026708,0.9999967162341646,0.9999967162341646,0.7559152238532465,8317637.711026707,12.022644346174154
16,1.2589254117941688e-07,7943282.347242805,0.9999965771469016,0.9999965771469016,0.7632002362381228,7943282.3472428,12.589254117941719
16,1.3182567385564074e-07,7585775.7502918355,0.9999964321960836,0.9999964321960836,0.7702979355280702,7585775.750291837,13.182567385564093
16,1.380384264602884e-07,7244359.600749905,0.9999962811358747,0.9999962811358747,0.7772118160612991,7244359.600749902,13.803842646028869
16,1.445439770745928e-07,6918309.709189363,0.9999961237101987,0.9999961237101987,0.7839453638935523,6918309.7091893675,14.454397707459295
16,1.5135612484362072e-07,6606934.480075964,0.9999959596523168,0.9999959596523168,0.7905020540859432,6606934.480075964,15.135612484362099
16,1.584893192461114e-07,6309573.44480193,0.9999957886843857,0.9999957886843857,0.7968853480974342,6309573.444801926,15.848931924611179
16,1.6595869074375596e-07,6025595.860743581,0.9999956105169999,0.9999956105169999,0.8030986912828917,6025595.860743583,16.59586907437562
16,1.7378008287493762e-07,5754399.373371567,0.9999954248487144,0.9999954248487144,0.8091455104973682,5754399.373371566,17.378008287493795
16,1.8197008586099824e-07,5495408.738576248,0.9999952313655475,0.9999952313655475,0.8150292118069468,5495408.738576253,18.19700858609984
16,1.9054607179632483e-07,5248074.602497723,0.9999950297404636,0.9999950297404636,0.820753178306232,5248074.602497725,19.05460717963251
16,1.9952623149688787e-07,5011872.336272725,0.9999948196328354,0.9999948196328354,0.8263207680422835,5011872.336272722,19.952623149688833
16,2.0892961308540409e-07,4786300.923226381,0.9999946006878832,0.9999946006878832,0.8317353120445531,4786300.923226384,20.89296130854043
16,2.187761623949552e-07,4570881.8961487515,0.9999943725360919,0.9999943725360919,0.8370001124601367,4570881.8961487515,21.877616239495556
16,2.2908676527677748e-07,4365158.322401657,0.9999941347926044,0.9999941347926044,0.842118440793442,4365158.322401654,22.908676527677798
16,2.39883291901949e-07,4168693.834703355,0.9999938870565894,0.9999938870565894,0.8470935362491415,4168693.834703357,23.98832919019493
16,2.5118864315095823e-07,3981071.705534969,0.9999936289105849,0.9999936289105849,0.8519286041771196,3981071.705534969,25.118864315095866
16,2.6302679918953816e-07,3801893.9632056123,0.9999933599198131,0.9999933599198131,0.8566268146178954,3801893.9632056095,26.30267991895388
16,2.754228703338169e-07,3630780.54770101,0.9999930796314692,0.9999930796314692,0.8611913009468839,3630780.5477010114,27.542287033381726
16,2.8840315031266057e-07,3467368.504525317,0.99999278757398,0.99999278757398,0.8656251586156638,3467368.5045253155,28.84031503126612
16,3.019951720402019e-07,3311311.2148259077,0.9999924832562332,0.9999924832562332,0.8699314439883019,3311311.2148259105,30.199517204020218
16,3.162277660168379e-07,3162277.6601683795,0.9999921661667748,0.9999921661667748,0.8741131732706584,3162277.6601683795,31.622776601683846
16,3.3113112148259143e-07,3019951.720402013,0.999991835772974,0.999991835772974,0.8781733215304629,3019951.7204020116,33.11311214825922
16,3.467368504525317e-07,2884031.5031266054,0.9999914915201545,0.9999914915201545,0.8821148218058783,2884031.5031266073,34.67368504525321
16,3.6307805477010174e-07,2754228.7033381634,0.9999911328306906,0.9999911328306906,0.8859405643001572,2754228.7033381634,36.30780547701024
16,3.8018939632056126e-07,2630267.9918953814,0.999990759103066,0.999990759103066,0.8896533956599257,2630267.9918953795,38.018939632056224
16,3.981071705534977e-07,2511886.431509577,0.9999903697108949,0.9999903697108949,0.8932561183345719,2511886.431509578,39.810717055349826
16,4.168693834703355e-07,2398832.91901949,0.9999899640019041,0.9999899640019041,0.8967514900141466,2398832.919019489,41.68693834703364
16,4.365158322401656e-07,2290867.6527677746,0.9999895412968723,0.9999895412968723,0.9001422231431525,2290867.6527677765,43.65158322401661
16,4.5708818961487516e-07,2187761.623949552,0.9999891008885279,0.9999891008885279,0.9034309845075533,2187761.6239495524,45.70881896148759
16,4.78630092322638e-07,2089296.130854041,0.9999886420404019,0.9999886420404019,0.9066203948923153,2089296.1308540395,47.86300923226391
16,5.011872336272725e-07,1995262.3149688789,0.999988163985634,0.999988163985634,0.9097130288067802,1995262.31496888,50.1187233627273
16,5.248074602497723e-07,1905460.7179632483,0.9999876659257307,0.9999876659257307,0.91271141427515,1905460.717963248,52.48074602497733
16,5.495408738576248e-07,1819700.8586099825,0.9999871470292739,0.9999871470292739,0.9156180326893759,1819700.8586099814,54.95408738576261
16,5.754399373371567e-07,1737800.8287493763,0.9999866064305762,0.9999866064305762,0.9184353187217456,1737800.8287493768,57.543993733715745
16,6.025595860743581e-07,1659586.9074375597,0.9999860432282832,0.9999860432282832,0.9211656602944807,1659586.9074375592,60.25595860743593
16,6.30957344480193e-07,1584893.1924611141,0.9999854564839183,0.9999854564839183,0.9238113986036731,1584893.1924611153,63.095734448019364
16,6.606934480075964e-07,1513561.2484362072,0.9999848452203706,0.9999848452203706,0.926374828194923,1513561.2484362074,66.06934480075974
16,6.918309709189363e-07,1445439.770745928,0.9999842084203197,0.9999842084203197,0.9288581970880656,1445439.7707459272,69.18309709189379
16,7.244359600749906e-07,1380384.264602884,0.999983545024599,0.999983545024599,0.9312637069484205,1380384.2646028849,72.44359600749914
16,7.585775750291836e-07,1318256.7385564074,0.9999828539304929,0.9999828539304929,0.9335935133020326,1318256.7385564074,75.8577575029185
16,7.943282347242821e-07,1258925.4117941663,0.9999821339899646,0.9999821339899646,0.935849725792423,1258925.4117941654,79.4328234724284
16,8.317637711026709e-07,1202264.4346174132,0.999981384007814,0.999981384007814,0.9380344084764197,1202264.4346174134,83.1763771102672
16,8.709635899560814e-07,1148153.6214968818,0.9999806027397612,0.9999806027397612,0.9401495801566878,1148153.6214968816,87.09635899560831
16,9.120108393559096e-07,1096478.1961431853,0.9999797888904526,0.9999797888904526,0.942197214748639,1096478.196143186,91.20108393559104
16,9.549925860214369e-07,1047128.5480508985,0.9999789411113887,0.9999789411113887,0.9441792416794577,1047128.5480508988,95.49925860214383
16,1e-06,1000000.0,0.9999780579987674,0.9999780579987674,0.9460975463170385,999999.9999999995,99.99999999999987
16,1.0471285480509007e-06,954992.586021435,0.9999771380912414,0.9999771380912414,0.9441792416794575,954992.5860214357,95.49925860214348
16,1.096478196143185e-06,912010.8393559096,0.999976179867587,0.999976179867587,0.942197214748639,912010.8393559096,91.20108393559089
16,1.148153621496884e-06,870963.5899560797,0.9999751817442784,0.9999751817442784,0.9401495801566876,870963.5899560791,87.09635899560784
16,1.2022644346174132e-06,831763.7711026708,0.9999741420729655,0.9999741420729655,0.9380344084764196,831763.7711026713,83.17637711026705
16,1.2589254117941687e-06,794328.2347242805,0.9999730591378528,0.9999730591378528,0.9358497257924228,794328.2347242804,79.43282347242798
16,1.3182567385564074e-06,758577.5750291836,0.9999719311529707,0.9999719311529707,0.9335935133020323,758577.575029183,75.85775750291823
16,1.3803842646028865e-06,724435.9600749891,0.9999707562593408,0.9999707562593408,0.9312637069484204,724435.9600749894,72.44359600749888
16,1.445439770745928e-06,691830.9709189363,0.9999695325220278,0.9999695325220278,0.9288581970880655,691830.970918936,69.18309709189354
16,1.5135612484362072e-06,660693.4480075964,0.9999682579270728,0.9999682579270728,0.926374828194923,660693.4480075968,66.06934480075962
16,1.584893192461114e-06,630957.344480193,0.9999669303783068,0.9999669303783068,0.923811398603673,630957.344480193,63.09573444801925
16,1.6595869074375596e-06,602559.5860743581,0.9999655476940362,0.9999655476940362,0.9211656602944804,602559.5860743576,60.255958607435716
16,1.7378008287493763e-06,575439.9373371566,0.9999641076035976,0.9999641076035976,0.9184353187217453,575439.937337157,57.543993733715645
16,1.8197008586099826e-06,549540.8738576248,0.9999626077437754,0.9999626077437754,0.9156180326893758,549540.8738576247,54.95408738576242
16,1.9054607179632483e-06,524807.4602497723,0.9999610456550783,0.9999610456550783,0.9127114142751499,524807.4602497718,52.480746024977144
16,1.9952623149688787e-06,501187.23362727254,0.9999594187778678,0.9999594187778678,0.9097130288067802,501187.2336272726,50.118723362727216
16,2.0892961308540407e-06,478630.0923226381,0.9999577244483336,0.9999577244483336,0.906620394892315,478630.09232263785,47.86300923226375
16,2.1877616239495517e-06,457088.1896148752,0.9999559598943114,0.9999559598943114,0.9034309845075531,457088.1896148755,45.70881896148751
16,2.2908676527677747e-06,436515.8322401656,0.9999541222309328,0.9999541222309328,0.9001422231431525,436515.83224016574,43.651583224016534
16,2.3988329190194897e-06,416869.3834703355,0.9999522084561067,0.9999522084561067,0.8967514900141463,416869.3834703352,41.68693834703349
16,2.5118864315095823e-06,398107.1705534969,0.9999502154458205,0.9999502154458205,0.8932561183345714,398107.17055349716,39.810717055349684
16,2.6302679918953812e-06,380189.3963205613,0.9999481399492577,0.9999481399492577,0.8896533956599253,380189.3963205612,38.01893963205609
16,2.754228703338169e-06,363078.05477010104,0.9999459785837221,0.9999459785837221,0.8859405643001568,363078.05477010075,36.30780547701004
16,2.884031503126606e-06,346736.85045253165,0.9999437278293639,0.9999437278293639,0.8821148218058783,346736.85045253177,34.673685045253144
16,3.0199517204020193e-06,331131.12148259074,0.999941384023698,0.999941384023698,0.8781733215304623,331131.1214825907,33.11311214825904
16,3.162277660168379e-06,316227.76601683797,0.999938943355907,0.999938943355907,0.8741131732706582,316227.7660168382,31.62277660168379
16,3.3113112148259145e-06,301995.1720402013,0.9999364018609219,0.9999364018609219,0.8699314439883017,301995.1720402014,30.19951720402011
16,3.467368504525317e-06,288403.15031266055,0.9999337554132698,0.9999337554132698,0.8656251586156632,288403.15031266044,28.840315031266016
16,3.6307805477010175e-06,275422.87033381633,0.9999309997206824,0.9999309997206824,0.8611913009468836,275422.8703338165,27.542287033381626
16,3.801893963205613e-06,263026.7991895381,0.9999281303174536,0.9999281303174536,0.856626814617895,263026.7991895381,26.30267991895379
16,3.981071705534978e-06,251188.64315095768,0.9999251425575381,0.9999251425575381,0.851928604177119,251188.64315095753,25.11886431509573
16,4.168693834703355e-06,239883.291901949,0.9999220316073811,0.9999220316073811,0.8470935362491415,239883.29190194907,23.988329190194886
16,4.365158322401665e-06,229086.76527677703,0.9999187924384688,0.9999187924384688,0.8421184407934413,229086.76527677698,22.908676527677677
16,4.570881896148752e-06,218776.16239495517,0.9999154198195883,0.9999154198195883,0.8370001124601367,218776.16239495538,21.877616239495516
16,4.78630092322638e-06,208929.6130854041,0.9999119083087872,0.9999119083087872,0.8317353120445528,208929.6130854041,20.892961308540393
16,5.011872336272725e-06,199526.23149688786,0.9999082522450209,0.9999082522450209,0.8263207680422832,199526.23149688778,19.952623149688762
16,5.248074602497723e-06,190546.07179632483,0.9999044457394758,0.9999044457394758,0.820753178306232,190546.07179632492,19.054607179632477
16,5.4954087385762485e-06,181970.08586099825,0.9999004826665557,0.9999004826665557,0.8150292118069464,181970.08586099825,18.19700858609981
16,5.754399373371567e-06,173780.08287493762,0.9998963566545207,0.9998963566545207,0.8091455104973678,173780.08287493748,17.378008287493735
16,6.025595860743581e-06,165958.690743756,0.9998920610757626,0.9998920610757626,0.8030986912828914,165958.69074375604,16.59586907437559
16,6.30957344480193e-06,158489.3192461114,0.9998875890367055,0.9998875890367055,0.7968853480974334,158489.31924611135,15.848931924611122
16,6.606934480075964e-06,151356.12484362072,0.999882933367317,0.999882933367317,0.7905020540859428,151356.12484362058,15.135612484362046
16,6.9183097091893625e-06,144543.9770745928,0.9998780866102153,0.9998780866102153,0.7839453638935523,144543.9770745928,14.454397707459268
16,7.244359600749906e-06,138038.42646028838,0.9998730410093555,0.9998730410093555,0.7772118160612986,138038.42646028832,13.803842646028821
16,7.585775750291836e-06,131825.67385564075,0.9998677884982841,0.9998677884982841,0.7702979355280697,131825.6738556408,13.18256738556407
16,7.943282347242822e-06,125892.54117941661,0.9998623206879393,0.9998623206879393,0.7632002362381219,125892.54117941663,12.589254117941652
16,8.31763771102671e-06,120226.4434617413,0.999856628853986,0.999856628853986,0.7559152238532459,120226.44346174122,12.022644346174111
16,8.709635899560814e-06,114815.36214968817,0.9998507039236638,0.9998507039236638,0.7484393985683051,114815.36214968823,11.481536214968813
16,9.120108393559096e-06,109647.81961431852,0.9998445364621342,0.9998445364621342,0.7407692580285712,109647.81961431848,10.96478196143184
16,9.549925860214369e-06,104712.85480508985,0.9998381166583041,0.9998381166583041,0.7329013003469379,104712.85480508977,10.471285480508968
16,9.999999999999999e-06,100000.00000000001,0.99983143431011,0.99983143431011,0.7248320272187407,100000.00000000001,9.999999999999993
16,1.0471285480509006e-05,95499.2586021435,0.9998244788092404,0.9998244788092404,0.7165579471315715,95499.25860214347,9.549925860214337
16,1.096478196143185e-05,91201.08393559097,0.9998172391252789,0.9998172391252789,0.7080755786671051,91201.08393559103,9.120108393559095
16,1.1481536214968841e-05,87096.35899560797,0.999809703789242,0.999809703789242,0.6993814538915861,87096.35899560798,8.70963589956079
16,1.202264434617413e-05,83176.37711026709,0.9998018608764958,0.9998018608764958,0.6904721218312766,83176.37711026703,8.317637711026697
16,1.2589254117941688e-05,79432.82347242805,0.999793697989022,0.999793697989022,0.6813441520287438,79432.8234724281,7.943282347242803
16,1.3182567385564074e-05,75857.75750291836,0.9997852022370153,0.9997852022370153,0.671994138175549,75857.75750291835,7.585775750291828
16,1.3803842646028866e-05,72443.59600749891,0.9997763602197853,0.9997763602197853,0.6624187018164753,72443.59600749885,7.244359600749879
16,1.445439770745928e-05,69183.09709189362,0.9997671580059376,0.9997671580059376,0.6526144961200775,69183.09709189365,6.918309709189359
16,1.5135612484362071e-05,66069.34480075965,0.9997575811128084,0.9997575811128084,0.6425782097099599,66069.34480075962,6.606934480075955
16,1.584893192461114e-05,63095.7344480193,0.999747614485126,0.999747614485126,0.6323065705508393,63095.73444801934,6.309573444801929
16,1.6595869074375598e-05,60255.9586074358,0.9997372424728712,0.9997372424728712,0.6217963498830479,60255.95860743581,6.025595860743575
16,1.7378008287493764e-05,57543.993733715666,0.999726448808308,0.999726448808308,0.6110443661988273,57543.99373371563,5.754399373371558
16,1.8197008586099824e-05,54954.08738576249,0.9997152165821536,0.9997152165821536,0.6000474892533934,54954.087385762505,5.495408738576246
16,1.9054607179632484e-05,52480.74602497723,0.9997035282188593,0.9997035282188593,0.5888026441034346,52480.74602497723,5.248074602497718
16,1.9952623149688786e-05,50118.72336272725,0.9996913654509686,0.9996913654509686,0.5773068151653983,50118.723362727294,5.011872336272725
16,2.089296130854041e-05,47863.0092322638,0.9996787092925207,0.9996787092925207,0.565557050285598,47863.00923226382,4.786300923226378
16,2.187761623949552e-05,45708.818961487515,0.9996655400114645,0.9996655400114645,0.5535504648139462,45708.8189614875,4.570881896148745
16,2.2908676527677746e-05,43651.58322401657,0.9996518371010501,0.9996518371010501,0.5412842456727911,43651.5832240166,4.365158322401657
16,2.3988329190194897e-05,41686.93834703355,0.9996375792501597,0.9996375792501597,0.5287556554121766,41686.93834703355,4.168693834703352
16,2.5118864315095822e-05,39810.71705534969,0.9996227443125417,0.9996227443125417,0.5159620362425681,39810.717055349676,3.981071705534964
16,2.6302679918953814e-05,38018.93963205613,0.9996073092749087,0.9996073092749087,0.5029008140359519,38018.93963205614,3.801893963205611
16,2.754228703338169e-05,36307.8054770101,0.9995912502238609,0.9995912502238609,0.48956950228603013,36307.8054770101,3.630780547701007
16,2.8840315031266056e-05,34673.685045253165,0.9995745423115932,0.9995745423115932,0.47596570601812405,34673.685045253136,3.467368504525311
16,3.0199517204020192e-05,33113.112148259075,0.9995571597203431,0.9995571597203431,0.4620871256392899,33113.11214825909,3.3113112148259063
16,3.1622776601683795e-05,31622.776601683792,0.9995390756255375,0.9995390756255375,0.4479315607191151,31622.77660168378,3.1622776601683755
16,3.3113112148259144e-05,30199.51720402013,0.9995202621575908,0.9995202621575908,0.4334969136916009,30199.517204020158,3.019951720402013
16,3.467368504525317e-05,28840.31503126606,0.9995006903623118,0.9995006903623118,0.418781193468566,28840.315031266062,2.8840315031266037
16,3.6307805477010174e-05,27542.287033381635,0.9994803301598666,0.9994803301598666,0.40378251895505923,27542.28703338162,2.7542287033381596
16,3.8018939632056124e-05,26302.679918953818,0.9994591503022526,0.9994591503022526,0.38849912245731655,26302.67991895383,2.630267991895381
16,3.9810717055349776e-05,25118.86431509577,0.9994371183292308,0.9994371183292308,0.37292935297394636,25118.864315095772,2.511886431509575
16,4.168693834703355e-05,23988.329190194898,0.9994142005226633,0.9994142005226633,0.357071679361181,23988.32919019488,2.398832919019486
16,4.3651583224016654e-05,22908.6765276777,0.9993903618592044,0.9993903618592044,0.34092469336319087,22908.67652767771,2.290867652767769
16,4.5708818961487516e-05,21877.61623949552,0.999365565961287,0.999365565961287,0.3244871124987536,21877.616239495514,2.1877616239495494
16,4.7863009232263804e-05,20892.96130854041,0.9993397750463492,0.9993397750463492,0.3077577827957675,20892.961308540423,2.0892961308540405
16,5.011872336272725e-05,19952.62314968879,0.9993129498742409,0.9993129498742409,0.29073568136546823,19952.623149688792,1.9952623149688775
16,5.248074602497723e-05,19054.607179632483,0.9992850496927508,0.9992850496927508,0.273419918808519,19054.607179632472,1.9054607179632455
16,5.495408738576248e-05,18197.008586099826,0.9992560321811897,0.9992560321811897,0.2558097414455204,18197.008586099837,1.819700858609982
16,5.7543993733715664e-05,17378.00828749376,0.9992258533919682,0.9992258533919682,0.23790453336492445,17378.00828749376,1.7378008287493745
16,6.0255958607435806e-05,16595.869074375598,0.9991944676901006,0.9991944676901006,0.21970381828176022,16595.869074375587,1.659586907437557
16,6.309573444801929e-05,15848.931924611143,0.9991618276905677,0.9991618276905677,0.20120726120109056,15848.931924611146,1.5848931924611134
16,6.606934480075965e-05,15135.612484362071,0.99912788419347,0.99912788419347,0.18241466988055965,15135.61248436207,1.5135612484362055
16,6.918309709189363e-05,14454.39770745928,0.9990925861168969,0.9990925861168969,0.16332599608704002,14454.397707459291,1.4454397707459279
16,7.244359600749906e-05,13803.842646028837,0.99905588042744,0.99905588042744,0.14394133664280329,13803.842646028841,1.380384264602883
16,7.585775750291836e-05,13182.567385564074,0.9990177120682748,0.9990177120682748,0.12426093425738782,13182.567385564067,1.3182567385564057
16,7.943282347242822e-05,12589.25411794166,0.9989780238847313,0.9989780238847313,0.10428517814178273,12589.254117941671,1.258925411794166
16,8.317637711026709e-05,12022.644346174131,0.9989367565472748,0.9989367565472748,0.08401460440229747,12022.644346174131,1.202264434617412
16,8.709635899560814e-05,11481.536214968817,0.9988938484718146,0.9988938484718146,0.06344989621204133,11481.53621496881,1.1481536214968802
16,9.120108393559096e-05,10964.78196143185,0.9988492357372568,0.9988492357372568,0.04259188375863343,10964.781961431856,1.0964781961431846
16,9.549925860214369e-05,10471.285480508985,0.9988028520002129,0.9988028520002129,0.02144154396740028,10471.285480508985,1.0471285480508974
16,0.0001,10000.0,0.9987546284067784,0.9987546284067784,0.0,9999.99999999999,1.0000000000000018
16,0.00010471285480508985,9549.92586021437,0.9987044935012884,0.9987044935012884,0.02144154396740028,9549.92586021437,1.0471285480508994
16,0.00010964781961431873,9120.108393559078,0.9986523731319579,0.9986523731319579,0.042591883758634985,9120.108393559076,1.0964781961431884
16,0.0001148153621496884,8709.635899560797,0.9985981903533111,0.9985981903533111,0.06344989621204289,8709.635899560804,1.1481536214968842
16,0.00012022644346174131,8317.63771102671,0.9985418653253032,0.9985418653253032,0.08401460440229891,8317.63771102671,1.202264434617414
16,0.0001258925411794166,7943.282347242822,0.9984833152090328,0.9984833152090328,0.10428517814178417,7943.282347242815,1.2589254117941682
16,0.000131825673855641,7585.77575029182,0.9984224540589441,0.9984224540589441,0.12426093425738916,7585.775750291826,1.3182567385564103
16,0.00013803842646028865,7244.359600749892,0.998359192711414,0.998359192711414,0.14394133664280484,7244.359600749891,1.3803842646028879
16,0.0001445439770745928,6918.309709189362,0.9982934386696163,0.9982934386696163,0.16332599608704135,6918.309709189357,1.4454397707459303
16,0.00015135612484362072,6606.9344800759645,0.9982250959845551,0.9982250959845551,0.1824146698805612,6606.934480075965,1.5135612484362082
16,0.0001584893192461111,6309.573444801943,0.9981540651321542,0.9981540651321542,0.20120726120109056,6309.573444801938,1.5848931924611134
16,0.00016595869074375631,6025.595860743569,0.9980802428862902,0.9980802428862902,0.21970381828176155,6025.595860743563,1.659586907437566
16,0.00017378008287493763,5754.399373371566,0.9980035221876505,0.9980035221876505,0.23790453336492445,5754.399373371567,1.7378008287493776
16,0.00018197008586099826,5495.408738576248,0.9979237920083013,0.9979237920083013,0.2558097414455217,5495.408738576244,1.8197008586099854
16,0.00019054607179632443,5248.074602497733,0.9978409372118394,0.9978409372118394,0.273419918808519,5248.074602497735,1.9054607179632455
16,0.00019952623149688828,5011.872336272715,0.9977548384090108,0.9977548384090108,0.29073568136546957,5011.872336272715,1.9952623149688846
16,0.0002089296130854041,4786.30092322638,0.9976653718086645,0.9976653718086645,0.3077577827957675,4786.300923226377,2.089296130854044
16,0.00021877616239495518,4570.881896148751,0.997572409063919,0.997572409063919,0.3244871124987536,4570.881896148753,2.1877616239495534
16,0.00022908676527677702,4365.158322401665,0.9974758171134072,0.9974758171134072,0.3409246933631921,4365.158322401663,2.290867652767773
16,0.00023988329190194948,4168.6938347033465,0.9973754580174714,0.9973754580174714,0.3570716793611821,4168.693834703343,2.398832919019499
16,0.0002511886431509582,3981.071705534969,0.9972711887891725,0.9972711887891725,0.37292935297394747,3981.07170553497,2.5118864315095837
16,0.00026302679918953814,3801.8939632056126,0.9971628612199765,0.9971628612199765,0.38849912245731766,3801.8939632056104,2.6302679918953853
16,0.00027542287033381635,3630.7805477010174,0.9970503216999832,0.9970503216999832,0.40378251895506034,3630.780547701019,2.7542287033381645
16,0.00028840315031266115,3467.3685045253096,0.9969334110325538,0.9969334110325538,0.418781193468567,3467.36850452531,2.884031503126614
16,0.0003019951720402019,3311.311214825908,0.9968119642432001,0.9968119642432001,0.4334969136916019,3311.3112148259056,3.0199517204020236
16,0.00031622776601683794,3162.277660168379,0.9966858103825866,0.9966858103825866,0.4479315607191161,3162.2776601683804,3.1622776601683813
16,0.0003311311214825908,3019.951720402019,0.9965547723235075,0.9965547723235075,0.4620871256392899,3019.9517204020176,3.311311214825912
16,0.0003467368504525324,2884.0315031265995,0.9964186665516861,0.9964186665516861,0.47596570601812505,2884.0315031266005,3.4673685045253264
16,0.0003630780547701018,2754.228703338163,0.9962773029502542,0.9962773029502542,0.489569502286031,2754.228703338164,3.6307805477010198
16,0.00038018939632056124,2630.267991895382,0.9961304845777601,0.9961304845777601,0.5029008140359519,2630.2679918953822,3.8018939632056146
16,0.0003981071705534969,2511.886431509582,0.9959780074395583,0.9959780074395583,0.5159620362425681,2511.8864315095834,3.981071705534971
16,0.00041686938347033637,2398.832919019485,0.9958196602524282,0.9958196602524282,0.5287556554121775,2398.8329190194854,4.168693834703366
16,0.00043651583224016654,2290.86765276777,0.9956552242022731,0.9956552242022731,0.541284245672792,2290.867652767771,4.365158322401668
16,0.00045708818961487515,2187.761623949552,0.9954844726947495,0.9954844726947495,0.553550464813947,2187.761623949553,4.570881896148754
16,0.00047863009232263805,2089.2961308540407,0.9953071710986717,0.9953071710986717,0.5655570502855989,2089.29613085404,4.786300923226387
16,0.0005011872336272735,1995.2623149688748,0.995123076482046,0.995123076482046,0.5773068151653991,1995.2623149688752,5.011872336272738
16,0.0005248074602497734,1905.4607179632444,0.9949319373405806,0.9949319373405806,0.5888026441034355,1905.460717963245,5.248074602497736
16,0.0005495408738576248,1819.7008586099828,0.9947334933185217,0.9947334933185217,0.6000474892533934,1819.7008586099832,5.49540873857625
16,0.0005754399373371566,1737.8008287493763,0.9945274749216699,0.9945274749216699,0.6110443661988273,1737.8008287493758,5.754399373371574
16,0.0006025595860743568,1659.5869074375632,0.9943136032224253,0.9943136032224253,0.6217963498830479,1659.5869074375626,6.025595860743575
16,0.0006309573444801943,1584.8931924611109,0.9940915895567197,0.9940915895567197,0.6323065705508399,1584.8931924611115,6.309573444801946
16,0.0006606934480075965,1513.561248436207,0.9938611352126894,0.9938611352126894,0.6425782097099606,1513.5612484362066,6.606934480075973
16,0.0006918309709189362,1445.439770745928,0.9936219311109489,0.9936219311109489,0.6526144961200775,1445.4397707459275,6.918309709189371
16,0.0007244359600749891,1380.3842646028868,0.9933736574763274,0.9933736574763274,0.662418701816476,1380.3842646028863,7.244359600749899
16,0.0007585775750291852,1318.2567385564048,0.9931159835009323,0.9931159835009323,0.6719941381755503,1318.2567385564053,7.585775750291854
16,0.0007943282347242822,1258.9254117941662,0.9928485669984091,0.9928485669984091,0.6813441520287444,1258.9254117941657,7.943282347242832
16,0.0008317637711026709,1202.2644346174131,0.9925710540492712,0.9925710540492712,0.6904721218312773,1202.2644346174127,8.317637711026718
16,0.0008709635899560796,1148.1536214968842,0.9922830786371774,0.9922830786371774,0.6993814538915868,1148.153621496884,8.709635899560805
16,0.0009120108393559115,1096.478196143183,0.9919842622760408,0.9919842622760408,0.7080755786671051,1096.4781961431834,9.12010839355912
16,0.0009549925860214369,1047.1285480508984,0.9916742136278588,0.9916742136278588,0.7165579471315726,1047.1285480508982,9.54992586021438
16,0.001,1000.0,0.9913525281111593,0.9913525281111593,0.7248320272187412,999.9999999999998,10.00000000000001
16,0.0010471285480508985,954.9925860214369,0.9910187874999685,0.9910187874999685,0.7329013003469385,954.9925860214368,10.471285480508996
16,0.0010964781961431873,912.0108393559078,0.9906725595132104,0.9906725595132104,0.7407692580285723,912.0108393559075,10.964781961431887
16,0.001148153621496884,870.9635899560797,0.9903133973944582,0.9903133973944582,0.7484393985683055,870.9635899560794,11.481536214968854
16,0.001202264434617413,831.763771102671,0.9899408394819688,0.9899408394819688,0.7559152238532465,831.7637711026707,12.022644346174143
16,0.0012589254117941662,794.3282347242822,0.9895544087689376,0.9895544087689376,0.7632002362381219,794.3282347242821,12.589254117941675
16,0.0013182567385564101,758.5775750291821,0.9891536124539289,0.9891536124539289,0.7702979355280702,758.5775750291817,13.182567385564118
16,0.0013803842646028866,724.4359600749891,0.9887379414814401,0.9887379414814401,0.7772118160612995,724.4359600749889,13.803842646028881
16,0.001445439770745928,691.8309709189363,0.9883068700725809,0.9883068700725809,0.7839453638935523,691.8309709189361,14.454397707459295
16,0.0015135612484362072,660.6934480075964,0.9878598552458528,0.9878598552458528,0.7905020540859432,660.6934480075964,15.135612484362087
16,0.0015848931924611173,630.9573444801918,0.9873963363280376,0.9873963363280376,0.7968853480974342,630.9573444801915,15.848931924611193
16,0.001659586907437563,602.5595860743568,0.986915734455213,0.986915734455213,0.8030986912828917,602.5595860743567,16.59586907437565
16,0.0017378008287493763,575.4399373371567,0.9864174520639352,0.9864174520639352,0.8091455104973682,575.4399373371566,17.37800828749378
16,0.0018197008586099824,549.5408738576249,0.9859008723726419,0.9859008723726419,0.8150292118069468,549.5408738576248,18.19700858609984
16,0.0019054607179632443,524.8074602497734,0.9853653588533543,0.9853653588533543,0.820753178306232,524.8074602497734,19.05460717963246
16,0.001995262314968883,501.1872336272715,0.98481025469377,0.98481025469377,0.8263207680422838,501.1872336272714,19.95262314968885
16,0.0020892961308540407,478.63009232263806,0.9842348822498677,0.9842348822498677,0.8317353120445531,478.630092322638,20.89296130854043
16,0.002187761623949552,457.08818961487515,0.9836385424891606,0.9836385424891606,0.8370001124601367,457.0881896148752,21.877616239495538
16,0.00229086765276777,436.5158322401665,0.983020514424767,0.983020514424767,0.8421184407934417,436.5158322401666,22.908676527677716
16,0.0023988329190194947,416.8693834703347,0.9823800545404854,0.9823800545404854,0.8470935362491419,416.8693834703346,23.98832919019497
16,0.002511886431509582,398.1071705534969,0.9817163962070927,0.9817163962070927,0.8519286041771194,398.1071705534969,25.118864315095845
16,0.0026302679918953813,380.1893963205613,0.9810287490901126,0.9810287490901126,0.856626814617895,380.1893963205613,26.302679918953835
16,0.0027542287033381634,363.07805477010174,0.9803162985493278,0.9803162985493278,0.8611913009468836,363.0780547701018,27.54228703338165
16,0.0028840315031266116,346.736850452531,0.9795782050303459,0.9795782050303459,0.8656251586156638,346.7368504525309,28.840315031266144
16,0.003019951720402019,331.13112148259074,0.9788136034485586,0.9788136034485586,0.8699314439883019,331.13112148259074,30.199517204020218
16,0.0031622776601683794,316.2277660168379,0.9780216025658687,0.9780216025658687,0.8741131732706582,316.22776601683796,31.622776601683817
16,0.003311311214825908,301.9951720402019,0.9772012843605973,0.9772012843605973,0.8781733215304623,301.99517204020196,33.1131121482591
16,0.0034673685045253236,288.40315031266,0.9763517033910198,0.9763517033910198,0.8821148218058785,288.40315031266,34.67368504525327
16,0.0036307805477010175,275.4228703338163,0.9754718861530198,0.9754718861530198,0.8859405643001572,275.4228703338163,36.307805477010206
16,0.0038018939632056127,263.02679918953817,0.9745608304323903,0.9745608304323903,0.8896533956599255,263.02679918953817,38.01893963205615
16,0.003981071705534969,251.18864315095823,0.9736175046523539,0.9736175046523539,0.8932561183345716,251.18864315095828,39.81071705534972
16,0.004168693834703364,239.88329190194847,0.9726408472169215,0.9726408472169215,0.8967514900141468,239.8832919019485,41.686938347033674
16,0.004365158322401665,229.08676527677702,0.9716297658507501,0.9716297658507501,0.9001422231431527,229.08676527677702,43.65158322401669
16,0.004570881896148752,218.77616239495518,0.9705831369362113,0.9705831369362113,0.9034309845075531,218.77616239495524,45.70881896148755
16,0.00478630092322638,208.9296130854041,0.9694998048484312,0.9694998048484312,0.906620394892315,208.92961308540416,47.863009232263835
16,0.005011872336272735,199.52623149688748,0.9683785812891141,0.9683785812891141,0.9097130288067804,199.52623149688748,50.118723362727394
16,0.005248074602497733,190.54607179632444,0.9672182446200122,0.9672182446200122,0.9127114142751502,190.54607179632447,52.48074602497738
16,0.005495408738576248,181.97008586099827,0.9660175391969613,0.9660175391969613,0.9156180326893758,181.9700858609983,54.95408738576252
16,0.005754399373371567,173.78008287493762,0.964775174705458,0.964775174705458,0.9184353187217456,173.78008287493768,57.543993733715695
16,0.006025595860743568,165.9586907437563,0.9634898254988074,0.9634898254988074,0.9211656602944804,165.95869074375636,60.255958607435716
16,0.006309573444801942,158.4893192461111,0.9621601299399346,0.9621601299399346,0.9238113986036731,158.4893192461111,63.09573444801947
16,0.006606934480075964,151.3561248436207,0.9607846897480126,0.9607846897480126,0.926374828194923,151.35612484362076,66.06934480075968
16,0.006918309709189363,144.5439770745928,0.9593620693511126,0.9593620693511126,0.9288581970880655,144.54397707459285,69.18309709189366
16,0.007244359600749891,138.03842646028866,0.9578907952461615,0.9578907952461615,0.9312637069484204,138.0384264602886,72.44359600749901
16,0.0075857757502918515,131.82567385564047,0.9563693553675383,0.9563693553675383,0.9335935133020326,131.8256738556405,75.85775750291856
16,0.00794328234724282,125.89254117941663,0.9547961984657187,0.9547961984657187,0.935849725792423,125.89254117941665,79.43282347242825
16,0.008317637711026709,120.22644346174131,0.9531697334974341,0.9531697334974341,0.9380344084764197,120.22644346174135,83.17637711026713
16,0.008709635899560796,114.81536214968841,0.9514883290288856,0.9514883290288856,0.9401495801566877,114.81536214968847,87.096358995608
16,0.009120108393559116,109.64781961431828,0.9497503126536149,0.9497503126536149,0.9421972147486392,109.64781961431831,91.20108393559121
16,0.00954992586021437,104.71285480508985,0.9479539704267033,0.9479539704267034,0.9441792416794577,104.71285480508989,95.49925860214374
16,0.01,100.0,0.9460975463170385,0.9460975463170385,0.9460975463170385,99.99999999999996,99.99999999999996
16,0.010471285480508985,95.49925860214368,0.9441792416794575,0.9441792416794575,0.9441792416794575,95.49925860214366,95.49925860214366
16,0.010964781961431873,91.20108393559079,0.9421972147486389,0.9421972147486389,0.9421972147486389,91.2010839355908,91.2010839355908
16,0.01148153621496884,87.09635899560797,0.9401495801566877,0.9401495801566877,0.9401495801566877,87.096358995608,87.096358995608
16,0.012022644346174132,83.17637711026708,0.9380344084764195,0.9380344084764196,0.9380344084764196,83.17637711026705,83.17637711026705
16,0.012589254117941661,79.43282347242823,0.935849725792423,0.9358497257924229,0.9358497257924229,79.4328234724282,79.4328234724282
16,0.0131825673855641,75.8577575029182,0.9335935133020323,0.9335935133020323,0.9335935133020323,75.85775750291823,75.85775750291823
16,0.013803842646028866,72.44359600749891,0.9312637069484204,0.9312637069484204,0.9312637069484204,72.44359600749894,72.44359600749894
16,0.01445439770745928,69.18309709189363,0.9288581970880655,0.9288581970880655,0.9288581970880655,69.1830970918936,69.1830970918936
16,0.015135612484362071,66.06934480075965,0.926374828194923,0.926374828194923,0.926374828194923,66.06934480075962,66.06934480075962
16,0.015848931924611172,63.09573444801917,0.923811398603673,0.923811398603673,0.923811398603673,63.09573444801919,63.09573444801919
16,0.01659586907437563,60.25595860743569,0.9211656602944804,0.9211656602944804,0.9211656602944804,60.255958607435716,60.255958607435716
16,0.017378008287493762,57.543993733715666,0.9184353187217453,0.9184353187217453,0.9184353187217453,57.543993733715645,57.543993733715645
16,0.018197008586099826,54.954087385762485,0.9156180326893758,0.9156180326893758,0.9156180326893758,54.95408738576247,54.95408738576247
16,0.019054607179632442,52.48074602497734,0.91271141427515,0.9127114142751502,0.9127114142751502,52.48074602497735,52.48074602497735
16,0.01995262314968883,50.118723362727145,0.9097130288067801,0.9097130288067801,0.9097130288067801,50.11872336272715,50.11872336272715
16,0.02089296130854041,47.8630092322638,0.9066203948923152,0.906620394892315,0.906620394892315,47.86300923226379,47.86300923226379
16,0.02187761623949552,45.708818961487516,0.9034309845075531,0.9034309845075531,0.9034309845075531,45.70881896148751,45.70881896148751
16,0.0229086765276777,43.651583224016655,0.9001422231431527,0.9001422231431525,0.9001422231431525,43.65158322401665,43.65158322401665
16,0.02398832919019495,41.68693834703346,0.8967514900141463,0.8967514900141463,0.8967514900141463,41.68693834703347,41.68693834703347
16,0.025118864315095822,39.81071705534969,0.8932561183345714,0.8932561183345714,0.8932561183345714,39.8107170553497,39.8107170553497
16,0.026302679918953815,38.018939632056124,0.8896533956599255,0.8896533956599255,0.8896533956599255,38.01893963205612,38.01893963205612
16,0.027542287033381633,36.30780547701018,0.885940564300157,0.885940564300157,0.885940564300157,36.30780547701017,36.30780547701017
16,0.028840315031266116,34.673685045253094,0.882114821805878,0.882114821805878,0.882114821805878,34.6736850452531,34.6736850452531
16,0.030199517204020192,33.11311214825908,0.8781733215304623,0.8781733215304623,0.8781733215304623,33.11311214825907,33.11311214825907
16,0.03162277660168379,31.622776601683796,0.8741131732706582,0.8741131732706582,0.8741131732706582,31.62277660168379,31.62277660168379
16,0.03311311214825908,30.19951720402019,0.8699314439883019,0.8699314439883019,0.8699314439883019,30.19951720402019,30.19951720402019
16,0.034673685045253234,28.840315031266,0.8656251586156631,0.8656251586156632,0.8656251586156632,28.840315031266,28.840315031266
16,0.03630780547701017,27.542287033381633,0.8611913009468836,0.8611913009468836,0.8611913009468836,27.54228703338164,27.54228703338164
16,0.038018939632056124,26.302679918953817,0.856626814617895,0.856626814617895,0.856626814617895,26.302679918953814,26.302679918953814
16,0.03981071705534969,25.11886431509582,0.8519286041771194,0.8519286041771194,0.8519286041771194,25.118864315095824,25.118864315095824
16,0.04168693834703364,23.988329190194847,0.8470935362491412,0.8470935362491412,0.8470935362491412,23.988329190194843,23.988329190194843
16,0.04365158322401665,22.908676527677702,0.8421184407934413,0.8421184407934413,0.8421184407934413,22.9086765276777,22.9086765276777
16,0.04570881896148752,21.877616239495516,0.8370001124601367,0.8370001124601367,0.8370001124601367,21.877616239495516,21.877616239495516
16,0.0478630092322638,20.892961308540407,0.8317353120445528,0.8317353120445528,0.8317353120445528,20.89296130854041,20.89296130854041
16,0.05011872336272735,19.952623149688748,0.8263207680422832,0.8263207680422832,0.8263207680422832,19.952623149688744,19.952623149688744
16,0.052480746024977334,19.054607179632445,0.8207531783062316,0.8207531783062316,0.8207531783062316,19.05460717963244,19.05460717963244
16,0.05495408738576248,18.197008586099827,0.8150292118069468,0.8150292118069468,0.8150292118069468,18.197008586099827,18.197008586099827
16,0.057543993733715666,17.378008287493763,0.8091455104973678,0.8091455104973678,0.8091455104973678,17.378008287493763,17.378008287493763
16,0.06025595860743568,16.59586907437563,0.8030986912828917,0.8030986912828917,0.8030986912828917,16.595869074375635,16.595869074375635
16,0.06309573444801943,15.84893192461111,0.7968853480974334,0.7968853480974334,0.7968853480974334,15.848931924611108,15.848931924611108
16,0.06606934480075964,15.135612484362072,0.7905020540859432,0.7905020540859432,0.7905020540859432,15.135612484362072,15.135612484362072
16,0.06918309709189363,14.454397707459279,0.7839453638935523,0.7839453638935523,0.7839453638935523,14.454397707459282,14.454397707459282
16,0.07244359600749892,13.803842646028865,0.7772118160612991,0.7772118160612991,0.7772118160612991,13.803842646028864,13.803842646028864
16,0.07585775750291851,13.182567385564047,0.7702979355280692,0.7702979355280692,0.7702979355280692,13.182567385564047,13.182567385564047
16,0.07943282347242822,12.58925411794166,0.7632002362381219,0.7632002362381219,0.7632002362381219,12.589254117941662,12.589254117941662
16,0.08317637711026708,12.02264434617413,0.7559152238532465,0.7559152238532465,0.7559152238532465,12.022644346174133,12.022644346174133
16,0.08709635899560797,11.48153621496884,0.7484393985683055,0.7484393985683055,0.7484393985683055,11.48153621496884,11.48153621496884
16,0.09120108393559115,10.964781961431829,0.7407692580285712,0.7407692580285712,0.7407692580285712,10.964781961431829,10.964781961431829
16,0.09549925860214369,10.471285480508985,0.732901300346938,0.7329013003469379,0.7329013003469379,10.471285480508985,10.471285480508985
16,0.1,10.0,0.7248320272187412,0.7248320272187412,0.7248320272187412,9.999999999999998,9.999999999999998
16,0.10471285480508985,9.549925860214369,0.7165579471315721,0.7165579471315721,0.7165579471315721,9.549925860214367,9.549925860214367
16,0.10964781961431873,9.120108393559079,0.7080755786671045,0.7080755786671045,0.7080755786671045,9.120108393559079,9.120108393559079
16,0.1148153621496884,8.709635899560796,0.6993814538915862,0.6993814538915861,0.6993814538915861,8.709635899560798,8.709635899560798
16,0.12022644346174131,8.317637711026709,0.6904721218312766,0.6904721218312766,0.6904721218312766,8.317637711026707,8.317637711026707
16,0.12589254117941662,7.943282347242822,0.6813441520287438,0.6813441520287438,0.6813441520287438,7.943282347242821,7.943282347242821
16,0.131825673855641,7.585775750291821,0.671994138175549,0.671994138175549,0.671994138175549,7.5857757502918215,7.5857757502918215
16,0.13803842646028866,7.244359600749891,0.662418701816476,0.662418701816476,0.662418701816476,7.244359600749891,7.244359600749891
16,0.1445439770745928,6.918309709189363,0.6526144961200775,0.6526144961200775,0.6526144961200775,6.918309709189363,6.918309709189363
16,0.1513561248436207,6.606934480075965,0.6425782097099599,0.6425782097099599,0.6425782097099599,6.606934480075964,6.606934480075964
16,0.15848931924611173,6.309573444801917,0.6323065705508393,0.6323065705508393,0.6323065705508393,6.309573444801918,6.309573444801918
16,0.1659586907437563,6.025595860743569,0.6217963498830479,0.6217963498830479,0.6217963498830479,6.025595860743569,6.025595860743569
16,0.17378008287493762,5.754399373371567,0.6110443661988273,0.6110443661988273,0.6110443661988273,5.754399373371567,5.754399373371567
16,0.18197008586099825,5.4954087385762485,0.6000474892533934,0.6000474892533934,0.6000474892533934,5.4954087385762485,5.4954087385762485
16,0.19054607179632443,5.248074602497733,0.5888026441034355,0.5888026441034355,0.5888026441034355,5.248074602497734,5.248074602497734
16,0.19952623149688828,5.011872336272715,0.5773068151653975,0.5773068151653975,0.5773068151653975,5.011872336272715,5.011872336272715
16,0.2089296130854041,4.7863009232263805,0.5655570502855989,0.5655570502855989,0.5655570502855989,4.78630092322638,4.78630092322638
16,0.21877616239495518,4.570881896148752,0.553550464813947,0.553550464813947,0.553550464813947,4.570881896148752,4.570881896148752
16,0.22908676527677702,4.3651583224016655,0.541284245672792,0.541284245672792,0.541284245672792,4.365158322401665,4.365158322401665
16,0.23988329190194949,4.168693834703347,0.5287556554121764,0.5287556554121766,0.5287556554121766,4.168693834703346,4.168693834703346
16,0.25118864315095824,3.981071705534969,0.5159620362425681,0.5159620362425681,0.5159620362425681,3.981071705534969,3.981071705534969
16,0.26302679918953814,3.801893963205613,0.5029008140359519,0.5029008140359519,0.5029008140359519,3.801893963205613,3.801893963205613
16,0.27542287033381635,3.630780547701017,0.489569502286031,0.489569502286031,0.489569502286031,3.6307805477010175,3.6307805477010175
16,0.28840315031266117,3.4673685045253095,0.47596570601812305,0.47596570601812305,0.47596570601812305,3.467368504525309,3.467368504525309
16,0.30199517204020193,3.3113112148259076,0.4620871256392899,0.4620871256392899,0.4620871256392899,3.3113112148259076,3.3113112148259076
16,0.31622776601683794,3.162277660168379,0.4479315607191151,0.4479315607191151,0.4479315607191151,3.162277660168379,3.162277660168379
16,0.3311311214825908,3.019951720402019,0.4334969136916007,0.4334969136916009,0.4334969136916009,3.019951720402019,3.019951720402019
16,0.3467368504525324,2.8840315031265997,0.418781193468566,0.418781193468566,0.418781193468566,2.8840315031265997,2.8840315031265997
16,0.36307805477010174,2.7542287033381636,0.40378251895505934,0.40378251895505923,0.40378251895505923,2.7542287033381636,2.7542287033381636
16,0.38018939632056126,2.6302679918953813,0.38849912245731666,0.38849912245731655,0.38849912245731655,2.6302679918953817,2.6302679918953817
16,0.3981071705534969,2.5118864315095824,0.37292935297394747,0.37292935297394747,0.37292935297394747,2.5118864315095824,2.5118864315095824
16,0.41686938347033636,2.398832919019485,0.357071679361181,0.357071679361181,0.357071679361181,2.398832919019485,2.398832919019485
16,0.43651583224016655,2.29086765276777,0.340924693363191,0.34092469336319087,0.34092469336319087,2.29086765276777,2.29086765276777
16,0.4570881896148752,2.1877616239495516,0.3244871124987536,0.3244871124987536,0.3244871124987536,2.1877616239495516,2.1877616239495516
16,0.47863009232263803,2.089296130854041,0.3077577827957675,0.3077577827957675,0.3077577827957675,2.0892961308540405,2.0892961308540405
16,0.5011872336272735,1.9952623149688749,0.2907356813654669,0.29073568136546823,0.29073568136546823,1.995262314968875,1.995262314968875
16,0.5248074602497733,1.9054607179632446,0.273419918808519,0.273419918808519,0.273419918808519,1.9054607179632446,1.9054607179632446
16,0.5495408738576248,1.8197008586099825,0.2558097414455216,0.2558097414455217,0.2558097414455217,1.8197008586099825,1.8197008586099825
16,0.5754399373371566,1.7378008287493765,0.23790453336492445,0.23790453336492445,0.23790453336492445,1.7378008287493765,1.7378008287493765
16,0.6025595860743569,1.659586907437563,0.21970381828176155,0.21970381828176155,0.21970381828176155,1.659586907437563,1.659586907437563
16,0.6309573444801942,1.584893192461111,0.20120726120108934,0.20120726120108923,0.20120726120108923,1.584893192461111,1.584893192461111
16,0.6606934480075964,1.513561248436207,0.1824146698805612,0.1824146698805612,0.1824146698805612,1.513561248436207,1.513561248436207
16,0.6918309709189363,1.4454397707459279,0.16332599608704002,0.16332599608704002,0.16332599608704002,1.4454397707459279,1.4454397707459279
16,0.7244359600749891,1.3803842646028865,0.14394133664280462,0.14394133664280484,0.14394133664280484,1.3803842646028868,1.3803842646028868
16,0.7585775750291851,1.3182567385564048,0.12426093425738771,0.12426093425738782,0.12426093425738782,1.3182567385564048,1.3182567385564048
16,0.7943282347242822,1.2589254117941662,0.10428517814178417,0.10428517814178417,0.10428517814178417,1.2589254117941662,1.2589254117941662
16,0.8317637711026709,1.2022644346174132,0.08401460440229891,0.08401460440229891,0.08401460440229891,1.2022644346174132,1.2022644346174132
16,0.8709635899560796,1.1481536214968842,0.06344989621204289,0.06344989621204289,0.06344989621204289,1.1481536214968842,1.1481536214968842
16,0.9120108393559115,1.0964781961431829,0.042591883758631766,0.042591883758631766,0.042591883758631766,1.0964781961431829,1.0964781961431829
16,0.9549925860214369,1.0471285480508985,0.02144154396740028,0.02144154396740028,0.02144154396740028,1.0471285480508985,1.0471285480508985
16,1.0,1.0,0.0,0.0,0.0,1.0,1.0
16,1.0471285480508985,1.0471285480508985,0.02144154396740028,0.02144154396740028,0.02144154396740028,1.0471285480508985,1.0471285480508985
16,1.0964781961431873,1.0964781961431873,0.04259188375863321,0.04259188375863343,0.04259188375863343,1.0964781961431873,1.0964781961431873
16,1.1481536214968842,1.1481536214968842,0.06344989621204289,0.06344989621204289,0.06344989621204289,1.1481536214968842,1.1481536214968842
16,1.2022644346174132,1.2022644346174132,0.08401460440229891,0.08401460440229891,0.08401460440229891,1.2022644346174132,1.2022644346174132
16,1.2589254117941662,1.2589254117941662,0.10428517814178417,0.10428517814178417,0.10428517814178417,1.2589254117941662,1.2589254117941662
16,1.3182567385564101,1.3182567385564101,0.12426093425738916,0.12426093425738916,0.12426093425738916,1.3182567385564101,1.3182567385564101
16,1.3803842646028865,1.3803842646028865,0.14394133664280462,0.14394133664280484,0.14394133664280484,1.3803842646028865,1.3803842646028865
16,1.4454397707459279,1.4454397707459279,0.16332599608704002,0.16332599608704002,0.16332599608704002,1.4454397707459279,1.4454397707459279
16,1.513561248436207,1.513561248436207,0.1824146698805612,0.1824146698805612,0.1824146698805612,1.513561248436207,1.513561248436207
16,1.5848931924611174,1.5848931924611174,0.20120726120109056,0.20120726120109056,0.20120726120109056,1.5848931924611174,1.5848931924611174
16,1.659586907437563,1.659586907437563,0.21970381828176155,0.21970381828176155,0.21970381828176155,1.659586907437563,1.659586907437563
16,1.7378008287493762,1.7378008287493762,0.23790453336492445,0.23790453336492445,0.23790453336492445,1.7378008287493762,1.7378008287493762
16,1.8197008586099825,1.8197008586099825,0.2558097414455216,0.2558097414455217,0.2558097414455217,1.8197008586099825,1.8197008586099825
16,1.9054607179632521,1.9054607179632521,0.27341991880852023,0.27341991880852023,0.27341991880852023,1.9054607179632521,1.9054607179632521
16,1.9952623149688828,1.9952623149688828,0.29073568136546946,0.29073568136546957,0.29073568136546957,1.9952623149688828,1.9952623149688828
16,2.089296130854041,2.089296130854041,0.3077577827957675,0.3077577827957675,0.3077577827957675,2.089296130854041,2.089296130854041
16,2.1877616239495516,2.1877616239495516,0.3244871124987536,0.3244871124987536,0.3244871124987536,2.1877616239495516,2.1877616239495516
16,2.29086765276777,2.29086765276777,0.340924693363191,0.34092469336319087,0.34092469336319087,2.29086765276777,2.29086765276777
16,2.398832919019495,2.398832919019495,0.3570716793611821,0.3570716793611821,0.3570716793611821,2.398832919019495,2.398832919019495
16,2.5118864315095824,2.5118864315095824,0.37292935297394747,0.37292935297394747,0.37292935297394747,2.5118864315095824,2.5118864315095824
16,2.6302679918953813,2.6302679918953813,0.38849912245731666,0.38849912245731655,0.38849912245731655,2.6302679918953813,2.6302679918953813
16,2.754228703338163,2.754228703338163,0.40378251895505934,0.40378251895505923,0.40378251895505923,2.7542287033381636,2.7542287033381636
16,2.8840315031266117,2.8840315031266117,0.4187811934685671,0.418781193468567,0.418781193468567,2.8840315031266117,2.8840315031266117
16,3.019951720402019,3.019951720402019,0.4334969136916007,0.4334969136916009,0.4334969136916009,3.019951720402019,3.019951720402019
16,3.1622776601683795,3.1622776601683795,0.4479315607191151,0.4479315607191151,0.4479315607191151,3.1622776601683795,3.1622776601683795
16,3.3113112148259076,3.3113112148259076,0.4620871256392899,0.4620871256392899,0.4620871256392899,3.3113112148259076,3.3113112148259076
16,3.4673685045253237,3.4673685045253237,0.47596570601812505,0.47596570601812505,0.47596570601812505,3.4673685045253237,3.4673685045253237
16,3.6307805477010175,3.6307805477010175,0.489569502286031,0.489569502286031,0.489569502286031,3.6307805477010175,3.6307805477010175
16,3.8018939632056123,3.8018939632056123,0.5029008140359519,0.5029008140359519,0.5029008140359519,3.801893963205612,3.801893963205612
16,3.981071705534969,3.981071705534969,0.5159620362425681,0.5159620362425681,0.5159620362425681,3.981071705534969,3.981071705534969
16,4.1686938347033635,4.1686938347033635,0.5287556554121773,0.5287556554121775,0.5287556554121775,4.1686938347033635,4.1686938347033635
16,4.3651583224016655,4.3651583224016655,0.541284245672792,0.541284245672792,0.541284245672792,4.365158322401666,4.365158322401666
16,4.570881896148752,4.570881896148752,0.553550464813947,0.553550464813947,0.553550464813947,4.570881896148752,4.570881896148752
16,4.7863009232263805,4.7863009232263805,0.5655570502855989,0.5655570502855989,0.5655570502855989,4.78630092322638,4.78630092322638
16,5.011872336272735,5.011872336272735,0.5773068151653984,0.5773068151653983,0.5773068151653983,5.011872336272735,5.011872336272735
16,5.248074602497733,5.248074602497733,0.5888026441034355,0.5888026441034355,0.5888026441034355,5.248074602497733,5.248074602497733
16,5.4954087385762485,5.4954087385762485,0.6000474892533934,0.6000474892533934,0.6000474892533934,5.4954087385762485,5.4954087385762485
16,5.754399373371567,5.754399373371567,0.6110443661988273,0.6110443661988273,0.6110443661988273,5.754399373371567,5.754399373371567
16,6.025595860743593,6.025595860743593,0.6217963498830485,0.6217963498830485,0.6217963498830485,6.025595860743593,6.025595860743593
16,6.309573444801943,6.309573444801943,0.63230657055084,0.6323065705508399,0.6323065705508399,6.309573444801943,6.309573444801943
16,6.606934480075965,6.606934480075965,0.6425782097099599,0.6425782097099599,0.6425782097099599,6.606934480075964,6.606934480075964
16,6.918309709189362,6.918309709189362,0.6526144961200775,0.6526144961200775,0.6526144961200775,6.918309709189361,6.918309709189361
16,7.244359600749891,7.244359600749891,0.662418701816476,0.662418701816476,0.662418701816476,7.244359600749891,7.244359600749891
16,7.585775750291851,7.585775750291851,0.6719941381755496,0.6719941381755496,0.6719941381755496,7.585775750291852,7.585775750291852
16,7.943282347242821,7.943282347242821,0.6813441520287438,0.6813441520287438,0.6813441520287438,7.943282347242821,7.943282347242821
16,8.317637711026709,8.317637711026709,0.6904721218312766,0.6904721218312766,0.6904721218312766,8.31763771102671,8.31763771102671
16,8.709635899560796,8.709635899560796,0.6993814538915862,0.6993814538915861,0.6993814538915861,8.709635899560798,8.709635899560798
16,9.120108393559116,9.120108393559116,0.7080755786671051,0.7080755786671051,0.7080755786671051,9.120108393559114,9.120108393559114
16,9.549925860214369,9.549925860214369,0.7165579471315721,0.7165579471315721,0.7165579471315721,9.549925860214367,9.549925860214367
16,10.0,10.0,0.7248320272187412,0.7248320272187412,0.7248320272187412,10.000000000000002,10.000000000000002
16,10.471285480508985,10.471285480508985,0.732901300346938,0.7329013003469379,0.7329013003469379,10.471285480508985,10.471285480508985
16,10.964781961431873,10.964781961431873,0.7407692580285717,0.7407692580285717,0.7407692580285717,10.964781961431873,10.964781961431873
16,11.481536214968841,11.481536214968841,0.7484393985683055,0.7484393985683055,0.7484393985683055,11.48153621496884,11.48153621496884
16,12.02264434617413,12.02264434617413,0.7559152238532465,0.7559152238532465,0.7559152238532465,12.022644346174133,12.022644346174133
16,12.589254117941662,12.589254117941662,0.7632002362381219,0.7632002362381219,0.7632002362381219,12.589254117941662,12.589254117941662
16,13.1825673855641,13.1825673855641,0.7702979355280701,0.7702979355280702,0.7702979355280702,13.1825673855641,13.1825673855641
16,13.803842646028867,13.803842646028867,0.7772118160612991,0.7772118160612991,0.7772118160612991,13.803842646028869,13.803842646028869
16,14.45439770745928,14.45439770745928,0.7839453638935523,0.7839453638935523,0.7839453638935523,14.454397707459282,14.454397707459282
16,15.135612484362072,15.135612484362072,0.7905020540859432,0.7905020540859432,0.7905020540859432,15.135612484362072,15.135612484362072
16,15.848931924611174,15.848931924611174,0.7968853480974342,0.7968853480974342,0.7968853480974342,15.848931924611172,15.848931924611172
16,16.59586907437563,16.59586907437563,0.8030986912828917,0.8030986912828917,0.8030986912828917,16.595869074375635,16.595869074375635
16,17.378008287493763,17.378008287493763,0.8091455104973678,0.8091455104973678,0.8091455104973678,17.378008287493763,17.378008287493763
16,18.197008586099827,18.197008586099827,0.8150292118069468,0.8150292118069468,0.8150292118069468,18.197008586099827,18.197008586099827
16,19.054607179632523,19.054607179632523,0.8207531783062324,0.8207531783062323,0.8207531783062323,19.054607179632526,19.054607179632526
16,19.95262314968883,19.95262314968883,0.8263207680422835,0.8263207680422835,0.8263207680422835,19.952623149688833,19.952623149688833
16,20.892961308540407,20.892961308540407,0.8317353120445528,0.8317353120445528,0.8317353120445528,20.89296130854041,20.89296130854041
16,21.87761623949552,21.87761623949552,0.8370001124601367,0.8370001124601367,0.8370001124601367,21.877616239495516,21.877616239495516
16,22.9086765276777,22.9086765276777,0.8421184407934413,0.8421184407934413,0.8421184407934413,22.9086765276777,22.9086765276777
16,23.988329190194946,23.988329190194946,0.8470935362491419,0.8470935362491419,0.8470935362491419,23.98832919019495,23.98832919019495
16,25.11886431509582,25.11886431509582,0.8519286041771194,0.8519286041771194,0.8519286041771194,25.118864315095824,25.118864315095824
16,26.302679918953814,26.302679918953814,0.856626814617895,0.856626814617895,0.856626814617895,26.302679918953814,26.302679918953814
16,27.542287033381633,27.542287033381633,0.8611913009468836,0.8611913009468836,0.8611913009468836,27.542287033381626,27.542287033381626
16,28.840315031266115,28.840315031266115,0.8656251586156635,0.8656251586156638,0.8656251586156638,28.84031503126612,28.84031503126612
16,30.199517204020193,30.199517204020193,0.8699314439883019,0.8699314439883019,0.8699314439883019,30.19951720402019,30.19951720402019
16,31.622776601683793,31.622776601683793,0.8741131732706582,0.8741131732706582,0.8741131732706582,31.62277660168379,31.62277660168379
16,33.11311214825908,33.11311214825908,0.8781733215304623,0.8781733215304623,0.8781733215304623,33.11311214825907,33.11311214825907
16,34.67368504525324,34.67368504525324,0.8821148218058785,0.8821148218058785,0.8821148218058785,34.67368504525324,34.67368504525324
16,36.30780547701018,36.30780547701018,0.885940564300157,0.885940564300157,0.885940564300157,36.30780547701017,36.30780547701017
16,38.018939632056124,38.018939632056124,0.8896533956599255,0.8896533956599255,0.8896533956599255,38.01893963205612,38.01893963205612
16,39.81071705534969,39.81071705534969,0.8932561183345714,0.8932561183345714,0.8932561183345714,39.8107170553497,39.8107170553497
16,41.68693834703364,41.68693834703364,0.8967514900141466,0.8967514900141466,0.8967514900141466,41.68693834703364,41.68693834703364
16,43.651583224016655,43.651583224016655,0.9001422231431527,0.9001422231431525,0.9001422231431525,43.65158322401665,43.65158322401665
16,45.708818961487516,45.708818961487516,0.9034309845075531,0.9034309845075531,0.9034309845075531,45.70881896148751,45.70881896148751
16,47.8630092322638,47.8630092322638,0.9066203948923152,0.906620394892315,0.906620394892315,47.86300923226379,47.86300923226379
16,50.11872336272735,50.11872336272735,0.9097130288067804,0.9097130288067804,0.9097130288067804,50.11872336272735,50.11872336272735
16,52.480746024977336,52.480746024977336,0.91271141427515,0.91271141427515,0.91271141427515,52.48074602497733,52.48074602497733
16,54.954087385762485,54.954087385762485,0.9156180326893758,0.9156180326893758,0.9156180326893758,54.95408738576247,54.95408738576247
16,57.543993733715666,57.543993733715666,0.9184353187217453,0.9184353187217453,0.9184353187217453,57.543993733715645,57.543993733715645
16,60.25595860743593,60.25595860743593,0.9211656602944807,0.9211656602944807,0.9211656602944807,60.25595860743593,60.25595860743593
16,63.09573444801943,63.09573444801943,0.9238113986036731,0.9238113986036731,0.9238113986036731,63.095734448019414,63.095734448019414
16,66.06934480075964,66.06934480075964,0.926374828194923,0.926374828194923,0.926374828194923,66.06934480075962,66.06934480075962
16,69.18309709189363,69.18309709189363,0.9288581970880655,0.9288581970880655,0.9288581970880655,69.1830970918936,69.1830970918936
16,72.44359600749891,72.44359600749891,0.9312637069484204,0.9312637069484204,0.9312637069484204,72.44359600749894,72.44359600749894
16,75.85775750291852,75.85775750291852,0.9335935133020326,0.9335935133020326,0.9335935133020326,75.8577575029185,75.8577575029185
16,79.43282347242821,79.43282347242821,0.935849725792423,0.9358497257924229,0.9358497257924229,79.4328234724282,79.4328234724282
16,83.17637711026708,83.17637711026708,0.9380344084764195,0.9380344084764196,0.9380344084764196,83.17637711026705,83.17637711026705
16,87.09635899560796,87.09635899560796,0.9401495801566877,0.9401495801566877,0.9401495801566877,87.09635899560791,87.09635899560791
16,91.20108393559116,91.20108393559116,0.9421972147486392,0.9421972147486392,0.9421972147486392,91.20108393559113,91.20108393559113
16,95.49925860214368,95.49925860214368,0.9441792416794575,0.9441792416794575,0.9441792416794575,95.49925860214366,95.49925860214366
16,100.0,100.0,0.9460975463170385,0.9460975463170385,0.9460975463170385,100.00000000000004,100.00000000000004
16,104.71285480508985,104.71285480508985,0.9479539704267033,0.9479539704267034,0.9441792416794577,104.71285480508989,95.49925860214374
16,109.64781961431873,109.64781961431873,0.9497503126536151,0.9497503126536151,0.942197214748639,109.6478196143187,91.20108393559089
16,114.81536214968841,114.81536214968841,0.9514883290288856,0.9514883290288856,0.9401495801566877,114.81536214968835,87.09635899560807
16,120.22644346174131,120.22644346174131,0.9531697334974341,0.9531697334974341,0.9380344084764197,120.22644346174135,83.17637711026713
16,125.89254117941661,125.89254117941661,0.9547961984657187,0.9547961984657187,0.935849725792423,125.89254117941665,79.43282347242825
16,131.825673855641,131.825673855641,0.9563693553675384,0.9563693553675384,0.9335935133020324,131.82567385564096,75.85775750291829
16,138.03842646028866,138.03842646028866,0.9578907952461615,0.9578907952461615,0.9312637069484204,138.0384264602886,72.44359600749901
16,144.5439770745928,144.5439770745928,0.9593620693511126,0.9593620693511126,0.9288581970880655,144.54397707459285,69.18309709189366
16,151.3561248436207,151.3561248436207,0.9607846897480126,0.9607846897480126,0.926374828194923,151.35612484362076,66.06934480075968
16,158.48931924611173,158.48931924611173,0.9621601299399348,0.9621601299399348,0.923811398603673,158.48931924611168,63.09573444801925
16,165.9586907437563,165.9586907437563,0.9634898254988074,0.9634898254988074,0.9211656602944804,165.95869074375636,60.255958607435716
16,173.78008287493762,173.78008287493762,0.964775174705458,0.964775174705458,0.9184353187217456,173.78008287493768,57.543993733715695
16,181.97008586099827,181.97008586099827,0.9660175391969613,0.9660175391969613,0.9156180326893758,181.9700858609983,54.95408738576252
16,190.5460717963252,190.5460717963252,0.9672182446200123,0.9672182446200123,0.9127114142751499,190.54607179632515,52.480746024977186
16,199.52623149688827,199.52623149688827,0.9683785812891141,0.9683785812891141,0.9097130288067802,199.5262314968882,50.118723362727216
16,208.92961308540407,208.92961308540407,0.9694998048484312,0.9694998048484312,0.906620394892315,208.92961308540416,47.863009232263835
16,218.77616239495518,218.77616239495518,0.9705831369362113,0.9705831369362113,0.9034309845075531,218.77616239495524,45.70881896148755
16,229.08676527677702,229.08676527677702,0.9716297658507501,0.9716297658507501,0.9001422231431527,229.08676527677702,43.65158322401669
16,239.88329190194946,239.88329190194946,0.9726408472169216,0.9726408472169216,0.8967514900141463,239.88329190194955,41.68693834703349
16,251.18864315095823,251.18864315095823,0.9736175046523539,0.9736175046523539,0.8932561183345716,251.18864315095828,39.81071705534972
16,263.02679918953817,263.02679918953817,0.9745608304323903,0.9745608304323903,0.8896533956599255,263.02679918953817,38.01893963205615
16,275.4228703338163,275.4228703338163,0.9754718861530198,0.9754718861530198,0.8859405643001572,275.4228703338163,36.307805477010206
16,288.4031503126612,288.4031503126612,0.9763517033910198,0.97635170339102,0.882114821805878,288.40315031266124,34.673685045253116
16,301.9951720402019,301.9951720402019,0.9772012843605973,0.9772012843605973,0.8781733215304623,301.99517204020196,33.1131121482591
16,316.2277660168379,316.2277660168379,0.9780216025658687,0.9780216025658687,0.8741131732706582,316.22776601683796,31.622776601683817
16,331.13112148259074,331.13112148259074,0.9788136034485586,0.9788136034485586,0.8699314439883019,331.13112148259074,30.199517204020218
16,346.7368504525324,346.7368504525324,0.9795782050303459,0.9795782050303459,0.8656251586156632,346.73685045253245,28.840315031266016
16,363.07805477010174,363.07805477010174,0.9803162985493278,0.9803162985493278,0.8611913009468836,363.0780547701018,27.54228703338165
16,380.18939632056123,380.18939632056123,0.9810287490901126,0.9810287490901126,0.856626814617895,380.1893963205613,26.302679918953835
16,398.1071705534969,398.1071705534969,0.9817163962070927,0.9817163962070927,0.8519286041771194,398.1071705534969,25.118864315095845
16,416.86938347033634,416.86938347033634,0.9823800545404854,0.9823800545404854,0.8470935362491412,416.86938347033646,23.988329190194865
16,436.51583224016656,436.51583224016656,0.983020514424767,0.983020514424767,0.8421184407934417,436.5158322401666,22.908676527677716
16,457.08818961487515,457.08818961487515,0.9836385424891606,0.9836385424891606,0.8370001124601367,457.0881896148752,21.877616239495538
16,478.630092322638,478.630092322638,0.9842348822498677,0.9842348822498677,0.8317353120445531,478.630092322638,20.89296130854043
16,501.1872336272735,501.1872336272735,0.9848102546937701,0.9848102546937701,0.8263207680422832,501.1872336272736,19.952623149688762
16,524.8074602497734,524.8074602497734,0.9853653588533543,0.9853653588533543,0.820753178306232,524.8074602497734,19.05460717963246
16,549.5408738576248,549.5408738576248,0.9859008723726419,0.9859008723726419,0.8150292118069468,549.5408738576248,18.19700858609984
16,575.4399373371566,575.4399373371566,0.9864174520639352,0.9864174520639352,0.8091455104973682,575.4399373371566,17.37800828749378
16,602.5595860743593,602.5595860743593,0.9869157344552131,0.9869157344552131,0.8030986912828914,602.5595860743595,16.595869074375575
16,630.9573444801943,630.9573444801943,0.9873963363280376,0.9873963363280376,0.7968853480974334,630.9573444801943,15.848931924611122
16,660.6934480075964,660.6934480075964,0.9878598552458528,0.9878598552458528,0.7905020540859432,660.6934480075964,15.135612484362087
16,691.8309709189363,691.8309709189363,0.9883068700725809,0.9883068700725809,0.7839453638935523,691.8309709189361,14.454397707459295
16,724.4359600749891,724.4359600749891,0.9887379414814401,0.9887379414814401,0.7772118160612995,724.4359600749889,13.803842646028881
16,758.5775750291851,758.5775750291851,0.9891536124539289,0.9891536124539289,0.7702979355280697,758.5775750291851,13.18256738556406
16,794.3282347242822,794.3282347242822,0.9895544087689376,0.9895544087689376,0.7632002362381219,794.3282347242821,12.589254117941675
16,831.7637711026708,831.7637711026708,0.9899408394819688,0.9899408394819688,0.7559152238532465,831.7637711026707,12.022644346174143
16,870.9635899560797,870.9635899560797,0.9903133973944582,0.9903133973944582,0.7484393985683055,870.9635899560794,11.481536214968854
16,912.0108393559116,912.0108393559116,0.9906725595132104,0.9906725595132104,0.7407692580285712,912.0108393559115,10.96478196143184
16,954.9925860214369,954.9925860214369,0.9910187874999685,0.9910187874999685,0.7329013003469385,954.9925860214368,10.471285480508996
16,1000.0,1000.0,0.9913525281111593,0.9913525281111593,0.7248320272187412,999.9999999999998,10.00000000000001
16,1047.1285480508984,1047.1285480508984,0.9916742136278588,0.9916742136278588,0.7165579471315726,1047.1285480508982,9.54992586021438
16,1096.4781961431872,1096.4781961431872,0.9919842622760409,0.9919842622760409,0.7080755786671045,1096.4781961431872,9.120108393559086
16,1148.1536214968842,1148.1536214968842,0.9922830786371774,0.9922830786371774,0.6993814538915868,1148.153621496884,8.709635899560805
16,1202.2644346174131,1202.2644346174131,0.9925710540492712,0.9925710540492712,0.6904721218312773,1202.2644346174127,8.317637711026718
16,1258.9254117941662,1258.9254117941662,0.9928485669984091,0.9928485669984091,0.6813441520287444,1258.9254117941657,7.943282347242832
16,1318.25673855641,1318.25673855641,0.9931159835009323,0.9931159835009323,0.671994138175549,1318.25673855641,7.585775750291828
16,1380.3842646028866,1380.3842646028866,0.9933736574763274,0.9933736574763274,0.662418701816476,1380.3842646028863,7.244359600749899
16,1445.439770745928,1445.439770745928,0.9936219311109489,0.9936219311109489,0.6526144961200775,1445.4397707459275,6.918309709189371
16,1513.561248436207,1513.561248436207,0.9938611352126894,0.9938611352126894,0.6425782097099606,1513.5612484362066,6.606934480075973
16,1584.8931924611175,1584.8931924611175,0.9940915895567197,0.9940915895567197,0.6323065705508393,1584.8931924611172,6.309573444801924
16,1659.586907437563,1659.586907437563,0.9943136032224253,0.9943136032224253,0.6217963498830479,1659.5869074375626,6.025595860743575
16,1737.8008287493763,1737.8008287493763,0.9945274749216699,0.9945274749216699,0.6110443661988273,1737.8008287493758,5.754399373371574
16,1819.7008586099826,1819.7008586099826,0.9947334933185217,0.9947334933185217,0.6000474892533934,1819.7008586099832,5.49540873857625
16,1905.4607179632521,1905.4607179632521,0.9949319373405806,0.9949319373405806,0.5888026441034346,1905.4607179632517,5.248074602497718
16,1995.262314968883,1995.262314968883,0.9951230764820461,0.9951230764820461,0.5773068151653983,1995.2623149688823,5.01187233627272
16,2089.2961308540407,2089.2961308540407,0.9953071710986717,0.9953071710986717,0.5655570502855989,2089.29613085404,4.786300923226387
16,2187.761623949552,2187.761623949552,0.9954844726947495,0.9954844726947495,0.553550464813947,2187.761623949553,4.570881896148754
16,2290.86765276777,2290.86765276777,0.9956552242022731,0.9956552242022731,0.541284245672792,2290.867652767771,4.365158322401668
16,2398.832919019495,2398.832919019495,0.9958196602524282,0.9958196602524282,0.5287556554121766,2398.832919019494,4.168693834703352
16,2511.886431509582,2511.886431509582,0.9959780074395583,0.9959780074395583,0.5159620362425681,2511.886431509581,3.9810717055349745
16,2630.2679918953813,2630.2679918953813,0.9961304845777601,0.9961304845777601,0.5029008140359519,2630.2679918953822,3.8018939632056146
16,2754.228703338163,2754.228703338163,0.9962773029502542,0.9962773029502542,0.489569502286031,2754.228703338164,3.6307805477010198
16,2884.0315031266114,2884.0315031266114,0.9964186665516861,0.9964186665516861,0.47596570601812405,2884.0315031266105,3.467368504525314
16,3019.951720402019,3019.951720402019,0.9965547723235075,0.9965547723235075,0.4620871256392899,3019.9517204020176,3.311311214825912
16,3162.2776601683795,3162.2776601683795,0.9966858103825866,0.9966858103825866,0.4479315607191161,3162.2776601683804,3.1622776601683813
16,3311.311214825908,3311.311214825908,0.9968119642432001,0.9968119642432001,0.4334969136916019,3311.3112148259056,3.0199517204020236
16,3467.3685045253237,3467.3685045253237,0.9969334110325538,0.9969334110325538,0.418781193468566,3467.3685045253224,2.8840315031266037
16,3630.7805477010174,3630.7805477010174,0.9970503216999832,0.9970503216999832,0.40378251895506034,3630.780547701019,2.7542287033381645
16,3801.8939632056126,3801.8939632056126,0.9971628612199765,0.9971628612199765,0.38849912245731766,3801.8939632056104,2.6302679918953853
16,3981.071705534969,3981.071705534969,0.9972711887891725,0.9972711887891725,0.37292935297394747,3981.07170553497,2.5118864315095837
16,4168.693834703364,4168.693834703364,0.9973754580174715,0.9973754580174715,0.357071679361181,4168.693834703366,2.398832919019486
16,4365.158322401665,4365.158322401665,0.9974758171134072,0.9974758171134072,0.3409246933631921,4365.158322401663,2.290867652767773
16,4570.881896148751,4570.881896148751,0.997572409063919,0.997572409063919,0.3244871124987536,4570.881896148753,2.1877616239495534
16,4786.30092322638,4786.30092322638,0.9976653718086645,0.9976653718086645,0.3077577827957675,4786.300923226377,2.089296130854044
16,5011.872336272735,5011.872336272735,0.9977548384090108,0.9977548384090108,0.29073568136546823,5011.872336272732,1.9952623149688775
16,5248.074602497733,5248.074602497733,0.9978409372118394,0.9978409372118394,0.273419918808519,5248.074602497735,1.9054607179632455
16,5495.408738576248,5495.408738576248,0.9979237920083013,0.9979237920083013,0.2558097414455217,5495.408738576244,1.8197008586099854
16,5754.399373371566,5754.399373371566,0.9980035221876505,0.9980035221876505,0.23790453336492445,5754.399373371567,1.7378008287493776
16,6025.595860743593,6025.595860743593,0.9980802428862902,0.9980802428862902,0.21970381828176022,6025.595860743595,1.659586907437557
16,6309.573444801943,6309.573444801943,0.9981540651321542,0.9981540651321542,0.20120726120109056,6309.573444801938,1.5848931924611134
16,6606.9344800759645,6606.9344800759645,0.9982250959845551,0.9982250959845551,0.1824146698805612,6606.934480075965,1.5135612484362082
16,6918.309709189362,6918.309709189362,0.9982934386696163,0.9982934386696163,0.16332599608704135,6918.309709189357,1.4454397707459303
16,7244.359600749921,7244.359600749921,0.998359192711414,0.998359192711414,0.14394133664280329,7244.359600749916,1.380384264602883
16,7585.775750291851,7585.775750291851,0.9984224540589441,0.9984224540589441,0.12426093425738782,7585.775750291853,1.3182567385564057
16,7943.282347242822,7943.282347242822,0.9984833152090328,0.9984833152090328,0.10428517814178417,7943.282347242815,1.2589254117941682
16,8317.63771102671,8317.63771102671,0.9985418653253032,0.9985418653253032,0.08401460440229891,8317.63771102671,1.202264434617414
16,8709.635899560797,8709.635899560797,0.9985981903533111,0.9985981903533111,0.06344989621204289,8709.635899560804,1.1481536214968842
16,9120.108393559116,9120.108393559116,0.9986523731319579,0.9986523731319579,0.04259188375863343,9120.108393559109,1.0964781961431846
16,9549.92586021437,9549.92586021437,0.9987044935012884,0.9987044935012884,0.02144154396740028,9549.92586021437,1.0471285480508994
16,10000.0,10000.0,0.9987546284067784,0.9987546284067784,0.0,10000.00000000001,1.0
16,10471.285480508985,10471.285480508985,0.9988028520002129,0.9988028520002129,0.02144154396740028,10471.285480508985,1.0471285480508974
16,10964.781961431829,10964.781961431829,0.9988492357372568,0.9988492357372568,0.042591883758631766,10964.781961431836,1.0964781961431826
16,11481.536214968794,11481.536214968794,0.9988938484718146,0.9988938484718146,0.06344989621203978,11481.53621496879,1.148153621496878
16,12022.64434617418,12022.64434617418,0.9989367565472748,0.9989367565472748,0.08401460440229891,12022.644346174173,1.2022644346174163
16,12589.254117941713,12589.254117941713,0.9989780238847313,0.9989780238847313,0.10428517814178417,12589.254117941715,1.2589254117941704
16,13182.567385564102,13182.567385564102,0.9990177120682748,0.9990177120682748,0.12426093425738916,13182.56738556409,1.318256738556408
16,13803.842646028867,13803.842646028867,0.99905588042744,0.99905588042744,0.14394133664280484,13803.842646028867,1.3803842646028854
16,14454.39770745928,14454.39770745928,0.9990925861168969,0.9990925861168969,0.16332599608704002,14454.397707459291,1.4454397707459279
16,15135.612484362071,15135.612484362071,0.99912788419347,0.99912788419347,0.18241466988055965,15135.61248436207,1.5135612484362055
16,15848.931924611108,15848.931924611108,0.9991618276905677,0.9991618276905677,0.20120726120108923,15848.931924611119,1.5848931924611105
16,16595.86907437556,16595.86907437556,0.9991944676901006,0.9991944676901006,0.2197038182817589,16595.869074375558,1.6595869074375542
16,17378.008287493834,17378.008287493834,0.9992258533919682,0.9992258533919682,0.23790453336492579,17378.008287493823,1.7378008287493807
16,18197.0085860999,18197.0085860999,0.9992560321811897,0.9992560321811897,0.25580974144552304,18197.008586099902,1.8197008586099885
16,19054.607179632523,19054.607179632523,0.9992850496927508,0.9992850496927508,0.27341991880852157,19054.607179632538,1.9054607179632523
16,19952.62314968883,19952.62314968883,0.9993129498742409,0.9993129498742409,0.29073568136546823,19952.62314968883,1.995262314968881
16,20892.96130854041,20892.96130854041,0.9993397750463492,0.9993397750463492,0.3077577827957675,20892.961308540423,2.0892961308540405
16,21877.616239495517,21877.616239495517,0.999365565961287,0.999365565961287,0.3244871124987536,21877.616239495514,2.1877616239495494
16,22908.6765276777,22908.6765276777,0.9993903618592044,0.9993903618592044,0.34092469336319087,22908.67652767771,2.290867652767769
16,23988.32919019485,23988.32919019485,0.9994142005226633,0.9994142005226633,0.3570716793611798,23988.32919019484,2.398832919019482
16,25118.864315095718,25118.864315095718,0.9994371183292308,0.9994371183292308,0.37292935297394636,25118.86431509573,2.5118864315095704
16,26302.679918953923,26302.679918953923,0.9994591503022526,0.9994591503022526,0.38849912245731766,26302.679918953923,2.63026799189539
16,27542.287033381745,27542.287033381745,0.9994803301598666,0.9994803301598666,0.40378251895506145,27542.28703338177,2.7542287033381743
16,28840.315031266116,28840.315031266116,0.9995006903623118,0.9995006903623118,0.418781193468567,28840.315031266113,2.8840315031266086
16,30199.51720402019,30199.51720402019,0.9995202621575908,0.9995202621575908,0.4334969136916009,30199.517204020212,3.0199517204020183
16,31622.776601683792,31622.776601683792,0.9995390756255375,0.9995390756255375,0.4479315607191151,31622.77660168378,3.1622776601683755
16,33113.112148259075,33113.112148259075,0.9995571597203431,0.9995571597203431,0.4620871256392899,33113.11214825909,3.3113112148259063
16,34673.68504525309,34673.68504525309,0.9995745423115932,0.9995745423115932,0.47596570601812305,34673.68504525308,3.4673685045253047
16,36307.80547701003,36307.80547701003,0.9995912502238609,0.9995912502238609,0.48956950228603013,36307.805477010035,3.6307805477010007
16,38018.93963205628,38018.93963205628,0.9996073092749087,0.9996073092749087,0.502900814035953,38018.93963205628,3.801893963205625
16,39810.71705534986,39810.71705534986,0.9996227443125417,0.9996227443125417,0.515962036242569,39810.71705534989,3.981071705534985
16,41686.93834703363,41686.93834703363,0.9996375792501597,0.9996375792501597,0.5287556554121775,41686.938347033625,4.168693834703359
16,43651.58322401666,43651.58322401666,0.9996518371010501,0.9996518371010501,0.541284245672792,43651.58322401668,4.365158322401664
16,45708.818961487515,45708.818961487515,0.9996655400114645,0.9996655400114645,0.5535504648139462,45708.8189614875,4.570881896148745
16,47863.0092322638,47863.0092322638,0.9996787092925207,0.9996787092925207,0.565557050285598,47863.00923226382,4.786300923226378
16,50118.72336272715,50118.72336272715,0.9996913654509686,0.9996913654509686,0.5773068151653975,50118.72336272711,5.011872336272707
16,52480.746024977125,52480.746024977125,0.9997035282188593,0.9997035282188593,0.588802644103434,52480.74602497713,5.2480746024977085
16,54954.08738576271,54954.08738576271,0.9997152165821536,0.9997152165821536,0.600047489253394,54954.0873857627,5.495408738576265
16,57543.9937337159,57543.9937337159,0.999726448808308,0.999726448808308,0.6110443661988281,57543.993733715935,5.754399373371589
16,60255.95860743593,60255.95860743593,0.9997372424728712,0.9997372424728712,0.6217963498830485,60255.95860743591,6.025595860743586
16,63095.73444801943,63095.73444801943,0.999747614485126,0.999747614485126,0.6323065705508399,63095.73444801946,6.3095734448019405
16,66069.34480075965,66069.34480075965,0.9997575811128084,0.9997575811128084,0.6425782097099599,66069.34480075962,6.606934480075955
16,69183.09709189362,69183.09709189362,0.9997671580059376,0.9997671580059376,0.6526144961200775,69183.09709189365,6.918309709189359
16,72443.59600749891,72443.59600749891,0.9997763602197853,0.9997763602197853,0.6624187018164753,72443.59600749885,7.244359600749879
16,75857.7575029182,75857.7575029182,0.9997852022370153,0.9997852022370153,0.671994138175549,75857.7575029182,7.585775750291814
16,79432.82347242789,79432.82347242789,0.999793697989022,0.999793697989022,0.6813441520287431,79432.82347242782,7.943282347242775
16,83176.37711026742,83176.37711026742,0.9998018608764958,0.9998018608764958,0.6904721218312773,83176.37711026748,8.317637711026741
16,87096.35899560832,87096.35899560832,0.999809703789242,0.999809703789242,0.6993814538915868,87096.35899560829,8.709635899560821
16,91201.08393559116,91201.08393559116,0.9998172391252789,0.9998172391252789,0.7080755786671051,91201.08393559119,9.12010839355911
16,95499.25860214369,95499.25860214369,0.9998244788092404,0.9998244788092404,0.7165579471315721,95499.25860214363,9.549925860214355
16,100000.0,100000.0,0.99983143431011,0.99983143431011,0.7248320272187407,100000.00000000001,9.999999999999993
16,104712.85480508985,104712.85480508985,0.9998381166583041,0.9998381166583041,0.7329013003469379,104712.85480508977,10.471285480508968
16,109647.81961431829,109647.81961431829,0.9998445364621342,0.9998445364621342,0.7407692580285712,109647.81961431829,10.96478196143182
16,114815.36214968794,114815.36214968794,0.9998507039236638,0.9998507039236638,0.7484393985683045,114815.36214968802,11.481536214968793
16,120226.4434617418,120226.4434617418,0.999856628853986,0.999856628853986,0.7559152238532469,120226.44346174186,12.022644346174175
16,125892.54117941714,125892.54117941714,0.9998623206879393,0.9998623206879393,0.7632002362381224,125892.54117941708,12.589254117941696
16,131825.673855641,131825.673855641,0.9998677884982841,0.9998677884982841,0.7702979355280702,131825.67385564104,13.182567385564093
16,138038.42646028867,138038.42646028867,0.9998730410093555,0.9998730410093555,0.7772118160612991,138038.42646028858,13.803842646028846
16,144543.9770745928,144543.9770745928,0.9998780866102153,0.9998780866102153,0.7839453638935523,144543.9770745928,14.454397707459268
16,151356.12484362072,151356.12484362072,0.999882933367317,0.999882933367317,0.7905020540859432,151356.12484362084,15.135612484362072
16,158489.3192461111,158489.3192461111,0.9998875890367055,0.9998875890367055,0.7968853480974334,158489.3192461111,15.848931924611094
16,165958.69074375564,165958.69074375564,0.9998920610757626,0.9998920610757626,0.8030986912828909,165958.69074375575,16.59586907437556
16,173780.08287493835,173780.08287493835,0.9998963566545207,0.9998963566545207,0.8091455104973686,173780.0828749384,17.378008287493827
16,181970.085860999,181970.085860999,0.9999004826665557,0.9999004826665557,0.8150292118069471,181970.0858609989,18.197008586099873
16,190546.0717963252,190546.0717963252,0.9999044457394758,0.9999044457394758,0.820753178306232,190546.07179632527,19.05460717963251
16,199526.2314968883,199526.2314968883,0.9999082522450209,0.9999082522450209,0.8263207680422835,199526.23149688813,19.952623149688797
16,208929.6130854041,208929.6130854041,0.9999119083087872,0.9999119083087872,0.8317353120445528,208929.6130854041,20.892961308540393
16,218776.16239495517,218776.16239495517,0.9999154198195883,0.9999154198195883,0.8370001124601367,218776.16239495538,21.877616239495516
16,229086.765276777,229086.765276777,0.9999187924384688,0.9999187924384688,0.8421184407934413,229086.76527677698,22.908676527677677
16,239883.29190194848,239883.29190194848,0.9999220316073811,0.9999220316073811,0.8470935362491412,239883.29190194866,23.988329190194843
16,251188.64315095925,251188.64315095925,0.9999251425575381,0.9999251425575381,0.8519286041771196,251188.64315095934,25.118864315095912
16,263026.7991895392,263026.7991895392,0.9999281303174536,0.9999281303174536,0.8566268146178954,263026.79918953904,26.30267991895388
16,275422.87033381744,275422.87033381744,0.9999309997206824,0.9999309997206824,0.8611913009468839,275422.8703338175,27.542287033381726
16,288403.15031266114,288403.15031266114,0.9999337554132698,0.9999337554132698,0.8656251586156635,288403.1503126609,28.840315031266066
16,301995.1720402019,301995.1720402019,0.9999364018609219,0.9999364018609219,0.8699314439883019,301995.1720402019,30.199517204020164
16,316227.7660168379,316227.7660168379,0.999938943355907,0.999938943355907,0.8741131732706582,316227.7660168382,31.62277660168379
16,331131.12148259074,331131.12148259074,0.999941384023698,0.999941384023698,0.8781733215304623,331131.1214825907,33.11311214825904
16,346736.85045253095,346736.85045253095,0.9999437278293639,0.9999437278293639,0.882114821805878,346736.85045253113,34.67368504525309
16,363078.0547701003,363078.0547701003,0.9999459785837221,0.9999459785837221,0.8859405643001566,363078.0547701001,36.30780547700998
16,380189.3963205628,380189.3963205628,0.9999481399492577,0.9999481399492577,0.8896533956599257,380189.3963205625,38.018939632056224
16,398107.17055349855,398107.17055349855,0.9999502154458205,0.9999502154458205,0.8932561183345719,398107.1705534986,39.810717055349826
16,416869.3834703364,416869.3834703364,0.9999522084561067,0.9999522084561067,0.8967514900141466,416869.38347033673,41.68693834703364
16,436515.83224016655,436515.83224016655,0.9999541222309328,0.9999541222309328,0.9001422231431525,436515.8322401665,43.65158322401661
16,457088.1896148752,457088.1896148752,0.9999559598943114,0.9999559598943114,0.9034309845075531,457088.1896148755,45.70881896148751
16,478630.092322638,478630.092322638,0.9999577244483336,0.9999577244483336,0.906620394892315,478630.09232263785,47.86300923226375
16,501187.2336272715,501187.2336272715,0.9999594187778678,0.9999594187778678,0.9097130288067801,501187.2336272717,50.118723362727124
16,524807.4602497712,524807.4602497712,0.9999610456550783,0.9999610456550783,0.9127114142751497,524807.4602497709,52.48074602497705
16,549540.873857627,549540.873857627,0.9999626077437754,0.9999626077437754,0.9156180326893759,549540.8738576266,54.95408738576261
16,575439.937337159,575439.937337159,0.9999641076035976,0.9999641076035976,0.9184353187217457,575439.937337159,57.54399373371585
16,602559.5860743594,602559.5860743594,0.9999655476940362,0.9999655476940362,0.9211656602944807,602559.5860743598,60.25595860743593
16,630957.3444801943,630957.3444801943,0.9999669303783068,0.9999669303783068,0.9238113986036731,630957.3444801942,63.095734448019364
16,660693.4480075964,660693.4480075964,0.9999682579270728,0.9999682579270728,0.926374828194923,660693.4480075968,66.06934480075962
16,691830.9709189363,691830.9709189363,0.9999695325220278,0.9999695325220278,0.9288581970880655,691830.970918936,69.18309709189354
16,724435.9600749891,724435.9600749891,0.9999707562593408,0.9999707562593408,0.9312637069484204,724435.9600749894,72.44359600749888
16,758577.575029182,758577.575029182,0.9999719311529707,0.9999719311529707,0.9335935133020323,758577.5750291815,75.85775750291809
16,794328.2347242854,794328.2347242854,0.9999730591378528,0.9999730591378528,0.9358497257924231,794328.2347242861,79.43282347242854
16,831763.7711026743,831763.7711026743,0.9999741420729655,0.9999741420729655,0.9380344084764198,831763.7711026742,83.17637711026735
16,870963.5899560832,870963.5899560832,0.9999751817442784,0.9999751817442784,0.9401495801566878,870963.5899560838,87.09635899560831
16,912010.8393559115,912010.8393559115,0.999976179867587,0.999976179867587,0.942197214748639,912010.8393559112,91.20108393559104
16,954992.5860214368,954992.5860214368,0.9999771380912414,0.9999771380912414,0.9441792416794575,954992.5860214374,95.49925860214366
16,1000000.0,1000000.0,0.9999780579987674,0.9999780579987674,0.9460975463170385,999999.9999999995,99.99999999999987
16,1047128.5480508985,1047128.5480508985,0.9999789411113887,0.9999789411113887,0.9441792416794577,1047128.5480508988,95.49925860214383
16,1096478.196143183,1096478.196143183,0.9999797888904526,0.9999797888904526,0.9421972147486393,1096478.1961431822,91.20108393559137
16,1148153.6214968793,1148153.6214968793,0.9999806027397612,0.9999806027397612,0.9401495801566879,1148153.6214968795,87.09635899560845
16,1202264.434617418,1202264.434617418,0.999981384007814,0.999981384007814,0.9380344084764194,1202264.4346174179,83.1763771102669
16,1258925.4117941714,1258925.4117941714,0.9999821339899646,0.9999821339899646,0.9358497257924228,1258925.4117941721,79.43282347242798
16,1318256.7385564102,1318256.7385564102,0.9999828539304929,0.9999828539304929,0.9335935133020324,1318256.7385564097,75.85775750291836
16,1380384.2646028865,1380384.2646028865,0.999983545024599,0.999983545024599,0.9312637069484204,1380384.2646028872,72.44359600749901
16,1445439.770745928,1445439.770745928,0.9999842084203197,0.9999842084203197,0.9288581970880656,1445439.7707459272,69.18309709189379
16,1513561.2484362072,1513561.2484362072,0.9999848452203706,0.9999848452203706,0.926374828194923,1513561.2484362074,66.06934480075974
16,1584893.192461111,1584893.192461111,0.9999854564839183,0.9999854564839183,0.9238113986036733,1584893.1924611097,63.095734448019584
16,1659586.9074375562,1659586.9074375562,0.9999860432282832,0.9999860432282832,0.9211656602944807,1659586.9074375564,60.255958607436035
16,1737800.8287493833,1737800.8287493833,0.9999866064305762,0.9999866064305762,0.9184353187217453,1737800.828749383,57.543993733715546
16,1819700.85860999,1819700.85860999,0.9999871470292739,0.9999871470292739,0.9156180326893756,1819700.858609991,54.95408738576232
16,1905460.7179632522,1905460.7179632522,0.9999876659257307,0.9999876659257307,0.91271141427515,1905460.7179632513,52.480746024977236
16,1995262.3149688828,1995262.3149688828,0.999988163985634,0.999988163985634,0.9097130288067802,1995262.3149688835,50.118723362727216
16,2089296.1308540408,2089296.1308540408,0.9999886420404019,0.9999886420404019,0.9066203948923153,2089296.1308540395,47.86300923226391
16,2187761.623949552,2187761.623949552,0.9999891008885279,0.9999891008885279,0.9034309845075533,2187761.6239495524,45.70881896148759
16,2290867.65276777,2290867.65276777,0.9999895412968723,0.9999895412968723,0.9001422231431527,2290867.652767768,43.65158322401677
16,2398832.919019485,2398832.919019485,0.9999899640019041,0.9999899640019041,0.8967514900141468,2398832.919019485,41.68693834703371
16,2511886.4315095926,2511886.4315095926,0.9999903697108949,0.9999903697108949,0.8932561183345714,2511886.4315095916,39.81071705534961
16,2630267.991895392,2630267.991895392,0.999990759103066,0.999990759103066,0.8896533956599253,2630267.9918953935,38.01893963205602
16,2754228.7033381746,2754228.7033381746,0.9999911328306906,0.9999911328306906,0.885940564300157,2754228.703338173,36.307805477010106
16,2884031.5031266115,2884031.5031266115,0.9999914915201545,0.9999914915201545,0.8821148218058783,2884031.5031266124,34.673685045253144
16,3019951.720402019,3019951.720402019,0.999991835772974,0.999991835772974,0.8781733215304627,3019951.7204020172,33.113112148259155
16,3162277.660168379,3162277.660168379,0.9999921661667748,0.9999921661667748,0.8741131732706584,3162277.6601683795,31.622776601683846
16,3311311.2148259077,3311311.2148259077,0.9999924832562332,0.9999924832562332,0.8699314439883019,3311311.2148259105,30.199517204020218
16,3467368.5045253094,3467368.5045253094,0.99999278757398,0.99999278757398,0.8656251586156638,3467368.504525309,28.84031503126617
16,3630780.5477010026,3630780.5477010026,0.9999930796314692,0.9999930796314692,0.8611913009468841,3630780.5477010054,27.542287033381776
16,3801893.963205628,3801893.963205628,0.9999933599198131,0.9999933599198131,0.8566268146178948,3801893.9632056295,26.302679918953743
16,3981071.7055349853,3981071.7055349853,0.9999936289105849,0.9999936289105849,0.851928604177119,3981071.705534983,25.118864315095777
16,4168693.8347033635,4168693.8347033635,0.9999938870565894,0.9999938870565894,0.8470935362491415,4168693.8347033644,23.988329190194886
16,4365158.322401665,4365158.322401665,0.9999941347926044,0.9999941347926044,0.8421184407934417,4365158.322401662,22.90867652767776
16,4570881.8961487515,4570881.8961487515,0.9999943725360919,0.9999943725360919,0.8370001124601367,4570881.8961487515,21.877616239495556
16,4786300.92322638,4786300.92322638,0.9999946006878832,0.9999946006878832,0.8317353120445531,4786300.923226375,20.892961308540464
16,5011872.336272715,5011872.336272715,0.9999948196328354,0.9999948196328354,0.8263207680422838,5011872.336272714,19.95262314968887
16,5248074.602497712,5248074.602497712,0.9999950297404636,0.9999950297404636,0.8207531783062323,5248074.6024977155,19.054607179632544
16,5495408.738576271,5495408.738576271,0.9999952313655475,0.9999952313655475,0.8150292118069464,5495408.7385762725,18.197008586099777
16,5754399.37337159,5754399.37337159,0.9999954248487144,0.9999954248487144,0.8091455104973678,5754399.373371586,17.378008287493735
16,6025595.860743593,6025595.860743593,0.9999956105169999,0.9999956105169999,0.8030986912828914,6025595.860743594,16.59586907437559
16,6309573.444801942,6309573.444801942,0.9999957886843857,0.9999957886843857,0.7968853480974338,6309573.444801938,15.84893192461115
16,6606934.480075965,6606934.480075965,0.9999959596523168,0.9999959596523168,0.7905020540859432,6606934.480075964,15.135612484362099
16,6918309.709189363,6918309.709189363,0.9999961237101987,0.9999961237101987,0.7839453638935523,6918309.7091893675,14.454397707459295
16,7244359.600749891,7244359.600749891,0.9999962811358747,0.9999962811358747,0.7772118160612995,7244359.600749889,13.803842646028894
16,7585775.750291821,7585775.750291821,0.9999964321960836,0.9999964321960836,0.7702979355280702,7585775.750291824,13.182567385564118
16,7943282.347242854,7943282.347242854,0.9999965771469016,0.9999965771469016,0.7632002362381215,7943282.3472428555,12.589254117941628
16,8317637.711026743,8317637.711026743,0.9999967162341646,0.9999967162341646,0.7559152238532459,8317637.711026737,12.022644346174111
16,8709635.899560831,8709635.899560831,0.9999968496938749,0.9999968496938749,0.7484393985683051,8709635.899560831,11.481536214968813
16,9120108.393559115,9120108.393559115,0.9999969777525922,0.9999969777525922,0.7407692580285717,9120108.393559108,10.964781961431859
16,9549925.86021437,9549925.86021437,0.999997100627808,0.999997100627808,0.7329013003469385,9549925.860214368,10.471285480509005
16,10000000.0,10000000.0,0.999997218528307,0.999997218528307,0.7248320272187412,10000000.000000006,10.00000000000001
16,10471285.480508985,10471285.480508985,0.9999973316545124,0.9999973316545124,0.7165579471315721,10471285.480509,9.549925860214373
16,10964781.96143183,10964781.96143183,0.9999974401988191,0.9999974401988191,0.7080755786671056,10964781.961431814,9.120108393559143
16,11481536.214968793,11481536.214968793,0.9999975443459126,0.9999975443459126,0.6993814538915875,11481536.214968788,8.709635899560851
16,12022644.34617418,12022644.34617418,0.9999976442730761,0.9999976442730761,0.6904721218312766,12022644.34617417,8.317637711026697
16,12589254.117941713,12589254.117941713,0.9999977401504855,0.9999977401504855,0.6813441520287438,12589254.117941713,7.943282347242803
16,13182567.385564102,13182567.385564102,0.9999978321414918,0.9999978321414918,0.671994138175549,13182567.385564111,7.585775750291828
16,13803842.646028867,13803842.646028867,0.9999979204028937,0.9999979204028937,0.662418701816476,13803842.646028887,7.244359600749893
16,14454397.70745928,14454397.70745928,0.999998005085198,0.999998005085198,0.6526144961200782,14454397.707459262,6.9183097091893835
16,15135612.484362071,15135612.484362071,0.999998086332871,0.999998086332871,0.6425782097099606,15135612.484362066,6.606934480075979
16,15848931.924611108,15848931.924611108,0.9999981642845793,0.9999981642845793,0.6323065705508399,15848931.924611114,6.309573444801951
16,16595869.074375562,16595869.074375562,0.9999982390734209,0.9999982390734209,0.6217963498830492,16595869.074375583,6.025595860743596
16,17378008.287493832,17378008.287493832,0.9999983108271477,0.9999983108271477,0.6110443661988265,17378008.28749385,5.754399373371548
16,18197008.5860999,18197008.5860999,0.9999983796683788,0.9999983796683788,0.6000474892533925,18197008.58609993,5.495408738576226
16,19054607.179632522,19054607.179632522,0.9999984457148051,0.9999984457148051,0.5888026441034346,19054607.1796325,5.248074602497727
16,19952623.14968883,19952623.14968883,0.9999985090793867,0.9999985090793867,0.5773068151653983,19952623.14968882,5.011872336272725
16,20892961.308540408,20892961.308540408,0.9999985698705417,0.9999985698705417,0.5655570502855989,20892961.30854042,4.786300923226387
16,21877616.23949552,21877616.23949552,0.9999986281923274,0.9999986281923274,0.553550464813947,21877616.239495546,4.570881896148754
16,22908676.5276777,22908676.5276777,0.9999986841446152,0.9999986841446152,0.5412842456727929,22908676.527677666,4.36515832240168
16,23988329.19019485,23988329.19019485,0.9999987378232578,0.9999987378232578,0.5287556554121783,23988329.190194834,4.168693834703374
16,25118864.315095924,25118864.315095924,0.9999987893202492,0.9999987893202492,0.5159620362425681,25118864.315095898,3.981071705534964
16,26302679.91895392,26302679.91895392,0.9999988387238805,0.9999988387238805,0.5029008140359519,26302679.918953918,3.8018939632056044
16,27542287.033381745,27542287.033381745,0.9999988861188869,0.9999988861188869,0.48956950228603013,27542287.03338176,3.630780547701007
16,28840315.031266116,28840315.031266116,0.9999989315865908,0.9999989315865908,0.47596570601812405,28840315.031266157,3.467368504525311
16,30199517.20402019,30199517.20402019,0.9999989752050379,0.9999989752050379,0.4620871256392909,30199517.20402015,3.311311214825918
16,31622776.60168379,31622776.60168379,0.9999990170491291,0.9999990170491291,0.4479315607191161,31622776.601683773,3.1622776601683866
16,33113112.148259077,33113112.148259077,0.9999990571907458,0.9999990571907458,0.4334969136916019,33113112.148259085,3.0199517204020236
16,34673685.0452531,34673685.0452531,0.9999990956988716,0.9999990956988716,0.418781193468567,34673685.04525313,2.884031503126614
16,36307805.47701003,36307805.47701003,0.999999132639708,0.999999132639708,0.40378251895506256,36307805.47700996,2.754228703338184
16,38018939.63205628,38018939.63205628,0.9999991680767861,0.9999991680767861,0.38849912245731544,38018939.63205634,2.6302679918953715
16,39810717.05534986,39810717.05534986,0.9999992020710741,0.9999992020710741,0.37292935297394747,39810717.055349804,2.5118864315095792
16,41686938.347033635,41686938.347033635,0.9999992346810793,0.9999992346810793,0.357071679361181,41686938.34703361,2.3988329190194904
16,43651583.22401665,43651583.22401665,0.999999265962948,0.999999265962948,0.3409246933631921,43651583.22401667,2.290867652767773
16,45708818.96148752,45708818.96148752,0.9999992959705589,0.9999992959705589,0.3244871124987536,45708818.96148757,2.1877616239495534
16,47863009.2322638,47863009.2322638,0.9999993247556157,0.9999993247556157,0.3077577827957688,47863009.23226372,2.089296130854048
16,50118723.36272714,50118723.36272714,0.9999993523677331,0.9999993523677331,0.29073568136546957,50118723.362727106,1.995262314968888
16,52480746.024977125,52480746.024977125,0.9999993788545217,0.9999993788545217,0.27341991880852157,52480746.02497712,1.9054607179632557
16,54954087.38576271,54954087.38576271,0.999999404261668,0.999999404261668,0.2558097414455204,54954087.385762684,1.819700858609979
16,57543993.7337159,57543993.7337159,0.9999994286330119,0.9999994286330119,0.23790453336492312,57543993.73371592,1.7378008287493716
16,60255958.607435934,60255958.607435934,0.9999994520106211,0.9999994520106211,0.21970381828176022,60255958.60743601,1.659586907437557
16,63095734.44801943,63095734.44801943,0.9999994744348621,0.9999994744348621,0.20120726120109056,63095734.44801933,1.584893192461116
16,66069344.80075964,66069344.80075964,0.9999994959444691,0.9999994959444691,0.18241466988056254,66069344.80075959,1.5135612484362109
16,69183097.09189363,69183097.09189363,0.9999995165766089,0.9999995165766089,0.16332599608704135,69183097.09189363,1.4454397707459303
16,72443596.0074989,72443596.0074989,0.9999995363669447,0.9999995363669447,0.14394133664280484,72443596.00749896,1.3803842646028879
16,75857757.5029182,75857757.5029182,0.9999995553496966,0.9999995553496966,0.12426093425738916,75857757.50291833,1.3182567385564103
16,79432823.47242855,79432823.47242855,0.9999995735576992,0.9999995735576992,0.10428517814178118,79432823.47242865,1.2589254117941615
16,83176377.11026743,83176377.11026743,0.9999995910224577,0.9999995910224577,0.08401460440229747,83176377.11026731,1.202264434617412
16,87096358.99560831,87096358.99560831,0.9999996077742019,0.9999996077742019,0.06344989621204133,87096358.99560827,1.1481536214968822
16,91201083.93559115,91201083.93559115,0.9999996238419367,0.9999996238419367,0.04259188375863343,91201083.93559116,1.0964781961431846
16,95499258.60214369,95499258.60214369,0.9999996392534923,0.9999996392534923,0.02144154396740028,95499258.60214378,1.0471285480508994
16,100000000.0,100000000.0,0.9999996540355709,0.9999996540355709,0.0,100000000.00000018,1.0
16,104712854.80508985,104712854.80508985,0.9999996682137928,0.9999996392534923,0.021441543967398613,95499258.60214412,1.0471285480508956
16,109647819.61431828,109647819.61431828,0.9999996818127396,0.9999996238419367,0.042591883758631766,91201083.93559149,1.0964781961431807
16,114815362.14968793,114815362.14968793,0.9999996948559963,0.9999996077742019,0.06344989621203978,87096358.99560857,1.148153621496878
16,120226443.4617418,120226443.4617418,0.9999997073661914,0.9999995910224577,0.08401460440229891,83176377.11026701,1.2022644346174163
16,125892541.17941713,125892541.17941713,0.9999997193650356,0.9999995735576992,0.10428517814178417,79432823.47242808,1.2589254117941704
16,131825673.855641,131825673.855641,0.999999730873359,0.9999995553496966,0.12426093425738782,75857757.5029186,1.3182567385564057
16,138038426.46028867,138038426.46028867,0.9999997419111465,0.9999995363669447,0.14394133664280329,72443596.00749923,1.380384264602883
16,144543977.0745928,144543977.0745928,0.9999997524975714,0.9999995165766089,0.16332599608704002,69183097.09189388,1.4454397707459252
16,151356124.84362072,151356124.84362072,0.9999997626510296,0.9999994959444691,0.18241466988055965,66069344.80075983,1.5135612484362055
16,158489319.2461111,158489319.2461111,0.9999997723891695,0.9999994744348621,0.20120726120108923,63095734.44801956,1.5848931924611105
16,165958690.74375564,165958690.74375564,0.999999781728923,0.9999994520106211,0.2197038182817589,60255958.60743622,1.6595869074375513
16,173780082.87493834,173780082.87493834,0.9999997906865344,0.9999994286330119,0.23790453336492445,57543993.73371572,1.7378008287493776
16,181970085.860999,181970085.860999,0.9999997992775883,0.999999404261668,0.2558097414455217,54954087.38576249,1.8197008586099854
16,190546071.7963252,190546071.7963252,0.9999998075170358,0.9999993788545217,0.27341991880852023,52480746.024977304,1.9054607179632488
16,199526231.49688828,199526231.49688828,0.9999998154192205,0.9999993523677331,0.29073568136546823,50118723.362727284,1.995262314968881
16,208929613.0854041,208929613.0854041,0.9999998229979031,0.9999993247556157,0.3077577827957675,47863009.23226389,2.0892961308540405
16,218776162.3949552,218776162.3949552,0.999999830266285,0.9999992959705589,0.3244871124987524,45708818.96148773,2.1877616239495454
16,229086765.276777,229086765.276777,0.9999998372370308,0.999999265962948,0.34092469336319087,43651583.22401682,2.290867652767765
16,239883291.90194848,239883291.90194848,0.9999998439222898,0.9999992346810793,0.3570716793611798,41686938.34703376,2.398832919019482
16,251188643.15095925,251188643.15095925,0.9999998503337175,0.9999992020710741,0.3729293529739487,39810717.05534966,2.5118864315095886
16,263026799.18953922,263026799.18953922,0.9999998564824952,0.9999991680767861,0.38849912245731766,38018939.632056065,2.63026799189539
16,275422870.3338175,275422870.3338175,0.9999998623793492,0.999999132639708,0.40378251895506145,36307805.47701009,2.7542287033381743
16,288403150.3126612,288403150.3126612,0.9999998680345692,0.9999990956988716,0.418781193468566,34673685.045253254,2.8840315031266037
16,301995172.0402019,301995172.0402019,0.9999998734580263,0.9999990571907458,0.4334969136916009,33113112.1482592,3.019951720402013
16,316227766.01683795,316227766.01683795,0.9999998786591896,0.9999990170491291,0.4479315607191151,31622776.60168389,3.1622776601683755
16,331131121.4825908,331131121.4825908,0.9999998836471429,0.9999989752050379,0.4620871256392899,30199517.204020258,3.3113112148259063
16,346736850.452531,346736850.452531,0.9999998884305996,0.9999989315865908,0.47596570601812216,28840315.031266257,3.4673685045252984
16,363078054.7701003,363078054.7701003,0.9999998930179188,0.9999988861188869,0.48956950228602913,27542287.03338186,3.630780547700994
16,380189396.3205628,380189396.3205628,0.9999998974171187,0.9999988387238805,0.502900814035953,26302679.918953825,3.801893963205618
16,398107170.55349857,398107170.55349857,0.9999999016358909,0.9999987893202492,0.515962036242569,25118864.31509581,3.981071705534978
16,416869383.4703364,416869383.4703364,0.9999999056816138,0.9999987378232578,0.5287556554121775,23988329.19019492,4.168693834703359
16,436515832.24016654,436515832.24016654,0.9999999095613646,0.9999986841446152,0.541284245672792,22908676.52767775,4.365158322401664
16,457088189.6148752,457088189.6148752,0.9999999132819327,0.9999986281923274,0.5535504648139462,21877616.239495624,4.570881896148737
16,478630092.32263803,478630092.32263803,0.99999991684983,0.9999985698705417,0.565557050285598,20892961.308540493,4.786300923226369
16,501187233.6272715,501187233.6272715,0.9999999202713034,0.9999985090793867,0.5773068151653975,19952623.149688892,5.011872336272707
16,524807460.24977124,524807460.24977124,0.9999999235523446,0.9999984457148051,0.588802644103434,19054607.179632567,5.2480746024977085
16,549540873.857627,549540873.857627,0.9999999266987012,0.9999983796683788,0.600047489253394,18197008.5860998,5.495408738576265
16,575439937.337159,575439937.337159,0.9999999297158864,0.9999983108271477,0.6110443661988281,17378008.287493724,5.754399373371589
16,602559586.0743593,602559586.0743593,0.9999999326091882,0.9999982390734209,0.6217963498830479,16595869.07437564,6.025595860743575
16,630957344.4801943,630957344.4801943,0.9999999353836789,0.9999981642845793,0.6323065705508393,15848931.924611172,6.309573444801929
16,660693448.0075964,660693448.0075964,0.9999999380442239,0.999998086332871,0.6425782097099599,15135612.48436212,6.606934480075955
16,691830970.9189363,691830970.9189363,0.9999999405954898,0.999998005085198,0.6526144961200775,14454397.707459314,6.918309709189359
16,724435960.0749891,724435960.0749891,0.9999999430419528,0.9999979204028937,0.6624187018164753,13803842.646028936,7.244359600749867
16,758577575.0291821,758577575.0291821,0.9999999453879063,0.9999978321414918,0.6719941381755483,13182567.385564158,7.585775750291801
16,794328234.7242854,794328234.7242854,0.9999999476374684,0.9999977401504855,0.6813441520287444,12589254.117941668,7.943282347242832
16,831763771.1026742,831763771.1026742,0.9999999497945887,0.9999976442730761,0.6904721218312773,12022644.346174128,8.317637711026725
16,870963589.9560832,870963589.9560832,0.999999951863056,0.9999975443459126,0.6993814538915868,11481536.214968828,8.709635899560821
16,912010839.3559115,912010839.3559115,0.9999999538465038,0.9999974401988191,0.7080755786671051,10964781.961431853,9.12010839355911
16,954992586.0214369,954992586.0214369,0.9999999557484174,0.9999973316545124,0.7165579471315715,10471285.480509037,9.549925860214337
16,1000000000.0,1000000000.0,0.9999999575721396,0.999997218528307,0.7248320272187407,10000000.000000041,9.999999999999975
16,1047128548.0508986,1047128548.0508986,0.9999999593208765,0.999997100627808,0.7329013003469379,9549925.860214401,10.471285480508968
16,1096478196.1431828,1096478196.1431828,0.9999999609977032,0.9999969777525922,0.7407692580285712,9120108.39355914,10.96478196143182
16,1148153621.4968793,1148153621.4968793,0.9999999626055689,0.9999968496938749,0.7484393985683045,8709635.899560848,11.481536214968793
16,1202264434.617418,1202264434.617418,0.9999999641473024,0.9999967162341646,0.7559152238532469,8317637.711026692,12.022644346174175
16,1258925411.7941713,1258925411.7941713,0.9999999656256169,0.9999965771469016,0.7632002362381219,7943282.3472428275,12.589254117941675
16,1318256738.55641,1318256738.55641,0.9999999670431142,0.9999964321960836,0.7702979355280697,7585775.750291851,13.18256738556407
16,1380384264.6028867,1380384264.6028867,0.9999999684022902,0.9999962811358747,0.7772118160612991,7244359.600749915,13.803842646028846
16,1445439770.745928,1445439770.745928,0.9999999697055381,0.9999961237101987,0.7839453638935523,6918309.70918938,14.454397707459268
16,1513561248.436207,1513561248.436207,0.9999999709551536,0.9999959596523168,0.7905020540859428,6606934.480075999,15.135612484362019
16,1584893192.4611108,1584893192.4611108,0.9999999721533382,0.9999957886843857,0.7968853480974329,6309573.444801971,15.848931924611065
16,1659586907.4375563,1659586907.4375563,0.9999999733022035,0.9999956105169999,0.8030986912828909,6025595.860743616,16.595869074375532
16,1737800828.7493834,1737800828.7493834,0.9999999744037744,0.9999954248487144,0.8091455104973682,5754399.373371566,17.378008287493795
16,1819700858.60999,1819700858.60999,0.9999999754599932,0.9999952313655475,0.8150292118069471,5495408.738576243,18.197008586099873
16,1905460717.963252,1905460717.963252,0.9999999764727223,0.9999950297404636,0.820753178306232,5248074.602497725,19.05460717963251
16,1995262314.9688828,1995262314.9688828,0.9999999774437481,0.9999948196328354,0.8263207680422832,5011872.336272741,19.952623149688762
16,2089296130.8540409,2089296130.8540409,0.9999999783747837,0.9999946006878832,0.8317353120445524,4786300.923226401,20.892961308540354
16,2187761623.9495516,2187761623.9495516,0.9999999792674722,0.9999943725360919,0.8370001124601364,4570881.896148768,21.877616239495477
16,2290867652.76777,2290867652.76777,0.999999980123389,0.9999941347926044,0.8421184407934413,4365158.322401677,22.908676527677677
16,2398832919.019485,2398832919.019485,0.9999999809440453,0.9999938870565894,0.8470935362491412,4168693.834703372,23.988329190194843
16,2511886431.5095925,2511886431.5095925,0.9999999817308903,0.9999936289105849,0.8519286041771196,3981071.705534962,25.118864315095912
16,2630267991.8953924,2630267991.8953924,0.9999999824853136,0.9999933599198131,0.856626814617895,3801893.963205616,26.302679918953835
16,2754228703.3381743,2754228703.3381743,0.9999999832086481,0.9999930796314692,0.8611913009468839,3630780.547701018,27.542287033381676
16,2884031503.1266117,2884031503.1266117,0.9999999839021719,0.99999278757398,0.8656251586156635,3467368.5045253215,28.840315031266066
16,3019951720.402019,3019951720.402019,0.9999999845671108,0.9999924832562332,0.8699314439883019,3311311.2148259166,30.199517204020164
16,3162277660.1683793,3162277660.1683793,0.9999999852046401,0.9999921661667748,0.8741131732706582,3162277.660168385,31.62277660168379
16,3311311214.8259077,3311311214.8259077,0.9999999858158871,0.999991835772974,0.8781733215304621,3019951.720402033,33.113112148258985
16,3467368504.5253096,3467368504.5253096,0.9999999864019329,0.9999914915201545,0.8821148218058777,2884031.5031266226,34.67368504525302
16,3630780547.7010026,3630780547.7010026,0.9999999869638141,0.9999911328306906,0.8859405643001566,2754228.703338183,36.30780547700998
16,3801893963.205628,3801893963.205628,0.9999999875025247,0.999990759103066,0.8896533956599257,2630267.9918953795,38.018939632056224
16,3981071705.5349855,3981071705.5349855,0.9999999880190182,0.9999903697108949,0.8932561183345719,2511886.431509578,39.810717055349826
16,4168693834.7033634,4168693834.7033634,0.9999999885142089,0.9999899640019041,0.8967514900141466,2398832.919019489,41.68693834703364
16,4365158322.401666,4365158322.401666,0.9999999889889732,0.9999895412968723,0.9001422231431525,2290867.6527677802,43.651583224016534
16,4570881896.148751,4570881896.148751,0.9999999894441521,0.9999891008885279,0.9034309845075529,2187761.62394956,45.70881896148743
16,4786300923.22638,4786300923.22638,0.9999999898805515,0.9999886420404019,0.906620394892315,2089296.130854047,47.86300923226375
16,5011872336.272715,5011872336.272715,0.9999999902989447,0.999988163985634,0.9097130288067801,1995262.314968887,50.118723362727124
16,5248074602.497712,5248074602.497712,0.999999990700073,0.9999876659257307,0.9127114142751497,1905460.7179632615,52.48074602497696
16,5495408738.576271,5495408738.576271,0.999999991084647,0.9999871470292739,0.9156180326893758,1819700.8586099846,54.95408738576252
16,5754399373.37159,5754399373.37159,0.9999999914533487,0.9999866064305762,0.9184353187217456,1737800.8287493768,57.543993733715745
16,6025595860.743593,6025595860.743593,0.9999999918068319,0.9999860432282832,0.9211656602944805,1659586.9074375622,60.25595860743582
16,6309573444.801943,6309573444.801943,0.999999992145723,0.9999854564839183,0.9238113986036731,1584893.1924611153,63.095734448019364
16,6606934480.075964,6606934480.075964,0.9999999924706234,0.9999848452203706,0.926374828194923,1513561.2484362102,66.06934480075962
16,6918309709.189363,6918309709.189363,0.9999999927821094,0.9999842084203197,0.9288581970880654,1445439.770745935,69.18309709189342
16,7244359600.749891,7244359600.749891,0.9999999930807335,0.999983545024599,0.9312637069484202,1380384.264602892,72.44359600749875
16,7585775750.291821,7585775750.291821,0.9999999933670259,0.9999828539304929,0.9335935133020323,1318256.7385564144,75.85775750291809
16,7943282347.242854,7943282347.242854,0.9999999936414948,0.9999821339899646,0.935849725792423,1258925.4117941654,79.4328234724284
16,8317637711.026743,8317637711.026743,0.9999999939046273,0.999981384007814,0.9380344084764198,1202264.4346174113,83.17637711026735
16,8709635899.560831,8709635899.560831,0.9999999941568908,0.9999806027397612,0.9401495801566878,1148153.6214968816,87.09635899560831
16,9120108393.559114,9120108393.559114,0.9999999943987333,0.9999797888904526,0.942197214748639,1096478.196143188,91.20108393559089
16,9549925860.214369,9549925860.214369,0.9999999946305843,0.9999789411113887,0.9441792416794575,1047128.5480509026,95.49925860214348
16,10000000000.0,10000000000.0,0.999999994852856,0.9999780579987674,0.9460975463170385,1000000.000000003,99.99999999999987
16,10471285480.508986,10471285480.508986,0.9999999950659431,0.9999771380912414,0.9441792416794577,954992.586021439,95.49925860214383
16,10964781961.43183,10964781961.43183,0.9999999952702244,0.999976179867587,0.9421972147486393,912010.8393559161,91.20108393559154
16,11481536214.968794,11481536214.968794,0.9999999954660633,0.9999751817442784,0.940149580156688,870963.589956087,87.09635899560861
16,12022644346.17418,12022644346.17418,0.9999999956538078,0.9999741420729655,0.9380344084764196,831763.7711026713,83.17637711026705
16,12589254117.941713,12589254117.941713,0.9999999958337918,0.9999730591378528,0.9358497257924229,794328.2347242819,79.43282347242813
16,13182567385.5641,13182567385.5641,0.9999999960063356,0.9999719311529707,0.9335935133020324,758577.5750291842,75.85775750291836
16,13803842646.028866,13803842646.028866,0.999999996171746,0.9999707562593408,0.9312637069484204,724435.9600749906,72.44359600749901
16,14454397707.45928,14454397707.45928,0.9999999963303173,0.9999695325220278,0.9288581970880658,691830.9709189397,69.18309709189391
16,15135612484.362072,15135612484.362072,0.999999996482332,0.9999682579270728,0.9263748281949231,660693.4480075992,66.06934480075986
16,15848931924.611109,15848931924.611109,0.9999999966280604,0.9999669303783068,0.9238113986036733,630957.3444801964,63.095734448019584
16,16595869074.375563,16595869074.375563,0.999999996767762,0.9999655476940362,0.9211656602944807,602559.5860743609,60.255958607436035
16,17378008287.493835,17378008287.493835,0.9999999969016856,0.9999641076035976,0.9184353187217453,575439.9373371559,57.543993733715546
16,18197008586.0999,18197008586.0999,0.9999999970300698,0.9999626077437754,0.9156180326893756,549540.8738576237,54.95408738576232
16,19054607179.632523,19054607179.632523,0.9999999971531431,0.9999610456550783,0.91271141427515,524807.4602497738,52.48074602497733
16,19952623149.688828,19952623149.688828,0.9999999972711251,0.9999594187778678,0.9097130288067802,501187.23362727347,50.1187233627273
16,20892961308.54041,20892961308.54041,0.9999999973842257,0.9999577244483336,0.9066203948923153,478630.0923226396,47.86300923226391
16,21877616239.495518,21877616239.495518,0.9999999974926466,0.9999559598943114,0.9034309845075533,457088.1896148763,45.70881896148759
16,22908676527.6777,22908676527.6777,0.9999999975965811,0.9999541222309328,0.900142223143153,436515.8322401688,43.651583224016846
16,23988329190.19485,23988329190.19485,0.9999999976962145,0.9999522084561067,0.896751490014147,416869.3834703382,41.68693834703378
16,25118864315.095924,25118864315.095924,0.9999999977917244,0.9999502154458205,0.8932561183345714,398107.17055349716,39.810717055349684
16,26302679918.953922,26302679918.953922,0.9999999978832812,0.9999481399492577,0.8896533956599253,380189.3963205612,38.01893963205609
16,27542287033.381744,27542287033.381744,0.9999999979710482,0.9999459785837221,0.885940564300157,363078.0547701014,36.307805477010106
16,28840315031.266117,28840315031.266117,0.999999998055182,0.9999437278293639,0.8821148218058783,346736.85045253177,34.673685045253144
16,30199517204.02019,30199517204.02019,0.9999999981358327,0.999941384023698,0.8781733215304629,331131.1214825925,33.11311214825922
16,31622776601.683792,31622776601.683792,0.9999999982131443,0.999938943355907,0.8741131732706584,316227.7660168393,31.622776601683903
16,33113112148.259075,33113112148.259075,0.9999999982872547,0.9999364018609219,0.8699314439883022,301995.172040203,30.19951720402027
16,34673685045.2531,34673685045.2531,0.9999999983582963,0.9999337554132698,0.8656251586156638,288403.15031266195,28.84031503126617
16,36307805477.010025,36307805477.010025,0.999999998426396,0.9999309997206824,0.8611913009468841,275422.87033381796,27.542287033381776
16,38018939632.05628,38018939632.05628,0.9999999984916752,0.9999281303174536,0.8566268146178948,263026.79918953765,26.302679918953743
16,39810717055.34985,39810717055.34985,0.9999999985542507,0.9999251425575381,0.8519286041771194,251188.64315095844,25.118864315095824
16,41686938347.03364,41686938347.03364,0.9999999986142342,0.9999220316073811,0.8470935362491415,239883.2919019495,23.98832919019493
16,43651583224.016655,43651583224.016655,0.9999999986717328,0.9999187924384688,0.8421184407934417,229086.7652767778,22.90867652767776
16,45708818961.48752,45708818961.48752,0.9999999987268495,0.9999154198195883,0.8370001124601367,218776.16239495575,21.877616239495556
16,47863009232.2638,47863009232.2638,0.9999999987796827,0.9999119083087872,0.8317353120445531,208929.61308540447,20.89296130854043
16,50118723362.72715,50118723362.72715,0.9999999988303268,0.9999082522450209,0.8263207680422842,199526.2314968892,19.952623149688904
16,52480746024.97712,52480746024.97712,0.9999999988788723,0.9999044457394758,0.8207531783062327,190546.07179632594,19.054607179632576
16,54954087385.7627,54954087385.7627,0.999999998925406,0.9999004826665557,0.8150292118069464,181970.08586099825,18.19700858609981
16,57543993733.7159,57543993733.7159,0.9999999989700112,0.9998963566545207,0.8091455104973678,173780.08287493748,17.378008287493735
16,60255958607.43593,60255958607.43593,0.9999999990127678,0.9998920610757626,0.8030986912828914,165958.69074375604,16.59586907437559
16,63095734448.019424,63095734448.019424,0.9999999990537521,0.9998875890367055,0.7968853480974342,158489.31924611193,15.848931924611179
16,66069344800.75964,66069344800.75964,0.9999999990930376,0.999882933367317,0.7905020540859435,151356.1248436214,15.135612484362126
16,69183097091.89363,69183097091.89363,0.9999999991306945,0.9998780866102153,0.7839453638935527,144543.97707459333,14.45439770745932
16,72443596007.49892,72443596007.49892,0.9999999991667902,0.9998730410093555,0.7772118160612995,138038.42646028908,13.803842646028894
16,75857757502.9182,75857757502.9182,0.9999999992013894,0.9998677884982841,0.7702979355280702,131825.67385564127,13.182567385564118
16,79432823472.42854,79432823472.42854,0.9999999992345538,0.9998623206879393,0.7632002362381215,125892.5411794164,12.589254117941628
16,83176377110.26743,83176377110.26743,0.9999999992663431,0.999856628853986,0.7559152238532465,120226.44346174144,12.022644346174133
16,87096358995.60832,87096358995.60832,0.9999999992968142,0.9998507039236638,0.7484393985683055,114815.36214968843,11.481536214968834
16,91201083935.59116,91201083935.59116,0.9999999993260213,0.9998445364621342,0.7407692580285717,109647.81961431868,10.964781961431859
16,95499258602.14369,95499258602.14369,0.9999999993540173,0.9998381166583041,0.7329013003469385,104712.85480509014,10.471285480509005
16,100000000000.0,100000000000.0,0.9999999993808519,0.99983143431011,0.7248320272187412,100000.0000000002,10.00000000000001
16,104712854805.08984,104712854805.08984,0.9999999994065735,0.9998244788092404,0.7165579471315726,95499.25860214414,9.549925860214406
16,109647819614.31828,109647819614.31828,0.999999999431228,0.9998172391252789,0.7080755786671056,91201.08393559151,9.120108393559143
16,114815362149.68794,114815362149.68794,0.9999999994548596,0.999809703789242,0.6993814538915875,87096.35899560859,8.709635899560851
16,120226443461.7418,120226443461.7418,0.9999999994775108,0.9998018608764958,0.6904721218312766,83176.37711026703,8.317637711026697
16,125892541179.41713,125892541179.41713,0.9999999994992221,0.999793697989022,0.6813441520287438,79432.8234724281,7.943282347242803
16,131825673855.641,131825673855.641,0.9999999995200326,0.9997852022370153,0.671994138175549,75857.75750291835,7.585775750291828
16,138038426460.28867,138038426460.28867,0.9999999995399794,0.9997763602197853,0.6624187018164767,72443.59600749925,7.2443596007499185
16,144543977074.5928,144543977074.5928,0.9999999995590984,0.9997671580059376,0.6526144961200782,69183.09709189388,6.9183097091893835
16,151356124843.62073,151356124843.62073,0.9999999995774239,0.9997575811128084,0.6425782097099606,66069.34480075985,6.606934480075979
16,158489319246.11108,158489319246.11108,0.9999999995949888,0.999747614485126,0.6323065705508399,63095.73444801957,6.309573444801951
16,165958690743.7556,165958690743.7556,0.9999999996118245,0.9997372424728712,0.6217963498830501,60255.95860743624,6.025595860743619
16,173780082874.93835,173780082874.93835,0.9999999996279614,0.999726448808308,0.6110443661988265,57543.99373371553,5.754399373371548
16,181970085860.999,181970085860.999,0.9999999996434283,0.9997152165821536,0.6000474892533934,54954.087385762505,5.495408738576246
16,190546071796.32523,190546071796.32523,0.9999999996582531,0.9997035282188593,0.5888026441034346,52480.746024977314,5.248074602497727
16,199526231496.88828,199526231496.88828,0.9999999996724624,0.9996913654509686,0.5773068151653983,50118.723362727294,5.011872336272725
16,208929613085.40408,208929613085.40408,0.9999999996860818,0.9996787092925207,0.5655570502855989,47863.0092322639,4.786300923226387
16,218776162394.95517,218776162394.95517,0.9999999996991356,0.9996655400114645,0.5535504648139479,45708.81896148774,4.57088189614877
16,229086765276.777,229086765276.777,0.9999999997116471,0.9996518371010501,0.5412842456727929,43651.58322401683,4.36515832240168
16,239883291901.9485,239883291901.9485,0.9999999997236392,0.9996375792501597,0.5287556554121783,41686.93834703377,4.168693834703374
16,251188643150.95923,251188643150.95923,0.9999999997351331,0.9996227443125417,0.5159620362425681,39810.717055349676,3.981071705534964
16,263026799189.5392,263026799189.5392,0.9999999997461497,0.9996073092749087,0.5029008140359519,38018.93963205608,3.8018939632056044
16,275422870333.81744,275422870333.81744,0.9999999997567086,0.9995912502238609,0.48956950228603013,36307.8054770101,3.630780547701007
16,288403150312.66113,288403150312.66113,0.999999999766829,0.9995745423115932,0.47596570601812505,34673.68504525326,3.4673685045253233
16,301995172040.2019,301995172040.2019,0.9999999997765289,0.9995571597203431,0.4620871256392909,33113.112148259206,3.311311214825918
16,316227766016.83795,316227766016.83795,0.9999999997858257,0.9995390756255375,0.4479315607191161,31622.776601683894,3.1622776601683866
16,331131121482.59076,331131121482.59076,0.9999999997947363,0.9995202621575908,0.4334969136916019,30199.517204020263,3.0199517204020236
16,346736850452.53094,346736850452.53094,0.9999999998032767,0.9995006903623118,0.4187811934685681,28840.315031266266,2.884031503126624
16,363078054770.1003,363078054770.1003,0.9999999998114621,0.9994803301598666,0.40378251895506256,27542.287033381865,2.754228703338184
16,380189396320.5628,380189396320.5628,0.9999999998193074,0.9994591503022526,0.38849912245731655,26302.67991895383,2.630267991895381
16,398107170553.49854,398107170553.49854,0.9999999998268267,0.9994371183292308,0.37292935297394747,25118.864315095816,2.5118864315095792
16,416869383470.33636,416869383470.33636,0.9999999998340335,0.9994142005226633,0.357071679361181,23988.329190194923,2.3988329190194904
16,436515832240.16656,436515832240.16656,0.9999999998409408,0.9993903618592044,0.3409246933631921,22908.67652767775,2.290867652767773
16,457088189614.8752,457088189614.8752,0.9999999998475608,0.999365565961287,0.32448711249875484,21877.61623949563,2.187761623949561
16,478630092322.638,478630092322.638,0.9999999998539058,0.9993397750463492,0.3077577827957688,20892.961308540496,2.089296130854048
16,501187233627.2715,501187233627.2715,0.999999999859987,0.9993129498742409,0.29073568136546957,19952.623149688898,1.995262314968888
16,524807460249.77124,524807460249.77124,0.9999999998658153,0.9992850496927508,0.27341991880852157,19054.607179632574,1.9054607179632557
16,549540873857.6271,549540873857.6271,0.9999999998714013,0.9992560321811897,0.2558097414455204,18197.008586099804,1.819700858609979
16,575439937337.1589,575439937337.1589,0.999999999876755,0.9992258533919682,0.23790453336492312,17378.00828749373,1.7378008287493716
16,602559586074.3594,602559586074.3594,0.9999999998818863,0.9991944676901006,0.21970381828176155,16595.869074375645,1.659586907437563
16,630957344480.1943,630957344480.1943,0.999999999886804,0.9991618276905677,0.20120726120109056,15848.931924611175,1.584893192461116
16,660693448007.5964,660693448007.5964,0.9999999998915172,0.99912788419347,0.18241466988056254,15135.612484362122,1.5135612484362109
16,691830970918.9363,691830970918.9363,0.9999999998960345,0.9990925861168969,0.16332599608704135,14454.397707459317,1.4454397707459303
16,724435960074.9891,724435960074.9891,0.9999999999003639,0.99905588042744,0.14394133664280484,13803.84264602889,1.3803842646028879
16,758577575029.182,758577575029.182,0.9999999999045132,0.9990177120682748,0.12426093425739071,13182.567385564162,1.318256738556415
16,794328234724.2854,794328234724.2854,0.9999999999084899,0.9989780238847313,0.10428517814178273,12589.254117941671,1.258925411794166
16,831763771102.6743,831763771102.6743,0.9999999999123012,0.9989367565472748,0.08401460440229747,12022.644346174131,1.202264434617412
16,870963589956.0833,870963589956.0833,0.9999999999159539,0.9988938484718146,0.06344989621204133,11481.536214968832,1.1481536214968822
16,912010839355.9115,912010839355.9115,0.9999999999194548,0.9988492357372568,0.04259188375863343,10964.781961431856,1.0964781961431846
16,954992586021.4369,954992586021.4369,0.9999999999228099,0.9988028520002129,0.021441543967402055,10471.28548050904,1.0471285480509032
16,1000000000000.0,1000000000000.0,0.9999999999260254,0.9987546284067784,1.7763568394002505e-15,10000.000000000044,1.0000000000000036
32,1e-12,1000000000000.0,0.999999999956116,0.999999999956116,0.9989326246795454,999999999999.999,9999.999999999973
32,1.0471285480508985e-12,954992586021.4369,0.9999999999541621,0.9999999999541621,0.9988887421244365,954992586021.4352,9549.925860214336
32,1.096478196143183e-12,912010839355.9115,0.9999999999521213,0.9999999999521213,0.9988430842033578,912010839355.9125,9120.108393559109
32,1.148153621496884e-12,870963589956.0797,0.9999999999499898,0.9999999999499898,0.9987955805842978,870963589956.0803,8709.635899560788
32,1.202264434617413e-12,831763771102.6709,0.9999999999477636,0.9999999999477636,0.9987461582275596,831763771102.6709,8317.637711026695
32,1.258925411794166e-12,794328234724.2822,0.9999999999454383,0.9999999999454383,0.9986947412857045,794328234724.2815,7943.282347242802
32,1.3182567385564048e-12,758577575029.185,0.9999999999430097,0.9999999999430097,0.9986412510000261,758577575029.184,7585.775750291826
32,1.3803842646028866e-12,724435960074.9891,0.9999999999404732,0.9999999999404732,0.9985856055934461,724435960074.9904,7244.359600749891
32,1.445439770745928e-12,691830970918.9363,0.999999999937824,0.999999999937824,0.9985277201597211,691830970918.9369,6918.309709189357
32,1.5135612484362072e-12,660693448007.5964,0.999999999935057,0.999999999935057,0.9984675065488485,660693448007.5966,6606.934480075954
32,1.5848931924611108e-12,630957344480.1943,0.999999999932167,0.999999999932167,0.9984048732485546,630957344480.1938,6309.5734448019275
32,1.659586907437563e-12,602559586074.3569,0.9999999999291487,0.9999999999291487,0.9983397252617472,602559586074.3563,6025.595860743552
32,1.7378008287493763e-12,575439937337.1566,0.9999999999259962,0.9999999999259962,0.9982719639798118,575439937337.1556,5754.399373371547
32,1.8197008586099825e-12,549540873857.6248,0.9999999999227037,0.9999999999227037,0.9982014870516271,549540873857.62537,5495.408738576244
32,1.9054607179632443e-12,524807460249.7734,0.9999999999192649,0.9999999999192649,0.9981281882481745,524807460249.7735,5248.074602497726
32,1.9952623149688827e-12,501187233627.2715,0.9999999999156733,0.9999999999156733,0.9980519573226103,501187233627.2715,5011.872336272706
32,2.089296130854041e-12,478630092322.638,0.9999999999119223,0.9999999999119223,0.9979726798656723,478630092322.63763,4786.3009232263685
32,2.1877616239495518e-12,457088189614.8752,0.9999999999080047,0.9999999999080047,0.9978902371562829,457088189614.87445,4570.881896148737
32,2.29086765276777e-12,436515832240.16656,0.999999999903913,0.999999999903913,0.9978045060072142,436515832240.16705,4365.158322401663
32,2.398832919019495e-12,416869383470.3346,0.9999999998996396,0.9999999998996396,0.9977153586056744,416869383470.335,4168.693834703343
32,2.5118864315095823e-12,398107170553.4969,0.9999999998951765,0.9999999998951765,0.9976226623486742,398107170553.497,3981.071705534963
32,2.6302679918953816e-12,380189396320.5612,0.9999999998905152,0.9999999998905152,0.997526279673027,380189396320.56104,3801.8939632056035
32,2.7542287033381634e-12,363078054770.10175,0.999999999885647,0.999999999885647,0.9974260678798372,363078054770.10126,3630.780547701006
32,2.8840315031266117e-12,346736850452.53094,0.9999999998805627,0.9999999998805627,0.9973218789533279,346736850452.5304,3467.368504525298
32,3.0199517204020193e-12,331131121482.59076,0.9999999998752526,0.9999999998752526,0.9972135593738531,331131121482.5911,3311.3112148259056
32,3.1622776601683794e-12,316227766016.83795,0.9999999998697068,0.9999999998697068,0.9971009499249442,316227766016.838,3162.2776601683745
32,3.3113112148259077e-12,301995172040.2019,0.9999999998639149,0.9999999998639149,0.9969838854942313,301995172040.2018,3019.951720402012
32,3.4673685045253096e-12,288403150312.66113,0.9999999998578658,0.9999999998578658,0.9968621948680834,288403150312.66077,2884.0315031266027
32,3.6307805477010174e-12,275422870333.81635,0.9999999998515483,0.9999999998515483,0.9967357005198064,275422870333.8159,2754.2287033381544
32,3.8018939632056125e-12,263026799189.53815,0.9999999998449506,0.9999999998449506,0.9966042183912366,263026799189.53845,2630.26799189538
32,3.9810717055349695e-12,251188643150.9582,0.99999999983806,0.99999999983806,0.9964675576675668,251188643150.9583,2511.886431509579
32,4.168693834703346e-12,239883291901.9495,0.9999999998308636,0.9999999998308636,0.9963255205452393,239883291901.9494,2398.8329190194895
32,4.365158322401665e-12,229086765276.777,0.9999999998233481,0.9999999998233481,0.9961779019927398,229086765276.77686,2290.8676527677644
32,4.5708818961487516e-12,218776162394.9552,0.999999999815499,0.999999999815499,0.9960244895041243,218776162394.95486,2187.761623949545
32,4.78630092322638e-12,208929613085.40408,0.9999999998073019,0.9999999998073019,0.9958650628451098,208929613085.40436,2089.29613085404
32,5.011872336272715e-12,199526231496.88828,0.9999999997987411,0.9999999997987411,0.9956993937915615,199526231496.8884,1995.2623149688804
32,5.248074602497734e-12,190546071796.32443,0.9999999997898007,0.9999999997898007,0.9955272458602034,190546071796.3245,1905.4607179632417
32,5.495408738576248e-12,181970085860.99826,0.9999999997804637,0.9999999997804637,0.995348374031386,181970085860.99817,1819.7008586099785
32,5.754399373371567e-12,173780082874.93762,0.9999999997707127,0.9999999997707127,0.9951625244637378,173780082874.9374,1737.800828749371
32,6.0255958607435685e-12,165958690743.75632,0.9999999997605292,0.9999999997605292,0.994969434200533,165958690743.75656,1659.5869074375626
32,6.309573444801943e-12,158489319246.11108,0.9999999997498943,0.9999999997498943,0.9947688308676048,158489319246.1113,1584.8931924611102
32,6.6069344800759645e-12,151356124843.62073,0.9999999997387878,0.9999999997387878,0.9945604323626389,151356124843.6208,1513.5612484362052
32,6.918309709189362e-12,144543977074.5928,0.999999999727189,0.999999999727189,0.9943439465356757,144543977074.59274,1445.439770745925
32,7.244359600749891e-12,138038426460.28867,0.999999999715076,0.999999999715076,0.9941190708606625,138038426460.2885,1380.3842646028827
32,7.585775750291852e-12,131825673855.64047,0.9999999997024261,0.9999999997024261,0.9938854920978867,131825673855.64029,1318.2567385564007
32,7.943282347242821e-12,125892541179.41663,0.9999999996892156,0.9999999996892156,0.9936428859471347,125892541179.4168,1258.9254117941657
32,8.317637711026709e-12,120226443461.74132,0.9999999996754195,0.9999999996754195,0.9933909166914167,120226443461.74138,1202.2644346174118
32,8.709635899560796e-12,114815362149.68842,0.999999999661012,0.999999999661012,0.9931292368311043,114815362149.68839,1148.153621496882
32,9.120108393559116e-12,109647819614.31828,0.9999999996459662,0.9999999996459662,0.9928574867083327,109647819614.31824,1096.4781961431804
32,9.549925860214368e-12,104712854805.08986,0.9999999996302538,0.9999999996302538,0.9925752941215216,104712854805.08972,1047.1285480508955
32,1e-11,100000000000.0,0.9999999996138451,0.9999999996138451,0.9922822739298749,100000000000.00015,999.9999999999998
32,1.0471285480508984e-11,95499258602.14369,0.9999999995967096,0.9999999995967096,0.9919780276477281,95499258602.14375,954.992586021436
32,1.0964781961431828e-11,91201083935.59116,0.9999999995788149,0.9999999995788149,0.9916621430286147,91201083935.59114,912.0108393559099
32,1.148153621496884e-11,87096358995.60797,0.9999999995601278,0.9999999995601278,0.9913341936389306,87096358995.60794,870.9635899560778
32,1.202264434617413e-11,83176377110.26709,0.9999999995406128,0.9999999995406128,0.9909937384210896,83176377110.267,831.7637711026684
32,1.2589254117941662e-11,79432823472.42822,0.9999999995202337,0.9999999995202337,0.9906403212460615,79432823472.42834,794.3282347242821
32,1.3182567385564101e-11,75857757502.9182,0.9999999994989521,0.9999999994989521,0.9902734704552041,75857757502.9183,758.5775750291817
32,1.3803842646028866e-11,72443596007.49892,0.9999999994767281,0.9999999994767281,0.9898926983913047,72443596007.49895,724.4359600749883
32,1.445439770745928e-11,69183097091.89363,0.9999999994535202,0.9999999994535202,0.9894975009187598,69183097091.89362,691.8309709189349
32,1.5135612484362072e-11,66069344800.75964,0.9999999994292849,0.9999999994292849,0.9890873569328337,66069344800.759575,660.6934480075946
32,1.5848931924611107e-11,63095734448.01943,0.9999999994039767,0.9999999994039767,0.9886617278579528,63095734448.01954,630.9573444801943
32,1.659586907437563e-11,60255958607.435684,0.9999999993775482,0.9999999993775482,0.9882200571350009,60255958607.435776,602.5595860743567
32,1.7378008287493762e-11,57543993733.71567,0.99999999934995,0.99999999934995,0.9877617696976029,57543993733.715706,575.439937337156
32,1.8197008586099825e-11,54954087385.76248,0.9999999993211304,0.9999999993211304,0.9872862714373947,54954087385.76248,549.5408738576239
32,1.9054607179632443e-11,52480746024.97734,0.9999999992910353,0.9999999992910353,0.9867929486583009,52480746024.977295,524.807460249772
32,1.9952623149688828e-11,50118723362.72715,0.9999999992596087,0.9999999992596087,0.9862811675198553,50118723362.72709,501.18723362727
32,2.089296130854041e-11,47863009232.2638,0.9999999992267915,0.9999999992267915,0.9857502734696229,47863009232.263885,478.630092322638
32,2.187761623949552e-11,45708818961.48752,0.9999999991925225,0.9999999991925225,0.9851995906648009,45708818961.48756,457.0881896148748
32,2.29086765276777e-11,43651583224.016655,0.9999999991567373,0.9999999991567373,0.9846284213831038,43651583224.016655,436.5158322401658
32,2.3988329190194948e-11,41686938347.03346,0.9999999991193693,0.9999999991193693,0.984036045423055,41686938347.033455,416.86938347033384
32,2.5118864315095823e-11,39810717055.34969,0.9999999990803485,0.9999999990803485,0.9834217194938385,39810717055.349655,398.10717055349585
32,2.6302679918953815e-11,38018939632.05613,0.999999999039602,0.999999999039602,0.9827846765948896,38018939632.05606,380.1893963205599
32,2.7542287033381634e-11,36307805477.01018,0.9999999989970535,0.9999999989970535,0.9821241253854315,36307805477.010216,363.0780547701015
32,2.8840315031266117e-11,34673685045.2531,0.9999999989526236,0.9999999989526236,0.9814392495441953,34673685045.25312,346.73685045253063
32,3.019951720402019e-11,33113112148.25908,0.9999999989062291,0.9999999989062291,0.9807292071195939,33113112148.259075,331.1311214825902
32,3.1622776601683794e-11,31622776601.683792,0.9999999988577837,0.9999999988577837,0.979993129870652,31622776601.683765,316.2277660168371
32,3.311311214825908e-11,30199517204.020187,0.9999999988071965,0.9999999988071965,0.9792301225990295,30199517204.02014,301.9951720402009
32,3.4673685045253096e-11,28840315031.266117,0.9999999987543732,0.9999999987543732,0.9784392624725152,28840315031.266148,288.403150312661
32,3.6307805477010174e-11,27542287033.381634,0.9999999986992152,0.9999999986992152,0.9776195983404025,27542287033.381657,275.4228703338161
32,3.801893963205613e-11,26302679918.95381,0.9999999986416195,0.9999999986416195,0.9767701500412015,26302679918.95382,263.0267991895377
32,3.9810717055349695e-11,25118864315.09582,0.9999999985814785,0.9999999985814785,0.9758899077031846,25118864315.095806,251.1886431509576
32,4.168693834703364e-11,23988329190.194847,0.99999999851868,0.99999999851868,0.9749778310383026,23988329190.194828,239.88329190194784
32,4.3651583224016655e-11,22908676527.6777,0.999999998453107,0.999999998453107,0.9740328486300605,22908676527.67766,229.08676527677622
32,4.570881896148752e-11,21877616239.495518,0.9999999983846372,0.9999999983846372,0.9730538572159837,21877616239.49554,218.77616239495504
32,4.78630092322638e-11,20892961308.54041,0.9999999983131425,0.9999999983131425,0.9720397209653578,20892961308.540413,208.92961308540376
32,5.011872336272715e-11,19952623149.688828,0.99999999823849,0.99999999823849,0.9709892707529783,19952623149.688816,199.52623149688782
32,5.248074602497734e-11,19054607179.632442,0.9999999981605402,0.9999999981605402,0.9699013034296923,19054607179.632427,190.54607179632396
32,5.495408738576248e-11,18197008586.099827,0.999999998079148,0.999999998079148,0.9687745810905805,18197008586.099796,181.97008586099764
32,5.7543993733715666e-11,17378008287.493763,0.9999999979941616,0.9999999979941616,0.967607830341672,17378008287.493782,173.78008287493753
32,6.025595860743569e-11,16595869074.37563,0.9999999979054227,0.9999999979054227,0.9663997415661537,16595869074.375637,165.95869074375608
32,6.309573444801942e-11,15848931924.61111,0.999999997812766,0.999999997812766,0.9651489681910892,15848931924.61111,158.48931924611082
32,6.606934480075964e-11,15135612484.362072,0.999999997716019,0.999999997716019,0.9638541259557278,15135612484.362062,151.35612484362036
32,6.918309709189363e-11,14454397707.45928,0.9999999976150014,0.9999999976150014,0.9625137921825435,14454397707.459259,144.54397707459233
32,7.244359600749891e-11,13803842646.028866,0.9999999975095251,0.9999999975095251,0.9611265050522151,13803842646.028885,138.0384264602886
32,7.585775750291851e-11,13182567385.564047,0.9999999973993937,0.9999999973993937,0.959690762883818,13182567385.56406,131.8256738556404
32,7.943282347242822e-11,12589254117.941662,0.9999999972844025,0.9999999972844025,0.9582050234215735,12589254117.941666,125.89254117941643
32,8.317637711026709e-11,12022644346.17413,0.9999999971643372,0.9999999971643372,0.9566677031295593,12022644346.174124,120.22644346174104
32,8.709635899560797e-11,11481536214.96884,0.9999999970389747,0.9999999970389747,0.955077176495871,11481536214.968826,114.81536214968806
32,9.120108393559115e-11,10964781961.43183,0.9999999969080817,0.9999999969080817,0.9534317753477771,10964781961.43181,109.64781961431792
32,9.549925860214369e-11,10471285480.508986,0.9999999967714148,0.9999999967714148,0.9517297881795013,10471285480.508997,104.71285480508979
32,1e-10,10000000000.0,0.99999999662872,0.99999999662872,0.9499694594943164,10000000000.000004,99.99999999999987
32,1.0471285480508985e-10,9549925860.214369,0.9999999964797318,0.9999999964797318,0.9481489891627324,9549925860.214365,95.49925860214348
32,1.0964781961431829e-10,9120108393.559114,0.9999999963241735,0.9999999963241735,0.9462665317986095,9120108393.559105,91.20108393559089
32,1.1481536214968841e-10,8709635899.560797,0.999999996161756,0.999999996161756,0.9443201961551203,8709635899.560783,87.09635899560769
32,1.2022644346174132e-10,8317637711.026708,0.9999999959921777,0.9999999959921777,0.9423080445425488,8317637711.02672,83.17637711026705
32,1.2589254117941662e-10,7943282347.242822,0.9999999958151234,0.9999999958151234,0.9402280922699814,7943282347.2428255,79.43282347242813
32,1.31825673855641e-10,7585775750.291821,0.9999999956302645,0.9999999956302645,0.9380783071130376,7585775750.291822,75.85775750291809
32,1.3803842646028866e-10,7244359600.749891,0.9999999954372577,0.9999999954372577,0.9358566088098319,7244359600.749887,72.44359600749875
32,1.445439770745928e-10,6918309709.189363,0.9999999952357449,0.9999999952357449,0.9335608685874487,6918309709.189354,69.18309709189342
32,1.5135612484362072e-10,6606934480.075964,0.9999999950253519,0.9999999950253519,0.9311889087212742,6606934480.075974,66.06934480075962
32,1.584893192461111e-10,6309573444.801943,0.9999999948056885,0.9999999948056885,0.9287385021295907,6309573444.801947,63.095734448019364
32,1.6595869074375631e-10,6025595860.743568,0.9999999945763473,0.9999999945763473,0.9262073720059076,6025595860.743571,60.25595860743561
32,1.7378008287493763e-10,5754399373.371567,0.9999999943369027,0.9999999943369027,0.9235931914915662,5754399373.371564,57.543993733715546
32,1.8197008586099825e-10,5495408738.576248,0.999999994086911,0.999999994086911,0.9208935833912031,5495408738.5762415,54.95408738576232
32,1.9054607179632522e-10,5248074602.497712,0.9999999938259085,0.9999999938259085,0.9181061199337255,5248074602.4977045,52.48074602497696
32,1.9952623149688828e-10,5011872336.272715,0.9999999935534117,0.9999999935534117,0.9152283225814942,5011872336.272721,50.118723362727124
32,2.0892961308540407e-10,4786300923.22638,0.9999999932689158,0.9999999932689158,0.9122576618904477,4786300923.226383,47.86300923226375
32,2.1877616239495518e-10,4570881896.148752,0.9999999929718933,0.9999999929718933,0.9091915574239617,4570881896.14875,45.70881896148743
32,2.29086765276777e-10,4365158322.401666,0.9999999926617944,0.9999999926617944,0.906027377723261,4365158322.401661,43.651583224016534
32,2.398832919019485e-10,4168693834.7033634,0.9999999923380448,0.9999999923380448,0.9027624403372185,4168693834.703356,41.68693834703349
32,2.511886431509582e-10,3981071705.5349693,0.9999999920000451,0.9999999920000451,0.8993940119144327,3981071705.534975,39.810717055349684
32,2.6302679918953814e-10,3801893963.2056127,0.9999999916471697,0.9999999916471697,0.8959193083604556,3801893963.205615,38.01893963205609
32,2.754228703338163e-10,3630780547.701018,0.9999999912787657,0.9999999912787657,0.8923354950630695,3630780547.7010174,36.307805477010106
32,2.8840315031266117e-10,3467368504.5253096,0.9999999908941514,0.9999999908941514,0.8886396871885157,3467368504.525308,34.67368504525302
32,3.0199517204020193e-10,3311311214.8259077,0.9999999904926155,0.9999999904926155,0.8848289500515516,3311311214.825904,33.113112148258985
32,3.1622776601683795e-10,3162277660.1683793,0.9999999900734153,0.9999999900734153,0.8809002995622174,3162277660.1683846,31.62277660168379
32,3.3113112148259076e-10,3019951720.402019,0.999999989635776,0.999999989635776,0.8768507027521494,3019951720.402022,30.199517204020164
32,3.4673685045253093e-10,2884031503.1266117,0.9999999891788885,0.9999999891788885,0.8726770783832467,2884031503.1266117,28.840315031266066
32,3.6307805477010177e-10,2754228703.3381634,0.9999999887019086,0.9999999887019086,0.8683762976414573,2754228703.338163,27.54228703338158
32,3.801893963205613e-10,2630267991.8953815,0.9999999882039551,0.9999999882039551,0.8639451849183682,2630267991.895379,26.302679918953743
32,3.9810717055349694e-10,2511886431.509582,0.999999987684108,0.999999987684108,0.8593805186832469,2511886431.5095778,25.11886431509573
32,4.1686938347033633e-10,2398832919.019485,0.9999999871414076,0.9999999871414076,0.8546790324480629,2398832919.019489,23.988329190194843
32,4.3651583224016655e-10,2290867652.76777,0.9999999865748519,0.9999999865748519,0.8498374158279477,2290867652.7677717,22.908676527677677
32,4.5708818961487517e-10,2187761623.949552,0.999999985983395,0.999999985983395,0.8448523156994385,2187761623.9495516,21.877616239495477
32,4.78630092322638e-10,2089296130.854041,0.9999999853659456,0.9999999853659456,0.839720337458709,2089296130.854039,20.892961308540354
32,5.011872336272714e-10,1995262314.968883,0.9999999847213645,0.9999999847213645,0.834438046381887,1995262314.9688795,19.952623149688762
32,5.248074602497733e-10,1905460717.9632447,0.999999984048463,0.999999984048463,0.8290019690893781,1905460717.9632475,19.05460717963244
32,5.495408738576248e-10,1819700858.6099825,0.9999999833459999,0.9999999833459999,0.823408595115976,1819700858.6099842,18.19700858609981
32,5.754399373371567e-10,1737800828.7493763,0.9999999826126806,0.9999999826126806,0.8176543785883306,1737800828.7493765,17.378008287493735
32,6.025595860743593e-10,1659586907.4375563,0.9999999818471532,0.9999999818471532,0.8117357400111843,1659586907.437556,16.595869074375532
32,6.309573444801942e-10,1584893192.461111,0.9999999810480072,0.9999999810480072,0.8056490681635566,1584893192.4611094,15.848931924611065
32,6.606934480075964e-10,1513561248.4362073,0.9999999802137705,0.9999999802137705,0.799390722105835,1513561248.43621,15.135612484362072
32,6.918309709189363e-10,1445439770.7459278,0.9999999793429064,0.9999999793429064,0.7929570332985034,1445439770.7459295,14.454397707459268
32,7.244359600749891e-10,1380384264.6028867,0.9999999784338117,0.9999999784338117,0.786344307832972,1380384264.602887,13.803842646028846
32,7.58577575029182e-10,1318256738.55641,0.9999999774848128,0.9999999774848128,0.7795488287747188,1318256738.5564094,13.18256738556407
32,7.943282347242822e-10,1258925411.794166,0.9999999764941632,0.9999999764941632,0.7725668586186565,1258925411.7941651,12.589254117941628
32,8.317637711026708e-10,1202264434.6174133,0.9999999754600402,0.9999999754600402,0.7653946418563662,1202264434.6174111,12.02264434617409
32,8.709635899560796e-10,1148153621.496884,0.9999999743805417,0.9999999743805417,0.7580284076544935,1148153621.4968853,11.481536214968834
32,9.120108393559115e-10,1096478196.1431828,0.9999999732536824,0.9999999732536824,0.7504643726433324,1096478196.1431837,10.96478196143182
32,9.549925860214368e-10,1047128548.0508986,0.9999999720773908,0.9999999720773908,0.7426987438142375,1047128548.0508986,10.471285480508968
32,1e-09,999999999.9999999,0.9999999708495048,0.9999999708495048,0.734727721524204,999999999.9999993,9.999999999999975
32,1.0471285480508984e-09,954992586.0214369,0.999999969567768,0.999999969567768,0.7265475026055663,954992586.0214355,9.549925860214337
32,1.0964781961431829e-09,912010839.3559115,0.9999999682298261,0.9999999682298261,0.7181542835784376,912010839.3559127,9.12010839355911
32,1.148153621496884e-09,870963589.9560797,0.9999999668332216,0.9999999668332216,0.7095442639630982,870963589.9560806,8.70963589956079
32,1.202264434617413e-09,831763771.1026709,0.9999999653753904,0.9999999653753904,0.7007136496892162,831763771.102671,8.317637711026697
32,1.2589254117941663e-09,794328234.7242821,0.9999999638536563,0.9999999638536563,0.6916586565983451,794328234.7242817,7.943282347242803
32,1.31825673855641e-09,758577575.0291821,0.9999999622652271,0.9999999622652271,0.6823755140357857,758577575.0291814,7.585775750291801
32,1.3803842646028865e-09,724435960.0749892,0.9999999606071885,0.9999999606071885,0.672860468527527,724435960.0749879,7.244359600749867
32,1.445439770745928e-09,691830970.9189363,0.9999999588764995,0.9999999588764995,0.6631097875375221,691830970.9189371,6.918309709189359
32,1.513561248436207e-09,660693448.0075965,0.9999999570699866,0.9999999570699866,0.6531197633002507,660693448.0075967,6.606934480075955
32,1.584893192461111e-09,630957344.4801942,0.9999999551843383,0.9999999551843383,0.642886716723065,630957344.480194,6.309573444801929
32,1.6595869074375631e-09,602559586.0743568,0.9999999532160989,0.9999999532160989,0.6324070013524543,602559586.0743564,6.025595860743554
32,1.7378008287493762e-09,575439937.3371567,0.9999999511616625,0.9999999511616625,0.6216770073980016,575439937.3371558,5.754399373371548
32,1.8197008586099825e-09,549540873.8576249,0.9999999490172661,0.9999999490172661,0.6106931658074009,549540873.8576255,5.495408738576246
32,1.9054607179632523e-09,524807460.2497712,0.9999999467789831,0.9999999467789831,0.599451952385568,524807460.2497718,5.2480746024977085
32,1.9952623149688828e-09,501187233.6272715,0.9999999444427161,0.9999999444427161,0.5879498919505484,501187233.6272716,5.011872336272707
32,2.089296130854041e-09,478630092.322638,0.9999999420041897,0.9999999420041897,0.5761835625185148,478630092.32263774,4.786300923226369
32,2.1877616239495518e-09,457088189.6148752,0.9999999394589423,0.9999999394589423,0.5641495995099489,457088189.61487454,4.570881896148737
32,2.29086765276777e-09,436515832.24016654,0.9999999368023187,0.9999999368023187,0.5518446999686878,436515832.24016714,4.365158322401664
32,2.3988329190194848e-09,416869383.4703364,0.9999999340294612,0.9999999340294612,0.5392656267853038,416869383.4703366,4.168693834703359
32,2.511886431509582e-09,398107170.55349696,0.9999999311353011,0.9999999311353011,0.5264092129160306,398107170.5534971,3.981071705534964
32,2.6302679918953816e-09,380189396.32056123,0.9999999281145492,0.9999999281145492,0.5132723655881717,380189396.3205611,3.8018939632056044
32,2.7542287033381634e-09,363078054.7701017,0.9999999249616871,0.9999999249616871,0.4998520704827695,363078054.7701013,3.630780547701007
32,2.8840315031266117e-09,346736850.4525309,0.9999999216709562,0.9999999216709562,0.4861453958851175,346736850.45253044,3.4673685045252984
32,3.019951720402019e-09,331131121.4825908,0.9999999182363482,0.9999999182363482,0.472149496793542,331131121.4825912,3.3113112148259063
32,3.1622776601683795e-09,316227766.0168379,0.9999999146515938,0.9999999146515938,0.45786161897679234,316227766.0168381,3.1622776601683755
32,3.3113112148259078e-09,301995172.0402019,0.9999999109101515,0.9999999109101515,0.4432791029702483,301995172.04020184,3.019951720402013
32,3.4673685045253096e-09,288403150.3126612,0.999999907005196,0.999999907005196,0.4283993880011774,288403150.3126609,2.8840315031266037
32,3.6307805477010177e-09,275422870.33381635,0.999999902929606,0.999999902929606,0.4132200158331847,275422870.333816,2.7542287033381547
32,3.8018939632056126e-09,263026799.18953815,0.999999898675951,0.999999898675951,0.3977386345200673,263026799.18953854,2.630267991895381
32,3.981071705534969e-09,251188643.15095824,0.9999998942364783,0.9999998942364783,0.38195300205934846,251188643.1509584,2.5118864315095792
32,4.168693834703363e-09,239883291.9019485,0.999999889603099,0.999999889603099,0.3658609899358479,239883291.9019486,2.398832919019482
32,4.365158322401665e-09,229086765.276777,0.9999998847673734,0.9999998847673734,0.3494605865458055,229086765.2767769,2.290867652767765
32,4.570881896148752e-09,218776162.3949552,0.9999998797204962,0.9999998797204962,0.3327499004922001,218776162.39495492,2.1877616239495454
32,4.78630092322638e-09,208929613.0854041,0.9999998744532802,0.9999998744532802,0.315727163742208,208929613.08540443,2.0892961308540405
32,5.011872336272715e-09,199526231.49688828,0.9999998689561399,0.9999998689561399,0.2983907346379352,199526231.49688843,1.995262314968881
32,5.248074602497734e-09,190546071.79632443,0.9999998632190751,0.9999998632190751,0.28073910075185904,190546071.79632455,1.9054607179632421
32,5.495408738576248e-09,181970085.86099827,0.9999998572316519,0.9999998572316519,0.2627708815787678,181970085.8609982,1.819700858609979
32,5.754399373371566e-09,173780082.87493765,0.9999998509829846,0.9999998509829846,0.24448483105633823,173780082.87493744,1.7378008287493716
32,6.025595860743593e-09,165958690.74375564,0.9999998444617165,0.9999998444617165,0.22587983990689864,165958690.7437554,1.6595869074375513
32,6.309573444801943e-09,158489319.2461111,0.9999998376559988,0.9999998376559988,0.20695493779337237,158489319.24611133,1.5848931924611105
32,6.606934480075964e-09,151356124.84362072,0.99999983055347,0.99999983055347,0.18770929528283797,151356124.8436208,1.5135612484362055
32,6.918309709189363e-09,144543977.0745928,0.9999998231412337,0.9999998231412337,0.16814222561167336,144543977.07459277,1.4454397707459252
32,7.244359600749891e-09,138038426.46028867,0.9999998154058356,0.9999998154058356,0.1482531862467813,138038426.46028852,1.380384264602883
32,7.58577575029182e-09,131825673.855641,0.9999998073332393,0.9999998073332393,0.12804178023790536,131825673.85564078,1.3182567385564057
32,7.943282347242822e-09,125892541.17941661,0.9999997989088014,0.9999997989088014,0.10750775735669893,125892541.17941682,1.258925411794166
32,8.317637711026709e-09,120226443.46174131,0.9999997901172453,0.9999997901172453,0.08665101501873451,120226443.4617414,1.202264434617412
32,8.709635899560797e-09,114815362.14968841,0.9999997809426339,0.9999997809426339,0.06547159898533561,114815362.14968841,1.1481536214968822
32,9.120108393559115e-09,109647819.6143183,0.9999997713683413,0.9999997713683413,0.04396970384268262,109647819.61431827,1.0964781961431807
32,9.549925860214368e-09,104712854.80508986,0.9999997613770233,0.9999997613770233,0.022145673256339315,104712854.80508974,1.0471285480508956
32,1e-08,100000000.0,0.9999997509505864,0.9999997509505864,0.0,100000000.00000018,1.0
32,1.0471285480509006e-08,95499258.6021435,0.999999740070155,0.999999740070155,0.022145673256342757,95499258.60214344,1.0471285480509032
32,1.0964781961431851e-08,91201083.93559097,0.9999997287160391,0.9999997287160391,0.04396970384268606,91201083.93559085,1.0964781961431884
32,1.148153621496884e-08,87096358.99560797,0.9999997168676982,0.9999997168676982,0.06547159898533883,87096358.99560796,1.1481536214968862
32,1.202264434617413e-08,83176377.11026709,0.999999704503705,0.999999704503705,0.08665101501873451,83176377.11026701,1.2022644346174163
32,1.2589254117941661e-08,79432823.47242822,0.9999996916017079,0.9999996916017079,0.10750775735669893,79432823.47242808,1.2589254117941704
32,1.3182567385564074e-08,75857757.50291836,0.9999996781383902,0.9999996781383902,0.12804178023790846,75857757.50291833,1.3182567385564103
32,1.3803842646028838e-08,72443596.00749907,0.9999996640894299,0.9999996640894299,0.1482531862467844,72443596.00749896,1.3803842646028879
32,1.4454397707459279e-08,69183097.09189363,0.9999996494294559,0.9999996494294559,0.16814222561167624,69183097.09189363,1.4454397707459303
32,1.5135612484362072e-08,66069344.80075964,0.9999996341320028,0.9999996341320028,0.18770929528284086,66069344.80075959,1.5135612484362109
32,1.584893192461114e-08,63095734.4480193,0.9999996181694646,0.9999996181694646,0.20695493779337526,63095734.44801933,1.584893192461116
32,1.6595869074375597e-08,60255958.60743581,0.9999996015130455,0.9999996015130455,0.22587983990690141,60255958.60743579,1.659586907437563
32,1.7378008287493763e-08,57543993.73371567,0.9999995841327085,0.9999995841327085,0.244484831056341,57543993.73371572,1.7378008287493776
32,1.8197008586099826e-08,54954087.38576248,0.999999565997123,0.999999565997123,0.2627708815787706,54954087.38576249,1.8197008586099854
32,1.9054607179632482e-08,52480746.02497723,0.9999995470736087,0.9999995470736087,0.2807391007518618,52480746.024977304,1.9054607179632488
32,1.9952623149688786e-08,50118723.362727255,0.9999995273280782,0.9999995273280782,0.2983907346379352,50118723.362727284,1.995262314968881
32,2.0892961308540408e-08,47863009.2322638,0.9999995067249763,0.9999995067249763,0.31572716374221044,47863009.23226372,2.089296130854048
32,2.1877616239495518e-08,45708818.96148752,0.9999994852272178,0.9999994852272178,0.3327499004922001,45708818.96148757,2.1877616239495534
32,2.2908676527677746e-08,43651583.22401657,0.9999994627961216,0.9999994627961216,0.34946058654581036,43651583.22401651,2.2908676527677816
32,2.3988329190194897e-08,41686938.34703355,0.9999994393913424,0.9999994393913424,0.36586098993585037,41686938.34703361,2.3988329190194904
32,2.511886431509582e-08,39810717.05534969,0.9999994149707997,0.9999994149707997,0.38195300205934846,39810717.05534966,2.5118864315095886
32,2.6302679918953814e-08,38018939.632056125,0.9999993894906036,0.9999993894906036,0.39773863452006963,38018939.632056065,2.63026799189539
32,2.754228703338169e-08,36307805.4770101,0.9999993629049772,0.9999993629049772,0.413220015833187,36307805.47701009,2.7542287033381743
32,2.8840315031266057e-08,34673685.045253165,0.9999993351661762,0.9999993351661762,0.4283993880011796,34673685.04525313,2.884031503126614
32,3.0199517204020194e-08,33113112.148259073,0.999999306224405,0.999999306224405,0.4432791029702483,33113112.148259085,3.0199517204020236
32,3.162277660168379e-08,31622776.601683795,0.9999992760277285,0.9999992760277285,0.45786161897679234,31622776.601683773,3.1622776601683866
32,3.3113112148259144e-08,30199517.20402013,0.9999992445219814,0.9999992445219814,0.4721494967935441,30199517.20402015,3.311311214825918
32,3.4673685045253164e-08,28840315.03126606,0.9999992116506724,0.9999992116506724,0.4861453958851196,28840315.031266052,3.4673685045253233
32,3.6307805477010175e-08,27542287.033381633,0.9999991773548857,0.9999991773548857,0.49985207048277147,27542287.033381663,3.6307805477010198
32,3.8018939632056126e-08,26302679.918953814,0.9999991415731767,0.9999991415731767,0.5132723655881735,26302679.918953825,3.801893963205618
32,3.9810717055349776e-08,25118864.315095767,0.9999991042414647,0.9999991042414647,0.5264092129160306,25118864.31509581,3.981071705534978
32,4.168693834703355e-08,23988329.1901949,0.9999990652929203,0.9999990652929203,0.5392656267853038,23988329.19019492,4.168693834703359
32,4.3651583224016566e-08,22908676.52767775,0.9999990246578484,0.9999990246578484,0.5518446999686878,22908676.52767775,4.365158322401664
32,4.570881896148752e-08,21877616.23949552,0.9999989822635661,0.9999989822635661,0.5641495995099489,21877616.239495546,4.570881896148754
32,4.78630092322638e-08,20892961.308540408,0.9999989380342751,0.9999989380342751,0.5761835625185148,20892961.30854042,4.786300923226387
32,5.011872336272725e-08,19952623.149688788,0.9999988918909293,0.9999988918909293,0.5879498919505484,19952623.14968882,5.011872336272725
32,5.248074602497723e-08,19054607.17963248,0.9999988437510964,0.9999988437510964,0.5994519523855697,19054607.1796325,5.248074602497727
32,5.495408738576248e-08,18197008.586099826,0.9999987935288142,0.9999987935288142,0.6106931658074009,18197008.5860998,5.495408738576265
32,5.7543993733715665e-08,17378008.28749376,0.9999987411344398,0.9999987411344398,0.6216770073980016,17378008.287493788,5.754399373371569
32,6.025595860743581e-08,16595869.074375598,0.9999986864744934,0.9999986864744934,0.6324070013524559,16595869.074375583,6.025595860743596
32,6.30957344480193e-08,15848931.924611142,0.9999986294514953,0.9999986294514953,0.642886716723065,15848931.924611114,6.309573444801951
32,6.606934480075964e-08,15135612.484362073,0.9999985699637954,0.9999985699637954,0.6531197633002521,15135612.484362066,6.606934480075979
32,6.918309709189362e-08,14454397.70745928,0.9999985079053966,0.9999985079053966,0.6631097875375236,14454397.707459262,6.9183097091893835
32,7.244359600749906e-08,13803842.646028837,0.9999984431657696,0.9999984431657696,0.6728604685275285,13803842.646028839,7.2443596007499185
32,7.585775750291836e-08,13182567.385564074,0.9999983756296609,0.9999983756296609,0.682375514035787,13182567.385564065,7.585775750291854
32,7.943282347242822e-08,12589254.11794166,0.999998305176892,0.999998305176892,0.6916586565983451,12589254.117941668,7.943282347242832
32,8.317637711026709e-08,12022644.34617413,0.9999982316821506,0.9999982316821506,0.7007136496892176,12022644.346174128,8.317637711026725
32,8.709635899560814e-08,11481536.214968817,0.9999981550147726,0.9999981550147726,0.7095442639630982,11481536.214968828,8.709635899560821
32,9.120108393559096e-08,10964781.961431852,0.9999980750385153,0.9999980750385153,0.7181542835784376,10964781.961431853,9.12010839355911
32,9.549925860214369e-08,10471285.480508985,0.9999979916113212,0.9999979916113212,0.7265475026055676,10471285.480509,9.549925860214373
32,1e-07,10000000.0,0.9999979045850707,0.9999979045850707,0.7347277215242052,10000000.000000006,10.00000000000001
32,1.0471285480509007e-07,9549925.860214349,0.9999978138053263,0.9999978138053263,0.7426987438142386,9549925.860214334,10.471285480509042
32,1.0964781961431852e-07,9120108.393559096,0.9999977191110647,0.9999977191110647,0.7504643726433324,9120108.393559108,10.964781961431859
32,1.148153621496884e-07,8709635.899560796,0.999997620334398,0.999997620334398,0.7580284076544935,8709635.899560802,11.481536214968854
32,1.2022644346174132e-07,8317637.711026708,0.9999975173002829,0.9999975173002829,0.7653946418563662,8317637.711026707,12.022644346174154
32,1.2589254117941688e-07,7943282.347242805,0.9999974098262187,0.9999974098262187,0.7725668586186576,7943282.3472428,12.589254117941719
32,1.3182567385564074e-07,7585775.7502918355,0.9999972977219312,0.9999972977219312,0.7795488287747188,7585775.750291837,13.182567385564093
32,1.380384264602884e-07,7244359.600749905,0.999997180789045,0.999997180789045,0.786344307832973,7244359.600749902,13.803842646028869
32,1.445439770745928e-07,6918309.709189363,0.9999970588207403,0.9999970588207403,0.7929570332985034,6918309.7091893675,14.454397707459295
32,1.5135612484362072e-07,6606934.480075964,0.9999969316013968,0.9999969316013968,0.799390722105836,6606934.480075964,15.135612484362099
32,1.584893192461114e-07,6309573.44480193,0.999996798906222,0.999996798906222,0.8056490681635575,6309573.444801926,15.848931924611179
32,1.6595869074375596e-07,6025595.860743581,0.9999966605008638,0.9999966605008638,0.8117357400111843,6025595.860743583,16.59586907437562
32,1.7378008287493762e-07,5754399.373371567,0.9999965161410076,0.9999965161410076,0.8176543785883313,5754399.373371566,17.378008287493795
32,1.8197008586099824e-07,5495408.738576248,0.999996365571956,0.999996365571956,0.8234085951159767,5495408.738576253,18.19700858609984
32,1.9054607179632483e-07,5248074.602497723,0.999996208528191,0.999996208528191,0.8290019690893788,5248074.602497725,19.05460717963251
32,1.9952623149688787e-07,5011872.336272725,0.9999960447329178,0.9999960447329178,0.834438046381887,5011872.336272722,19.952623149688833
32,2.0892961308540409e-07,4786300.923226381,0.9999958738975905,0.9999958738975905,0.8397203374587098,4786300.923226384,20.89296130854043
32,2.187761623949552e-07,4570881.8961487515,0.9999956957214162,0.9999956957214162,0.8448523156994392,4570881.8961487515,21.877616239495556
32,2.2908676527677748e-07,4365158.322401657,0.9999955098908407,0.9999955098908407,0.8498374158279484,4365158.322401654,22.908676527677798
32,2.39883291901949e-07,4168693.834703355,0.9999953160790108,0.9999953160790108,0.8546790324480629,4168693.834703357,23.98832919019493
32,2.5118864315095823e-07,3981071.705534969,0.9999951139452151,0.9999951139452151,0.8593805186832476,3981071.705534969,25.118864315095866
32,2.6302679918953816e-07,3801893.9632056123,0.9999949031343017,0.9999949031343017,0.8639451849183689,3801893.9632056095,26.30267991895388
32,2.754228703338169e-07,3630780.54770101,0.999994683276071,0.999994683276071,0.8683762976414579,3630780.5477010114,27.542287033381726
32,2.8840315031266057e-07,3467368.504525317,0.9999944539846441,0.9999944539846441,0.8726770783832474,3467368.5045253155,28.84031503126612
32,3.019951720402019e-07,3311311.2148259077,0.9999942148578043,0.9999942148578043,0.8768507027521494,3311311.2148259105,30.199517204020218
32,3.162277660168379e-07,3162277.6601683795,0.9999939654763109,0.9999939654763109,0.8809002995622174,3162277.6601683795,31.622776601683846
32,3.3113112148259143e-07,3019951.720402013,0.9999937054031861,0.9999937054031861,0.8848289500515522,3019951.7204020116,33.11311214825922
32,3.467368504525317e-07,2884031.5031266054,0.9999934341829703,0.9999934341829703,0.8886396871885157,2884031.5031266073,34.67368504525321
32,3.6307805477010174e-07,2754228.7033381634,0.999993151340948,0.999993151340948,0.89233549506307,2754228.7033381634,36.30780547701024
32,3.8018939632056126e-07,2630267.9918953814,0.999992856382341,0.999992856382341,0.8959193083604556,2630267.9918953795,38.018939632056224
32,3.981071705534977e-07,2511886.431509577,0.9999925487914679,0.9999925487914679,0.8993940119144332,2511886.431509578,39.810717055349826
32,4.168693834703355e-07,2398832.91901949,0.9999922280308698,0.9999922280308698,0.9027624403372185,2398832.919019489,41.68693834703364
32,4.365158322401656e-07,2290867.6527677746,0.9999918935403984,0.9999918935403984,0.906027377723261,2290867.6527677765,43.65158322401661
32,4.5708818961487516e-07,2187761.623949552,0.9999915447362678,0.9999915447362678,0.9091915574239622,2187761.6239495524,45.70881896148759
32,4.78630092322638e-07,2089296.130854041,0.9999911810100661,0.9999911810100661,0.9122576618904477,2089296.1308540395,47.86300923226391
32,5.011872336272725e-07,1995262.3149688789,0.9999908017277269,0.9999908017277269,0.9152283225814947,1995262.31496888,50.1187233627273
32,5.248074602497723e-07,1905460.7179632483,0.9999904062284573,0.9999904062284573,0.9181061199337258,1905460.717963248,52.48074602497733
32,5.495408738576248e-07,1819700.8586099825,0.9999899938236229,0.9999899938236229,0.9208935833912031,1819700.8586099814,54.95408738576261
32,5.754399373371567e-07,1737800.8287493763,0.999989563795586,0.999989563795586,0.9235931914915665,1737800.8287493768,57.543993733715745
32,6.025595860743581e-07,1659586.9074375597,0.9999891153964964,0.9999891153964964,0.926207372005908,1659586.9074375592,60.25595860743593
32,6.30957344480193e-07,1584893.1924611141,0.9999886478470318,0.9999886478470318,0.9287385021295907,1584893.1924611153,63.095734448019364
32,6.606934480075964e-07,1513561.2484362072,0.999988160335087,0.999988160335087,0.9311889087212746,1513561.2484362074,66.06934480075974
32,6.918309709189363e-07,1445439.770745928,0.9999876520144084,0.9999876520144084,0.933560868587449,1445439.7707459272,69.18309709189379
32,7.244359600749906e-07,1380384.264602884,0.9999871220031739,0.9999871220031739,0.9358566088098321,1380384.2646028849,72.44359600749914
32,7.585775750291836e-07,1318256.7385564074,0.9999865693825116,0.9999865693825116,0.938078307113038,1318256.7385564074,75.8577575029185
32,7.943282347242821e-07,1258925.4117941663,0.9999859931949617,0.9999859931949617,0.9402280922699817,1258925.4117941654,79.4328234724284
32,8.317637711026709e-07,1202264.4346174132,0.9999853924428711,0.9999853924428711,0.9423080445425488,1202264.4346174134,83.1763771102672
32,8.709635899560814e-07,1148153.6214968818,0.999984766086725,0.999984766086725,0.9443201961551206,1148153.6214968816,87.09635899560831
32,9.120108393559096e-07,1096478.1961431853,0.9999841130434094,0.9999841130434094,0.9462665317986095,1096478.196143186,91.20108393559104
32,9.549925860214369e-07,1047128.5480508985,0.9999834321844017,0.9999834321844017,0.9481489891627327,1047128.5480508988,95.49925860214383
32,1e-06,1000000.0,0.9999827223338884,0.9999827223338884,0.9499694594943167,999999.9999999995,100.00000000000023
32,1.0471285480509007e-06,954992.586021435,0.9999819822668049,0.9999819822668049,0.9517297881795015,954992.5860214357,104.71285480509016
32,1.096478196143185e-06,912010.8393559096,0.9999812107067956,0.9999812107067956,0.9534317753477773,912010.8393559096,109.6478196143187
32,1.148153621496884e-06,870963.5899560797,0.9999804063240905,0.9999804063240905,0.9550771764958712,870963.5899560791,114.81536214968867
32,1.2022644346174132e-06,831763.7711026708,0.9999795677332958,0.9999795677332958,0.9566677031295595,831763.7711026713,120.22644346174147
32,1.2589254117941687e-06,794328.2347242805,0.9999786934910931,0.9999786934910931,0.9582050234215735,794328.2347242804,125.89254117941711
32,1.3182567385564074e-06,758577.5750291836,0.9999777820938464,0.9999777820938464,0.9596907628838183,758577.575029183,131.82567385564107
32,1.3803842646028865e-06,724435.9600749891,0.9999768319751097,0.9999768319751097,0.9611265050522151,724435.9600749894,138.03842646028886
32,1.445439770745928e-06,691830.9709189363,0.9999758415030359,0.9999758415030359,0.9625137921825436,691830.970918936,144.5439770745931
32,1.5135612484362072e-06,660693.4480075964,0.999974808977677,0.999974808977677,0.9638541259557278,660693.4480075968,151.3561248436209
32,1.584893192461114e-06,630957.344480193,0.9999737326281779,0.9999737326281779,0.9651489681910894,630957.344480193,158.48931924611168
32,1.6595869074375596e-06,602559.5860743581,0.9999726106098535,0.9999726106098535,0.9663997415661537,602559.5860743576,165.95869074375636
32,1.7378008287493763e-06,575439.9373371566,0.9999714410011494,0.9999714410011494,0.967607830341672,575439.937337157,173.78008287493785
32,1.8197008586099826e-06,549540.8738576248,0.9999702218004777,0.9999702218004777,0.9687745810905806,549540.8738576247,181.9700858609986
32,1.9054607179632483e-06,524807.4602497723,0.9999689509229253,0.9999689509229253,0.9699013034296924,524807.4602497718,190.5460717963253
32,1.9952623149688787e-06,501187.23362727254,0.9999676261968299,0.9999676261968299,0.9709892707529783,501187.2336272726,199.5262314968882
32,2.0892961308540407e-06,478630.0923226381,0.9999662453602156,0.9999662453602156,0.9720397209653578,478630.09232263785,208.92961308540453
32,2.1877616239495517e-06,457088.1896148752,0.9999648060570863,0.9999648060570863,0.9730538572159837,457088.1896148755,218.7761623949554
32,2.2908676527677747e-06,436515.8322401656,0.9999633058335677,0.9999633058335677,0.9740328486300607,436515.83224016574,229.08676527677784
32,2.3988329190194897e-06,416869.3834703355,0.9999617421338962,0.9999617421338962,0.9749778310383027,416869.3834703352,239.88329190194955
32,2.5118864315095823e-06,398107.1705534969,0.9999601122962426,0.9999601122962426,0.9758899077031847,398107.17055349716,251.1886431509585
32,2.6302679918953812e-06,380189.3963205613,0.9999584135483711,0.9999584135483711,0.9767701500412016,380189.3963205612,263.0267991895387
32,2.754228703338169e-06,363078.05477010104,0.9999566430031213,0.9999566430031213,0.9776195983404026,363078.05477010075,275.42287033381757
32,2.884031503126606e-06,346736.85045253165,0.9999547976537094,0.9999547976537094,0.9784392624725152,346736.85045253177,288.403150312661
32,3.0199517204020193e-06,331131.12148259074,0.9999528743688413,0.9999528743688413,0.9792301225990296,331131.1214825907,301.99517204020253
32,3.162277660168379e-06,316227.76601683797,0.9999508698876277,0.9999508698876277,0.979993129870652,316227.7660168382,316.22776601683825
32,3.3113112148259145e-06,301995.1720402013,0.9999487808142979,0.9999487808142979,0.980729207119594,301995.1720402014,331.13112148259194
32,3.467368504525317e-06,288403.15031266055,0.9999466036126994,0.9999466036126994,0.9814392495441953,288403.15031266044,346.73685045253245
32,3.6307805477010175e-06,275422.87033381633,0.9999443346005791,0.9999443346005791,0.9821241253854315,275422.8703338165,363.07805477010214
32,3.801893963205613e-06,263026.7991895381,0.9999419699436352,0.9999419699436352,0.9827846765948897,263026.7991895381,380.18939632056197
32,3.981071705534978e-06,251188.64315095768,0.9999395056493312,0.9999395056493312,0.9834217194938386,251188.64315095753,398.1071705534987
32,4.168693834703355e-06,239883.291901949,0.999936937560464,0.999936937560464,0.9840360454230551,239883.29190194907,416.86938347033606
32,4.365158322401665e-06,229086.76527677703,0.9999342613484746,0.9999342613484746,0.9846284213831039,229086.76527677698,436.51583224016736
32,4.570881896148752e-06,218776.16239495517,0.9999314725064933,0.9999314725064933,0.9851995906648009,218776.16239495538,457.0881896148756
32,4.78630092322638e-06,208929.6130854041,0.9999285663421073,0.9999285663421073,0.9857502734696229,208929.6130854041,478.63009232263886
32,5.011872336272725e-06,199526.23149688786,0.9999255379698413,0.9999255379698413,0.9862811675198554,199526.23149688778,501.1872336272736
32,5.248074602497723e-06,190546.07179632483,0.9999223823033406,0.9999223823033406,0.9867929486583009,190546.07179632492,524.8074602497729
32,5.4954087385762485e-06,181970.08586099825,0.9999190940472422,0.9999190940472422,0.9872862714373947,181970.08586099825,549.5408738576258
32,5.754399373371567e-06,173780.08287493762,0.9999156676887252,0.9999156676887252,0.9877617696976029,173780.08287493748,575.4399373371581
32,6.025595860743581e-06,165958.690743756,0.9999120974887266,0.9999120974887266,0.988220057135001,165958.69074375604,602.5595860743589
32,6.30957344480193e-06,158489.3192461114,0.9999083774728099,0.9999083774728099,0.9886617278579528,158489.31924611135,630.9573444801943
32,6.606934480075964e-06,151356.12484362072,0.9999045014216728,0.9999045014216728,0.9890873569328337,151356.12484362058,660.6934480075981
32,6.9183097091893625e-06,144543.9770745928,0.999900462861281,0.999900462861281,0.9894975009187598,144543.9770745928,691.8309709189374
32,7.244359600749906e-06,138038.42646028838,0.9998962550526129,0.9998962550526129,0.9898926983913048,138038.42646028832,724.4359600749922
32,7.585775750291836e-06,131825.67385564075,0.9998918709810011,0.9998918709810011,0.9902734704552041,131825.6738556408,758.5775750291845
32,7.943282347242822e-06,125892.54117941661,0.9998873033450544,0.9998873033450544,0.9906403212460615,125892.54117941663,794.3282347242834
32,8.31763771102671e-06,120226.4434617413,0.9998825445451462,0.9998825445451462,0.9909937384210896,120226.44346174122,831.7637711026729
32,8.709635899560814e-06,114815.36214968817,0.99987758667145,0.99987758667145,0.9913341936389306,114815.36214968823,870.9635899560825
32,9.120108393559096e-06,109647.81961431852,0.9998724214915069,0.9998724214915069,0.9916621430286147,109647.81961431848,912.0108393559115
32,9.549925860214369e-06,104712.85480508985,0.999867040437308,0.999867040437308,0.9919780276477282,104712.85480508977,954.9925860214393
32,9.999999999999999e-06,100000.00000000001,0.99986143459187,0.99986143459187,0.9922822739298749,100000.00000000001,1000.0000000000016
32,1.0471285480509006e-05,95499.2586021435,0.9998555946752897,0.9998555946752897,0.9925752941215216,95499.25860214347,1047.1285480509027
32,1.096478196143185e-05,91201.08393559097,0.9998495110302524,0.9998495110302524,0.9928574867083328,91201.08393559103,1096.4781961431863
32,1.1481536214968841e-05,87096.35899560797,0.999843173606979,0.999843173606979,0.9931292368311043,87096.35899560798,1148.153621496886
32,1.202264434617413e-05,83176.37711026709,0.9998365719475864,0.9998365719475864,0.9933909166914167,83176.37711026703,1202.2644346174159
32,1.2589254117941688e-05,79432.82347242805,0.9998296951698419,0.9998296951698419,0.9936428859471347,79432.8234724281,1258.9254117941703
32,1.3182567385564074e-05,75857.75750291836,0.9998225319502879,0.9998225319502879,0.9938854920978867,75857.75750291835,1318.25673855641
32,1.3803842646028866e-05,72443.59600749891,0.9998150705067137,0.9998150705067137,0.9941190708606625,72443.59600749885,1380.38426460289
32,1.445439770745928e-05,69183.09709189362,0.9998072985799494,0.9998072985799494,0.9943439465356758,69183.09709189365,1445.43977074593
32,1.5135612484362071e-05,66069.34480075965,0.9997992034149586,0.9997992034149586,0.9945604323626389,66069.34480075962,1513.5612484362107
32,1.584893192461114e-05,63095.7344480193,0.9997907717412012,0.9997907717412012,0.9947688308676049,63095.73444801934,1584.8931924611156
32,1.6595869074375598e-05,60255.9586074358,0.9997819897522416,0.9997819897522416,0.994969434200533,60255.95860743581,1659.5869074375626
32,1.7378008287493764e-05,57543.993733715666,0.9997728430845738,0.9997728430845738,0.9951625244637379,57543.99373371563,1737.8008287493803
32,1.8197008586099824e-05,54954.08738576249,0.9997633167956336,0.9997633167956336,0.995348374031386,54954.087385762505,1819.700858609985
32,1.9054607179632484e-05,52480.74602497723,0.9997533953409695,0.9997533953409695,0.9955272458602034,52480.74602497723,1905.4607179632517
32,1.9952623149688786e-05,50118.72336272725,0.9997430625505412,0.9997430625505412,0.9956993937915615,50118.723362727294,1995.2623149688804
32,2.089296130854041e-05,47863.0092322638,0.9997323016041119,0.9997323016041119,0.9958650628451098,47863.00923226382,2089.296130854044
32,2.187761623949552e-05,45708.818961487515,0.9997210950057045,0.9997210950057045,0.9960244895041243,45708.8189614875,2187.7616239495565
32,2.2908676527677746e-05,43651.58322401657,0.9997094245570856,0.9997094245570856,0.9961779019927398,43651.5832240166,2290.8676527677767
32,2.3988329190194897e-05,41686.93834703355,0.9996972713302418,0.9996972713302418,0.9963255205452394,41686.93834703355,2398.832919019494
32,2.5118864315095822e-05,39810.71705534969,0.9996846156388135,0.9996846156388135,0.9964675576675668,39810.717055349676,2511.886431509588
32,2.6302679918953814e-05,38018.93963205613,0.9996714370084471,0.9996714370084471,0.9966042183912366,38018.93963205614,2630.267991895385
32,2.754228703338169e-05,36307.8054770101,0.999657714146027,0.999657714146027,0.9967357005198064,36307.8054770101,2754.228703338174
32,2.8840315031266056e-05,34673.685045253165,0.9996434249077479,0.9996434249077479,0.9968621948680834,34673.685045253136,2884.031503126613
32,3.0199517204020192e-05,33113.112148259075,0.9996285462659852,0.9996285462659852,0.9969838854942313,33113.11214825909,3019.951720402023
32,3.1622776601683795e-05,31622.776601683792,0.9996130542749201,0.9996130542749201,0.9971009499249442,31622.77660168378,3162.277660168386
32,3.3113112148259144e-05,30199.51720402013,0.9995969240348771,0.9995969240348771,0.9972135593738533,30199.517204020158,3311.3112148259174
32,3.467368504525317e-05,28840.31503126606,0.9995801296553254,0.9995801296553254,0.9973218789533279,28840.315031266062,3467.3685045253224
32,3.6307805477010174e-05,27542.287033381635,0.9995626442164999,0.9995626442164999,0.9974260678798372,27542.28703338162,3630.780547701025
32,3.8018939632056124e-05,26302.679918953818,0.9995444397295903,0.9995444397295903,0.997526279673027,26302.67991895383,3801.893963205617
32,3.9810717055349776e-05,25118.86431509577,0.9995254870954503,0.9995254870954503,0.9976226623486742,25118.864315095772,3981.071705534984
32,4.168693834703355e-05,23988.329190194898,0.9995057560617736,0.9995057560617736,0.9977153586056744,23988.32919019488,4168.693834703366
32,4.3651583224016654e-05,22908.6765276777,0.9994852151786843,0.9994852151786843,0.9978045060072142,22908.67652767771,4365.15832240167
32,4.5708818961487516e-05,21877.61623949552,0.9994638317526847,0.9994638317526847,0.9978902371562829,21877.616239495514,4570.881896148761
32,4.7863009232263804e-05,20892.96130854041,0.9994415717989064,0.9994415717989064,0.9979726798656723,20892.961308540423,4786.300923226385
32,5.011872336272725e-05,19952.62314968879,0.9994183999916028,0.9994183999916028,0.9980519573226104,19952.623149688792,5011.872336272732
32,5.248074602497723e-05,19054.607179632483,0.9993942796128253,0.9993942796128253,0.9981281882481745,19054.607179632472,5248.074602497735
32,5.495408738576248e-05,18197.008586099826,0.9993691724992196,0.9993691724992196,0.9982014870516271,18197.008586099837,5495.408738576254
32,5.7543993733715664e-05,17378.00828749376,0.9993430389868772,0.9993430389868772,0.9982719639798118,17378.00828749376,5754.399373371577
32,6.0255958607435806e-05,16595.869074375598,0.9993158378541772,0.9993158378541772,0.9983397252617472,16595.869074375587,6025.595860743595
32,6.309573444801929e-05,15848.931924611143,0.9992875262625505,0.9992875262625505,0.9984048732485546,15848.931924611146,6309.573444801938
32,6.606934480075965e-05,15135.612484362071,0.9992580596950947,0.9992580596950947,0.9984675065488485,15135.61248436207,6606.934480075977
32,6.918309709189363e-05,14454.39770745928,0.9992273918929685,0.9992273918929685,0.9985277201597211,14454.397707459291,6918.309709189369
32,7.244359600749906e-05,13803.842646028837,0.9991954747894919,0.9991954747894919,0.9985856055934461,13803.842646028841,7244.359600749916
32,7.585775750291836e-05,13182.567385564074,0.9991622584418738,0.9991622584418738,0.9986412510000261,13182.567385564067,7585.775750291853
32,7.943282347242822e-05,12589.25411794166,0.9991276909604911,0.9991276909604911,0.9986947412857045,12589.254117941671,7943.28234724283
32,8.317637711026709e-05,12022.644346174131,0.9990917184356359,0.9990917184356359,0.9987461582275596,12022.644346174131,8317.637711026724
32,8.709635899560814e-05,11481.536214968817,0.9990542848616486,0.9990542848616486,0.9987955805842978,11481.53621496881,8709.635899560835
32,9.120108393559096e-05,10964.78196143185,0.9990153320583527,0.9990153320583527,0.9988430842033578,10964.781961431856,9120.108393559109
32,9.549925860214369e-05,10471.285480508985,0.9989747995897009,0.9989747995897009,0.9988887421244365,10471.285480508985,9549.925860214387
32,0.0001,10000.0,0.9989326246795454,0.9989326246795454,0.9989326246795454,9999.99999999999,9999.99999999999
32,0.00010471285480508985,9549.92586021437,0.9988887421244365,0.9988887421244365,0.9988887421244365,9549.92586021437,9549.92586021437
32,0.00010964781961431873,9120.108393559078,0.9988430842033578,0.9988430842033578,0.9988430842033578,9120.108393559076,9120.108393559076
32,0.0001148153621496884,8709.635899560797,0.9987955805842978,0.9987955805842978,0.9987955805842978,8709.635899560804,8709.635899560804
32,0.00012022644346174131,8317.63771102671,0.9987461582275596,0.9987461582275596,0.9987461582275596,8317.63771102671,8317.63771102671
32,0.0001258925411794166,7943.282347242822,0.9986947412857045,0.9986947412857045,0.9986947412857045,7943.282347242815,7943.282347242815
32,0.000131825673855641,7585.77575029182,0.9986412510000261,0.9986412510000261,0.9986412510000261,7585.775750291826,7585.775750291826
32,0.00013803842646028865,7244.359600749892,0.9985856055934461,0.9985856055934461,0.9985856055934461,7244.359600749891,7244.359600749891
32,0.0001445439770745928,6918.309709189362,0.9985277201597211,0.9985277201597211,0.9985277201597211,6918.309709189357,6918.309709189357
32,0.00015135612484362072,6606.9344800759645,0.9984675065488485,0.9984675065488485,0.9984675065488485,6606.934480075965,6606.934480075965
32,0.0001584893192461111,6309.573444801943,0.9984048732485546,0.9984048732485546,0.9984048732485546,6309.573444801938,6309.573444801938
32,0.00016595869074375631,6025.595860743569,0.9983397252617472,0.9983397252617472,0.9983397252617472,6025.595860743563,6025.595860743563
32,0.00017378008287493763,5754.399373371566,0.9982719639798118,0.9982719639798118,0.9982719639798118,5754.399373371567,5754.399373371567
32,0.00018197008586099826,5495.408738576248,0.9982014870516271,0.9982014870516271,0.9982014870516271,5495.408738576244,5495.408738576244
32,0.00019054607179632443,5248.074602497733,0.9981281882481745,0.9981281882481745,0.9981281882481745,5248.074602497735,5248.074602497735
32,0.00019952623149688828,5011.872336272715,0.9980519573226103,0.9980519573226103,0.9980519573226103,5011.872336272715,5011.872336272715
32,0.0002089296130854041,4786.30092322638,0.9979726798656723,0.9979726798656723,0.9979726798656723,4786.300923226377,4786.300923226377
32,0.00021877616239495518,4570.881896148751,0.9978902371562829,0.9978902371562829,0.9978902371562829,4570.881896148753,4570.881896148753
32,0.00022908676527677702,4365.158322401665,0.9978045060072142,0.9978045060072142,0.9978045060072142,4365.158322401663,4365.158322401663
32,0.00023988329190194948,4168.6938347033465,0.9977153586056744,0.9977153586056744,0.9977153586056744,4168.693834703343,4168.693834703343
32,0.0002511886431509582,3981.071705534969,0.9976226623486742,0.9976226623486742,0.9976226623486742,3981.07170553497,3981.07170553497
32,0.00026302679918953814,3801.8939632056126,0.997526279673027,0.997526279673027,0.997526279673027,3801.8939632056104,3801.8939632056104
32,0.00027542287033381635,3630.7805477010174,0.9974260678798372,0.9974260678798372,0.9974260678798372,3630.780547701019,3630.780547701019
32,0.00028840315031266115,3467.3685045253096,0.9973218789533279,0.9973218789533279,0.9973218789533279,3467.36850452531,3467.36850452531
32,0.0003019951720402019,3311.311214825908,0.9972135593738531,0.9972135593738531,0.9972135593738531,3311.3112148259056,3311.3112148259056
32,0.00031622776601683794,3162.277660168379,0.9971009499249442,0.9971009499249442,0.9971009499249442,3162.2776601683804,3162.2776601683804
32,0.0003311311214825908,3019.951720402019,0.9969838854942313,0.9969838854942313,0.9969838854942313,3019.9517204020176,3019.9517204020176
32,0.0003467368504525324,2884.0315031265995,0.9968621948680834,0.9968621948680834,0.9968621948680834,2884.0315031266005,2884.0315031266005
32,0.0003630780547701018,2754.228703338163,0.9967357005198064,0.9967357005198064,0.9967357005198064,2754.228703338164,2754.228703338164
32,0.00038018939632056124,2630.267991895382,0.9966042183912366,0.9966042183912366,0.9966042183912366,2630.2679918953822,2630.2679918953822
32,0.0003981071705534969,2511.886431509582,0.9964675576675668,0.9964675576675668,0.9964675576675668,2511.8864315095834,2511.8864315095834
32,0.00041686938347033637,2398.832919019485,0.9963255205452393,0.9963255205452393,0.9963255205452393,2398.8329190194854,2398.8329190194854
32,0.00043651583224016654,2290.86765276777,0.9961779019927398,0.9961779019927398,0.9961779019927398,2290.867652767771,2290.867652767771
32,0.00045708818961487515,2187.761623949552,0.9960244895041243,0.9960244895041243,0.9960244895041243,2187.761623949553,2187.761623949553
32,0.00047863009232263805,2089.2961308540407,0.9958650628451098,0.9958650628451098,0.9958650628451098,2089.29613085404,2089.29613085404
32,0.0005011872336272735,1995.2623149688748,0.9956993937915614,0.9956993937915614,0.9956993937915614,1995.2623149688752,1995.2623149688752
32,0.0005248074602497734,1905.4607179632444,0.9955272458602034,0.9955272458602034,0.9955272458602034,1905.460717963245,1905.460717963245
32,0.0005495408738576248,1819.7008586099828,0.995348374031386,0.995348374031386,0.995348374031386,1819.7008586099832,1819.7008586099832
32,0.0005754399373371566,1737.8008287493763,0.9951625244637379,0.9951625244637379,0.9951625244637379,1737.8008287493758,1737.8008287493758
32,0.0006025595860743568,1659.5869074375632,0.994969434200533,0.994969434200533,0.994969434200533,1659.5869074375626,1659.5869074375626
32,0.0006309573444801943,1584.8931924611109,0.9947688308676048,0.9947688308676048,0.9947688308676048,1584.8931924611115,1584.8931924611115
32,0.0006606934480075965,1513.561248436207,0.9945604323626389,0.9945604323626389,0.9945604323626389,1513.5612484362066,1513.5612484362066
32,0.0006918309709189362,1445.439770745928,0.9943439465356758,0.9943439465356758,0.9943439465356758,1445.4397707459275,1445.4397707459275
32,0.0007244359600749891,1380.3842646028868,0.9941190708606625,0.9941190708606625,0.9941190708606625,1380.3842646028863,1380.3842646028863
32,0.0007585775750291852,1318.2567385564048,0.9938854920978867,0.9938854920978867,0.9938854920978867,1318.2567385564053,1318.2567385564053
32,0.0007943282347242822,1258.9254117941662,0.9936428859471347,0.9936428859471347,0.9936428859471347,1258.9254117941657,1258.9254117941657
32,0.0008317637711026709,1202.2644346174131,0.9933909166914167,0.9933909166914167,0.9933909166914167,1202.2644346174127,1202.2644346174127
32,0.0008709635899560796,1148.1536214968842,0.9931292368311043,0.9931292368311043,0.9931292368311043,1148.153621496884,1148.153621496884
32,0.0009120108393559115,1096.478196143183,0.9928574867083327,0.9928574867083327,0.9928574867083327,1096.4781961431834,1096.4781961431834
32,0.0009549925860214369,1047.1285480508984,0.9925752941215216,0.9925752941215216,0.9925752941215216,1047.1285480508982,1047.1285480508982
32,0.001,1000.0,0.9922822739298749,0.9922822739298749,0.9922822739298749,999.9999999999998,999.9999999999998
32,0.0010471285480508985,954.9925860214369,0.9919780276477281,0.9919780276477281,0.9919780276477281,954.9925860214368,954.9925860214368
32,0.0010964781961431873,912.0108393559078,0.9916621430286147,0.9916621430286147,0.9916621430286147,912.0108393559075,912.0108393559075
32,0.001148153621496884,870.9635899560797,0.9913341936389306,0.9913341936389306,0.9913341936389306,870.9635899560794,870.9635899560794
32,0.001202264434617413,831.763771102671,0.9909937384210896,0.9909937384210896,0.9909937384210896,831.7637711026707,831.7637711026707
32,0.0012589254117941662,794.3282347242822,0.9906403212460615,0.9906403212460615,0.9906403212460615,794.3282347242821,794.3282347242821
32,0.0013182567385564101,758.5775750291821,0.9902734704552041,0.9902734704552041,0.9902734704552041,758.5775750291817,758.5775750291817
32,0.0013803842646028866,724.4359600749891,0.9898926983913047,0.9898926983913047,0.9898926983913047,724.4359600749889,724.4359600749889
32,0.001445439770745928,691.8309709189363,0.9894975009187598,0.9894975009187598,0.9894975009187598,691.8309709189361,691.8309709189361
32,0.0015135612484362072,660.6934480075964,0.9890873569328337,0.9890873569328337,0.9890873569328337,660.6934480075964,660.6934480075964
32,0.0015848931924611173,630.9573444801918,0.9886617278579528,0.9886617278579528,0.9886617278579528,630.9573444801915,630.9573444801915
32,0.001659586907437563,602.5595860743568,0.9882200571350009,0.9882200571350009,0.9882200571350009,602.5595860743567,602.5595860743567
32,0.0017378008287493763,575.4399373371567,0.9877617696976029,0.9877617696976029,0.9877617696976029,575.4399373371566,575.4399373371566
32,0.0018197008586099824,549.5408738576249,0.9872862714373947,0.9872862714373947,0.9872862714373947,549.5408738576248,549.5408738576248
32,0.0019054607179632443,524.8074602497734,0.9867929486583009,0.9867929486583009,0.9867929486583009,524.8074602497734,524.8074602497734
32,0.001995262314968883,501.1872336272715,0.9862811675198554,0.9862811675198553,0.9862811675198553,501.1872336272714,501.1872336272714
32,0.0020892961308540407,478.63009232263806,0.9857502734696229,0.9857502734696229,0.9857502734696229,478.630092322638,478.630092322638
32,0.002187761623949552,457.08818961487515,0.9851995906648009,0.9851995906648009,0.9851995906648009,457.0881896148752,457.0881896148752
32,0.00229086765276777,436.5158322401665,0.9846284213831038,0.9846284213831038,0.9846284213831038,436.5158322401666,436.5158322401666
32,0.0023988329190194947,416.8693834703347,0.984036045423055,0.984036045423055,0.984036045423055,416.8693834703346,416.8693834703346
32,0.002511886431509582,398.1071705534969,0.9834217194938386,0.9834217194938386,0.9834217194938386,398.1071705534969,398.1071705534969
32,0.0026302679918953813,380.1893963205613,0.9827846765948897,0.9827846765948897,0.9827846765948897,380.1893963205613,380.1893963205613
32,0.0027542287033381634,363.07805477010174,0.9821241253854315,0.9821241253854315,0.9821241253854315,363.0780547701018,363.0780547701018
32,0.0028840315031266116,346.736850452531,0.9814392495441953,0.9814392495441953,0.9814392495441953,346.7368504525309,346.7368504525309
32,0.003019951720402019,331.13112148259074,0.980729207119594,0.980729207119594,0.980729207119594,331.13112148259074,331.13112148259074
32,0.0031622776601683794,316.2277660168379,0.979993129870652,0.979993129870652,0.979993129870652,316.22776601683796,316.22776601683796
32,0.003311311214825908,301.9951720402019,0.9792301225990295,0.9792301225990296,0.9792301225990296,301.99517204020196,301.99517204020196
32,0.0034673685045253236,288.40315031266,0.9784392624725152,0.9784392624725152,0.9784392624725152,288.40315031266,288.40315031266
32,0.0036307805477010175,275.4228703338163,0.9776195983404025,0.9776195983404025,0.9776195983404025,275.4228703338163,275.4228703338163
32,0.0038018939632056127,263.02679918953817,0.9767701500412016,0.9767701500412016,0.9767701500412016,263.02679918953817,263.02679918953817
32,0.003981071705534969,251.18864315095823,0.9758899077031847,0.9758899077031847,0.9758899077031847,251.18864315095828,251.18864315095828
32,0.004168693834703364,239.88329190194847,0.9749778310383027,0.9749778310383027,0.9749778310383027,239.8832919019485,239.8832919019485
32,0.004365158322401665,229.08676527677702,0.9740328486300607,0.9740328486300607,0.9740328486300607,229.08676527677702,229.08676527677702
32,0.004570881896148752,218.77616239495518,0.9730538572159837,0.9730538572159837,0.9730538572159837,218.77616239495524,218.77616239495524
32,0.00478630092322638,208.9296130854041,0.9720397209653578,0.9720397209653578,0.9720397209653578,208.92961308540416,208.92961308540416
32,0.005011872336272735,199.52623149688748,0.9709892707529781,0.9709892707529781,0.9709892707529781,199.52623149688748,199.52623149688748
32,0.005248074602497733,190.54607179632444,0.9699013034296924,0.9699013034296924,0.9699013034296924,190.54607179632447,190.54607179632447
32,0.005495408738576248,181.97008586099827,0.9687745810905806,0.9687745810905806,0.9687745810905806,181.9700858609983,181.9700858609983
32,0.005754399373371567,173.78008287493762,0.967607830341672,0.967607830341672,0.967607830341672,173.78008287493768,173.78008287493768
32,0.006025595860743568,165.9586907437563,0.9663997415661537,0.9663997415661537,0.9663997415661537,165.95869074375636,165.95869074375636
32,0.006309573444801942,158.4893192461111,0.9651489681910892,0.9651489681910892,0.9651489681910892,158.4893192461111,158.4893192461111
32,0.006606934480075964,151.3561248436207,0.9638541259557278,0.9638541259557278,0.9638541259557278,151.35612484362076,151.35612484362076
32,0.006918309709189363,144.5439770745928,0.9625137921825436,0.9625137921825436,0.9625137921825436,144.54397707459285,144.54397707459285
32,0.007244359600749891,138.03842646028866,0.9611265050522151,0.9611265050522151,0.9611265050522151,138.0384264602886,138.0384264602886
32,0.0075857757502918515,131.82567385564047,0.959690762883818,0.959690762883818,0.959690762883818,131.8256738556405,131.8256738556405
32,0.00794328234724282,125.89254117941663,0.9582050234215735,0.9582050234215735,0.9582050234215735,125.89254117941665,125.89254117941665
32,0.008317637711026709,120.22644346174131,0.9566677031295595,0.9566677031295595,0.9566677031295595,120.22644346174135,120.22644346174135
32,0.008709635899560796,114.81536214968841,0.955077176495871,0.955077176495871,0.955077176495871,114.81536214968847,114.81536214968847
32,0.009120108393559116,109.64781961431828,0.9534317753477771,0.9534317753477771,0.9534317753477771,109.64781961431831,109.64781961431831
32,0.00954992586021437,104.71285480508985,0.9517297881795013,0.9517297881795013,0.9517297881795013,104.71285480508989,104.71285480508989
32,0.01,100.0,0.9499694594943167,0.9499694594943167,0.9499694594943167,99.99999999999996,99.99999999999996
32,0.010471285480508985,95.49925860214368,0.9481489891627324,0.9481489891627324,0.9481489891627324,95.49925860214366,95.49925860214366
32,0.010964781961431873,91.20108393559079,0.9462665317986092,0.9462665317986095,0.9462665317986095,91.2010839355908,91.2010839355908
32,0.01148153621496884,87.09635899560797,0.9443201961551206,0.9443201961551206,0.9443201961551206,87.096358995608,87.096358995608
32,0.012022644346174132,83.17637711026708,0.9423080445425488,0.9423080445425488,0.9423080445425488,83.17637711026705,83.17637711026705
32,0.012589254117941661,79.43282347242823,0.9402280922699814,0.9402280922699814,0.9402280922699814,79.4328234724282,79.4328234724282
32,0.0131825673855641,75.8577575029182,0.9380783071130376,0.9380783071130376,0.9380783071130376,75.85775750291823,75.85775750291823
32,0.013803842646028866,72.44359600749891,0.9358566088098319,0.9358566088098319,0.9358566088098319,72.44359600749894,72.44359600749894
32,0.01445439770745928,69.18309709189363,0.9335608685874487,0.9335608685874487,0.9335608685874487,69.1830970918936,69.1830970918936
32,0.015135612484362071,66.06934480075965,0.9311889087212742,0.9311889087212742,0.9311889087212742,66.06934480075962,66.06934480075962
32,0.015848931924611172,63.09573444801917,0.9287385021295907,0.9287385021295907,0.9287385021295907,63.09573444801919,63.09573444801919
32,0.01659586907437563,60.25595860743569,0.926207372005908,0.926207372005908,0.926207372005908,60.255958607435716,60.255958607435716
32,0.017378008287493762,57.543993733715666,0.9235931914915665,0.9235931914915665,0.9235931914915665,57.543993733715645,57.543993733715645
32,0.018197008586099826,54.954087385762485,0.9208935833912031,0.9208935833912031,0.9208935833912031,54.95408738576247,54.95408738576247
32,0.019054607179632442,52.48074602497734,0.9181061199337258,0.9181061199337258,0.9181061199337258,52.48074602497735,52.48074602497735
32,0.01995262314968883,50.118723362727145,0.9152283225814942,0.9152283225814942,0.9152283225814942,50.11872336272715,50.11872336272715
32,0.02089296130854041,47.8630092322638,0.9122576618904477,0.9122576618904477,0.9122576618904477,47.86300923226379,47.86300923226379
32,0.02187761623949552,45.708818961487516,0.9091915574239622,0.9091915574239622,0.9091915574239622,45.70881896148751,45.70881896148751
32,0.0229086765276777,43.651583224016655,0.906027377723261,0.906027377723261,0.906027377723261,43.65158322401665,43.65158322401665
32,0.02398832919019495,41.68693834703346,0.9027624403372181,0.9027624403372181,0.9027624403372181,41.68693834703347,41.68693834703347
32,0.025118864315095822,39.81071705534969,0.8993940119144327,0.8993940119144327,0.8993940119144327,39.8107170553497,39.8107170553497
32,0.026302679918953815,38.018939632056124,0.8959193083604556,0.8959193083604556,0.8959193083604556,38.01893963205612,38.01893963205612
32,0.027542287033381633,36.30780547701018,0.89233549506307,0.89233549506307,0.89233549506307,36.30780547701017,36.30780547701017
32,0.028840315031266116,34.673685045253094,0.8886396871885157,0.8886396871885157,0.8886396871885157,34.6736850452531,34.6736850452531
32,0.030199517204020192,33.11311214825908,0.8848289500515516,0.8848289500515516,0.8848289500515516,33.11311214825907,33.11311214825907
32,0.03162277660168379,31.622776601683796,0.8809002995622174,0.8809002995622174,0.8809002995622174,31.62277660168379,31.62277660168379
32,0.03311311214825908,30.19951720402019,0.8768507027521494,0.8768507027521494,0.8768507027521494,30.19951720402019,30.19951720402019
32,0.034673685045253234,28.840315031266,0.8726770783832468,0.8726770783832467,0.8726770783832467,28.840315031266,28.840315031266
32,0.03630780547701017,27.542287033381633,0.8683762976414573,0.8683762976414573,0.8683762976414573,27.54228703338164,27.54228703338164
32,0.038018939632056124,26.302679918953817,0.8639451849183689,0.8639451849183689,0.8639451849183689,26.302679918953814,26.302679918953814
32,0.03981071705534969,25.11886431509582,0.8593805186832476,0.8593805186832476,0.8593805186832476,25.118864315095824,25.118864315095824
32,0.04168693834703364,23.988329190194847,0.8546790324480629,0.8546790324480629,0.8546790324480629,23.988329190194843,23.988329190194843
32,0.04365158322401665,22.908676527677702,0.8498374158279484,0.8498374158279484,0.8498374158279484,22.9086765276777,22.9086765276777
32,0.04570881896148752,21.877616239495516,0.8448523156994392,0.8448523156994392,0.8448523156994392,21.877616239495516,21.877616239495516
32,0.0478630092322638,20.892961308540407,0.8397203374587097,0.8397203374587098,0.8397203374587098,20.89296130854041,20.89296130854041
32,0.05011872336272735,19.952623149688748,0.8344380463818863,0.8344380463818863,0.8344380463818863,19.952623149688744,19.952623149688744
32,0.052480746024977334,19.054607179632445,0.8290019690893781,0.8290019690893781,0.8290019690893781,19.05460717963244,19.05460717963244
32,0.05495408738576248,18.197008586099827,0.8234085951159767,0.8234085951159767,0.8234085951159767,18.197008586099827,18.197008586099827
32,0.057543993733715666,17.378008287493763,0.8176543785883306,0.8176543785883306,0.8176543785883306,17.378008287493763,17.378008287493763
32,0.06025595860743568,16.59586907437563,0.8117357400111852,0.8117357400111851,0.8117357400111851,16.595869074375635,16.595869074375635
32,0.06309573444801943,15.84893192461111,0.8056490681635566,0.8056490681635566,0.8056490681635566,15.848931924611108,15.848931924611108
32,0.06606934480075964,15.135612484362072,0.7993907221058351,0.799390722105835,0.799390722105835,15.135612484362072,15.135612484362072
32,0.06918309709189363,14.454397707459279,0.7929570332985034,0.7929570332985034,0.7929570332985034,14.454397707459282,14.454397707459282
32,0.07244359600749892,13.803842646028865,0.7863443078329729,0.786344307832973,0.786344307832973,13.803842646028864,13.803842646028864
32,0.07585775750291851,13.182567385564047,0.7795488287747188,0.7795488287747188,0.7795488287747188,13.182567385564047,13.182567385564047
32,0.07943282347242822,12.58925411794166,0.7725668586186565,0.7725668586186565,0.7725668586186565,12.589254117941662,12.589254117941662
32,0.08317637711026708,12.02264434617413,0.7653946418563662,0.7653946418563662,0.7653946418563662,12.022644346174133,12.022644346174133
32,0.08709635899560797,11.48153621496884,0.7580284076544935,0.7580284076544935,0.7580284076544935,11.48153621496884,11.48153621496884
32,0.09120108393559115,10.964781961431829,0.7504643726433324,0.7504643726433324,0.7504643726433324,10.964781961431829,10.964781961431829
32,0.09549925860214369,10.471285480508985,0.7426987438142375,0.7426987438142375,0.7426987438142375,10.471285480508985,10.471285480508985
32,0.1,10.0,0.7347277215242041,0.734727721524204,0.734727721524204,9.999999999999998,9.999999999999998
32,0.10471285480508985,9.549925860214369,0.7265475026055677,0.7265475026055676,0.7265475026055676,9.549925860214367,9.549925860214367
32,0.10964781961431873,9.120108393559079,0.7181542835784376,0.7181542835784376,0.7181542835784376,9.120108393559079,9.120108393559079
32,0.1148153621496884,8.709635899560796,0.7095442639630982,0.7095442639630982,0.7095442639630982,8.709635899560798,8.709635899560798
32,0.12022644346174131,8.317637711026709,0.7007136496892162,0.7007136496892162,0.7007136496892162,8.317637711026707,8.317637711026707
32,0.12589254117941662,7.943282347242822,0.6916586565983451,0.6916586565983451,0.6916586565983451,7.943282347242821,7.943282347242821
32,0.131825673855641,7.585775750291821,0.6823755140357857,0.6823755140357857,0.6823755140357857,7.5857757502918215,7.5857757502918215
32,0.13803842646028866,7.244359600749891,0.672860468527527,0.672860468527527,0.672860468527527,7.244359600749891,7.244359600749891
32,0.1445439770745928,6.918309709189363,0.6631097875375221,0.6631097875375221,0.6631097875375221,6.918309709189363,6.918309709189363
32,0.1513561248436207,6.606934480075965,0.6531197633002521,0.6531197633002521,0.6531197633002521,6.606934480075964,6.606934480075964
32,0.15848931924611173,6.309573444801917,0.642886716723065,0.642886716723065,0.642886716723065,6.309573444801918,6.309573444801918
32,0.1659586907437563,6.025595860743569,0.6324070013524543,0.6324070013524543,0.6324070013524543,6.025595860743569,6.025595860743569
32,0.17378008287493762,5.754399373371567,0.6216770073980017,0.6216770073980016,0.6216770073980016,5.754399373371567,5.754399373371567
32,0.18197008586099825,5.4954087385762485,0.6106931658074009,0.6106931658074009,0.6106931658074009,5.4954087385762485,5.4954087385762485
32,0.19054607179632443,5.248074602497733,0.5994519523855697,0.5994519523855697,0.5994519523855697,5.248074602497734,5.248074602497734
32,0.19952623149688828,5.011872336272715,0.5879498919505484,0.5879498919505484,0.5879498919505484,5.011872336272715,5.011872336272715
32,0.2089296130854041,4.7863009232263805,0.5761835625185148,0.5761835625185148,0.5761835625185148,4.78630092322638,4.78630092322638
32,0.21877616239495518,4.570881896148752,0.564149599509949,0.5641495995099489,0.5641495995099489,4.570881896148752,4.570881896148752
32,0.22908676527677702,4.3651583224016655,0.5518446999686878,0.5518446999686878,0.5518446999686878,4.365158322401665,4.365158322401665
32,0.23988329190194949,4.168693834703347,0.5392656267853038,0.5392656267853038,0.5392656267853038,4.168693834703346,4.168693834703346
32,0.25118864315095824,3.981071705534969,0.5264092129160306,0.5264092129160306,0.5264092129160306,3.981071705534969,3.981071705534969
32,0.26302679918953814,3.801893963205613,0.5132723655881717,0.5132723655881717,0.5132723655881717,3.801893963205613,3.801893963205613
32,0.27542287033381635,3.630780547701017,0.49985207048277147,0.49985207048277147,0.49985207048277147,3.6307805477010175,3.6307805477010175
32,0.28840315031266117,3.4673685045253095,0.4861453958851176,0.4861453958851175,0.4861453958851175,3.467368504525309,3.467368504525309
32,0.30199517204020193,3.3113112148259076,0.4721494967935441,0.4721494967935441,0.4721494967935441,3.3113112148259076,3.3113112148259076
32,0.31622776601683794,3.162277660168379,0.45786161897679234,0.45786161897679234,0.45786161897679234,3.162277660168379,3.162277660168379
32,0.3311311214825908,3.019951720402019,0.4432791029702483,0.4432791029702483,0.4432791029702483,3.019951720402019,3.019951720402019
32,0.3467368504525324,2.8840315031265997,0.4283993880011773,0.4283993880011774,0.4283993880011774,2.8840315031265997,2.8840315031265997
32,0.36307805477010174,2.7542287033381636,0.4132200158331847,0.4132200158331847,0.4132200158331847,2.7542287033381636,2.7542287033381636
32,0.38018939632056126,2.6302679918953813,0.3977386345200673,0.3977386345200673,0.3977386345200673,2.6302679918953817,2.6302679918953817
32,0.3981071705534969,2.5118864315095824,0.38195300205934846,0.38195300205934846,0.38195300205934846,2.5118864315095824,2.5118864315095824
32,0.41686938347033636,2.398832919019485,0.3658609899358505,0.36586098993585037,0.36586098993585037,2.398832919019485,2.398832919019485
32,0.43651583224016655,2.29086765276777,0.3494605865458078,0.3494605865458079,0.3494605865458079,2.29086765276777,2.29086765276777
32,0.4570881896148752,2.1877616239495516,0.3327499004922002,0.3327499004922001,0.3327499004922001,2.1877616239495516,2.1877616239495516
32,0.47863009232263803,2.089296130854041,0.3157271637422079,0.315727163742208,0.315727163742208,2.0892961308540405,2.0892961308540405
32,0.5011872336272735,1.9952623149688749,0.2983907346379352,0.2983907346379352,0.2983907346379352,1.995262314968875,1.995262314968875
32,0.5248074602497733,1.9054607179632446,0.28073910075185904,0.28073910075185904,0.28073910075185904,1.9054607179632446,1.9054607179632446
32,0.5495408738576248,1.8197008586099825,0.2627708815787704,0.2627708815787706,0.2627708815787706,1.8197008586099825,1.8197008586099825
32,0.5754399373371566,1.7378008287493765,0.2444848310563411,0.244484831056341,0.244484831056341,1.7378008287493765,1.7378008287493765
32,0.6025595860743569,1.659586907437563,0.22587983990690153,0.22587983990690141,0.22587983990690141,1.659586907437563,1.659586907437563
32,0.6309573444801942,1.584893192461111,0.20695493779337548,0.20695493779337526,0.20695493779337526,1.584893192461111,1.584893192461111
32,0.6606934480075964,1.513561248436207,0.18770929528283808,0.18770929528283797,0.18770929528283797,1.513561248436207,1.513561248436207
32,0.6918309709189363,1.4454397707459279,0.16814222561167647,0.16814222561167624,0.16814222561167624,1.4454397707459279,1.4454397707459279
32,0.7244359600749891,1.3803842646028865,0.1482531862467844,0.1482531862467844,0.1482531862467844,1.3803842646028868,1.3803842646028868
32,0.7585775750291851,1.3182567385564048,0.12804178023790536,0.12804178023790536,0.12804178023790536,1.3182567385564048,1.3182567385564048
32,0.7943282347242822,1.2589254117941662,0.10750775735669893,0.10750775735669893,0.10750775735669893,1.2589254117941662,1.2589254117941662
32,0.8317637711026709,1.2022644346174132,0.08665101501873462,0.08665101501873451,0.08665101501873451,1.2022644346174132,1.2022644346174132
32,0.8709635899560796,1.1481536214968842,0.06547159898533561,0.06547159898533561,0.06547159898533561,1.1481536214968842,1.1481536214968842
32,0.9120108393559115,1.0964781961431829,0.04396970384268284,0.04396970384268262,0.04396970384268262,1.0964781961431829,1.0964781961431829
32,0.9549925860214369,1.0471285480508985,0.022145673256339538,0.022145673256339315,0.022145673256339315,1.0471285480508985,1.0471285480508985
32,1.0,1.0,0.0,0.0,0.0,1.0,1.0
32,1.0471285480508985,1.0471285480508985,0.022145673256339538,0.022145673256339315,0.022145673256339315,1.0471285480508985,1.0471285480508985
32,1.0964781961431873,1.0964781961431873,0.04396970384268606,0.04396970384268606,0.04396970384268606,1.0964781961431873,1.0964781961431873
32,1.1481536214968842,1.1481536214968842,0.06547159898533561,0.06547159898533561,0.06547159898533561,1.1481536214968842,1.1481536214968842
32,1.2022644346174132,1.2022644346174132,0.08665101501873462,0.08665101501873451,0.08665101501873451,1.2022644346174132,1.2022644346174132
32,1.2589254117941662,1.2589254117941662,0.10750775735669893,0.10750775735669893,0.10750775735669893,1.2589254117941662,1.2589254117941662
32,1.3182567385564101,1.3182567385564101,0.12804178023790846,0.12804178023790846,0.12804178023790846,1.3182567385564101,1.3182567385564101
32,1.3803842646028865,1.3803842646028865,0.1482531862467844,0.1482531862467844,0.1482531862467844,1.3803842646028865,1.3803842646028865
32,1.4454397707459279,1.4454397707459279,0.16814222561167647,0.16814222561167624,0.16814222561167624,1.4454397707459279,1.4454397707459279
32,1.513561248436207,1.513561248436207,0.18770929528283808,0.18770929528283797,0.18770929528283797,1.513561248436207,1.513561248436207
32,1.5848931924611174,1.5848931924611174,0.20695493779337548,0.20695493779337526,0.20695493779337526,1.5848931924611174,1.5848931924611174
32,1.659586907437563,1.659586907437563,0.22587983990690153,0.22587983990690141,0.22587983990690141,1.659586907437563,1.659586907437563
32,1.7378008287493762,1.7378008287493762,0.2444848310563411,0.244484831056341,0.244484831056341,1.7378008287493762,1.7378008287493762
32,1.8197008586099825,1.8197008586099825,0.2627708815787704,0.2627708815787706,0.2627708815787706,1.8197008586099825,1.8197008586099825
32,1.9054607179632521,1.9054607179632521,0.2807391007518618,0.2807391007518618,0.2807391007518618,1.9054607179632521,1.9054607179632521
32,1.9952623149688828,1.9952623149688828,0.2983907346379352,0.2983907346379352,0.2983907346379352,1.9952623149688828,1.9952623149688828
32,2.089296130854041,2.089296130854041,0.3157271637422079,0.315727163742208,0.315727163742208,2.089296130854041,2.089296130854041
32,2.1877616239495516,2.1877616239495516,0.3327499004922002,0.3327499004922001,0.3327499004922001,2.1877616239495516,2.1877616239495516
32,2.29086765276777,2.29086765276777,0.3494605865458078,0.3494605865458079,0.3494605865458079,2.29086765276777,2.29086765276777
32,2.398832919019495,2.398832919019495,0.3658609899358505,0.36586098993585037,0.36586098993585037,2.398832919019495,2.398832919019495
32,2.5118864315095824,2.5118864315095824,0.38195300205934846,0.38195300205934846,0.38195300205934846,2.5118864315095824,2.5118864315095824
32,2.6302679918953813,2.6302679918953813,0.3977386345200673,0.3977386345200673,0.3977386345200673,2.6302679918953813,2.6302679918953813
32,2.754228703338163,2.754228703338163,0.4132200158331847,0.4132200158331847,0.4132200158331847,2.7542287033381636,2.7542287033381636
32,2.8840315031266117,2.8840315031266117,0.4283993880011798,0.4283993880011796,0.4283993880011796,2.8840315031266117,2.8840315031266117
32,3.019951720402019,3.019951720402019,0.4432791029702483,0.4432791029702483,0.4432791029702483,3.019951720402019,3.019951720402019
32,3.1622776601683795,3.1622776601683795,0.45786161897679234,0.45786161897679234,0.45786161897679234,3.1622776601683795,3.1622776601683795
32,3.3113112148259076,3.3113112148259076,0.4721494967935441,0.4721494967935441,0.4721494967935441,3.3113112148259076,3.3113112148259076
32,3.4673685045253237,3.4673685045253237,0.4861453958851195,0.4861453958851196,0.4861453958851196,3.4673685045253237,3.4673685045253237
32,3.6307805477010175,3.6307805477010175,0.49985207048277147,0.49985207048277147,0.49985207048277147,3.6307805477010175,3.6307805477010175
32,3.8018939632056123,3.8018939632056123,0.5132723655881717,0.5132723655881717,0.5132723655881717,3.801893963205612,3.801893963205612
32,3.981071705534969,3.981071705534969,0.5264092129160306,0.5264092129160306,0.5264092129160306,3.981071705534969,3.981071705534969
32,4.1686938347033635,4.1686938347033635,0.5392656267853038,0.5392656267853038,0.5392656267853038,4.1686938347033635,4.1686938347033635
32,4.3651583224016655,4.3651583224016655,0.5518446999686878,0.5518446999686878,0.5518446999686878,4.365158322401666,4.365158322401666
32,4.570881896148752,4.570881896148752,0.564149599509949,0.5641495995099489,0.5641495995099489,4.570881896148752,4.570881896148752
32,4.7863009232263805,4.7863009232263805,0.5761835625185148,0.5761835625185148,0.5761835625185148,4.78630092322638,4.78630092322638
32,5.011872336272735,5.011872336272735,0.5879498919505484,0.5879498919505484,0.5879498919505484,5.011872336272735,5.011872336272735
32,5.248074602497733,5.248074602497733,0.5994519523855697,0.5994519523855697,0.5994519523855697,5.248074602497733,5.248074602497733
32,5.4954087385762485,5.4954087385762485,0.6106931658074009,0.6106931658074009,0.6106931658074009,5.4954087385762485,5.4954087385762485
32,5.754399373371567,5.754399373371567,0.6216770073980017,0.6216770073980016,0.6216770073980016,5.754399373371567,5.754399373371567
32,6.025595860743593,6.025595860743593,0.6324070013524559,0.6324070013524559,0.6324070013524559,6.025595860743593,6.025595860743593
32,6.309573444801943,6.309573444801943,0.642886716723065,0.642886716723065,0.642886716723065,6.309573444801943,6.309573444801943
32,6.606934480075965,6.606934480075965,0.6531197633002521,0.6531197633002521,0.6531197633002521,6.606934480075964,6.606934480075964
32,6.918309709189362,6.918309709189362,0.6631097875375221,0.6631097875375221,0.6631097875375221,6.918309709189361,6.918309709189361
32,7.244359600749891,7.244359600749891,0.672860468527527,0.672860468527527,0.672860468527527,7.244359600749891,7.244359600749891
32,7.585775750291851,7.585775750291851,0.682375514035787,0.682375514035787,0.682375514035787,7.585775750291852,7.585775750291852
32,7.943282347242821,7.943282347242821,0.6916586565983451,0.6916586565983451,0.6916586565983451,7.943282347242821,7.943282347242821
32,8.317637711026709,8.317637711026709,0.7007136496892162,0.7007136496892176,0.7007136496892176,8.31763771102671,8.31763771102671
32,8.709635899560796,8.709635899560796,0.7095442639630982,0.7095442639630982,0.7095442639630982,8.709635899560798,8.709635899560798
32,9.120108393559116,9.120108393559116,0.7181542835784376,0.7181542835784376,0.7181542835784376,9.120108393559114,9.120108393559114
32,9.549925860214369,9.549925860214369,0.7265475026055677,0.7265475026055676,0.7265475026055676,9.549925860214367,9.549925860214367
32,10.0,10.0,0.7347277215242041,0.734727721524204,0.734727721524204,10.000000000000002,10.000000000000002
32,10.471285480508985,10.471285480508985,0.7426987438142375,0.7426987438142375,0.7426987438142375,10.471285480508985,10.471285480508985
32,10.964781961431873,10.964781961431873,0.7504643726433324,0.7504643726433324,0.7504643726433324,10.964781961431873,10.964781961431873
32,11.481536214968841,11.481536214968841,0.7580284076544935,0.7580284076544935,0.7580284076544935,11.48153621496884,11.48153621496884
32,12.02264434617413,12.02264434617413,0.7653946418563662,0.7653946418563662,0.7653946418563662,12.022644346174133,12.022644346174133
32,12.589254117941662,12.589254117941662,0.7725668586186565,0.7725668586186565,0.7725668586186565,12.589254117941662,12.589254117941662
32,13.1825673855641,13.1825673855641,0.7795488287747188,0.7795488287747188,0.7795488287747188,13.1825673855641,13.1825673855641
32,13.803842646028867,13.803842646028867,0.7863443078329729,0.786344307832973,0.786344307832973,13.803842646028869,13.803842646028869
32,14.45439770745928,14.45439770745928,0.7929570332985034,0.7929570332985034,0.7929570332985034,14.454397707459282,14.454397707459282
32,15.135612484362072,15.135612484362072,0.7993907221058351,0.799390722105835,0.799390722105835,15.135612484362072,15.135612484362072
32,15.848931924611174,15.848931924611174,0.8056490681635575,0.8056490681635575,0.8056490681635575,15.848931924611172,15.848931924611172
32,16.59586907437563,16.59586907437563,0.8117357400111852,0.8117357400111851,0.8117357400111851,16.595869074375635,16.595869074375635
32,17.378008287493763,17.378008287493763,0.8176543785883306,0.8176543785883306,0.8176543785883306,17.378008287493763,17.378008287493763
32,18.197008586099827,18.197008586099827,0.8234085951159767,0.8234085951159767,0.8234085951159767,18.197008586099827,18.197008586099827
32,19.054607179632523,19.054607179632523,0.8290019690893788,0.8290019690893788,0.8290019690893788,19.054607179632526,19.054607179632526
32,19.95262314968883,19.95262314968883,0.834438046381887,0.834438046381887,0.834438046381887,19.952623149688833,19.952623149688833
32,20.892961308540407,20.892961308540407,0.8397203374587097,0.8397203374587098,0.8397203374587098,20.89296130854041,20.89296130854041
32,21.87761623949552,21.87761623949552,0.8448523156994392,0.8448523156994392,0.8448523156994392,21.877616239495516,21.877616239495516
32,22.9086765276777,22.9086765276777,0.8498374158279484,0.8498374158279484,0.8498374158279484,22.9086765276777,22.9086765276777
32,23.988329190194946,23.988329190194946,0.8546790324480629,0.8546790324480629,0.8546790324480629,23.98832919019495,23.98832919019495
32,25.11886431509582,25.11886431509582,0.8593805186832476,0.8593805186832476,0.8593805186832476,25.118864315095824,25.118864315095824
32,26.302679918953814,26.302679918953814,0.8639451849183689,0.8639451849183689,0.8639451849183689,26.302679918953814,26.302679918953814
32,27.542287033381633,27.542287033381633,0.8683762976414573,0.8683762976414573,0.8683762976414573,27.542287033381626,27.542287033381626
32,28.840315031266115,28.840315031266115,0.8726770783832474,0.8726770783832474,0.8726770783832474,28.84031503126612,28.84031503126612
32,30.199517204020193,30.199517204020193,0.8768507027521494,0.8768507027521494,0.8768507027521494,30.19951720402019,30.19951720402019
32,31.622776601683793,31.622776601683793,0.8809002995622174,0.8809002995622174,0.8809002995622174,31.62277660168379,31.62277660168379
32,33.11311214825908,33.11311214825908,0.8848289500515516,0.8848289500515516,0.8848289500515516,33.11311214825907,33.11311214825907
32,34.67368504525324,34.67368504525324,0.8886396871885163,0.8886396871885162,0.8886396871885162,34.67368504525324,34.67368504525324
32,36.30780547701018,36.30780547701018,0.89233549506307,0.89233549506307,0.89233549506307,36.30780547701017,36.30780547701017
32,38.018939632056124,38.018939632056124,0.8959193083604556,0.8959193083604556,0.8959193083604556,38.01893963205612,38.01893963205612
32,39.81071705534969,39.81071705534969,0.8993940119144327,0.8993940119144327,0.8993940119144327,39.8107170553497,39.8107170553497
32,41.68693834703364,41.68693834703364,0.9027624403372185,0.9027624403372185,0.9027624403372185,41.68693834703364,41.68693834703364
32,43.651583224016655,43.651583224016655,0.906027377723261,0.906027377723261,0.906027377723261,43.65158322401665,43.65158322401665
32,45.708818961487516,45.708818961487516,0.9091915574239622,0.9091915574239622,0.9091915574239622,45.70881896148751,45.70881896148751
32,47.8630092322638,47.8630092322638,0.9122576618904477,0.9122576618904477,0.9122576618904477,47.86300923226379,47.86300923226379
32,50.11872336272735,50.11872336272735,0.9152283225814947,0.9152283225814947,0.9152283225814947,50.11872336272735,50.11872336272735
32,52.480746024977336,52.480746024977336,0.9181061199337258,0.9181061199337258,0.9181061199337258,52.48074602497733,52.48074602497733
32,54.954087385762485,54.954087385762485,0.9208935833912031,0.9208935833912031,0.9208935833912031,54.95408738576247,54.95408738576247
32,57.543993733715666,57.543993733715666,0.9235931914915665,0.9235931914915665,0.9235931914915665,57.543993733715645,57.543993733715645
32,60.25595860743593,60.25595860743593,0.926207372005908,0.926207372005908,0.926207372005908,60.25595860743593,60.25595860743593
32,63.09573444801943,63.09573444801943,0.9287385021295907,0.9287385021295907,0.9287385021295907,63.095734448019414,63.095734448019414
32,66.06934480075964,66.06934480075964,0.9311889087212742,0.9311889087212742,0.9311889087212742,66.06934480075962,66.06934480075962
32,69.18309709189363,69.18309709189363,0.9335608685874487,0.9335608685874487,0.9335608685874487,69.1830970918936,69.1830970918936
32,72.44359600749891,72.44359600749891,0.9358566088098319,0.9358566088098319,0.9358566088098319,72.44359600749894,72.44359600749894
32,75.85775750291852,75.85775750291852,0.938078307113038,0.938078307113038,0.938078307113038,75.8577575029185,75.8577575029185
32,79.43282347242821,79.43282347242821,0.9402280922699814,0.9402280922699814,0.9402280922699814,79.4328234724282,79.4328234724282
32,83.17637711026708,83.17637711026708,0.9423080445425488,0.9423080445425488,0.9423080445425488,83.17637711026705,83.17637711026705
32,87.09635899560796,87.09635899560796,0.9443201961551206,0.9443201961551206,0.9443201961551206,87.09635899560791,87.09635899560791
32,91.20108393559116,91.20108393559116,0.9462665317986095,0.9462665317986095,0.9462665317986095,91.20108393559113,91.20108393559113
32,95.49925860214368,95.49925860214368,0.9481489891627324,0.9481489891627324,0.9481489891627324,95.49925860214366,95.49925860214366
32,100.0,100.0,0.9499694594943167,0.9499694594943167,0.9499694594943167,100.00000000000004,100.00000000000004
32,104.71285480508985,104.71285480508985,0.9517297881795013,0.9517297881795013,0.9517297881795013,104.71285480508989,104.71285480508989
32,109.64781961431873,109.64781961431873,0.9534317753477773,0.9534317753477773,0.9534317753477773,109.6478196143187,109.6478196143187
32,114.81536214968841,114.81536214968841,0.955077176495871,0.955077176495871,0.955077176495871,114.81536214968835,114.81536214968835
32,120.22644346174131,120.22644346174131,0.9566677031295595,0.9566677031295595,0.9566677031295595,120.22644346174135,120.22644346174135
32,125.89254117941661,125.89254117941661,0.9582050234215735,0.9582050234215735,0.9582050234215735,125.89254117941665,125.89254117941665
32,131.825673855641,131.825673855641,0.9596907628838183,0.9596907628838183,0.9596907628838183,131.82567385564096,131.82567385564096
32,138.03842646028866,138.03842646028866,0.9611265050522151,0.9611265050522151,0.9611265050522151,138.0384264602886,138.0384264602886
32,144.5439770745928,144.5439770745928,0.9625137921825436,0.9625137921825436,0.9625137921825436,144.54397707459285,144.54397707459285
32,151.3561248436207,151.3561248436207,0.9638541259557278,0.9638541259557278,0.9638541259557278,151.35612484362076,151.35612484362076
32,158.48931924611173,158.48931924611173,0.9651489681910894,0.9651489681910894,0.9651489681910894,158.48931924611168,158.48931924611168
32,165.9586907437563,165.9586907437563,0.9663997415661537,0.9663997415661537,0.9663997415661537,165.95869074375636,165.95869074375636
32,173.78008287493762,173.78008287493762,0.967607830341672,0.967607830341672,0.967607830341672,173.78008287493768,173.78008287493768
32,181.97008586099827,181.97008586099827,0.9687745810905806,0.9687745810905806,0.9687745810905806,181.9700858609983,181.9700858609983
32,190.5460717963252,190.5460717963252,0.9699013034296924,0.9699013034296924,0.9699013034296924,190.54607179632515,190.54607179632515
32,199.52623149688827,199.52623149688827,0.9709892707529783,0.9709892707529783,0.9709892707529783,199.5262314968882,199.5262314968882
32,208.92961308540407,208.92961308540407,0.9720397209653578,0.9720397209653578,0.9720397209653578,208.92961308540416,208.92961308540416
32,218.77616239495518,218.77616239495518,0.9730538572159837,0.9730538572159837,0.9730538572159837,218.77616239495524,218.77616239495524
32,229.08676527677702,229.08676527677702,0.9740328486300607,0.9740328486300607,0.9740328486300607,229.08676527677702,229.08676527677702
32,239.88329190194946,239.88329190194946,0.9749778310383027,0.9749778310383027,0.9749778310383027,239.88329190194955,239.88329190194955
32,251.18864315095823,251.18864315095823,0.9758899077031847,0.9758899077031847,0.9758899077031847,251.18864315095828,251.18864315095828
32,263.02679918953817,263.02679918953817,0.9767701500412016,0.9767701500412016,0.9767701500412016,263.02679918953817,263.02679918953817
32,275.4228703338163,275.4228703338163,0.9776195983404025,0.9776195983404025,0.9776195983404025,275.4228703338163,275.4228703338163
32,288.4031503126612,288.4031503126612,0.9784392624725153,0.9784392624725153,0.9784392624725153,288.40315031266124,288.40315031266124
32,301.9951720402019,301.9951720402019,0.9792301225990295,0.9792301225990296,0.9792301225990296,301.99517204020196,301.99517204020196
32,316.2277660168379,316.2277660168379,0.979993129870652,0.979993129870652,0.979993129870652,316.22776601683796,316.22776601683796
32,331.13112148259074,331.13112148259074,0.980729207119594,0.980729207119594,0.980729207119594,331.13112148259074,331.13112148259074
32,346.7368504525324,346.7368504525324,0.9814392495441953,0.9814392495441953,0.9814392495441953,346.73685045253245,346.73685045253245
32,363.07805477010174,363.07805477010174,0.9821241253854315,0.9821241253854315,0.9821241253854315,363.0780547701018,363.0780547701018
32,380.18939632056123,380.18939632056123,0.9827846765948897,0.9827846765948897,0.9827846765948897,380.1893963205613,380.1893963205613
32,398.1071705534969,398.1071705534969,0.9834217194938386,0.9834217194938386,0.9834217194938386,398.1071705534969,398.1071705534969
32,416.86938347033634,416.86938347033634,0.9840360454230551,0.9840360454230551,0.9840360454230551,416.86938347033646,416.86938347033646
32,436.51583224016656,436.51583224016656,0.9846284213831038,0.9846284213831038,0.9846284213831038,436.5158322401666,436.5158322401666
32,457.08818961487515,457.08818961487515,0.9851995906648009,0.9851995906648009,0.9851995906648009,457.0881896148752,457.0881896148752
32,478.630092322638,478.630092322638,0.9857502734696229,0.9857502734696229,0.9857502734696229,478.630092322638,478.630092322638
32,501.1872336272735,501.1872336272735,0.9862811675198554,0.9862811675198554,0.9862811675198554,501.1872336272736,501.1872336272736
32,524.8074602497734,524.8074602497734,0.9867929486583009,0.9867929486583009,0.9867929486583009,524.8074602497734,524.8074602497734
32,549.5408738576248,549.5408738576248,0.9872862714373947,0.9872862714373947,0.9872862714373947,549.5408738576248,549.5408738576248
32,575.4399373371566,575.4399373371566,0.9877617696976029,0.9877617696976029,0.9877617696976029,575.4399373371566,575.4399373371566
32,602.5595860743593,602.5595860743593,0.988220057135001,0.988220057135001,0.988220057135001,602.5595860743595,602.5595860743595
32,630.9573444801943,630.9573444801943,0.9886617278579528,0.9886617278579528,0.9886617278579528,630.9573444801943,630.9573444801943
32,660.6934480075964,660.6934480075964,0.9890873569328337,0.9890873569328337,0.9890873569328337,660.6934480075964,660.6934480075964
32,691.8309709189363,691.8309709189363,0.9894975009187598,0.9894975009187598,0.9894975009187598,691.8309709189361,691.8309709189361
32,724.4359600749891,724.4359600749891,0.9898926983913047,0.9898926983913047,0.9898926983913047,724.4359600749889,724.4359600749889
32,758.5775750291851,758.5775750291851,0.9902734704552041,0.9902734704552041,0.9902734704552041,758.5775750291851,758.5775750291851
32,794.3282347242822,794.3282347242822,0.9906403212460615,0.9906403212460615,0.9906403212460615,794.3282347242821,794.3282347242821
32,831.7637711026708,831.7637711026708,0.9909937384210896,0.9909937384210896,0.9909937384210896,831.7637711026707,831.7637711026707
32,870.9635899560797,870.9635899560797,0.9913341936389306,0.9913341936389306,0.9913341936389306,870.9635899560794,870.9635899560794
32,912.0108393559116,912.0108393559116,0.9916621430286147,0.9916621430286147,0.9916621430286147,912.0108393559115,912.0108393559115
32,954.9925860214369,954.9925860214369,0.9919780276477281,0.9919780276477281,0.9919780276477281,954.9925860214368,954.9925860214368
32,1000.0,1000.0,0.9922822739298749,0.9922822739298749,0.9922822739298749,999.9999999999998,999.9999999999998
32,1047.1285480508984,1047.1285480508984,0.9925752941215216,0.9925752941215216,0.9925752941215216,1047.1285480508982,1047.1285480508982
32,1096.4781961431872,1096.4781961431872,0.9928574867083328,0.9928574867083328,0.9928574867083328,1096.4781961431872,1096.4781961431872
32,1148.1536214968842,1148.1536214968842,0.9931292368311043,0.9931292368311043,0.9931292368311043,1148.153621496884,1148.153621496884
32,1202.2644346174131,1202.2644346174131,0.9933909166914167,0.9933909166914167,0.9933909166914167,1202.2644346174127,1202.2644346174127
32,1258.9254117941662,1258.9254117941662,0.9936428859471347,0.9936428859471347,0.9936428859471347,1258.9254117941657,1258.9254117941657
32,1318.25673855641,1318.25673855641,0.9938854920978867,0.9938854920978867,0.9938854920978867,1318.25673855641,1318.25673855641
32,1380.3842646028866,1380.3842646028866,0.9941190708606625,0.9941190708606625,0.9941190708606625,1380.3842646028863,1380.3842646028863
32,1445.439770745928,1445.439770745928,0.9943439465356758,0.9943439465356758,0.9943439465356758,1445.4397707459275,1445.4397707459275
32,1513.561248436207,1513.561248436207,0.9945604323626389,0.9945604323626389,0.9945604323626389,1513.5612484362066,1513.5612484362066
32,1584.8931924611175,1584.8931924611175,0.9947688308676049,0.9947688308676049,0.9947688308676049,1584.8931924611172,1584.8931924611172
32,1659.586907437563,1659.586907437563,0.994969434200533,0.994969434200533,0.994969434200533,1659.5869074375626,1659.5869074375626
32,1737.8008287493763,1737.8008287493763,0.9951625244637379,0.9951625244637379,0.9951625244637379,1737.8008287493758,1737.8008287493758
32,1819.7008586099826,1819.7008586099826,0.995348374031386,0.995348374031386,0.995348374031386,1819.7008586099832,1819.7008586099832
32,1905.4607179632521,1905.4607179632521,0.9955272458602034,0.9955272458602034,0.9955272458602034,1905.4607179632517,1905.4607179632517
32,1995.262314968883,1995.262314968883,0.9956993937915615,0.9956993937915615,0.9956993937915615,1995.2623149688823,1995.2623149688823
32,2089.2961308540407,2089.2961308540407,0.9958650628451098,0.9958650628451098,0.9958650628451098,2089.29613085404,2089.29613085404
32,2187.761623949552,2187.761623949552,0.9960244895041243,0.9960244895041243,0.9960244895041243,2187.761623949553,2187.761623949553
32,2290.86765276777,2290.86765276777,0.9961779019927398,0.9961779019927398,0.9961779019927398,2290.867652767771,2290.867652767771
32,2398.832919019495,2398.832919019495,0.9963255205452394,0.9963255205452394,0.9963255205452394,2398.832919019494,2398.832919019494
32,2511.886431509582,2511.886431509582,0.9964675576675668,0.9964675576675668,0.9964675576675668,2511.886431509581,2511.886431509581
32,2630.2679918953813,2630.2679918953813,0.9966042183912366,0.9966042183912366,0.9966042183912366,2630.2679918953822,2630.2679918953822
32,2754.228703338163,2754.228703338163,0.9967357005198064,0.9967357005198064,0.9967357005198064,2754.228703338164,2754.228703338164
32,2884.0315031266114,2884.0315031266114,0.9968621948680834,0.9968621948680834,0.9968621948680834,2884.0315031266105,2884.0315031266105
32,3019.951720402019,3019.951720402019,0.9969838854942313,0.9969838854942313,0.9969838854942313,3019.9517204020176,3019.9517204020176
32,3162.2776601683795,3162.2776601683795,0.9971009499249442,0.9971009499249442,0.9971009499249442,3162.2776601683804,3162.2776601683804
32,3311.311214825908,3311.311214825908,0.9972135593738531,0.9972135593738531,0.9972135593738531,3311.3112148259056,3311.3112148259056
32,3467.3685045253237,3467.3685045253237,0.9973218789533279,0.9973218789533279,0.9973218789533279,3467.3685045253224,3467.3685045253224
32,3630.7805477010174,3630.7805477010174,0.9974260678798372,0.9974260678798372,0.9974260678798372,3630.780547701019,3630.780547701019
32,3801.8939632056126,3801.8939632056126,0.997526279673027,0.997526279673027,0.997526279673027,3801.8939632056104,3801.8939632056104
32,3981.071705534969,3981.071705534969,0.9976226623486742,0.9976226623486742,0.9976226623486742,3981.07170553497,3981.07170553497
32,4168.693834703364,4168.693834703364,0.9977153586056744,0.9977153586056744,0.9977153586056744,4168.693834703366,4168.693834703366
32,4365.158322401665,4365.158322401665,0.9978045060072142,0.9978045060072142,0.9978045060072142,4365.158322401663,4365.158322401663
32,4570.881896148751,4570.881896148751,0.9978902371562829,0.9978902371562829,0.9978902371562829,4570.881896148753,4570.881896148753
32,4786.30092322638,4786.30092322638,0.9979726798656723,0.9979726798656723,0.9979726798656723,4786.300923226377,4786.300923226377
32,5011.872336272735,5011.872336272735,0.9980519573226104,0.9980519573226104,0.9980519573226104,5011.872336272732,5011.872336272732
32,5248.074602497733,5248.074602497733,0.9981281882481745,0.9981281882481745,0.9981281882481745,5248.074602497735,5248.074602497735
32,5495.408738576248,5495.408738576248,0.9982014870516271,0.9982014870516271,0.9982014870516271,5495.408738576244,5495.408738576244
32,5754.399373371566,5754.399373371566,0.9982719639798118,0.9982719639798118,0.9982719639798118,5754.399373371567,5754.399373371567
32,6025.595860743593,6025.595860743593,0.9983397252617472,0.9983397252617472,0.9983397252617472,6025.595860743595,6025.595860743595
32,6309.573444801943,6309.573444801943,0.9984048732485546,0.9984048732485546,0.9984048732485546,6309.573444801938,6309.573444801938
32,6606.9344800759645,6606.9344800759645,0.9984675065488485,0.9984675065488485,0.9984675065488485,6606.934480075965,6606.934480075965
32,6918.309709189362,6918.309709189362,0.9985277201597211,0.9985277201597211,0.9985277201597211,6918.309709189357,6918.309709189357
32,7244.359600749921,7244.359600749921,0.9985856055934461,0.9985856055934461,0.9985856055934461,7244.359600749916,7244.359600749916
32,7585.775750291851,7585.775750291851,0.9986412510000261,0.9986412510000261,0.9986412510000261,7585.775750291853,7585.775750291853
32,7943.282347242822,7943.282347242822,0.9986947412857045,0.9986947412857045,0.9986947412857045,7943.282347242815,7943.282347242815
32,8317.63771102671,8317.63771102671,0.9987461582275596,0.9987461582275596,0.9987461582275596,8317.63771102671,8317.63771102671
32,8709.635899560797,8709.635899560797,0.9987955805842978,0.9987955805842978,0.9987955805842978,8709.635899560804,8709.635899560804
32,9120.108393559116,9120.108393559116,0.9988430842033578,0.9988430842033578,0.9988430842033578,9120.108393559109,9120.108393559109
32,9549.92586021437,9549.92586021437,0.9988887421244365,0.9988887421244365,0.9988887421244365,9549.92586021437,9549.92586021437
32,10000.0,10000.0,0.9989326246795454,0.9989326246795454,0.9989326246795454,10000.00000000001,10000.00000000001
32,10471.285480508985,10471.285480508985,0.9989747995897009,0.9989747995897009,0.9988887421244365,10471.285480508985,9549.925860214387
32,10964.781961431829,10964.781961431829,0.9990153320583527,0.9990153320583527,0.9988430842033578,10964.781961431836,9120.108393559125
32,11481.536214968794,11481.536214968794,0.9990542848616486,0.9990542848616486,0.9987955805842978,11481.53621496879,8709.63589956085
32,12022.64434617418,12022.64434617418,0.9990917184356359,0.9990917184356359,0.9987461582275596,12022.644346174173,8317.637711026695
32,12589.254117941713,12589.254117941713,0.9991276909604911,0.9991276909604911,0.9986947412857045,12589.254117941715,7943.282347242802
32,13182.567385564102,13182.567385564102,0.9991622584418738,0.9991622584418738,0.9986412510000261,13182.56738556409,7585.775750291839
32,13803.842646028867,13803.842646028867,0.9991954747894919,0.9991954747894919,0.9985856055934461,13803.842646028867,7244.359600749904
32,14454.39770745928,14454.39770745928,0.9992273918929685,0.9992273918929685,0.9985277201597211,14454.397707459291,6918.309709189369
32,15135.612484362071,15135.612484362071,0.9992580596950947,0.9992580596950947,0.9984675065488485,15135.61248436207,6606.934480075977
32,15848.931924611108,15848.931924611108,0.9992875262625505,0.9992875262625505,0.9984048732485546,15848.931924611119,6309.57344480195
32,16595.86907437556,16595.86907437556,0.9993158378541772,0.9993158378541772,0.9983397252617472,16595.869074375558,6025.595860743606
32,17378.008287493834,17378.008287493834,0.9993430389868772,0.9993430389868772,0.9982719639798118,17378.008287493823,5754.399373371557
32,18197.0085860999,18197.0085860999,0.9993691724992196,0.9993691724992196,0.9982014870516271,18197.008586099902,5495.408738576235
32,19054.607179632523,19054.607179632523,0.9993942796128253,0.9993942796128253,0.9981281882481745,19054.607179632538,5248.074602497717
32,19952.62314968883,19952.62314968883,0.9994183999916028,0.9994183999916028,0.9980519573226103,19952.62314968883,5011.872336272724
32,20892.96130854041,20892.96130854041,0.9994415717989064,0.9994415717989064,0.9979726798656723,20892.961308540423,4786.300923226385
32,21877.616239495517,21877.616239495517,0.9994638317526847,0.9994638317526847,0.9978902371562829,21877.616239495514,4570.881896148761
32,22908.6765276777,22908.6765276777,0.9994852151786843,0.9994852151786843,0.9978045060072142,22908.67652767771,4365.15832240167
32,23988.32919019485,23988.32919019485,0.9995057560617736,0.9995057560617736,0.9977153586056744,23988.32919019484,4168.693834703373
32,25118.864315095718,25118.864315095718,0.9995254870954503,0.9995254870954503,0.9976226623486742,25118.86431509573,3981.071705534991
32,26302.679918953923,26302.679918953923,0.9995444397295903,0.9995444397295903,0.997526279673027,26302.679918953923,3801.8939632056035
32,27542.287033381745,27542.287033381745,0.9995626442164999,0.9995626442164999,0.9974260678798372,27542.28703338177,3630.780547701006
32,28840.315031266116,28840.315031266116,0.9995801296553254,0.9995801296553254,0.9973218789533279,28840.315031266113,3467.368504525316
32,30199.51720402019,30199.51720402019,0.9995969240348771,0.9995969240348771,0.9972135593738533,30199.517204020212,3311.3112148259115
32,31622.776601683792,31622.776601683792,0.9996130542749201,0.9996130542749201,0.9971009499249442,31622.77660168378,3162.277660168386
32,33113.112148259075,33113.112148259075,0.9996285462659852,0.9996285462659852,0.9969838854942313,33113.11214825909,3019.951720402023
32,34673.68504525309,34673.68504525309,0.9996434249077479,0.9996434249077479,0.9968621948680834,34673.68504525308,2884.031503126618
32,36307.80547701003,36307.80547701003,0.999657714146027,0.999657714146027,0.9967357005198064,36307.805477010035,2754.2287033381785
32,38018.93963205628,38018.93963205628,0.9996714370084471,0.9996714370084471,0.9966042183912366,38018.93963205628,2630.2679918953754
32,39810.71705534986,39810.71705534986,0.9996846156388135,0.9996846156388135,0.9964675576675668,39810.71705534989,2511.8864315095743
32,41686.93834703363,41686.93834703363,0.9996972713302418,0.9996972713302418,0.9963255205452393,41686.938347033625,2398.8329190194895
32,43651.58322401666,43651.58322401666,0.9997094245570856,0.9997094245570856,0.9961779019927398,43651.58322401668,2290.8676527677726
32,45708.818961487515,45708.818961487515,0.9997210950057045,0.9997210950057045,0.9960244895041243,45708.8189614875,2187.7616239495565
32,47863.0092322638,47863.0092322638,0.9997323016041119,0.9997323016041119,0.9958650628451098,47863.00923226382,2089.296130854044
32,50118.72336272715,50118.72336272715,0.9997430625505412,0.9997430625505412,0.9956993937915615,50118.72336272711,1995.2623149688875
32,52480.746024977125,52480.746024977125,0.9997533953409695,0.9997533953409695,0.9955272458602034,52480.74602497713,1905.460717963255
32,54954.08738576271,54954.08738576271,0.9997633167956336,0.9997633167956336,0.995348374031386,54954.0873857627,1819.7008586099785
32,57543.9937337159,57543.9937337159,0.9997728430845738,0.9997728430845738,0.9951625244637378,57543.993733715935,1737.800828749371
32,60255.95860743593,60255.95860743593,0.9997819897522416,0.9997819897522416,0.994969434200533,60255.95860743591,1659.5869074375596
32,63095.73444801943,63095.73444801943,0.9997907717412012,0.9997907717412012,0.9947688308676049,63095.73444801946,1584.893192461113
32,66069.34480075965,66069.34480075965,0.9997992034149586,0.9997992034149586,0.9945604323626389,66069.34480075962,1513.5612484362107
32,69183.09709189362,69183.09709189362,0.9998072985799494,0.9998072985799494,0.9943439465356758,69183.09709189365,1445.43977074593
32,72443.59600749891,72443.59600749891,0.9998150705067137,0.9998150705067137,0.9941190708606625,72443.59600749885,1380.38426460289
32,75857.7575029182,75857.7575029182,0.9998225319502879,0.9998225319502879,0.9938854920978867,75857.7575029182,1318.2567385564123
32,79432.82347242789,79432.82347242789,0.9998296951698419,0.9998296951698419,0.9936428859471347,79432.82347242782,1258.9254117941746
32,83176.37711026742,83176.37711026742,0.9998365719475864,0.9998365719475864,0.9933909166914165,83176.37711026748,1202.2644346174095
32,87096.35899560832,87096.35899560832,0.999843173606979,0.999843173606979,0.9931292368311043,87096.35899560829,1148.153621496882
32,91201.08393559116,91201.08393559116,0.9998495110302524,0.9998495110302524,0.9928574867083327,91201.08393559119,1096.4781961431843
32,95499.25860214369,95499.25860214369,0.9998555946752897,0.9998555946752897,0.9925752941215216,95499.25860214363,1047.128548050901
32,100000.0,100000.0,0.99986143459187,0.99986143459187,0.9922822739298749,100000.00000000001,1000.0000000000016
32,104712.85480508985,104712.85480508985,0.999867040437308,0.999867040437308,0.9919780276477282,104712.85480508977,954.9925860214393
32,109647.81961431829,109647.81961431829,0.9998724214915069,0.9998724214915069,0.9916621430286147,109647.81961431829,912.0108393559132
32,114815.36214968794,114815.36214968794,0.99987758667145,0.99987758667145,0.9913341936389307,114815.36214968802,870.963589956084
32,120226.4434617418,120226.4434617418,0.9998825445451462,0.9998825445451462,0.9909937384210896,120226.44346174186,831.7637711026684
32,125892.54117941714,125892.54117941714,0.9998873033450544,0.9998873033450544,0.9906403212460615,125892.54117941708,794.3282347242806
32,131825.673855641,131825.673855641,0.9998918709810011,0.9998918709810011,0.9902734704552041,131825.67385564104,758.5775750291831
32,138038.42646028867,138038.42646028867,0.9998962550526129,0.9998962550526129,0.9898926983913048,138038.42646028858,724.4359600749908
32,144543.9770745928,144543.9770745928,0.999900462861281,0.999900462861281,0.9894975009187598,144543.9770745928,691.8309709189374
32,151356.12484362072,151356.12484362072,0.9999045014216728,0.9999045014216728,0.9890873569328337,151356.12484362084,660.693448007597
32,158489.3192461111,158489.3192461111,0.9999083774728099,0.9999083774728099,0.9886617278579528,158489.3192461111,630.9573444801954
32,165958.69074375564,165958.69074375564,0.9999120974887266,0.9999120974887266,0.988220057135001,165958.69074375575,602.5595860743599
32,173780.08287493835,173780.08287493835,0.9999156676887252,0.9999156676887252,0.9877617696976029,173780.0828749384,575.439937337155
32,181970.085860999,181970.085860999,0.9999190940472422,0.9999190940472422,0.9872862714373947,181970.0858609989,549.5408738576239
32,190546.0717963252,190546.0717963252,0.9999223823033406,0.9999223823033406,0.9867929486583009,190546.07179632527,524.807460249772
32,199526.2314968883,199526.2314968883,0.9999255379698413,0.9999255379698413,0.9862811675198554,199526.23149688813,501.1872336272727
32,208929.6130854041,208929.6130854041,0.9999285663421073,0.9999285663421073,0.9857502734696229,208929.6130854041,478.63009232263886
32,218776.16239495517,218776.16239495517,0.9999314725064933,0.9999314725064933,0.9851995906648009,218776.16239495538,457.0881896148756
32,229086.765276777,229086.765276777,0.9999342613484746,0.9999342613484746,0.9846284213831039,229086.76527677698,436.51583224016736
32,239883.29190194848,239883.29190194848,0.999936937560464,0.999936937560464,0.9840360454230551,239883.29190194866,416.8693834703368
32,251188.64315095925,251188.64315095925,0.9999395056493312,0.9999395056493312,0.9834217194938385,251188.64315095934,398.10717055349585
32,263026.7991895392,263026.7991895392,0.9999419699436352,0.9999419699436352,0.9827846765948897,263026.79918953904,380.1893963205606
32,275422.87033381744,275422.87033381744,0.9999443346005791,0.9999443346005791,0.9821241253854315,275422.8703338175,363.07805477010083
32,288403.15031266114,288403.15031266114,0.9999466036126994,0.9999466036126994,0.9814392495441953,288403.1503126609,346.7368504525318
32,301995.1720402019,301995.1720402019,0.9999487808142979,0.9999487808142979,0.980729207119594,301995.1720402019,331.13112148259137
32,316227.7660168379,316227.7660168379,0.9999508698876277,0.9999508698876277,0.979993129870652,316227.7660168382,316.22776601683825
32,331131.12148259074,331131.12148259074,0.9999528743688413,0.9999528743688413,0.9792301225990296,331131.1214825907,301.99517204020253
32,346736.85045253095,346736.85045253095,0.9999547976537094,0.9999547976537094,0.9784392624725153,346736.85045253113,288.4031503126615
32,363078.0547701003,363078.0547701003,0.9999566430031213,0.9999566430031213,0.9776195983404026,363078.0547701001,275.422870333818
32,380189.3963205628,380189.3963205628,0.9999584135483711,0.9999584135483711,0.9767701500412015,380189.3963205625,263.0267991895377
32,398107.17055349855,398107.17055349855,0.9999601122962426,0.9999601122962426,0.9758899077031846,398107.1705534986,251.1886431509576
32,416869.3834703364,416869.3834703364,0.9999617421338962,0.9999617421338962,0.9749778310383027,416869.38347033673,239.8832919019487
32,436515.83224016655,436515.83224016655,0.9999633058335677,0.9999633058335677,0.9740328486300607,436515.8322401665,229.08676527677744
32,457088.1896148752,457088.1896148752,0.9999648060570863,0.9999648060570863,0.9730538572159837,457088.1896148755,218.7761623949554
32,478630.092322638,478630.092322638,0.9999662453602156,0.9999662453602156,0.9720397209653578,478630.09232263785,208.92961308540453
32,501187.2336272715,501187.2336272715,0.9999676261968299,0.9999676261968299,0.9709892707529783,501187.2336272717,199.52623149688853
32,524807.4602497712,524807.4602497712,0.9999689509229253,0.9999689509229253,0.9699013034296926,524807.4602497709,190.54607179632563
32,549540.873857627,549540.873857627,0.9999702218004777,0.9999702218004777,0.9687745810905806,549540.8738576266,181.97008586099798
32,575439.937337159,575439.937337159,0.9999714410011494,0.9999714410011494,0.967607830341672,575439.937337159,173.78008287493722
32,602559.5860743594,602559.5860743594,0.9999726106098535,0.9999726106098535,0.9663997415661537,602559.5860743598,165.9586907437558
32,630957.3444801943,630957.3444801943,0.9999737326281779,0.9999737326281779,0.9651489681910892,630957.3444801942,158.4893192461114
32,660693.4480075964,660693.4480075964,0.999974808977677,0.999974808977677,0.9638541259557278,660693.4480075968,151.3561248436209
32,691830.9709189363,691830.9709189363,0.9999758415030359,0.9999758415030359,0.9625137921825436,691830.970918936,144.5439770745931
32,724435.9600749891,724435.9600749891,0.9999768319751097,0.9999768319751097,0.9611265050522151,724435.9600749894,138.03842646028886
32,758577.575029182,758577.575029182,0.9999777820938464,0.9999777820938464,0.9596907628838183,758577.5750291815,131.82567385564133
32,794328.2347242854,794328.2347242854,0.9999786934910931,0.9999786934910931,0.9582050234215734,794328.2347242861,125.89254117941621
32,831763.7711026743,831763.7711026743,0.9999795677332958,0.9999795677332958,0.9566677031295593,831763.7711026742,120.22644346174104
32,870963.5899560832,870963.5899560832,0.9999804063240905,0.9999804063240905,0.955077176495871,870963.5899560838,114.81536214968806
32,912010.8393559115,912010.8393559115,0.9999812107067956,0.9999812107067956,0.9534317753477773,912010.8393559112,109.64781961431851
32,954992.5860214368,954992.5860214368,0.9999819822668049,0.9999819822668049,0.9517297881795013,954992.5860214374,104.71285480508998
32,1000000.0,1000000.0,0.9999827223338884,0.9999827223338884,0.9499694594943167,999999.9999999995,100.00000000000023
32,1047128.5480508985,1047128.5480508985,0.9999834321844017,0.9999834321844017,0.9481489891627327,1047128.5480508988,95.49925860214383
32,1096478.196143183,1096478.196143183,0.9999841130434094,0.9999841130434094,0.9462665317986098,1096478.1961431822,91.20108393559137
32,1148153.6214968793,1148153.6214968793,0.999984766086725,0.999984766086725,0.9443201961551209,1148153.6214968795,87.09635899560845
32,1202264.434617418,1202264.434617418,0.9999853924428711,0.9999853924428711,0.9423080445425486,1202264.4346174179,83.1763771102669
32,1258925.4117941714,1258925.4117941714,0.9999859931949617,0.9999859931949617,0.9402280922699814,1258925.4117941721,79.43282347242798
32,1318256.7385564102,1318256.7385564102,0.9999865693825116,0.9999865693825116,0.938078307113038,1318256.7385564097,75.85775750291836
32,1380384.2646028865,1380384.2646028865,0.9999871220031739,0.9999871220031739,0.9358566088098319,1380384.2646028872,72.44359600749901
32,1445439.770745928,1445439.770745928,0.9999876520144084,0.9999876520144084,0.933560868587449,1445439.7707459272,69.18309709189379
32,1513561.2484362072,1513561.2484362072,0.999988160335087,0.999988160335087,0.9311889087212746,1513561.2484362074,66.06934480075974
32,1584893.192461111,1584893.192461111,0.9999886478470318,0.9999886478470318,0.9287385021295911,1584893.1924611097,63.095734448019584
32,1659586.9074375562,1659586.9074375562,0.9999891153964964,0.9999891153964964,0.9262073720059083,1659586.9074375564,60.255958607436035
32,1737800.8287493833,1737800.8287493833,0.999989563795586,0.999989563795586,0.9235931914915662,1737800.828749383,57.543993733715546
32,1819700.85860999,1819700.85860999,0.9999899938236229,0.9999899938236229,0.9208935833912031,1819700.858609991,54.95408738576232
32,1905460.7179632522,1905460.7179632522,0.9999904062284573,0.9999904062284573,0.9181061199337258,1905460.7179632513,52.480746024977236
32,1995262.3149688828,1995262.3149688828,0.9999908017277269,0.9999908017277269,0.9152283225814942,1995262.3149688835,50.118723362727216
32,2089296.1308540408,2089296.1308540408,0.9999911810100661,0.9999911810100661,0.9122576618904477,2089296.1308540395,47.86300923226391
32,2187761.623949552,2187761.623949552,0.9999915447362678,0.9999915447362678,0.9091915574239622,2187761.6239495524,45.70881896148759
32,2290867.65276777,2290867.65276777,0.9999918935403984,0.9999918935403984,0.9060273777232615,2290867.652767768,43.65158322401677
32,2398832.919019485,2398832.919019485,0.9999922280308698,0.9999922280308698,0.9027624403372185,2398832.919019485,41.68693834703371
32,2511886.4315095926,2511886.4315095926,0.9999925487914679,0.9999925487914679,0.8993940119144327,2511886.4315095916,39.81071705534961
32,2630267.991895392,2630267.991895392,0.999992856382341,0.999992856382341,0.8959193083604556,2630267.9918953935,38.01893963205602
32,2754228.7033381746,2754228.7033381746,0.999993151340948,0.999993151340948,0.8923354950630695,2754228.703338173,36.307805477010106
32,2884031.5031266115,2884031.5031266115,0.9999934341829703,0.9999934341829703,0.8886396871885157,2884031.5031266124,34.673685045253144
32,3019951.720402019,3019951.720402019,0.9999937054031861,0.9999937054031861,0.8848289500515516,3019951.7204020172,33.113112148259155
32,3162277.660168379,3162277.660168379,0.9999939654763109,0.9999939654763109,0.8809002995622174,3162277.6601683795,31.622776601683846
32,3311311.2148259077,3311311.2148259077,0.9999942148578043,0.9999942148578043,0.8768507027521494,3311311.2148259105,30.199517204020218
32,3467368.5045253094,3467368.5045253094,0.9999944539846441,0.9999944539846441,0.8726770783832474,3467368.504525309,28.84031503126617
32,3630780.5477010026,3630780.5477010026,0.999994683276071,0.999994683276071,0.8683762976414579,3630780.5477010054,27.542287033381776
32,3801893.963205628,3801893.963205628,0.9999949031343017,0.9999949031343017,0.8639451849183682,3801893.9632056295,26.302679918953743
32,3981071.7055349853,3981071.7055349853,0.9999951139452151,0.9999951139452151,0.8593805186832476,3981071.705534983,25.118864315095777
32,4168693.8347033635,4168693.8347033635,0.9999953160790108,0.9999953160790108,0.8546790324480629,4168693.8347033644,23.988329190194886
32,4365158.322401665,4365158.322401665,0.9999955098908407,0.9999955098908407,0.8498374158279484,4365158.322401662,22.90867652767776
32,4570881.8961487515,4570881.8961487515,0.9999956957214162,0.9999956957214162,0.8448523156994392,4570881.8961487515,21.877616239495556
32,4786300.92322638,4786300.92322638,0.9999958738975905,0.9999958738975905,0.8397203374587098,4786300.923226375,20.892961308540464
32,5011872.336272715,5011872.336272715,0.9999960447329178,0.9999960447329178,0.834438046381887,5011872.336272714,19.95262314968887
32,5248074.602497712,5248074.602497712,0.999996208528191,0.999996208528191,0.8290019690893788,5248074.6024977155,19.054607179632544
32,5495408.738576271,5495408.738576271,0.999996365571956,0.999996365571956,0.823408595115976,5495408.7385762725,18.197008586099777
32,5754399.37337159,5754399.37337159,0.9999965161410076,0.9999965161410076,0.8176543785883306,5754399.373371586,17.378008287493735
32,6025595.860743593,6025595.860743593,0.9999966605008638,0.9999966605008638,0.8117357400111843,6025595.860743594,16.59586907437559
32,6309573.444801942,6309573.444801942,0.999996798906222,0.999996798906222,0.8056490681635566,6309573.444801938,15.84893192461115
32,6606934.480075965,6606934.480075965,0.9999969316013968,0.9999969316013968,0.799390722105836,6606934.480075964,15.135612484362099
32,6918309.709189363,6918309.709189363,0.9999970588207403,0.9999970588207403,0.7929570332985034,6918309.7091893675,14.454397707459295
32,7244359.600749891,7244359.600749891,0.999997180789045,0.999997180789045,0.786344307832973,7244359.600749889,13.803842646028894
32,7585775.750291821,7585775.750291821,0.9999972977219312,0.9999972977219312,0.7795488287747188,7585775.750291824,13.182567385564118
32,7943282.347242854,7943282.347242854,0.9999974098262187,0.9999974098262187,0.7725668586186565,7943282.3472428555,12.589254117941628
32,8317637.711026743,8317637.711026743,0.9999975173002829,0.9999975173002829,0.7653946418563662,8317637.711026737,12.022644346174111
32,8709635.899560831,8709635.899560831,0.999997620334398,0.999997620334398,0.7580284076544935,8709635.899560831,11.481536214968813
32,9120108.393559115,9120108.393559115,0.9999977191110647,0.9999977191110647,0.7504643726433324,9120108.393559108,10.964781961431859
32,9549925.86021437,9549925.86021437,0.9999978138053263,0.9999978138053263,0.7426987438142386,9549925.860214368,10.471285480509005
32,10000000.0,10000000.0,0.9999979045850707,0.9999979045850707,0.7347277215242052,10000000.000000006,10.00000000000001
32,10471285.480508985,10471285.480508985,0.9999979916113212,0.9999979916113212,0.7265475026055676,10471285.480509,9.549925860214373
32,10964781.96143183,10964781.96143183,0.9999980750385153,0.9999980750385153,0.7181542835784389,10964781.961431814,9.120108393559143
32,11481536.214968793,11481536.214968793,0.9999981550147726,0.9999981550147726,0.7095442639630996,11481536.214968788,8.709635899560851
32,12022644.34617418,12022644.34617418,0.9999982316821506,0.9999982316821506,0.7007136496892162,12022644.34617417,8.317637711026697
32,12589254.117941713,12589254.117941713,0.999998305176892,0.999998305176892,0.6916586565983451,12589254.117941713,7.943282347242803
32,13182567.385564102,13182567.385564102,0.9999983756296609,0.9999983756296609,0.682375514035787,13182567.385564111,7.585775750291828
32,13803842.646028867,13803842.646028867,0.9999984431657696,0.9999984431657696,0.672860468527527,13803842.646028887,7.244359600749893
32,14454397.70745928,14454397.70745928,0.9999985079053966,0.9999985079053966,0.6631097875375236,14454397.707459262,6.9183097091893835
32,15135612.484362071,15135612.484362071,0.9999985699637954,0.9999985699637954,0.6531197633002521,15135612.484362066,6.606934480075979
32,15848931.924611108,15848931.924611108,0.9999986294514953,0.9999986294514953,0.642886716723065,15848931.924611114,6.309573444801951
32,16595869.074375562,16595869.074375562,0.9999986864744934,0.9999986864744934,0.6324070013524559,16595869.074375583,6.025595860743596
32,17378008.287493832,17378008.287493832,0.9999987411344398,0.9999987411344398,0.6216770073980016,17378008.28749385,5.754399373371548
32,18197008.5860999,18197008.5860999,0.9999987935288142,0.9999987935288142,0.6106931658073993,18197008.58609993,5.495408738576226
32,19054607.179632522,19054607.179632522,0.9999988437510964,0.9999988437510964,0.5994519523855697,19054607.1796325,5.248074602497727
32,19952623.14968883,19952623.14968883,0.9999988918909293,0.9999988918909293,0.5879498919505484,19952623.14968882,5.011872336272725
32,20892961.308540408,20892961.308540408,0.9999989380342751,0.9999989380342751,0.5761835625185148,20892961.30854042,4.786300923226387
32,21877616.23949552,21877616.23949552,0.9999989822635661,0.9999989822635661,0.5641495995099489,21877616.239495546,4.570881896148754
32,22908676.5276777,22908676.5276777,0.9999990246578484,0.9999990246578484,0.5518446999686878,22908676.527677666,4.36515832240168
32,23988329.19019485,23988329.19019485,0.9999990652929203,0.9999990652929203,0.5392656267853055,23988329.190194834,4.168693834703374
32,25118864.315095924,25118864.315095924,0.9999991042414647,0.9999991042414647,0.5264092129160306,25118864.315095898,3.981071705534964
32,26302679.91895392,26302679.91895392,0.9999991415731767,0.9999991415731767,0.5132723655881717,26302679.918953918,3.8018939632056044
32,27542287.033381745,27542287.033381745,0.9999991773548857,0.9999991773548857,0.4998520704827695,27542287.03338176,3.630780547701007
32,28840315.031266116,28840315.031266116,0.9999992116506724,0.9999992116506724,0.4861453958851175,28840315.031266157,3.467368504525311
32,30199517.20402019,30199517.20402019,0.9999992445219814,0.9999992445219814,0.4721494967935441,30199517.20402015,3.311311214825918
32,31622776.60168379,31622776.60168379,0.9999992760277285,0.9999992760277285,0.45786161897679234,31622776.601683773,3.1622776601683866
32,33113112.148259077,33113112.148259077,0.999999306224405,0.999999306224405,0.4432791029702483,33113112.148259085,3.0199517204020236
32,34673685.0452531,34673685.0452531,0.9999993351661762,0.9999993351661762,0.4283993880011796,34673685.04525313,2.884031503126614
32,36307805.47701003,36307805.47701003,0.9999993629049772,0.9999993629049772,0.413220015833187,36307805.47700996,2.754228703338184
32,38018939.63205628,38018939.63205628,0.9999993894906036,0.9999993894906036,0.39773863452006497,38018939.63205634,2.6302679918953715
32,39810717.05534986,39810717.05534986,0.9999994149707997,0.9999994149707997,0.38195300205934846,39810717.055349804,2.5118864315095792
32,41686938.347033635,41686938.347033635,0.9999994393913424,0.9999994393913424,0.36586098993585037,41686938.34703361,2.3988329190194904
32,43651583.22401665,43651583.22401665,0.9999994627961216,0.9999994627961216,0.3494605865458079,43651583.22401667,2.290867652767773
32,45708818.96148752,45708818.96148752,0.9999994852272178,0.9999994852272178,0.3327499004922001,45708818.96148757,2.1877616239495534
32,47863009.2322638,47863009.2322638,0.9999995067249763,0.9999995067249763,0.31572716374221044,47863009.23226372,2.089296130854048
32,50118723.36272714,50118723.36272714,0.9999995273280782,0.9999995273280782,0.29839073463793786,50118723.362727106,1.995262314968888
32,52480746.024977125,52480746.024977125,0.9999995470736087,0.9999995470736087,0.2807391007518618,52480746.02497712,1.9054607179632557
32,54954087.38576271,54954087.38576271,0.999999565997123,0.999999565997123,0.2627708815787678,54954087.385762684,1.819700858609979
32,57543993.7337159,57543993.7337159,0.9999995841327085,0.9999995841327085,0.24448483105633823,57543993.73371592,1.7378008287493716
32,60255958.607435934,60255958.607435934,0.9999996015130455,0.9999996015130455,0.22587983990689864,60255958.60743601,1.659586907437557
32,63095734.44801943,63095734.44801943,0.9999996181694646,0.9999996181694646,0.20695493779337526,63095734.44801933,1.584893192461116
32,66069344.80075964,66069344.80075964,0.9999996341320028,0.9999996341320028,0.18770929528284086,66069344.80075959,1.5135612484362109
32,69183097.09189363,69183097.09189363,0.9999996494294559,0.9999996494294559,0.16814222561167624,69183097.09189363,1.4454397707459303
32,72443596.0074989,72443596.0074989,0.9999996640894299,0.9999996640894299,0.1482531862467844,72443596.00749896,1.3803842646028879
32,75857757.5029182,75857757.5029182,0.9999996781383902,0.9999996781383902,0.12804178023790846,75857757.50291833,1.3182567385564103
32,79432823.47242855,79432823.47242855,0.9999996916017079,0.9999996916017079,0.10750775735669582,79432823.47242865,1.2589254117941615
32,83176377.11026743,83176377.11026743,0.999999704503705,0.999999704503705,0.08665101501873451,83176377.11026731,1.202264434617412
32,87096358.99560831,87096358.99560831,0.9999997168676982,0.9999997168676982,0.06547159898533561,87096358.99560827,1.1481536214968822
32,91201083.93559115,91201083.93559115,0.9999997287160391,0.9999997287160391,0.04396970384268262,91201083.93559116,1.0964781961431846
32,95499258.60214369,95499258.60214369,0.999999740070155,0.999999740070155,0.022145673256339315,95499258.60214378,1.0471285480508994
32,100000000.0,100000000.0,0.9999997509505864,0.9999997509505864,0.0,100000000.00000018,1.0
32,104712854.80508985,104712854.80508985,0.9999997613770233,0.9999997613770233,0.022145673256339315,104712854.80508974,1.0471285480508956
32,109647819.61431828,109647819.61431828,0.9999997713683413,0.9999997713683413,0.04396970384268262,109647819.61431827,1.0964781961431807
32,114815362.14968793,114815362.14968793,0.9999997809426339,0.9999997809426339,0.06547159898533561,114815362.149688,1.148153621496878
32,120226443.4617418,120226443.4617418,0.9999997901172453,0.9999997901172453,0.08665101501873451,120226443.46174183,1.2022644346174163
32,125892541.17941713,125892541.17941713,0.9999997989088014,0.9999997989088014,0.10750775735669893,125892541.17941727,1.2589254117941704
32,131825673.855641,131825673.855641,0.9999998073332393,0.9999998073332393,0.12804178023790536,131825673.85564078,1.3182567385564057
32,138038426.46028867,138038426.46028867,0.9999998154058356,0.9999998154058356,0.1482531862467813,138038426.46028852,1.380384264602883
32,144543977.0745928,144543977.0745928,0.9999998231412337,0.9999998231412337,0.16814222561167336,144543977.07459277,1.4454397707459252
32,151356124.84362072,151356124.84362072,0.99999983055347,0.99999983055347,0.18770929528283797,151356124.8436208,1.5135612484362055
32,158489319.2461111,158489319.2461111,0.9999998376559988,0.9999998376559988,0.20695493779337237,158489319.24611133,1.5848931924611105
32,165958690.74375564,165958690.74375564,0.9999998444617165,0.9999998444617165,0.22587983990689864,165958690.7437554,1.6595869074375513
32,173780082.87493834,173780082.87493834,0.9999998509829846,0.9999998509829846,0.244484831056341,173780082.87493807,1.7378008287493776
32,181970085.860999,181970085.860999,0.9999998572316519,0.9999998572316519,0.2627708815787706,181970085.86099887,1.8197008586099854
32,190546071.7963252,190546071.7963252,0.9999998632190751,0.9999998632190751,0.2807391007518618,190546071.7963252,1.9054607179632488
32,199526231.49688828,199526231.49688828,0.9999998689561399,0.9999998689561399,0.2983907346379352,199526231.49688843,1.995262314968881
32,208929613.0854041,208929613.0854041,0.9999998744532802,0.9999998744532802,0.315727163742208,208929613.08540443,2.0892961308540405
32,218776162.3949552,218776162.3949552,0.9999998797204962,0.9999998797204962,0.3327499004922001,218776162.39495492,2.1877616239495454
32,229086765.276777,229086765.276777,0.9999998847673734,0.9999998847673734,0.3494605865458055,229086765.2767769,2.290867652767765
32,239883291.90194848,239883291.90194848,0.999999889603099,0.999999889603099,0.3658609899358479,239883291.9019486,2.398832919019482
32,251188643.15095925,251188643.15095925,0.9999998942364783,0.9999998942364783,0.38195300205934846,251188643.15095928,2.5118864315095886
32,263026799.18953922,263026799.18953922,0.999999898675951,0.999999898675951,0.39773863452006963,263026799.18953946,2.63026799189539
32,275422870.3338175,275422870.3338175,0.999999902929606,0.999999902929606,0.413220015833187,275422870.3338179,2.7542287033381743
32,288403150.3126612,288403150.3126612,0.999999907005196,0.999999907005196,0.4283993880011774,288403150.3126609,2.8840315031266037
32,301995172.0402019,301995172.0402019,0.9999999109101515,0.9999999109101515,0.4432791029702483,301995172.04020184,3.019951720402013
32,316227766.01683795,316227766.01683795,0.9999999146515938,0.9999999146515938,0.45786161897679234,316227766.0168381,3.1622776601683755
32,331131121.4825908,331131121.4825908,0.9999999182363482,0.9999999182363482,0.472149496793542,331131121.4825912,3.3113112148259063
32,346736850.452531,346736850.452531,0.9999999216709562,0.9999999216709562,0.4861453958851175,346736850.45253044,3.4673685045252984
32,363078054.7701003,363078054.7701003,0.9999999249616871,0.9999999249616871,0.4998520704827695,363078054.77010006,3.630780547700994
32,380189396.3205628,380189396.3205628,0.9999999281145492,0.9999999281145492,0.5132723655881735,380189396.3205624,3.801893963205618
32,398107170.55349857,398107170.55349857,0.9999999311353011,0.9999999311353011,0.5264092129160306,398107170.5534985,3.981071705534978
32,416869383.4703364,416869383.4703364,0.9999999340294612,0.9999999340294612,0.5392656267853038,416869383.4703366,4.168693834703359
32,436515832.24016654,436515832.24016654,0.9999999368023187,0.9999999368023187,0.5518446999686878,436515832.24016714,4.365158322401664
32,457088189.6148752,457088189.6148752,0.9999999394589423,0.9999999394589423,0.5641495995099489,457088189.61487454,4.570881896148737
32,478630092.32263803,478630092.32263803,0.9999999420041897,0.9999999420041897,0.5761835625185148,478630092.32263774,4.786300923226369
32,501187233.6272715,501187233.6272715,0.9999999444427161,0.9999999444427161,0.5879498919505484,501187233.6272716,5.011872336272707
32,524807460.24977124,524807460.24977124,0.9999999467789831,0.9999999467789831,0.599451952385568,524807460.2497718,5.2480746024977085
32,549540873.857627,549540873.857627,0.9999999490172661,0.9999999490172661,0.6106931658074009,549540873.8576275,5.495408738576265
32,575439937.337159,575439937.337159,0.9999999511616625,0.9999999511616625,0.6216770073980031,575439937.3371599,5.754399373371589
32,602559586.0743593,602559586.0743593,0.9999999532160989,0.9999999532160989,0.6324070013524543,602559586.0743586,6.025595860743575
32,630957344.4801943,630957344.4801943,0.9999999551843383,0.9999999551843383,0.642886716723065,630957344.480194,6.309573444801929
32,660693448.0075964,660693448.0075964,0.9999999570699866,0.9999999570699866,0.6531197633002507,660693448.0075967,6.606934480075955
32,691830970.9189363,691830970.9189363,0.9999999588764995,0.9999999588764995,0.6631097875375221,691830970.9189371,6.918309709189359
32,724435960.0749891,724435960.0749891,0.9999999606071885,0.9999999606071885,0.672860468527527,724435960.0749879,7.244359600749867
32,758577575.0291821,758577575.0291821,0.9999999622652271,0.9999999622652271,0.6823755140357857,758577575.0291814,7.585775750291801
32,794328234.7242854,794328234.7242854,0.9999999638536563,0.9999999638536563,0.6916586565983451,794328234.7242845,7.943282347242832
32,831763771.1026742,831763771.1026742,0.9999999653753904,0.9999999653753904,0.7007136496892176,831763771.102674,8.317637711026725
32,870963589.9560832,870963589.9560832,0.9999999668332216,0.9999999668332216,0.7095442639630982,870963589.9560837,8.709635899560821
32,912010839.3559115,912010839.3559115,0.9999999682298261,0.9999999682298261,0.7181542835784376,912010839.3559127,9.12010839355911
32,954992586.0214369,954992586.0214369,0.999999969567768,0.999999969567768,0.7265475026055663,954992586.0214355,9.549925860214337
32,1000000000.0,1000000000.0,0.9999999708495048,0.9999999708495048,0.734727721524204,999999999.9999993,9.999999999999975
32,1047128548.0508986,1047128548.0508986,0.9999999720773908,0.9999999720773908,0.7426987438142375,1047128548.0508986,10.471285480508968
32,1096478196.1431828,1096478196.1431828,0.9999999732536824,0.9999999732536824,0.7504643726433324,1096478196.1431837,10.96478196143182
32,1148153621.4968793,1148153621.4968793,0.9999999743805417,0.9999999743805417,0.7580284076544935,1148153621.4968812,11.481536214968793
32,1202264434.617418,1202264434.617418,0.9999999754600402,0.9999999754600402,0.7653946418563672,1202264434.6174197,12.022644346174175
32,1258925411.7941713,1258925411.7941713,0.9999999764941632,0.9999999764941632,0.7725668586186565,1258925411.7941697,12.589254117941675
32,1318256738.55641,1318256738.55641,0.9999999774848128,0.9999999774848128,0.7795488287747188,1318256738.5564094,13.18256738556407
32,1380384264.6028867,1380384264.6028867,0.9999999784338117,0.9999999784338117,0.786344307832972,1380384264.602887,13.803842646028846
32,1445439770.745928,1445439770.745928,0.9999999793429064,0.9999999793429064,0.7929570332985034,1445439770.7459295,14.454397707459268
32,1513561248.436207,1513561248.436207,0.9999999802137705,0.9999999802137705,0.799390722105835,1513561248.4362044,15.135612484362019
32,1584893192.4611108,1584893192.4611108,0.9999999810480072,0.9999999810480072,0.8056490681635566,1584893192.4611094,15.848931924611065
32,1659586907.4375563,1659586907.4375563,0.9999999818471532,0.9999999818471532,0.8117357400111843,1659586907.437556,16.595869074375532
32,1737800828.7493834,1737800828.7493834,0.9999999826126806,0.9999999826126806,0.8176543785883313,1737800828.7493825,17.378008287493795
32,1819700858.60999,1819700858.60999,0.9999999833459999,0.9999999833459999,0.8234085951159767,1819700858.6099906,18.197008586099873
32,1905460717.963252,1905460717.963252,0.999999984048463,0.999999984048463,0.8290019690893788,1905460717.9632542,19.05460717963251
32,1995262314.9688828,1995262314.9688828,0.9999999847213645,0.9999999847213645,0.834438046381887,1995262314.9688795,19.952623149688762
32,2089296130.8540409,2089296130.8540409,0.9999999853659456,0.9999999853659456,0.839720337458709,2089296130.854039,20.892961308540354
32,2187761623.9495516,2187761623.9495516,0.999999985983395,0.999999985983395,0.8448523156994385,2187761623.9495516,21.877616239495477
32,2290867652.76777,2290867652.76777,0.9999999865748519,0.9999999865748519,0.8498374158279477,2290867652.7677717,22.908676527677677
32,2398832919.019485,2398832919.019485,0.9999999871414076,0.9999999871414076,0.8546790324480629,2398832919.019489,23.988329190194843
32,2511886431.5095925,2511886431.5095925,0.999999987684108,0.999999987684108,0.8593805186832476,2511886431.5095954,25.118864315095912
32,2630267991.8953924,2630267991.8953924,0.9999999882039551,0.9999999882039551,0.8639451849183689,2630267991.895388,26.302679918953835
32,2754228703.3381743,2754228703.3381743,0.9999999887019086,0.9999999887019086,0.8683762976414573,2754228703.3381724,27.542287033381676
32,2884031503.1266117,2884031503.1266117,0.9999999891788885,0.9999999891788885,0.8726770783832467,2884031503.1266117,28.840315031266066
32,3019951720.402019,3019951720.402019,0.999999989635776,0.999999989635776,0.8768507027521494,3019951720.402022,30.199517204020164
32,3162277660.1683793,3162277660.1683793,0.9999999900734153,0.9999999900734153,0.8809002995622174,3162277660.1683846,31.62277660168379
32,3311311214.8259077,3311311214.8259077,0.9999999904926155,0.9999999904926155,0.8848289500515516,3311311214.825904,33.113112148258985
32,3467368504.5253096,3467368504.5253096,0.9999999908941514,0.9999999908941514,0.8886396871885157,3467368504.525308,34.67368504525302
32,3630780547.7010026,3630780547.7010026,0.9999999912787657,0.9999999912787657,0.8923354950630695,3630780547.7010045,36.30780547700998
32,3801893963.205628,3801893963.205628,0.9999999916471697,0.9999999916471697,0.8959193083604556,3801893963.205629,38.018939632056224
32,3981071705.5349855,3981071705.5349855,0.9999999920000451,0.9999999920000451,0.8993940119144332,3981071705.5349894,39.810717055349826
32,4168693834.7033634,4168693834.7033634,0.9999999923380448,0.9999999923380448,0.9027624403372185,4168693834.7033706,41.68693834703364
32,4365158322.401666,4365158322.401666,0.9999999926617944,0.9999999926617944,0.906027377723261,4365158322.401661,43.651583224016534
32,4570881896.148751,4570881896.148751,0.9999999929718933,0.9999999929718933,0.9091915574239617,4570881896.14875,45.70881896148743
32,4786300923.22638,4786300923.22638,0.9999999932689158,0.9999999932689158,0.9122576618904477,4786300923.226383,47.86300923226375
32,5011872336.272715,5011872336.272715,0.9999999935534117,0.9999999935534117,0.9152283225814942,5011872336.272721,50.118723362727124
32,5248074602.497712,5248074602.497712,0.9999999938259085,0.9999999938259085,0.9181061199337255,5248074602.4977045,52.48074602497696
32,5495408738.576271,5495408738.576271,0.999999994086911,0.999999994086911,0.9208935833912031,5495408738.5762615,54.95408738576252
32,5754399373.37159,5754399373.37159,0.9999999943369027,0.9999999943369027,0.9235931914915665,5754399373.371585,57.543993733715745
32,6025595860.743593,6025595860.743593,0.9999999945763473,0.9999999945763473,0.926207372005908,6025595860.743592,60.25595860743582
32,6309573444.801943,6309573444.801943,0.9999999948056885,0.9999999948056885,0.9287385021295907,6309573444.801947,63.095734448019364
32,6606934480.075964,6606934480.075964,0.9999999950253519,0.9999999950253519,0.9311889087212742,6606934480.075974,66.06934480075962
32,6918309709.189363,6918309709.189363,0.9999999952357449,0.9999999952357449,0.9335608685874487,6918309709.189354,69.18309709189342
32,7244359600.749891,7244359600.749891,0.9999999954372577,0.9999999954372577,0.9358566088098319,7244359600.749887,72.44359600749875
32,7585775750.291821,7585775750.291821,0.9999999956302645,0.9999999956302645,0.9380783071130376,7585775750.291822,75.85775750291809
32,7943282347.242854,7943282347.242854,0.9999999958151234,0.9999999958151234,0.9402280922699817,7943282347.242854,79.4328234724284
32,8317637711.026743,8317637711.026743,0.9999999959921777,0.9999999959921777,0.9423080445425488,8317637711.02675,83.17637711026735
32,8709635899.560831,8709635899.560831,0.999999996161756,0.999999996161756,0.9443201961551206,8709635899.560846,87.09635899560831
32,9120108393.559114,9120108393.559114,0.9999999963241735,0.9999999963241735,0.9462665317986095,9120108393.559105,91.20108393559089
32,9549925860.214369,9549925860.214369,0.9999999964797318,0.9999999964797318,0.9481489891627324,9549925860.214365,95.49925860214348
32,10000000000.0,10000000000.0,0.99999999662872,0.99999999662872,0.9499694594943164,10000000000.000004,99.99999999999987
32,10471285480.508986,10471285480.508986,0.9999999967714148,0.9999999967714148,0.9517297881795013,10471285480.508997,104.71285480508979
32,10964781961.43183,10964781961.43183,0.9999999969080817,0.9999999969080817,0.9534317753477771,10964781961.43181,109.64781961431792
32,11481536214.968794,11481536214.968794,0.9999999970389747,0.9999999970389747,0.9550771764958708,11481536214.968784,114.81536214968764
32,12022644346.17418,12022644346.17418,0.9999999971643372,0.9999999971643372,0.9566677031295595,12022644346.174168,120.22644346174147
32,12589254117.941713,12589254117.941713,0.9999999972844025,0.9999999972844025,0.9582050234215735,12589254117.94171,125.89254117941688
32,13182567385.5641,13182567385.5641,0.9999999973993937,0.9999999973993937,0.9596907628838183,13182567385.564108,131.82567385564084
32,13803842646.028866,13803842646.028866,0.9999999975095251,0.9999999975095251,0.9611265050522151,13803842646.028885,138.0384264602886
32,14454397707.45928,14454397707.45928,0.9999999976150014,0.9999999976150014,0.9625137921825435,14454397707.459259,144.54397707459233
32,15135612484.362072,15135612484.362072,0.999999997716019,0.999999997716019,0.9638541259557278,15135612484.362062,151.35612484362036
32,15848931924.611109,15848931924.611109,0.999999997812766,0.999999997812766,0.9651489681910892,15848931924.61111,158.48931924611082
32,16595869074.375563,16595869074.375563,0.9999999979054227,0.9999999979054227,0.9663997415661535,16595869074.375578,165.95869074375548
32,17378008287.493835,17378008287.493835,0.9999999979941616,0.9999999979941616,0.9676078303416722,17378008287.493847,173.78008287493816
32,18197008586.0999,18197008586.0999,0.999999998079148,0.999999998079148,0.9687745810905807,18197008586.099926,181.97008586099895
32,19054607179.632523,19054607179.632523,0.9999999981605402,0.9999999981605402,0.9699013034296924,19054607179.632496,190.54607179632464
32,19952623149.688828,19952623149.688828,0.99999999823849,0.99999999823849,0.9709892707529783,19952623149.688816,199.52623149688782
32,20892961308.54041,20892961308.54041,0.9999999983131425,0.9999999983131425,0.9720397209653578,20892961308.540413,208.92961308540376
32,21877616239.495518,21877616239.495518,0.9999999983846372,0.9999999983846372,0.9730538572159837,21877616239.49554,218.77616239495504
32,22908676527.6777,22908676527.6777,0.999999998453107,0.999999998453107,0.9740328486300605,22908676527.67766,229.08676527677622
32,23988329190.19485,23988329190.19485,0.99999999851868,0.99999999851868,0.9749778310383026,23988329190.194828,239.88329190194784
32,25118864315.095924,25118864315.095924,0.9999999985814785,0.9999999985814785,0.9758899077031847,25118864315.095894,251.1886431509585
32,26302679918.953922,26302679918.953922,0.9999999986416195,0.9999999986416195,0.9767701500412016,26302679918.95391,263.0267991895387
32,27542287033.381744,27542287033.381744,0.9999999986992152,0.9999999986992152,0.9776195983404026,27542287033.381756,275.42287033381706
32,28840315031.266117,28840315031.266117,0.9999999987543732,0.9999999987543732,0.9784392624725152,28840315031.266148,288.403150312661
32,30199517204.02019,30199517204.02019,0.9999999988071965,0.9999999988071965,0.9792301225990295,30199517204.02014,301.9951720402009
32,31622776601.683792,31622776601.683792,0.9999999988577837,0.9999999988577837,0.979993129870652,31622776601.683765,316.2277660168371
32,33113112148.259075,33113112148.259075,0.9999999989062291,0.9999999989062291,0.9807292071195939,33113112148.259075,331.1311214825902
32,34673685045.2531,34673685045.2531,0.9999999989526236,0.9999999989526236,0.9814392495441953,34673685045.25312,346.73685045253063
32,36307805477.010025,36307805477.010025,0.9999999989970535,0.9999999989970535,0.9821241253854314,36307805477.010086,363.0780547701002
32,38018939632.05628,38018939632.05628,0.999999999039602,0.999999999039602,0.9827846765948898,38018939632.05633,380.18939632056265
32,39810717055.34985,39810717055.34985,0.9999999990803485,0.9999999990803485,0.9834217194938386,39810717055.34979,398.10717055349727
32,41686938347.03364,41686938347.03364,0.9999999991193693,0.9999999991193693,0.984036045423055,41686938347.03361,416.8693834703353
32,43651583224.016655,43651583224.016655,0.9999999991567373,0.9999999991567373,0.9846284213831038,43651583224.016655,436.5158322401658
32,45708818961.48752,45708818961.48752,0.9999999991925225,0.9999999991925225,0.9851995906648009,45708818961.48756,457.0881896148748
32,47863009232.2638,47863009232.2638,0.9999999992267915,0.9999999992267915,0.9857502734696229,47863009232.263885,478.630092322638
32,50118723362.72715,50118723362.72715,0.9999999992596087,0.9999999992596087,0.9862811675198553,50118723362.72709,501.18723362727
32,52480746024.97712,52480746024.97712,0.9999999992910353,0.9999999992910353,0.9867929486583008,52480746024.977104,524.8074602497702
32,54954087385.7627,54954087385.7627,0.9999999993211304,0.9999999993211304,0.9872862714373947,54954087385.76267,549.5408738576258
32,57543993733.7159,57543993733.7159,0.99999999934995,0.99999999934995,0.9877617696976029,57543993733.71591,575.4399373371581
32,60255958607.43593,60255958607.43593,0.9999999993775482,0.9999999993775482,0.988220057135001,60255958607.43599,602.5595860743589
32,63095734448.019424,63095734448.019424,0.9999999994039767,0.9999999994039767,0.9886617278579528,63095734448.01932,630.9573444801921
32,66069344800.75964,66069344800.75964,0.9999999994292849,0.9999999994292849,0.9890873569328337,66069344800.759575,660.6934480075946
32,69183097091.89363,69183097091.89363,0.9999999994535202,0.9999999994535202,0.9894975009187598,69183097091.89362,691.8309709189349
32,72443596007.49892,72443596007.49892,0.9999999994767281,0.9999999994767281,0.9898926983913047,72443596007.49895,724.4359600749883
32,75857757502.9182,75857757502.9182,0.9999999994989521,0.9999999994989521,0.9902734704552041,75857757502.9183,758.5775750291817
32,79432823472.42854,79432823472.42854,0.9999999995202337,0.9999999995202337,0.9906403212460615,79432823472.42863,794.3282347242849
32,83176377110.26743,83176377110.26743,0.9999999995406128,0.9999999995406128,0.9909937384210896,83176377110.26729,831.7637711026714
32,87096358995.60832,87096358995.60832,0.9999999995601278,0.9999999995601278,0.9913341936389306,87096358995.60825,870.9635899560809
32,91201083935.59116,91201083935.59116,0.9999999995788149,0.9999999995788149,0.9916621430286147,91201083935.59114,912.0108393559099
32,95499258602.14369,95499258602.14369,0.9999999995967096,0.9999999995967096,0.9919780276477281,95499258602.14375,954.992586021436
32,100000000000.0,100000000000.0,0.9999999996138451,0.9999999996138451,0.9922822739298749,100000000000.00015,999.9999999999998
32,104712854805.08984,104712854805.08984,0.9999999996302538,0.9999999996302538,0.9925752941215216,104712854805.08972,1047.1285480508955
32,109647819614.31828,109647819614.31828,0.9999999996459662,0.9999999996459662,0.9928574867083327,109647819614.31824,1096.4781961431804
32,114815362149.68794,114815362149.68794,0.999999999661012,0.999999999661012,0.9931292368311042,114815362149.68797,1148.1536214968778
32,120226443461.7418,120226443461.7418,0.9999999996754195,0.9999999996754195,0.9933909166914167,120226443461.7418,1202.2644346174159
32,125892541179.41713,125892541179.41713,0.9999999996892156,0.9999999996892156,0.9936428859471347,125892541179.41724,1258.9254117941703
32,131825673855.641,131825673855.641,0.9999999997024261,0.9999999997024261,0.9938854920978867,131825673855.64122,1318.25673855641
32,138038426460.28867,138038426460.28867,0.999999999715076,0.999999999715076,0.9941190708606625,138038426460.2885,1380.3842646028827
32,144543977074.5928,144543977074.5928,0.999999999727189,0.999999999727189,0.9943439465356757,144543977074.59274,1445.439770745925
32,151356124843.62073,151356124843.62073,0.9999999997387878,0.9999999997387878,0.9945604323626389,151356124843.6208,1513.5612484362052
32,158489319246.11108,158489319246.11108,0.9999999997498943,0.9999999997498943,0.9947688308676048,158489319246.1113,1584.8931924611102
32,165958690743.7556,165958690743.7556,0.9999999997605292,0.9999999997605292,0.9949694342005329,165958690743.75537,1659.586907437551
32,173780082874.93835,173780082874.93835,0.9999999997707127,0.9999999997707127,0.9951625244637379,173780082874.93863,1737.8008287493835
32,181970085860.999,181970085860.999,0.9999999997804637,0.9999999997804637,0.995348374031386,181970085860.9988,1819.700858609985
32,190546071796.32523,190546071796.32523,0.9999999997898007,0.9999999997898007,0.9955272458602034,190546071796.32516,1905.4607179632485
32,199526231496.88828,199526231496.88828,0.9999999997987411,0.9999999997987411,0.9956993937915615,199526231496.8884,1995.2623149688804
32,208929613085.40408,208929613085.40408,0.9999999998073019,0.9999999998073019,0.9958650628451098,208929613085.40436,2089.29613085404
32,218776162394.95517,218776162394.95517,0.999999999815499,0.999999999815499,0.9960244895041243,218776162394.95486,2187.761623949545
32,229086765276.777,229086765276.777,0.9999999998233481,0.9999999998233481,0.9961779019927398,229086765276.77686,2290.8676527677644
32,239883291901.9485,239883291901.9485,0.9999999998308636,0.9999999998308636,0.9963255205452393,239883291901.94855,2398.8329190194813
32,251188643150.95923,251188643150.95923,0.99999999983806,0.99999999983806,0.9964675576675668,251188643150.9592,2511.886431509588
32,263026799189.5392,263026799189.5392,0.9999999998449506,0.9999999998449506,0.9966042183912366,263026799189.5394,2630.2679918953895
32,275422870333.81744,275422870333.81744,0.9999999998515483,0.9999999998515483,0.9967357005198064,275422870333.8179,2754.228703338174
32,288403150312.66113,288403150312.66113,0.9999999998578658,0.9999999998578658,0.9968621948680834,288403150312.66077,2884.0315031266027
32,301995172040.2019,301995172040.2019,0.9999999998639149,0.9999999998639149,0.9969838854942313,301995172040.2018,3019.951720402012
32,316227766016.83795,316227766016.83795,0.9999999998697068,0.9999999998697068,0.9971009499249442,316227766016.838,3162.2776601683745
32,331131121482.59076,331131121482.59076,0.9999999998752526,0.9999999998752526,0.9972135593738531,331131121482.5911,3311.3112148259056
32,346736850452.53094,346736850452.53094,0.9999999998805627,0.9999999998805627,0.9973218789533279,346736850452.5304,3467.368504525298
32,363078054770.1003,363078054770.1003,0.999999999885647,0.999999999885647,0.9974260678798372,363078054770.0999,3630.7805477009933
32,380189396320.5628,380189396320.5628,0.9999999998905152,0.9999999998905152,0.997526279673027,380189396320.5624,3801.893963205617
32,398107170553.49854,398107170553.49854,0.9999999998951765,0.9999999998951765,0.9976226623486742,398107170553.4984,3981.071705534977
32,416869383470.33636,416869383470.33636,0.9999999998996396,0.9999999998996396,0.9977153586056744,416869383470.33655,4168.693834703358
32,436515832240.16656,436515832240.16656,0.999999999903913,0.999999999903913,0.9978045060072142,436515832240.16705,4365.158322401663
32,457088189614.8752,457088189614.8752,0.9999999999080047,0.9999999999080047,0.9978902371562829,457088189614.87445,4570.881896148737
32,478630092322.638,478630092322.638,0.9999999999119223,0.9999999999119223,0.9979726798656723,478630092322.63763,4786.3009232263685
32,501187233627.2715,501187233627.2715,0.9999999999156733,0.9999999999156733,0.9980519573226103,501187233627.2715,5011.872336272706
32,524807460249.77124,524807460249.77124,0.9999999999192649,0.9999999999192649,0.9981281882481745,524807460249.77167,5248.074602497707
32,549540873857.6271,549540873857.6271,0.9999999999227037,0.9999999999227037,0.9982014870516271,549540873857.6273,5495.408738576264
32,575439937337.1589,575439937337.1589,0.9999999999259962,0.9999999999259962,0.9982719639798118,575439937337.1598,5754.399373371588
32,602559586074.3594,602559586074.3594,0.9999999999291487,0.9999999999291487,0.9983397252617472,602559586074.3584,6025.595860743574
32,630957344480.1943,630957344480.1943,0.999999999932167,0.999999999932167,0.9984048732485546,630957344480.1938,6309.5734448019275
32,660693448007.5964,660693448007.5964,0.999999999935057,0.999999999935057,0.9984675065488485,660693448007.5966,6606.934480075954
32,691830970918.9363,691830970918.9363,0.999999999937824,0.999999999937824,0.9985277201597211,691830970918.9369,6918.309709189357
32,724435960074.9891,724435960074.9891,0.9999999999404732,0.9999999999404732,0.9985856055934461,724435960074.9904,7244.359600749891
32,758577575029.182,758577575029.182,0.9999999999430097,0.9999999999430097,0.9986412510000261,758577575029.1813,7585.775750291799
32,794328234724.2854,794328234724.2854,0.9999999999454383,0.9999999999454383,0.9986947412857045,794328234724.2843,7943.28234724283
32,831763771102.6743,831763771102.6743,0.9999999999477636,0.9999999999477636,0.9987461582275596,831763771102.6738,8317.637711026724
32,870963589956.0833,870963589956.0833,0.9999999999499898,0.9999999999499898,0.9987955805842978,870963589956.0834,8709.635899560819
32,912010839355.9115,912010839355.9115,0.9999999999521213,0.9999999999521213,0.9988430842033578,912010839355.9125,9120.108393559109
32,954992586021.4369,954992586021.4369,0.9999999999541621,0.9999999999541621,0.9988887421244365,954992586021.4352,9549.925860214336
32,1000000000000.0,1000000000000.0,0.999999999956116,0.999999999956116,0.9989326246795454,999999999999.999,9999.999999999973
