engine,n,d,seed,count,rc,success,roots,certified,strong,trials,failures,duplicates,seconds,sec_per_root,median_residual,median_polished_residual,median_cond,out
304,2,2,0,4,0,True,4,4,4,28,6,18,0.21864986419677734,0.0321197509765625,1.226723504085462e-15,3.4275561393003105e-16,2.7714732922347483,benchmarks/304_smale17_large/runs/304_ks2x2_seed0.json
304,2,2,1,4,0,True,4,4,3,15,9,2,0.1306917667388916,0.01631021499633789,6.256955859746593e-15,2.4017765363923517e-16,2.6323894894754014,benchmarks/304_smale17_large/runs/304_ks2x2_seed1.json
304,2,2,2,4,0,True,4,4,4,31,6,21,0.20950889587402344,0.03574854135513306,1.1793590272409038e-15,4.852487314706369e-16,2.052802981693832,benchmarks/304_smale17_large/runs/304_ks2x2_seed2.json
304,2,2,3,4,0,True,4,4,4,17,8,5,0.14695096015930176,0.01941835880279541,2.5655778451266825e-14,3.395169512830137e-16,2.0240219198406186,benchmarks/304_smale17_large/runs/304_ks2x2_seed3.json
304,2,2,4,4,0,True,4,4,3,17,4,9,0.15163707733154297,0.020636260509490967,8.125997503676522e-12,1.62919910614992e-16,2.9125749630696305,benchmarks/304_smale17_large/runs/304_ks2x2_seed4.json
304,2,2,5,4,0,True,4,4,3,8,0,4,0.119873046875,0.012520015239715576,2.779363952046089e-11,6.461291627681877e-16,2.366014760320681,benchmarks/304_smale17_large/runs/304_ks2x2_seed5.json
304,2,2,6,4,0,True,4,4,3,23,4,15,0.18397998809814453,0.028412222862243652,1.196240088793708e-15,2.2297761849098547e-16,1.789837857852846,benchmarks/304_smale17_large/runs/304_ks2x2_seed6.json
304,2,2,7,4,0,True,4,4,4,43,4,35,0.28247904777526855,0.052359044551849365,2.959909185126119e-12,5.908352769315109e-16,2.653553743883994,benchmarks/304_smale17_large/runs/304_ks2x2_seed7.json
304,2,2,8,4,0,True,4,4,4,24,6,14,0.1912369728088379,0.030177056789398193,9.869333930277774e-15,3.4273887140472233e-16,2.3286171239668985,benchmarks/304_smale17_large/runs/304_ks2x2_seed8.json
304,2,2,9,4,0,True,4,4,4,26,3,19,0.20973682403564453,0.03461301326751709,4.611021219150089e-12,1.2049866915646674e-15,2.46945211616954,benchmarks/304_smale17_large/runs/304_ks2x2_seed9.json
304,2,2,10,4,0,True,4,4,2,10,0,6,0.13378190994262695,0.015295445919036865,1.033503702706694e-10,3.2433549124051275e-16,3.487562375714465,benchmarks/304_smale17_large/runs/304_ks2x2_seed10.json
304,2,2,11,4,0,True,4,4,2,15,2,9,0.1554250717163086,0.019945502281188965,1.0166791503104818e-09,6.702091061691124e-16,3.8201814003889973,benchmarks/304_smale17_large/runs/304_ks2x2_seed11.json
304,2,2,12,4,0,True,4,4,3,20,7,9,0.1792922019958496,0.026335954666137695,1.8188919798620924e-15,3.1765348343446763e-16,2.7657558848829717,benchmarks/304_smale17_large/runs/304_ks2x2_seed12.json
304,2,2,13,4,0,True,4,4,0,18,4,10,0.1575160026550293,0.021252751350402832,6.128384538964749e-10,9.574646834946673e-16,2.201190121460461,benchmarks/304_smale17_large/runs/304_ks2x2_seed13.json
304,2,2,14,4,0,True,4,4,3,6,0,2,0.11221003532409668,0.01015174388885498,1.4374465041225407e-14,2.819093361387076e-16,2.161462202426625,benchmarks/304_smale17_large/runs/304_ks2x2_seed14.json
304,2,2,15,4,0,True,4,4,4,8,1,3,0.11907696723937988,0.011518537998199463,1.897714911924537e-11,5.657010223347776e-16,3.398301684531519,benchmarks/304_smale17_large/runs/304_ks2x2_seed15.json
304,2,3,0,9,0,True,9,9,6,185,24,152,1.1778850555419922,0.1225115458170573,5.1766403149492405e-14,1.4177095929570765e-15,4.132598820779719,benchmarks/304_smale17_large/runs/304_ks2x3_seed0.json
304,2,3,1,9,0,True,9,9,6,242,67,166,1.4263317584991455,0.1497420205010308,7.465704944721674e-13,1.0385185452638062e-15,3.821641989653797,benchmarks/304_smale17_large/runs/304_ks2x3_seed1.json
304,2,3,2,9,0,True,9,9,5,221,123,89,1.2793779373168945,0.13321669896443686,2.1967821083737237e-11,1.0547118733938987e-15,3.366468286258862,benchmarks/304_smale17_large/runs/304_ks2x3_seed2.json
304,2,3,3,9,0,True,9,9,7,95,31,55,0.6605839729309082,0.06396222114562988,2.736566660820052e-13,1.1102230246251565e-15,4.358030682748807,benchmarks/304_smale17_large/runs/304_ks2x3_seed3.json
304,2,3,4,9,0,True,9,9,6,167,38,120,1.1301560401916504,0.11620489756266277,3.0664673470028113e-14,6.866350197783356e-16,3.2173666489505433,benchmarks/304_smale17_large/runs/304_ks2x3_seed4.json
304,2,3,5,9,0,True,9,9,7,149,32,108,1.083348035812378,0.11012069384256999,1.2474085680114778e-14,9.305364597889227e-16,2.737822424940295,benchmarks/304_smale17_large/runs/304_ks2x3_seed5.json
304,2,3,6,9,0,True,9,9,7,111,33,69,0.8000690937042236,0.0788217650519477,2.909716423516991e-14,2.7465400791133423e-15,2.7963312607849193,benchmarks/304_smale17_large/runs/304_ks2x3_seed6.json
304,2,3,7,9,0,True,9,9,5,87,13,65,0.6522622108459473,0.06256169743008083,4.048890673582599e-15,1.3506446028928519e-15,2.5537290552224388,benchmarks/304_smale17_large/runs/304_ks2x3_seed7.json
304,2,3,8,9,0,True,9,9,9,311,47,255,2.121842861175537,0.22595667839050293,8.556643779299519e-15,1.9484335006297032e-15,2.7946914069414808,benchmarks/304_smale17_large/runs/304_ks2x3_seed8.json
304,2,3,9,9,0,True,9,9,7,125,27,89,0.9851629734039307,0.0984446472591824,2.890188835187924e-15,6.708873437495278e-16,2.240714311043668,benchmarks/304_smale17_large/runs/304_ks2x3_seed9.json
304,2,3,10,9,0,True,9,9,5,157,17,131,1.215487003326416,0.12411308288574219,9.067815113971374e-13,1.025079205553247e-15,4.563554000750716,benchmarks/304_smale17_large/runs/304_ks2x3_seed10.json
304,2,3,11,9,0,True,9,9,6,275,35,231,2.04030179977417,0.21543018023173013,8.680552612979835e-14,1.5423711185402538e-15,4.538490584523801,benchmarks/304_smale17_large/runs/304_ks2x3_seed11.json
304,2,3,12,9,0,True,9,9,8,206,19,178,1.4246699810028076,0.14730808469984266,1.8223897527643367e-14,8.536813755471828e-16,2.626629237174437,benchmarks/304_smale17_large/runs/304_ks2x3_seed12.json
304,2,3,13,9,0,True,9,9,9,109,7,93,0.8596479892730713,0.08453978432549371,3.781283367737843e-15,1.1971150619796503e-15,2.102261625177758,benchmarks/304_smale17_large/runs/304_ks2x3_seed13.json
304,2,3,14,9,0,True,9,9,6,111,9,93,0.9246530532836914,0.0915054480234782,7.588599744428075e-15,1.2560739669470201e-15,2.291477510956966,benchmarks/304_smale17_large/runs/304_ks2x3_seed14.json
304,2,3,15,9,0,True,9,9,5,77,16,52,0.6777899265289307,0.06405033005608453,5.4035360659453954e-11,1.8209011484034673e-15,2.936273466710584,benchmarks/304_smale17_large/runs/304_ks2x3_seed15.json
304,2,4,0,16,0,True,16,16,16,1036,302,718,7.445421934127808,0.45923537015914917,7.2488405968309e-14,2.5154641868265614e-15,3.924236140936658,benchmarks/304_smale17_large/runs/304_ks2x4_seed0.json
304,2,4,1,16,0,True,16,16,13,489,78,395,3.66028094291687,0.22248761355876923,3.573355487170444e-14,4.319460077847251e-15,2.2268789350078206,benchmarks/304_smale17_large/runs/304_ks2x4_seed1.json
304,2,4,2,16,0,True,16,16,12,1290,254,1020,10.434695959091187,0.645862877368927,7.450904493455941e-13,1.831635475866403e-15,4.361030048966651,benchmarks/304_smale17_large/runs/304_ks2x4_seed2.json
304,2,4,3,16,0,True,16,16,16,388,72,300,3.599138021469116,0.21788781881332397,3.350613744159446e-14,1.7523206542571495e-15,3.326511363431706,benchmarks/304_smale17_large/runs/304_ks2x4_seed3.json
304,2,4,4,16,0,True,16,16,12,379,110,253,3.194654941558838,0.19219961762428284,7.017450890875175e-14,2.9181027253576862e-15,2.872099129967002,benchmarks/304_smale17_large/runs/304_ks2x4_seed4.json
304,2,4,5,16,0,True,16,16,11,237,33,188,2.0786900520324707,0.12310442328453064,3.387460640226648e-13,5.585604242244939e-15,3.5038379637957457,benchmarks/304_smale17_large/runs/304_ks2x4_seed5.json
304,2,4,6,16,0,True,16,16,14,348,33,299,2.8539650440216064,0.17135106027126312,5.710881419458179e-14,1.9483404588353722e-15,2.9151686161844843,benchmarks/304_smale17_large/runs/304_ks2x4_seed6.json
304,2,4,7,16,0,True,16,16,14,187,38,133,1.5694379806518555,0.09094205498695374,2.1208520199863754e-14,1.6759462300742604e-15,2.2830077972352036,benchmarks/304_smale17_large/runs/304_ks2x4_seed7.json
304,2,4,8,16,0,True,16,16,14,621,91,514,4.7001848220825195,0.28730326890945435,2.8264567474822143e-14,6.841779774436362e-15,3.011110076621623,benchmarks/304_smale17_large/runs/304_ks2x4_seed8.json
304,2,4,9,16,0,True,16,16,12,499,79,404,3.8371169567108154,0.23330189287662506,1.1188435724404536e-13,4.43219720126405e-15,3.806416131952112,benchmarks/304_smale17_large/runs/304_ks2x4_seed9.json
304,2,4,10,16,0,True,16,16,12,195,36,143,1.6300668716430664,0.0950302928686142,4.016015285862639e-14,2.3647136745558053e-15,2.709195825526325,benchmarks/304_smale17_large/runs/304_ks2x4_seed10.json
304,2,4,11,16,0,True,16,16,13,181,19,146,1.4858827590942383,0.08655920624732971,1.0622363746007913e-14,2.644928035438515e-15,3.5356716856427655,benchmarks/304_smale17_large/runs/304_ks2x4_seed11.json
304,2,4,12,16,0,True,16,16,14,418,91,311,3.2508320808410645,0.19671513140201569,3.726988795051603e-14,2.738600593314103e-15,2.8378666931357994,benchmarks/304_smale17_large/runs/304_ks2x4_seed12.json
304,2,4,13,16,0,True,16,16,15,380,106,258,2.9635519981384277,0.1790529489517212,2.283437304551141e-14,2.770500623372843e-15,2.7592964515455147,benchmarks/304_smale17_large/runs/304_ks2x4_seed13.json
304,2,4,14,16,0,True,16,16,12,459,63,380,3.5654428005218506,0.21648074686527252,7.190694708169518e-13,1.7187074761624133e-15,2.846755761680651,benchmarks/304_smale17_large/runs/304_ks2x4_seed14.json
304,2,4,15,16,0,True,16,16,11,1266,414,836,9.693272113800049,0.5988790690898895,1.2757939534532176e-12,2.8863776942590385e-15,3.7974301367746883,benchmarks/304_smale17_large/runs/304_ks2x4_seed15.json
304,2,5,0,25,0,True,25,25,17,3409,862,2522,25.862892150878906,1.030392484664917,4.243124205122859e-12,5.2171623242943025e-15,3.43037841871719,benchmarks/304_smale17_large/runs/304_ks2x5_seed0.json
304,2,5,1,25,0,True,25,25,21,1654,398,1231,12.574907064437866,0.4989698028564453,7.661536396669762e-14,4.39625888431457e-15,3.183512754085372,benchmarks/304_smale17_large/runs/304_ks2x5_seed1.json
304,2,5,2,25,0,True,25,25,15,727,155,547,5.704718112945557,0.2242109203338623,1.4370935424907484e-13,3.923660740106592e-15,4.349039302478018,benchmarks/304_smale17_large/runs/304_ks2x5_seed2.json
304,2,5,3,25,0,True,25,24,20,1354,326,1003,9.821794986724854,0.3888174819946289,1.757484099993018e-13,3.607797795906347e-15,3.1394047197953205,benchmarks/304_smale17_large/runs/304_ks2x5_seed3.json
304,2,5,4,25,0,True,25,25,20,1314,320,969,10.008484125137329,0.39637319564819334,8.580005808577569e-14,6.466036496704424e-15,3.0788196975329996,benchmarks/304_smale17_large/runs/304_ks2x5_seed4.json
304,2,5,5,25,0,True,25,25,19,792,117,650,6.096204042434692,0.2397754383087158,6.207395036836247e-13,8.881784197001252e-15,3.689306095955979,benchmarks/304_smale17_large/runs/304_ks2x5_seed5.json
304,2,5,6,25,0,True,25,25,21,862,158,679,6.92891788482666,0.273057165145874,1.4853572565959093e-13,3.728762992537918e-15,3.7213230362401393,benchmarks/304_smale17_large/runs/304_ks2x5_seed6.json
304,2,5,7,25,0,True,25,25,20,1186,180,981,8.86314582824707,0.3505889987945557,3.801829025076218e-14,4.636427468134552e-15,3.5245295776515766,benchmarks/304_smale17_large/runs/304_ks2x5_seed7.json
304,2,5,8,25,0,True,25,25,17,4669,853,3791,33.85539674758911,1.3500283527374268,2.2354588035555622e-13,1.4739229889206566e-15,2.7496979738097065,benchmarks/304_smale17_large/runs/304_ks2x5_seed8.json
304,2,5,9,25,0,True,25,25,22,638,98,515,4.942729949951172,0.19382327079772949,6.023348729911375e-14,7.191640501203643e-15,3.25871634917852,benchmarks/304_smale17_large/runs/304_ks2x5_seed9.json
304,2,5,10,25,0,True,25,25,16,1719,204,1490,12.839210033416748,0.509498872756958,3.8717346695586304e-14,6.153480596427404e-15,2.7018147506735093,benchmarks/304_smale17_large/runs/304_ks2x5_seed10.json
304,2,5,11,25,0,True,25,25,19,707,84,598,5.380833148956299,0.21129732131958007,7.652779469160725e-13,4.829470157119431e-15,2.6305029554460404,benchmarks/304_smale17_large/runs/304_ks2x5_seed11.json
304,2,5,12,25,0,True,25,25,21,1079,172,882,8.394659042358398,0.33170931816101074,5.341328953525058e-13,1.0019109251294436e-14,2.995667090467498,benchmarks/304_smale17_large/runs/304_ks2x5_seed12.json
304,2,5,13,25,0,True,25,25,21,438,56,357,3.3762428760528564,0.1311057662963867,1.0135357274308595e-13,3.454203409104305e-15,2.3714325124494784,benchmarks/304_smale17_large/runs/304_ks2x5_seed13.json
304,2,5,14,25,0,True,25,25,20,799,188,586,6.247279644012451,0.24598972320556642,1.0695250400580635e-12,1.020439314654103e-14,4.154169091145016,benchmarks/304_smale17_large/runs/304_ks2x5_seed14.json
304,2,5,15,25,0,True,25,25,21,2320,660,1635,17.809223175048828,0.7081142425537109,1.1215699444124656e-13,6.89411847443645e-15,2.9876428425928787,benchmarks/304_smale17_large/runs/304_ks2x5_seed15.json
304,2,6,0,36,0,True,36,35,23,1876,781,1059,14.699366092681885,0.4055524402194553,2.2330696211507914e-12,6.6796306633444625e-15,2.9676973844403824,benchmarks/304_smale17_large/runs/304_ks2x6_seed0.json
304,2,6,1,36,0,True,36,35,24,4037,546,3455,30.85386323928833,0.8541390299797058,1.748015604991184e-12,2.1923122846892274e-14,3.3816767988674075,benchmarks/304_smale17_large/runs/304_ks2x6_seed1.json
304,2,6,2,36,0,True,36,36,26,3781,1399,2346,30.68339204788208,0.8491753339767456,5.397380716011223e-13,1.4558776950920725e-14,2.6163165836321265,benchmarks/304_smale17_large/runs/304_ks2x6_seed2.json
304,2,6,3,36,0,True,36,36,29,8034,1329,6669,62.552247047424316,1.7344981630643208,2.1147484323607762e-13,8.819871080720879e-15,3.167124149001107,benchmarks/304_smale17_large/runs/304_ks2x6_seed3.json
304,2,6,4,36,0,True,36,35,28,5293,1026,4231,42.028526067733765,1.1640638046794467,2.6631769855550037e-13,1.564718972775501e-14,2.968939841981804,benchmarks/304_smale17_large/runs/304_ks2x6_seed4.json
304,2,6,5,36,0,True,36,34,29,1639,380,1223,13.700456857681274,0.3778001599841648,1.7818207405700824e-13,1.1628948359721004e-14,2.760827980667585,benchmarks/304_smale17_large/runs/304_ks2x6_seed5.json
304,2,6,6,36,0,True,36,36,27,4952,766,4150,39.76144003868103,1.1011702020963032,4.729265096157889e-13,1.3067001197440825e-14,2.892281019635909,benchmarks/304_smale17_large/runs/304_ks2x6_seed6.json
304,2,6,7,36,0,True,36,35,27,1454,286,1132,11.704540252685547,0.32229097021950615,5.258648438188253e-13,1.1064338234094537e-14,3.011545889213698,benchmarks/304_smale17_large/runs/304_ks2x6_seed7.json
304,2,6,8,36,0,True,36,34,27,3338,612,2690,26.561378002166748,0.7348673343658447,2.907880370747707e-13,2.2732539302879994e-14,3.223198715410473,benchmarks/304_smale17_large/runs/304_ks2x6_seed8.json
304,2,6,9,36,0,True,36,34,27,5472,1501,3935,43.167728900909424,1.1963249180052016,1.567727398609685e-13,1.407686323401828e-14,3.3988393383018574,benchmarks/304_smale17_large/runs/304_ks2x6_seed9.json
304,2,6,10,36,0,True,36,36,29,2094,386,1672,16.625561714172363,0.4589177833663093,1.2990370519861563e-13,1.2241168064197855e-14,2.736554797774108,benchmarks/304_smale17_large/runs/304_ks2x6_seed10.json
304,2,6,11,36,0,True,36,36,31,3742,953,2753,29.08756709098816,0.8052024443944296,2.2612988362009268e-13,1.2663681985509817e-14,2.588676552651016,benchmarks/304_smale17_large/runs/304_ks2x6_seed11.json
304,2,6,12,36,0,False,34,33,26,8192,1428,6730,65.82667398452759,1.932714679661919,1.4373235206588161e-13,7.352812463021984e-15,2.456976615608846,benchmarks/304_smale17_large/runs/304_ks2x6_seed12.json
304,2,6,13,36,0,True,36,35,29,3484,512,2936,27.129631996154785,0.7505066924624972,8.92263898208398e-14,1.128344152151487e-14,2.75086865712096,benchmarks/304_smale17_large/runs/304_ks2x6_seed13.json
304,2,6,14,36,0,False,35,35,30,8192,2903,5254,62.969701051712036,1.7961987086704798,3.991707417636729e-13,9.454512220249963e-15,2.7108992493859545,benchmarks/304_smale17_large/runs/304_ks2x6_seed14.json
304,2,6,15,36,0,True,36,35,28,4175,1081,3058,33.74583101272583,0.9343010253376431,7.514542439665469e-14,1.2067318328070384e-14,3.5027957092581206,benchmarks/304_smale17_large/runs/304_ks2x6_seed15.json
304,2,7,0,49,0,False,47,46,37,8192,2111,6034,67.18977427482605,1.4271552359804194,2.7084636475004115e-13,2.1972320632906738e-14,2.6654173397292857,benchmarks/304_smale17_large/runs/304_ks2x7_seed0.json
304,2,7,1,49,0,False,48,44,32,8192,2452,5692,102.85344815254211,2.1387134144703546,7.880784905751882e-13,2.7247046289209666e-14,2.323473634805623,benchmarks/304_smale17_large/runs/304_ks2x7_seed1.json
304,2,7,2,49,0,True,49,49,35,2487,1250,1188,26.238518238067627,0.5254479184442636,4.473111661356735e-13,1.432144669219779e-14,2.9236924777346087,benchmarks/304_smale17_large/runs/304_ks2x7_seed2.json
304,2,7,3,49,0,True,49,48,34,5481,1913,3519,44.78923201560974,0.9113593052844612,2.0234597399646085e-13,1.855766927541139e-14,2.683630686220906,benchmarks/304_smale17_large/runs/304_ks2x7_seed3.json
304,2,7,4,49,0,False,48,46,35,8192,2298,5846,70.50397992134094,1.4666532923777897,3.5211707384410783e-13,1.1866304632523499e-14,2.911774684349589,benchmarks/304_smale17_large/runs/304_ks2x7_seed4.json
304,2,7,5,49,0,False,48,47,37,8192,1876,6268,88.59487509727478,1.8433982282876968,4.884796873036575e-13,1.3074938441526789e-14,2.593385553289619,benchmarks/304_smale17_large/runs/304_ks2x7_seed5.json
304,2,7,6,49,0,False,48,46,36,8192,1930,6214,68.57481789588928,1.4257467885812123,7.8107837015224e-13,1.7289467389399725e-14,3.246172963907356,benchmarks/304_smale17_large/runs/304_ks2x7_seed6.json
304,2,7,7,49,0,True,49,47,38,4628,1356,3223,38.70563983917236,0.7878533480118732,1.3530774791029706e-13,1.1916163935586911e-14,3.090355861325137,benchmarks/304_smale17_large/runs/304_ks2x7_seed7.json
304,2,7,8,49,0,False,48,45,39,8192,1730,6414,68.61058115959167,1.427170808116595,2.7115190307589387e-13,2.4744148549159317e-14,2.7151595023221704,benchmarks/304_smale17_large/runs/304_ks2x7_seed8.json
304,2,7,9,49,0,True,49,47,33,3989,1579,2361,30.812746047973633,0.6267247978521853,5.943128276819176e-13,2.1316282072803006e-14,3.1903260162594957,benchmarks/304_smale17_large/runs/304_ks2x7_seed9.json
304,2,7,10,49,0,True,49,49,31,4018,668,3301,32.42546725273132,0.6596106704400511,3.2369321014250516e-13,2.225768740185726e-14,3.056400641576829,benchmarks/304_smale17_large/runs/304_ks2x7_seed10.json
304,2,7,11,49,0,True,49,46,31,7473,1593,5831,61.66015601158142,1.2562068384520861,4.108658458005437e-12,3.391149831513095e-14,3.4959245880423038,benchmarks/304_smale17_large/runs/304_ks2x7_seed11.json
304,2,7,12,49,0,False,48,45,32,8192,1597,6547,65.3554036617279,1.3594299405813217,1.0124671671133907e-12,1.7607306824991283e-14,3.3501269526998607,benchmarks/304_smale17_large/runs/304_ks2x7_seed12.json
304,2,7,13,49,0,True,49,45,30,6213,1730,4434,51.862013816833496,1.056302853993007,1.825894374965946e-12,3.4638958368304884e-14,2.967015271005558,benchmarks/304_smale17_large/runs/304_ks2x7_seed13.json
304,2,7,14,49,0,True,49,48,36,3234,848,2337,26.23403525352478,0.5333615711757115,1.4829122224171234e-13,1.4808893667368986e-14,2.9594363279023477,benchmarks/304_smale17_large/runs/304_ks2x7_seed14.json
304,2,7,15,49,0,False,48,44,32,8192,2362,5782,65.84331679344177,1.369549294312795,9.964648717430074e-13,1.6896389262148137e-14,3.099404286450783,benchmarks/304_smale17_large/runs/304_ks2x7_seed15.json
304,2,8,0,50,0,True,50,48,38,1058,527,481,8.9235098361969,0.1763823413848877,1.0077618961722211e-13,1.4354886481613164e-14,2.3947876273791184,benchmarks/304_smale17_large/runs/304_ks2x8_seed0.json
304,2,8,1,50,0,True,50,49,39,1293,258,985,10.659025192260742,0.21116057872772218,3.433102231128499e-13,2.2073729287054106e-14,2.4784994674028313,benchmarks/304_smale17_large/runs/304_ks2x8_seed1.json
304,2,8,2,50,0,True,50,47,38,1623,774,799,13.10525369644165,0.26008530616760256,4.117474952726333e-13,1.1059615205847866e-14,2.2861621605672875,benchmarks/304_smale17_large/runs/304_ks2x8_seed2.json
304,2,8,3,50,0,True,50,48,36,1616,405,1161,13.128232955932617,0.2605798816680908,6.047657169754552e-13,1.7700568644475897e-14,2.9125048923873296,benchmarks/304_smale17_large/runs/304_ks2x8_seed3.json
304,2,8,4,50,0,True,50,50,34,1459,668,741,11.970244884490967,0.23733141899108887,5.734266873554824e-13,1.563323174132702e-14,2.956408941823181,benchmarks/304_smale17_large/runs/304_ks2x8_seed4.json
304,2,8,5,50,0,True,50,49,32,1712,421,1241,14.26632285118103,0.2833077383041382,2.737213558304327e-13,1.9969479829447207e-14,2.3016384308981066,benchmarks/304_smale17_large/runs/304_ks2x8_seed5.json
304,2,8,6,50,0,True,50,48,41,1302,540,712,10.943727016448975,0.21684239864349364,1.0188812860682718e-13,2.2469334198890888e-14,2.606388940157083,benchmarks/304_smale17_large/runs/304_ks2x8_seed6.json
304,2,8,7,50,0,True,50,49,34,1516,393,1073,12.095417022705078,0.23979705810546875,5.763785176338413e-13,1.8447170847664062e-14,2.3547384226113754,benchmarks/304_smale17_large/runs/304_ks2x8_seed7.json
304,2,8,8,50,0,True,50,46,33,1142,308,784,9.722676038742065,0.19242292404174804,3.1568825721323167e-13,2.482534153247273e-14,2.6134610303708867,benchmarks/304_smale17_large/runs/304_ks2x8_seed8.json
304,2,8,9,50,0,True,50,48,40,1092,252,790,9.447804927825928,0.186908278465271,4.225860320181645e-13,1.5620475835832344e-14,2.522441192674485,benchmarks/304_smale17_large/runs/304_ks2x8_seed9.json
304,2,8,10,50,0,True,50,47,32,1309,310,949,11.105700254440308,0.21989672660827636,2.9353717831440857e-13,2.496135077359023e-14,2.929484774458084,benchmarks/304_smale17_large/runs/304_ks2x8_seed10.json
304,2,8,11,50,0,True,50,50,41,1171,334,787,9.907516717910767,0.19614585399627685,1.59436340657469e-13,1.9930068497200106e-14,2.5655743768565467,benchmarks/304_smale17_large/runs/304_ks2x8_seed11.json
304,2,8,12,50,0,True,50,48,37,1909,446,1413,15.625227212905884,0.3104666566848755,2.1407131964212416e-13,1.9267766440354906e-14,2.3568315422940014,benchmarks/304_smale17_large/runs/304_ks2x8_seed12.json
304,2,8,13,50,0,True,50,47,35,1419,359,1010,11.439361095428467,0.2267790651321411,3.1557976385195554e-13,1.487340623321994e-14,2.370083882766147,benchmarks/304_smale17_large/runs/304_ks2x8_seed13.json
304,2,8,14,50,0,True,50,49,35,1675,604,1021,13.486222982406616,0.26771212100982666,2.0284248940717193e-13,1.4587495313406206e-14,2.5603329461952926,benchmarks/304_smale17_large/runs/304_ks2x8_seed14.json
304,2,8,15,50,0,True,50,48,41,1313,300,963,11.089420080184937,0.21979475975036622,4.799073975285387e-13,2.5546724393024266e-14,2.871850873750751,benchmarks/304_smale17_large/runs/304_ks2x8_seed15.json
304,2,9,0,50,0,True,50,49,39,1089,282,757,9.165437936782837,0.18129281997680663,1.6449103030097703e-13,1.0146080413465255e-14,2.470678976650073,benchmarks/304_smale17_large/runs/304_ks2x9_seed0.json
304,2,9,1,50,0,True,50,50,40,1636,693,893,13.373732089996338,0.26521814346313477,1.5911256463787857e-13,1.1491323536162799e-14,2.248232930843315,benchmarks/304_smale17_large/runs/304_ks2x9_seed1.json
304,2,9,2,50,0,True,50,48,34,1040,352,638,8.798419952392578,0.17379284381866456,7.283959631232469e-13,2.111163936035799e-14,2.2491334123074473,benchmarks/304_smale17_large/runs/304_ks2x9_seed2.json
304,2,9,3,50,0,True,50,49,41,878,245,583,7.6055920124053955,0.1500452184677124,1.4788869038098575e-13,1.774896876426377e-14,2.552725448944268,benchmarks/304_smale17_large/runs/304_ks2x9_seed3.json
304,2,9,4,50,0,True,50,49,42,938,285,603,8.11382794380188,0.16010859966278077,1.567846605579169e-13,1.5232999269602458e-14,2.5472699982326814,benchmarks/304_smale17_large/runs/304_ks2x9_seed4.json
304,2,9,5,50,0,True,50,50,40,879,344,485,7.289685010910034,0.1437603998184204,1.9236526084676096e-13,1.1411041620731556e-14,2.6142066716459276,benchmarks/304_smale17_large/runs/304_ks2x9_seed5.json
304,2,9,6,50,0,True,50,50,37,879,305,524,7.363338947296143,0.14531286239624022,6.18594064370726e-13,2.1643269654383245e-14,2.5542096073297866,benchmarks/304_smale17_large/runs/304_ks2x9_seed6.json
304,2,9,7,50,0,True,50,50,40,1010,231,729,8.061126232147217,0.15921921730041505,2.7653585817126655e-13,1.8585822617575377e-14,2.5897154628266725,benchmarks/304_smale17_large/runs/304_ks2x9_seed7.json
304,2,9,8,50,0,True,50,47,37,864,353,461,7.7252490520477295,0.15240103721618653,7.271185429115242e-13,1.200245021207326e-14,2.846405800965274,benchmarks/304_smale17_large/runs/304_ks2x9_seed8.json
304,2,9,9,50,0,True,50,47,32,804,371,383,6.901847839355469,0.13601399421691895,2.973404146696925e-13,1.0146080413465255e-14,2.697371024508403,benchmarks/304_smale17_large/runs/304_ks2x9_seed9.json
304,2,9,10,50,0,True,50,48,39,1335,351,934,10.943370819091797,0.21687789916992187,2.032797650657702e-13,1.8210325231514473e-14,2.777179474017748,benchmarks/304_smale17_large/runs/304_ks2x9_seed10.json
304,2,9,11,50,0,True,50,49,36,1092,467,575,9.02069091796875,0.17835288047790526,5.170286695458274e-13,1.068315180219559e-14,2.784487731143949,benchmarks/304_smale17_large/runs/304_ks2x9_seed11.json
304,2,9,12,50,0,True,50,49,42,1229,286,893,10.013490200042725,0.1981489610671997,1.9920949255581456e-13,1.5560756467664312e-14,2.5404596625976787,benchmarks/304_smale17_large/runs/304_ks2x9_seed12.json
304,2,9,13,50,0,True,50,48,39,719,187,482,5.847028970718384,0.114749755859375,3.7250296676042865e-13,2.954390135689704e-14,2.1112466420447515,benchmarks/304_smale17_large/runs/304_ks2x9_seed13.json
304,2,9,14,50,0,True,50,47,39,878,248,580,7.203855991363525,0.14194650173187257,1.3538698232100872e-13,1.738953030179895e-14,3.282363719938578,benchmarks/304_smale17_large/runs/304_ks2x9_seed14.json
304,2,9,15,50,0,True,50,49,39,1348,593,705,10.928459167480469,0.21652380466461182,3.2778005383496055e-13,1.8851547756553797e-14,2.628250664080946,benchmarks/304_smale17_large/runs/304_ks2x9_seed15.json
304,2,10,0,50,0,True,50,49,37,1034,393,591,8.713815927505493,0.17228654384613037,7.98302553850899e-13,1.4554203784945504e-14,2.483079432831838,benchmarks/304_smale17_large/runs/304_ks2x10_seed0.json
304,2,10,1,50,0,True,50,49,37,1022,249,723,8.186367988586426,0.16169486045837403,3.132549854180484e-13,1.1841482954711456e-14,2.516475295106499,benchmarks/304_smale17_large/runs/304_ks2x10_seed1.json
304,2,10,2,50,0,True,50,48,42,929,294,585,7.862296104431152,0.1551965045928955,1.2289270925739992e-13,1.3677502963637221e-14,2.171459179041582,benchmarks/304_smale17_large/runs/304_ks2x10_seed2.json
304,2,10,3,50,0,True,50,50,42,855,306,499,7.341815710067749,0.14480421543121338,5.390086778798069e-13,1.864694574147325e-14,2.533937523818288,benchmarks/304_smale17_large/runs/304_ks2x10_seed3.json
304,2,10,4,50,0,True,50,48,38,958,254,654,7.795159101486206,0.15381636142730712,1.5399804620701862e-13,1.8740285377649144e-14,2.3444014349761684,benchmarks/304_smale17_large/runs/304_ks2x10_seed4.json
304,2,10,5,50,0,True,50,48,40,1363,585,728,11.380526065826416,0.22561432361602785,6.334580387072919e-13,1.2433850431162505e-14,2.6184034893556776,benchmarks/304_smale17_large/runs/304_ks2x10_seed5.json
304,2,10,6,50,0,True,50,46,37,1026,445,531,8.5155770778656,0.16832292079925537,3.6908413485501057e-13,1.5680290243535416e-14,2.1556474964569463,benchmarks/304_smale17_large/runs/304_ks2x10_seed6.json
304,2,10,7,50,0,True,50,50,39,788,369,369,6.5284528732299805,0.12855144023895262,2.191184400626908e-13,1.2062718515223473e-14,2.665750890832437,benchmarks/304_smale17_large/runs/304_ks2x10_seed7.json
304,2,10,8,50,0,True,50,47,38,807,308,449,6.719753980636597,0.13236671924591065,4.1187256290098424e-13,1.0646727199516188e-14,2.4732414949548733,benchmarks/304_smale17_large/runs/304_ks2x10_seed8.json
304,2,10,9,50,0,True,50,50,38,1190,569,571,9.705412864685059,0.19206185817718505,1.723260834333558e-13,1.2116260808348543e-14,2.332208216460499,benchmarks/304_smale17_large/runs/304_ks2x10_seed9.json
304,2,10,10,50,0,True,50,49,40,1094,413,631,9.310534000396729,0.18414002418518066,4.348239660440183e-13,1.2149292323464182e-14,2.253533030477974,benchmarks/304_smale17_large/runs/304_ks2x10_seed10.json
304,2,10,11,50,0,True,50,48,36,1086,379,657,9.402957201004028,0.18601471900939942,9.870735366737013e-13,6.986995326107196e-15,2.7548305902141434,benchmarks/304_smale17_large/runs/304_ks2x10_seed11.json
304,2,10,12,50,0,True,50,49,37,1090,291,749,8.945060968399048,0.17681828022003174,1.4715959857441791e-12,1.837464007600466e-14,2.582270619332016,benchmarks/304_smale17_large/runs/304_ks2x10_seed12.json
304,2,10,13,50,0,True,50,47,37,1124,377,697,9.455508947372437,0.18710527896881105,2.796864293147124e-13,2.5696049932736407e-14,2.305582000279794,benchmarks/304_smale17_large/runs/304_ks2x10_seed13.json
304,2,10,14,50,0,True,50,47,36,1040,362,628,8.503645896911621,0.16807323455810547,6.690036345806257e-13,2.24125747348113e-14,2.451818619314518,benchmarks/304_smale17_large/runs/304_ks2x10_seed14.json
304,2,10,15,50,0,True,50,49,36,1025,421,554,8.580348014831543,0.16954244136810304,2.166288127188397e-13,1.4484830223734477e-14,2.5741747858214534,benchmarks/304_smale17_large/runs/304_ks2x10_seed15.json
304,2,11,0,50,0,True,50,49,41,1178,350,778,9.911175966262817,0.1960208797454834,3.8328195546146683e-13,1.2961644274373787e-14,2.6554410793838192,benchmarks/304_smale17_large/runs/304_ks2x11_seed0.json
304,2,11,1,50,0,True,50,50,37,747,274,423,6.926350116729736,0.13654683589935301,2.6898229076809254e-13,1.4453503250360225e-14,2.552191882156276,benchmarks/304_smale17_large/runs/304_ks2x11_seed1.json
304,2,11,2,50,0,True,50,48,37,713,212,451,5.980939149856567,0.1176592206954956,1.42059963403358e-13,1.116600432334368e-14,2.6838042240199753,benchmarks/304_smale17_large/runs/304_ks2x11_seed2.json
304,2,11,3,50,0,True,50,49,34,924,306,568,7.750015020370483,0.15289463996887206,9.799305585707517e-13,1.6593010325498104e-14,2.451837802650208,benchmarks/304_smale17_large/runs/304_ks2x11_seed3.json
304,2,11,4,50,0,True,50,50,38,656,350,256,5.622090101242065,0.11042247772216797,3.4248099527349376e-13,1.917860789023401e-14,2.3587459504294452,benchmarks/304_smale17_large/runs/304_ks2x11_seed4.json
304,2,11,5,50,0,True,50,48,34,1151,359,742,9.770024061203003,0.193406081199646,3.844520259978684e-13,1.961959559697942e-14,2.7359492181386,benchmarks/304_smale17_large/runs/304_ks2x11_seed5.json
304,2,11,6,50,0,True,50,49,35,604,169,385,5.064448118209839,0.09920432090759278,4.4662083734124226e-13,1.725907996846807e-14,2.6585374837178994,benchmarks/304_smale17_large/runs/304_ks2x11_seed6.json
304,2,11,7,50,0,True,50,49,35,780,270,460,6.530463933944702,0.12855412006378175,3.517218860858222e-12,9.233734893292147e-15,2.735322698805679,benchmarks/304_smale17_large/runs/304_ks2x11_seed7.json
304,2,11,8,50,0,True,50,48,37,849,270,529,7.007181167602539,0.13813719749450684,2.407132558142113e-13,1.1733770617352454e-14,2.260341935784495,benchmarks/304_smale17_large/runs/304_ks2x11_seed8.json
304,2,11,9,50,0,True,50,47,34,817,241,526,6.933974027633667,0.13658008098602295,3.8632043481810573e-13,1.9418851842477294e-14,2.187113991589352,benchmarks/304_smale17_large/runs/304_ks2x11_seed9.json
304,2,11,10,50,0,True,50,49,35,1150,520,580,9.569486141204834,0.18934678077697753,2.8023279190391817e-13,1.2187772095357864e-14,2.500956551914827,benchmarks/304_smale17_large/runs/304_ks2x11_seed10.json
304,2,11,11,50,0,True,50,47,41,1106,391,665,9.528712034225464,0.18858720302581788,1.5931728532277422e-13,1.4711617366928768e-14,2.6189259504223417,benchmarks/304_smale17_large/runs/304_ks2x11_seed11.json
304,2,11,12,50,0,True,50,47,36,939,388,501,8.150583982467651,0.1609908962249756,6.849838231968729e-13,1.916740415088859e-14,2.5579081601763107,benchmarks/304_smale17_large/runs/304_ks2x11_seed12.json
304,2,11,13,50,0,True,50,44,31,629,265,314,5.474090814590454,0.10743214130401611,1.988923202247423e-12,9.75093764230516e-15,2.3620523261515594,benchmarks/304_smale17_large/runs/304_ks2x11_seed13.json
304,2,11,14,50,0,True,50,49,40,906,371,485,7.722627639770508,0.1521300983428955,2.1488350271369266e-13,1.5685689161202237e-14,2.3089578255159786,benchmarks/304_smale17_large/runs/304_ks2x11_seed14.json
304,2,11,15,50,0,True,50,49,38,641,255,336,5.429214000701904,0.10655817985534669,2.293209252921866e-13,1.2966143297801092e-14,2.1848736541270184,benchmarks/304_smale17_large/runs/304_ks2x11_seed15.json
304,2,12,0,50,0,True,50,49,33,1125,590,485,9.597672939300537,0.18988849639892577,9.24968995414033e-13,3.6107249945240015e-14,2.241316971475409,benchmarks/304_smale17_large/runs/304_ks2x12_seed0.json
304,2,12,1,50,0,True,50,48,33,926,263,613,7.928795099258423,0.15648866176605225,9.582034182258266e-13,1.385123677291903e-14,2.0875629395251387,benchmarks/304_smale17_large/runs/304_ks2x12_seed1.json
304,2,12,2,50,0,True,50,49,35,924,335,539,7.792563199996948,0.15373481750488283,2.464367004731164e-13,1.0564365660193034e-14,2.0294289734443707,benchmarks/304_smale17_large/runs/304_ks2x12_seed2.json
304,2,12,3,50,0,True,50,47,40,850,416,384,7.1526939868927,0.14099467754364015,3.798483064729259e-13,1.3437823104242052e-14,2.2920984994719658,benchmarks/304_smale17_large/runs/304_ks2x12_seed3.json
304,2,12,4,50,0,True,50,50,32,1010,355,605,8.55753493309021,0.1691131353378296,3.615166208434791e-13,1.528150452090785e-14,2.124946939075179,benchmarks/304_smale17_large/runs/304_ks2x12_seed4.json
304,2,12,5,50,0,True,50,49,39,750,345,355,6.929553747177124,0.13634783744812012,1.4227791766346407e-13,1.7397978388017693e-14,2.4102313902308374,benchmarks/304_smale17_large/runs/304_ks2x12_seed5.json
304,2,12,6,50,0,True,50,49,38,959,495,414,8.332114219665527,0.1643943405151367,9.94751499393858e-13,1.0983373004310228e-14,2.135408673663088,benchmarks/304_smale17_large/runs/304_ks2x12_seed6.json
304,2,12,7,50,0,True,50,50,35,1082,315,717,9.62736177444458,0.19054790019989012,3.252335778907655e-13,1.3753692739582996e-14,2.5385874629458183,benchmarks/304_smale17_large/runs/304_ks2x12_seed7.json
304,2,12,8,50,0,True,50,48,37,718,258,410,6.22400689125061,0.12248446464538575,7.042157526927449e-13,1.9379060096633076e-14,2.333468860120896,benchmarks/304_smale17_large/runs/304_ks2x12_seed8.json
304,2,12,9,50,0,True,50,48,36,870,276,544,7.463058948516846,0.14721653938293458,4.0663456292637855e-13,1.5591751130067443e-14,3.07262070339189,benchmarks/304_smale17_large/runs/304_ks2x12_seed9.json
304,2,12,10,50,0,True,50,47,35,831,403,378,7.222475051879883,0.14247104167938232,1.6635953976980976e-12,1.614235481857017e-14,2.1169339614927756,benchmarks/304_smale17_large/runs/304_ks2x12_seed10.json
304,2,12,11,50,0,True,50,50,35,700,322,328,5.941426992416382,0.11686359882354737,1.7573275368996655e-13,1.682968597942287e-14,2.293966826920122,benchmarks/304_smale17_large/runs/304_ks2x12_seed11.json
304,2,12,12,50,0,True,50,47,40,1168,450,668,9.70587682723999,0.19212835788726806,6.865898552929367e-13,2.0134529759530123e-14,2.685215095279524,benchmarks/304_smale17_large/runs/304_ks2x12_seed12.json
304,2,12,13,50,0,True,50,47,38,1179,473,656,10.043081998825073,0.1988060998916626,3.969028544270292e-13,1.3321704037076702e-14,2.5400034864137218,benchmarks/304_smale17_large/runs/304_ks2x12_seed13.json
304,2,12,14,50,0,True,50,49,39,790,270,470,6.7099761962890625,0.13219817638397216,1.9955521494668153e-13,1.4168004622584333e-14,2.453948137845275,benchmarks/304_smale17_large/runs/304_ks2x12_seed14.json
304,2,12,15,50,0,True,50,47,39,959,289,620,7.86595606803894,0.1552430820465088,6.217713508235417e-13,1.4806497491291832e-14,2.1763018047882756,benchmarks/304_smale17_large/runs/304_ks2x12_seed15.json
304,2,13,0,50,0,True,50,48,35,1010,418,542,8.665523052215576,0.1713306999206543,1.1440380054210611e-12,2.234343521525188e-14,2.3481891936762924,benchmarks/304_smale17_large/runs/304_ks2x13_seed0.json
304,2,13,1,50,0,True,50,50,36,1035,518,467,8.828137159347534,0.17444806098937987,1.0769294150209476e-12,1.5184967199209536e-14,2.4552561562492903,benchmarks/304_smale17_large/runs/304_ks2x13_seed1.json
304,2,13,2,50,0,True,50,49,40,747,408,289,6.654970169067383,0.1310720157623291,4.578449085194281e-13,9.541553114765928e-15,2.445946582204214,benchmarks/304_smale17_large/runs/304_ks2x13_seed2.json
304,2,13,3,50,0,True,50,49,39,507,230,227,4.195001840591431,0.08185195922851562,1.741885299023009e-13,1.0932508162868324e-14,2.207015475928273,benchmarks/304_smale17_large/runs/304_ks2x13_seed3.json
304,2,13,4,50,0,True,50,49,40,560,250,260,4.876353979110718,0.09551792144775391,1.5360398861646762e-13,1.664781073151626e-14,2.1832794091884944,benchmarks/304_smale17_large/runs/304_ks2x13_seed4.json
304,2,13,5,50,0,True,50,48,36,998,478,470,8.462972164154053,0.16725443840026855,7.940103573119843e-13,1.1117756975727685e-14,2.3526364716745922,benchmarks/304_smale17_large/runs/304_ks2x13_seed5.json
304,2,13,6,50,0,True,50,49,41,709,293,366,6.403950214385986,0.12607301235198975,6.591965457015357e-14,1.5416061160820095e-14,2.0936090630398025,benchmarks/304_smale17_large/runs/304_ks2x13_seed6.json
304,2,13,7,50,0,True,50,45,34,1250,417,783,11.743088960647583,0.23273397445678712,3.3492751106360697e-13,1.888368487009478e-14,2.866436589226603,benchmarks/304_smale17_large/runs/304_ks2x13_seed7.json
304,2,13,8,50,0,True,50,49,41,906,494,362,9.277634143829346,0.1825011205673218,1.859431375164127e-13,1.2484144449994045e-14,2.4129805155715354,benchmarks/304_smale17_large/runs/304_ks2x13_seed8.json
304,2,13,9,50,0,True,50,46,37,919,401,468,16.075878143310547,0.3180875015258789,4.834005114175602e-13,1.1856601240507691e-14,2.753387831028057,benchmarks/304_smale17_large/runs/304_ks2x13_seed9.json
304,2,13,10,50,0,True,50,48,35,957,291,616,19.034602880477905,0.3660315179824829,1.308988380101858e-12,1.1062749733814784e-14,2.3048914708518105,benchmarks/304_smale17_large/runs/304_ks2x13_seed10.json
304,2,13,11,50,0,True,50,48,34,907,313,544,8.199681758880615,0.1618259572982788,5.023957041219773e-13,1.5841227755580702e-14,2.5356990513840985,benchmarks/304_smale17_large/runs/304_ks2x13_seed11.json
304,2,13,12,50,0,True,50,48,35,670,272,348,6.122463941574097,0.12043258190155029,9.210058789220102e-13,1.909565728221844e-14,2.2242858812488517,benchmarks/304_smale17_large/runs/304_ks2x13_seed12.json
304,2,13,13,50,0,True,50,48,33,1079,373,656,9.230371236801147,0.18252999782562257,7.716094495490128e-13,1.9405952720702016e-14,1.991162761521356,benchmarks/304_smale17_large/runs/304_ks2x13_seed13.json
304,2,13,14,50,0,True,50,48,35,924,363,511,8.00721788406372,0.15816731929779052,6.473345935555918e-13,2.581846395141166e-14,2.2924474447969674,benchmarks/304_smale17_large/runs/304_ks2x13_seed14.json
304,2,13,15,50,0,True,50,49,36,941,392,499,7.98783802986145,0.157743821144104,1.0968327875901181e-12,1.8554963307644302e-14,2.28802593938211,benchmarks/304_smale17_large/runs/304_ks2x13_seed15.json
304,2,14,0,50,0,True,50,48,36,728,314,364,6.355567216873169,0.12514097690582277,5.17155751342835e-13,2.302904974799928e-14,2.3511786577202853,benchmarks/304_smale17_large/runs/304_ks2x14_seed0.json
304,2,14,1,50,0,True,50,49,37,929,373,506,7.800953149795532,0.15400651931762696,2.468483562658503e-12,2.463606137124774e-14,2.4230785078149806,benchmarks/304_smale17_large/runs/304_ks2x14_seed1.json
304,2,14,2,50,0,True,50,50,34,1039,512,477,8.946105241775513,0.1768866014480591,6.664111519685522e-13,9.35344230291293e-15,2.2625721291376792,benchmarks/304_smale17_large/runs/304_ks2x14_seed2.json
304,2,14,3,50,0,True,50,48,35,775,282,443,6.70711088180542,0.13216012001037597,3.53377740099734e-13,1.8528076811527157e-14,2.226720121941557,benchmarks/304_smale17_large/runs/304_ks2x14_seed3.json
304,2,14,4,50,0,True,50,49,40,1000,305,645,8.246149063110352,0.1628847026824951,3.0249899726597486e-13,8.323222502829295e-15,2.408294987948628,benchmarks/304_smale17_large/runs/304_ks2x14_seed4.json
304,2,14,5,50,0,True,50,49,42,698,236,412,6.073061943054199,0.11934898376464843,1.4966259739640412e-13,1.00474219185979e-14,1.9797070324385486,benchmarks/304_smale17_large/runs/304_ks2x14_seed5.json
304,2,14,6,50,0,True,50,49,40,746,304,392,6.655653953552246,0.13107630252838134,3.5637716981081907e-13,1.1494779505601724e-14,2.1208511394932175,benchmarks/304_smale17_large/runs/304_ks2x14_seed6.json
304,2,14,7,50,0,True,50,47,41,1024,587,387,8.825130939483643,0.17451340198516846,1.6138264278254116e-13,1.421341561258274e-14,2.2042043686373836,benchmarks/304_smale17_large/runs/304_ks2x14_seed7.json
304,2,14,8,50,0,True,50,50,37,944,423,471,8.051161289215088,0.15904292583465576,7.6470164517038e-13,9.706129695113003e-15,2.1423768805348895,benchmarks/304_smale17_large/runs/304_ks2x14_seed8.json
304,2,14,9,50,0,True,50,46,37,727,323,354,6.187192916870117,0.12178844451904297,1.462640497070731e-13,2.6644760439158723e-14,2.672375035776475,benchmarks/304_smale17_large/runs/304_ks2x14_seed9.json
304,2,14,10,50,0,True,50,50,42,819,310,459,7.088613748550415,0.13969923973083495,9.016127284597346e-13,2.013953887543358e-14,2.3958738484552846,benchmarks/304_smale17_large/runs/304_ks2x14_seed10.json
304,2,14,11,50,0,True,50,50,42,1124,488,586,9.812483787536621,0.1942039394378662,2.597073140495204e-13,6.4205836519652285e-15,2.1919094445837386,benchmarks/304_smale17_large/runs/304_ks2x14_seed11.json
304,2,14,12,50,0,True,50,50,38,639,239,350,5.690592050552368,0.11178328037261963,7.916193863725699e-13,1.4611377443377598e-14,2.36038724192598,benchmarks/304_smale17_large/runs/304_ks2x14_seed12.json
304,2,14,13,50,0,True,50,46,29,671,232,389,5.880501985549927,0.11555645942687988,1.616566842706605e-12,2.2355980927715624e-14,2.1924008601610288,benchmarks/304_smale17_large/runs/304_ks2x14_seed13.json
304,2,14,14,50,0,True,50,49,35,840,320,470,7.2747802734375,0.14349430561065674,4.3150034872556926e-13,1.1358674193417265e-14,2.220206674990835,benchmarks/304_smale17_large/runs/304_ks2x14_seed14.json
304,2,14,15,50,0,True,50,50,37,849,418,381,9.012318134307861,0.1780341625213623,1.8064889237711736e-13,1.6133643498166495e-14,2.6634340513770027,benchmarks/304_smale17_large/runs/304_ks2x14_seed15.json
304,2,15,0,50,0,True,50,49,39,709,254,405,7.1010260581970215,0.13939888000488282,2.409475195972907e-13,1.59551368550959e-14,2.1477525749867485,benchmarks/304_smale17_large/runs/304_ks2x15_seed0.json
304,2,15,1,50,0,True,50,49,33,1175,397,728,27.96640110015869,0.5539025783538818,8.431136612668734e-13,1.237343719600113e-14,2.2413139239005497,benchmarks/304_smale17_large/runs/304_ks2x15_seed1.json
304,2,15,2,50,0,True,50,50,33,699,351,298,10.269836187362671,0.20089444160461425,2.4972917001994724e-12,1.1566094601313442e-14,2.3899002237885965,benchmarks/304_smale17_large/runs/304_ks2x15_seed2.json
304,2,15,3,50,0,True,50,46,37,1169,471,648,11.233259916305542,0.22239909648895265,4.5144852277270747e-13,1.2502367446346244e-14,2.4976134480393677,benchmarks/304_smale17_large/runs/304_ks2x15_seed3.json
304,2,15,4,50,0,True,50,46,34,1178,607,521,10.467657804489136,0.20678868293762206,2.490665147669258e-13,1.6374155056276264e-14,2.2985413230904848,benchmarks/304_smale17_large/runs/304_ks2x15_seed4.json
304,2,15,5,50,0,True,50,48,34,743,274,419,6.729501962661743,0.13256628036499024,4.117292468254957e-13,1.8792222490654916e-14,2.189170876598931,benchmarks/304_smale17_large/runs/304_ks2x15_seed5.json
304,2,15,6,50,0,True,50,49,36,1019,332,637,9.256915092468262,0.18301260471343994,2.6613646892670964e-13,1.0175627953277217e-14,2.2385964412001096,benchmarks/304_smale17_large/runs/304_ks2x15_seed6.json
304,2,15,7,50,0,True,50,47,33,950,574,326,8.088426113128662,0.15968347549438477,1.1798614132642167e-12,1.2467891523985405e-14,2.3939631246641406,benchmarks/304_smale17_large/runs/304_ks2x15_seed7.json
304,2,15,8,50,0,True,50,49,38,650,339,261,5.975559949874878,0.11753002166748047,2.6659145057534714e-13,1.3576007315795081e-14,2.452913815755851,benchmarks/304_smale17_large/runs/304_ks2x15_seed8.json
304,2,15,9,50,0,True,50,49,35,939,342,547,8.17313528060913,0.16137872219085694,5.095955232046699e-13,1.760017329508816e-14,2.2780242528400967,benchmarks/304_smale17_large/runs/304_ks2x15_seed9.json
304,2,15,10,50,0,True,50,49,36,1084,427,607,9.468094110488892,0.18736738204956055,2.215107910479424e-13,1.2065043926531464e-14,1.9414128561170894,benchmarks/304_smale17_large/runs/304_ks2x15_seed10.json
304,2,15,11,50,0,True,50,48,38,1210,483,677,10.62614107131958,0.21046698093414307,2.113993902148204e-13,6.779654326984476e-15,2.3312945454096807,benchmarks/304_smale17_large/runs/304_ks2x15_seed11.json
304,2,15,12,50,0,True,50,46,36,828,361,417,7.2841620445251465,0.14370223999023438,7.57391392029319e-13,1.1704003492452555e-14,2.3884545196560216,benchmarks/304_smale17_large/runs/304_ks2x15_seed12.json
304,2,15,13,50,0,True,50,49,40,1085,395,640,9.551523208618164,0.1890801429748535,2.1677133102628173e-13,1.470292222571266e-14,2.3676037384079462,benchmarks/304_smale17_large/runs/304_ks2x15_seed13.json
304,2,15,14,50,0,True,50,49,40,829,379,400,7.246052980422974,0.14293150424957277,2.348457318852611e-13,1.183322908319545e-14,2.573640112982628,benchmarks/304_smale17_large/runs/304_ks2x15_seed14.json
304,2,15,15,50,0,True,50,48,37,589,269,270,5.35984992980957,0.10511542320251464,3.8106164001637887e-13,8.314547365256338e-15,2.4681026132407533,benchmarks/304_smale17_large/runs/304_ks2x15_seed15.json
304,3,2,0,8,0,True,8,8,6,156,21,127,1.3250339031219482,0.15550297498703003,3.4111475531443114e-14,1.6852029223386063e-15,4.476848707156777,benchmarks/304_smale17_large/runs/304_ks3x2_seed0.json
304,3,2,1,8,0,True,8,8,6,98,29,61,0.9351999759674072,0.10270708799362183,1.9462424610603158e-12,1.274074056989009e-15,4.177120768024368,benchmarks/304_smale17_large/runs/304_ks3x2_seed1.json
304,3,2,2,8,0,True,8,8,8,188,29,151,1.4961919784545898,0.17325735092163086,6.2996797442228204e-15,9.862101377397404e-16,5.079832403536095,benchmarks/304_smale17_large/runs/304_ks3x2_seed2.json
304,3,2,3,8,0,True,8,8,5,95,21,66,0.8806629180908203,0.09606623649597168,1.1832186700680248e-12,1.2512104123984661e-15,5.3186984187380215,benchmarks/304_smale17_large/runs/304_ks3x2_seed3.json
304,3,2,4,8,0,True,8,8,7,112,13,91,0.9623832702636719,0.10654827952384949,4.9539310637148836e-14,1.22276171876765e-15,9.391477514839051,benchmarks/304_smale17_large/runs/304_ks3x2_seed4.json
304,3,2,5,8,0,True,8,8,6,228,47,173,1.886667013168335,0.2220970094203949,4.157167287629656e-14,1.332887740932648e-15,7.978621465963073,benchmarks/304_smale17_large/runs/304_ks3x2_seed5.json
304,3,2,6,8,0,True,8,8,6,78,17,53,0.7241678237915039,0.07766938209533691,1.0503167478791967e-13,5.634091321312804e-16,5.008807546737319,benchmarks/304_smale17_large/runs/304_ks3x2_seed6.json
304,3,2,7,8,0,True,8,8,7,74,11,55,0.6790981292724609,0.07205826044082642,4.280027169194364e-15,7.731262139919825e-16,4.419365103138653,benchmarks/304_smale17_large/runs/304_ks3x2_seed7.json
304,3,2,8,8,0,True,8,8,7,328,48,272,2.5493199825286865,0.30592548847198486,7.12146461847193e-15,2.4833166232691687e-15,9.19956294613097,benchmarks/304_smale17_large/runs/304_ks3x2_seed8.json
304,3,2,9,8,0,True,8,8,6,171,44,119,1.521111011505127,0.17647525668144226,1.3660236864643488e-11,1.5146213128737673e-15,4.301740367088579,benchmarks/304_smale17_large/runs/304_ks3x2_seed9.json
304,3,2,10,8,0,True,8,8,7,78,9,61,0.6991989612579346,0.07458025217056274,1.5223037775180792e-13,1.1129817160776935e-15,4.169506412308911,benchmarks/304_smale17_large/runs/304_ks3x2_seed10.json
304,3,2,11,8,0,True,8,8,6,28,6,14,0.34813594818115234,0.030106723308563232,1.0452405973605484e-11,5.353964601356164e-16,5.254294772368182,benchmarks/304_smale17_large/runs/304_ks3x2_seed11.json
304,3,2,12,8,0,True,8,8,6,178,51,119,1.4233579635620117,0.16346558928489685,9.556537461278916e-15,7.705366982765773e-16,3.652980383333392,benchmarks/304_smale17_large/runs/304_ks3x2_seed12.json
304,3,2,13,8,0,True,8,8,4,110,23,79,0.9387152194976807,0.10438337922096252,2.1760473753701642e-10,2.5057233612708255e-15,6.680073649979095,benchmarks/304_smale17_large/runs/304_ks3x2_seed13.json
304,3,2,14,8,0,True,8,8,6,34,7,19,0.36167097091674805,0.03252550959587097,4.994863359486756e-14,1.0571365181772965e-15,5.836821939992268,benchmarks/304_smale17_large/runs/304_ks3x2_seed14.json
304,3,2,15,8,0,True,8,8,5,26,5,13,0.30608391761779785,0.025831878185272217,4.462099659491677e-11,1.4291103104545637e-15,6.805103714969433,benchmarks/304_smale17_large/runs/304_ks3x2_seed15.json
304,3,3,0,27,0,True,27,27,20,709,83,599,6.3560791015625,0.23151984921208135,5.037942046946095e-14,1.900395703982448e-15,7.10301398215581,benchmarks/304_smale17_large/runs/304_ks3x3_seed0.json
304,3,3,1,27,0,True,27,27,22,797,183,587,7.112990140914917,0.2595612914473922,2.05635843090321e-13,2.3940692376154064e-15,5.2868167715323455,benchmarks/304_smale17_large/runs/304_ks3x3_seed1.json
304,3,3,2,27,0,True,27,27,24,783,93,663,6.689460039138794,0.24394584585119178,1.2796012724280023e-14,2.085919684541963e-15,5.440127990050062,benchmarks/304_smale17_large/runs/304_ks3x3_seed2.json
304,3,3,3,27,0,True,27,27,21,2224,310,1887,18.626593828201294,0.6860874405613652,8.163514517232825e-14,4.351167857633658e-15,6.065081677413417,benchmarks/304_smale17_large/runs/304_ks3x3_seed3.json
304,3,3,4,27,0,True,27,27,22,467,101,339,3.9817309379577637,0.1437605133763066,2.0777490954930018e-14,2.2176687547934757e-15,4.114280471649624,benchmarks/304_smale17_large/runs/304_ks3x3_seed4.json
304,3,3,5,27,0,True,27,27,21,559,62,470,4.631115198135376,0.1677666593480993,1.505652359071935e-14,1.6782371556701675e-15,4.508605474429331,benchmarks/304_smale17_large/runs/304_ks3x3_seed5.json
304,3,3,6,27,0,True,27,27,23,589,68,494,6.0109570026397705,0.2185854117075602,5.2093008302077165e-14,5.4930801582266845e-15,4.089407236544811,benchmarks/304_smale17_large/runs/304_ks3x3_seed6.json
304,3,3,7,27,0,True,27,27,24,3267,513,2727,55.897871017456055,2.0634055932362876,1.8154777524460442e-14,3.349581687916012e-15,5.222000492265621,benchmarks/304_smale17_large/runs/304_ks3x3_seed7.json
304,3,3,8,27,0,True,27,27,21,731,63,641,10.897595882415771,0.39234600243745027,9.8651796677565e-14,3.1265396248459502e-15,7.244606707276851,benchmarks/304_smale17_large/runs/304_ks3x3_seed8.json
304,3,3,9,27,0,True,27,27,20,640,85,528,5.919569969177246,0.21531784975970233,7.587040282875611e-14,2.9483685992403034e-15,4.174868183422288,benchmarks/304_smale17_large/runs/304_ks3x3_seed9.json
304,3,3,10,27,0,True,27,27,22,936,198,711,8.047698736190796,0.29432415079187463,4.6568000047807095e-14,3.0201331455116262e-15,3.9798214670374423,benchmarks/304_smale17_large/runs/304_ks3x3_seed10.json
304,3,3,11,27,0,True,27,27,22,640,53,560,5.369333028793335,0.19516000041255244,1.3722931445089383e-13,3.2652638748082423e-15,4.4472442840709,benchmarks/304_smale17_large/runs/304_ks3x3_seed11.json
304,3,3,12,27,0,True,27,27,20,529,75,427,4.742045879364014,0.1716763620023374,3.8191672047105385e-14,3.0201331455116262e-15,5.1132041774989,benchmarks/304_smale17_large/runs/304_ks3x3_seed12.json
304,3,3,13,27,0,True,27,27,23,1197,76,1094,9.877687692642212,0.3620872939074481,1.8188367414737463e-13,4.048890673582599e-15,6.489805061240341,benchmarks/304_smale17_large/runs/304_ks3x3_seed13.json
304,3,3,14,27,0,True,27,27,18,463,110,326,4.288304090499878,0.15508551950807925,1.113469676643599e-12,2.4300002488665027e-15,4.890941742881522,benchmarks/304_smale17_large/runs/304_ks3x3_seed14.json
304,3,3,15,27,0,True,27,27,25,1102,157,918,9.69089388847351,0.3546342231609203,3.492247069540877e-14,3.4684476073050936e-15,4.947831034837922,benchmarks/304_smale17_large/runs/304_ks3x3_seed15.json
304,3,4,0,50,0,True,50,50,43,662,97,515,6.486270904541016,0.12744508743286131,1.443431143603302e-13,5.780883204448949e-15,4.746561137557995,benchmarks/304_smale17_large/runs/304_ks3x4_seed0.json
304,3,4,1,50,0,True,50,49,42,868,196,622,8.154123067855835,0.16091511726379396,5.5609571226532047e-14,6.0830461257735815e-15,4.250723804280719,benchmarks/304_smale17_large/runs/304_ks3x4_seed1.json
304,3,4,2,50,0,True,50,50,39,668,70,548,6.169338226318359,0.12129077911376954,1.7596098887447752e-13,6.7715927596089486e-15,5.17847859574092,benchmarks/304_smale17_large/runs/304_ks3x4_seed2.json
304,3,4,3,50,0,True,50,50,43,907,269,588,8.43471384048462,0.16659749984741212,2.4631599945110213e-14,5.596162404011702e-15,4.9449798092186175,benchmarks/304_smale17_large/runs/304_ks3x4_seed3.json
304,3,4,4,50,0,True,50,50,41,548,78,420,5.238000869750977,0.10275774002075196,6.335791755561874e-14,3.3918117698020526e-15,5.21770526571518,benchmarks/304_smale17_large/runs/304_ks3x4_seed4.json
304,3,4,5,50,0,True,50,49,41,870,136,684,7.856037855148315,0.15500036239624024,3.9165087401305463e-14,4.645622706464982e-15,4.46968626151141,benchmarks/304_smale17_large/runs/304_ks3x4_seed5.json
304,3,4,6,50,0,True,50,49,37,763,130,583,7.034841060638428,0.1386408805847168,7.23536273032289e-14,3.51664199641431e-15,4.726848123820613,benchmarks/304_smale17_large/runs/304_ks3x4_seed6.json
304,3,4,7,50,0,True,50,50,38,710,101,559,6.566727876663208,0.12936177730560303,5.473819323162012e-14,4.802498785963117e-15,4.978388204645074,benchmarks/304_smale17_large/runs/304_ks3x4_seed7.json
304,3,4,8,50,0,True,50,50,40,921,96,775,8.436774969100952,0.16674789905548096,4.125331307688033e-14,5.6066810552308945e-15,4.391824088940117,benchmarks/304_smale17_large/runs/304_ks3x4_seed8.json
304,3,4,9,50,0,True,50,50,41,621,154,417,7.509336948394775,0.14796469688415528,5.4021352224821776e-14,5.895628902973168e-15,5.240177007553914,benchmarks/304_smale17_large/runs/304_ks3x4_seed9.json
304,3,4,10,50,0,True,50,50,40,769,166,553,8.816363096237183,0.17342057704925537,2.2158837855285151e-13,5.723461889540986e-15,4.428840669148707,benchmarks/304_smale17_large/runs/304_ks3x4_seed10.json
304,3,4,11,50,0,True,50,50,44,652,95,507,18.74836778640747,0.3699827194213867,7.087200583692454e-14,6.4232125245329826e-15,5.079405677437162,benchmarks/304_smale17_large/runs/304_ks3x4_seed11.json
304,3,4,12,50,0,True,50,50,40,474,137,287,7.693385124206543,0.1480390739440918,8.12900132453432e-14,4.93912991842017e-15,5.0096795947244495,benchmarks/304_smale17_large/runs/304_ks3x4_seed12.json
304,3,4,13,50,0,True,50,50,35,521,45,426,5.087430953979492,0.09925822257995605,5.4537568615036903e-14,3.998626369142258e-15,3.817033637247313,benchmarks/304_smale17_large/runs/304_ks3x4_seed13.json
304,3,4,14,50,0,True,50,50,38,861,202,609,8.12964415550232,0.1603182601928711,7.419794010992593e-14,5.342689199784113e-15,4.824525647881469,benchmarks/304_smale17_large/runs/304_ks3x4_seed14.json
304,3,4,15,50,0,True,50,50,42,699,134,515,6.692836046218872,0.13187106609344482,8.727612965091886e-14,4.528815054674977e-15,5.09286453279852,benchmarks/304_smale17_large/runs/304_ks3x4_seed15.json
304,3,5,0,50,0,True,50,50,45,245,25,170,2.5118958950042725,0.04812067985534668,3.200358991745258e-13,5.692871676106908e-15,3.9500516172791076,benchmarks/304_smale17_large/runs/304_ks3x5_seed0.json
304,3,5,1,50,0,True,50,50,38,341,88,203,3.4187817573547363,0.06627994060516357,1.6828053797756208e-13,3.618497119170772e-15,4.130841648798031,benchmarks/304_smale17_large/runs/304_ks3x5_seed1.json
304,3,5,2,50,0,True,50,50,40,351,97,204,3.5326690673828125,0.06857902050018311,1.171053782474657e-13,7.130132565561884e-15,4.593189283544946,benchmarks/304_smale17_large/runs/304_ks3x5_seed2.json
304,3,5,3,50,0,True,50,50,33,429,99,280,4.406808853149414,0.0861110782623291,1.3808307244683743e-13,4.692399858722687e-15,3.7181137903516284,benchmarks/304_smale17_large/runs/304_ks3x5_seed3.json
304,3,5,4,50,0,True,50,50,42,308,63,195,3.211801052093506,0.061965923309326175,6.426952994002656e-14,4.674054894986798e-15,4.476921470311389,benchmarks/304_smale17_large/runs/304_ks3x5_seed4.json
304,3,5,5,50,0,True,50,50,43,309,37,222,3.285540819168091,0.06360208034515381,7.44070772626598e-14,6.8063193081968295e-15,3.986646608858436,benchmarks/304_smale17_large/runs/304_ks3x5_seed5.json
304,3,5,6,50,0,True,50,50,41,307,33,224,3.089339017868042,0.05969511985778809,1.579664508832949e-13,6.81647295929261e-15,3.8640100794028474,benchmarks/304_smale17_large/runs/304_ks3x5_seed6.json
304,3,5,7,50,0,True,50,50,42,266,61,155,2.868812084197998,0.055203399658203124,5.652109279981153e-14,6.345402241588076e-15,3.810507786891455,benchmarks/304_smale17_large/runs/304_ks3x5_seed7.json
304,3,5,8,50,0,True,50,50,39,240,67,123,2.511194944381714,0.04802247524261474,9.289875517622949e-14,4.915851959077847e-15,4.250745499792816,benchmarks/304_smale17_large/runs/304_ks3x5_seed8.json
304,3,5,9,50,0,True,50,50,39,339,93,196,3.4726688861846924,0.06737916469573975,8.186486856510717e-14,3.681516059212562e-15,4.123637296285892,benchmarks/304_smale17_large/runs/304_ks3x5_seed9.json
304,3,5,10,50,0,True,50,50,43,252,72,130,2.85233998298645,0.05492668151855469,2.15492256470185e-14,4.682880262835168e-15,3.8136269492711654,benchmarks/304_smale17_large/runs/304_ks3x5_seed10.json
304,3,5,11,50,0,True,50,50,43,277,44,183,3.711325168609619,0.07184904098510742,3.002728240485259e-14,5.7581755266994526e-15,4.034134726893571,benchmarks/304_smale17_large/runs/304_ks3x5_seed11.json
304,3,5,12,50,0,True,50,50,40,261,88,123,3.5265557765960693,0.06784451484680176,1.5115825983944693e-13,4.65047705725008e-15,4.062975170608558,benchmarks/304_smale17_large/runs/304_ks3x5_seed12.json
304,3,5,13,50,0,True,50,50,41,260,48,162,3.259864091873169,0.0624416971206665,6.450265526997724e-14,5.39944757793126e-15,4.0697994755000755,benchmarks/304_smale17_large/runs/304_ks3x5_seed13.json
304,3,5,14,50,0,True,50,50,44,351,75,226,5.776647090911865,0.1124100637435913,3.45711769285117e-14,6.233442224740411e-15,4.698050822994169,benchmarks/304_smale17_large/runs/304_ks3x5_seed14.json
304,3,5,15,50,0,True,50,50,41,343,81,212,11.655082941055298,0.224486083984375,8.515931509753468e-14,7.918672462179773e-15,5.127496706348959,benchmarks/304_smale17_large/runs/304_ks3x5_seed15.json
304,3,6,0,50,0,True,50,50,36,218,55,113,9.136321067810059,0.1750371789932251,4.0764276343255935e-13,9.950760518079281e-15,3.5279200668254913,benchmarks/304_smale17_large/runs/304_ks3x6_seed0.json
304,3,6,1,50,0,True,50,50,44,240,67,123,7.13384222984314,0.13729593753814698,3.817592554684607e-14,4.7967297033841165e-15,4.011913382505238,benchmarks/304_smale17_large/runs/304_ks3x6_seed1.json
304,3,6,2,50,0,True,50,50,44,225,40,135,3.2611498832702637,0.06215421676635742,3.2177423652644896e-14,7.163821558744071e-15,2.918312125787038,benchmarks/304_smale17_large/runs/304_ks3x6_seed2.json
304,3,6,3,50,0,True,50,49,41,205,20,135,2.9235739707946777,0.05582871913909912,1.2783720909552523e-13,6.940057822653943e-15,3.857406115786886,benchmarks/304_smale17_large/runs/304_ks3x6_seed3.json
304,3,6,4,50,0,True,50,50,41,191,44,97,2.4093239307403564,0.04573885917663574,6.89922480830049e-14,5.471814750208191e-15,3.7416557521652765,benchmarks/304_smale17_large/runs/304_ks3x6_seed4.json
304,3,6,5,50,0,True,50,50,39,199,47,102,2.495849132537842,0.047198519706726075,5.995374227230558e-14,4.8003978454446226e-15,3.8611192733277973,benchmarks/304_smale17_large/runs/304_ks3x6_seed5.json
304,3,6,6,50,0,True,50,50,43,169,58,61,2.1375739574432373,0.040571861267089844,7.71687727095479e-14,5.300636184982072e-15,3.9926543632250464,benchmarks/304_smale17_large/runs/304_ks3x6_seed6.json
304,3,6,7,50,0,True,50,50,40,210,52,108,2.424936056137085,0.04634282112121582,2.6842736744665133e-13,9.013503394612381e-15,3.407071839104235,benchmarks/304_smale17_large/runs/304_ks3x6_seed7.json
304,3,6,8,50,0,True,50,50,41,235,50,135,2.6782238483428955,0.05141240119934082,4.3238675602029536e-14,7.108289165837637e-15,4.347112283521876,benchmarks/304_smale17_large/runs/304_ks3x6_seed8.json
304,3,6,9,50,0,True,50,49,43,206,34,122,2.528170347213745,0.0484578800201416,8.513314217710581e-14,6.0869790931995e-15,4.4010547010682455,benchmarks/304_smale17_large/runs/304_ks3x6_seed9.json
304,3,6,10,50,0,True,50,50,39,188,26,112,2.2069270610809326,0.041902499198913576,1.7248341436777502e-13,7.602518021110784e-15,4.28865645609246,benchmarks/304_smale17_large/runs/304_ks3x6_seed10.json
304,3,6,11,50,0,True,50,50,34,239,41,148,2.7855520248413086,0.053748159408569335,1.4611717240164276e-12,1.1450471369092897e-14,3.792587198090255,benchmarks/304_smale17_large/runs/304_ks3x6_seed11.json
304,3,6,12,50,0,True,50,50,37,176,52,74,2.114885091781616,0.040167441368103025,8.121711309008702e-14,5.0510462197451204e-15,3.5957796972445384,benchmarks/304_smale17_large/runs/304_ks3x6_seed12.json
304,3,6,13,50,0,True,50,50,45,169,47,72,2.068093776702881,0.039373860359191895,2.635098535679829e-14,5.098348106874121e-15,3.881161580175287,benchmarks/304_smale17_large/runs/304_ks3x6_seed13.json
304,3,6,14,50,0,True,50,50,42,285,73,162,3.3916969299316406,0.06585748195648193,9.131203318432175e-14,4.63684374380998e-15,4.294746717652554,benchmarks/304_smale17_large/runs/304_ks3x6_seed14.json
304,3,6,15,50,0,True,50,49,41,229,40,139,2.6539292335510254,0.05099132061004639,4.3956848837743683e-14,7.019726612115446e-15,3.7112678308236324,benchmarks/304_smale17_large/runs/304_ks3x6_seed15.json
304,3,7,0,50,0,True,50,49,40,198,48,100,2.585350751876831,0.04876006126403808,7.055463611993966e-14,7.950113533667651e-15,3.4915346847169983,benchmarks/304_smale17_large/runs/304_ks3x7_seed0.json
304,3,7,1,50,0,True,50,49,40,202,35,117,2.2917840480804443,0.04369060039520264,2.1040601284621864e-13,1.7939205357149573e-14,4.535758835009943,benchmarks/304_smale17_large/runs/304_ks3x7_seed1.json
304,3,7,2,50,0,True,50,50,40,228,67,111,2.850864887237549,0.05458427906036377,9.171509782946568e-14,9.007100737257991e-15,4.012486088085226,benchmarks/304_smale17_large/runs/304_ks3x7_seed2.json
304,3,7,3,50,0,True,50,50,42,205,66,89,2.813704013824463,0.05423936367034912,3.510361950558271e-14,5.810563731057836e-15,3.770034608361172,benchmarks/304_smale17_large/runs/304_ks3x7_seed3.json
304,3,7,4,50,0,True,50,50,42,183,38,95,2.4389660358428955,0.04658660411834717,9.45266473340645e-14,8.848578069245994e-15,4.168788175933479,benchmarks/304_smale17_large/runs/304_ks3x7_seed4.json
304,3,7,5,50,0,True,50,50,38,180,36,94,2.1468801498413086,0.04089491844177246,2.396145332614697e-13,5.701472269291122e-15,4.27560657682671,benchmarks/304_smale17_large/runs/304_ks3x7_seed5.json
304,3,7,6,50,0,True,50,49,39,252,51,151,2.898292064666748,0.055834298133850095,8.532907291018979e-14,6.049970644828055e-15,3.996333861647908,benchmarks/304_smale17_large/runs/304_ks3x7_seed6.json
304,3,7,7,50,0,True,50,50,38,184,45,89,2.4318041801452637,0.04667736053466797,9.486397444675046e-13,9.744278877697892e-15,3.9816743636095264,benchmarks/304_smale17_large/runs/304_ks3x7_seed7.json
304,3,7,8,50,0,True,50,50,40,205,31,124,2.314318895339966,0.04426929473876953,2.86393441629625e-13,1.5035085071193614e-14,3.8314954093088156,benchmarks/304_smale17_large/runs/304_ks3x7_seed8.json
304,3,7,9,50,0,True,50,48,42,243,37,156,2.856351137161255,0.05517241954803467,1.333975182443825e-13,5.741626986054911e-15,4.116567253221648,benchmarks/304_smale17_large/runs/304_ks3x7_seed9.json
304,3,7,10,50,0,True,50,50,43,220,43,127,2.6349709033966064,0.05067379951477051,6.016636067528417e-14,6.898014338157823e-15,3.6525200695738995,benchmarks/304_smale17_large/runs/304_ks3x7_seed10.json
304,3,7,11,50,0,True,50,50,39,205,25,130,2.44861102104187,0.046936478614807126,6.514553107907997e-14,7.98366853200451e-15,3.638303378556836,benchmarks/304_smale17_large/runs/304_ks3x7_seed11.json
304,3,7,12,50,0,True,50,50,41,287,78,159,3.5446441173553467,0.0688202428817749,6.31073407079476e-14,5.408227345292172e-15,3.484467461814539,benchmarks/304_smale17_large/runs/304_ks3x7_seed12.json
304,3,7,13,50,0,True,50,49,41,179,33,96,2.308751106262207,0.04402627944946289,3.0820484244002653e-13,8.105200211680197e-15,4.207573453558833,benchmarks/304_smale17_large/runs/304_ks3x7_seed13.json
304,3,7,14,50,0,True,50,50,41,222,45,127,2.7866389751434326,0.05375585556030273,8.510978334641242e-14,8.175627179809974e-15,3.8109939047808457,benchmarks/304_smale17_large/runs/304_ks3x7_seed14.json
304,3,7,15,50,0,True,50,50,47,219,46,123,2.6982269287109375,0.0516522216796875,5.894925171104368e-14,8.067045466016108e-15,3.7519464985377127,benchmarks/304_smale17_large/runs/304_ks3x7_seed15.json
304,3,8,0,50,0,True,50,49,38,290,105,135,3.8065879344940186,0.07404245853424073,9.875769515257523e-14,6.640437369876064e-15,3.8705400309626934,benchmarks/304_smale17_large/runs/304_ks3x8_seed0.json
304,3,8,1,50,0,True,50,50,41,199,81,68,2.422189235687256,0.04624051570892334,4.109974821331651e-14,5.475110748641101e-15,3.6540415547589484,benchmarks/304_smale17_large/runs/304_ks3x8_seed1.json
304,3,8,2,50,0,True,50,50,42,229,51,128,2.9893198013305664,0.05766393661499023,2.0828463016341872e-13,7.215273852923017e-15,4.035630536164815,benchmarks/304_smale17_large/runs/304_ks3x8_seed2.json
304,3,8,3,50,0,True,50,50,42,231,68,113,2.9642670154571533,0.05719270229339599,8.712976970772565e-14,1.0323352886468667e-14,3.5962535325039298,benchmarks/304_smale17_large/runs/304_ks3x8_seed3.json
304,3,8,4,50,0,True,50,50,46,258,81,127,3.222543239593506,0.06228457927703857,1.1047289609035859e-13,6.103702795855668e-15,3.3525135568250173,benchmarks/304_smale17_large/runs/304_ks3x8_seed4.json
304,3,8,5,50,0,True,50,50,39,223,69,104,2.9096078872680664,0.05622650623321533,1.2387914314214567e-13,4.592647729216748e-15,3.5621359288699033,benchmarks/304_smale17_large/runs/304_ks3x8_seed5.json
304,3,8,6,50,0,True,50,50,41,294,107,137,3.6341588497161865,0.07061803817749024,1.8606082337997438e-13,6.919414366857067e-15,3.5651114284597756,benchmarks/304_smale17_large/runs/304_ks3x8_seed6.json
304,3,8,7,50,0,True,50,47,39,228,53,125,2.6675631999969482,0.05138154029846191,1.0508631058125432e-12,7.870726617354149e-15,5.39463623304265,benchmarks/304_smale17_large/runs/304_ks3x8_seed7.json
304,3,8,8,50,0,True,50,50,43,273,92,131,3.5224249362945557,0.0684446620941162,1.3132565818879947e-13,7.999492577823573e-15,3.611778198748623,benchmarks/304_smale17_large/runs/304_ks3x8_seed8.json
304,3,8,9,50,0,True,50,49,40,187,53,84,2.6696507930755615,0.051289119720458985,7.530795257375088e-13,9.75602217368361e-15,3.3311138332594754,benchmarks/304_smale17_large/runs/304_ks3x8_seed9.json
304,3,8,10,50,0,True,50,50,44,256,92,114,3.238013982772827,0.06279542446136474,2.88624460991994e-14,4.161047955437824e-15,3.4216442616563345,benchmarks/304_smale17_large/runs/304_ks3x8_seed10.json
304,3,8,11,50,0,True,50,49,38,252,83,119,3.2912979125976562,0.06381982326507568,1.9445494332020944e-13,9.704914140635357e-15,3.37305147216734,benchmarks/304_smale17_large/runs/304_ks3x8_seed11.json
304,3,8,12,50,0,True,50,50,41,210,52,108,2.615950107574463,0.05017217636108398,6.064025097407903e-14,9.64405172424414e-15,3.655144585852941,benchmarks/304_smale17_large/runs/304_ks3x8_seed12.json
304,3,8,13,50,0,True,50,49,43,210,88,72,2.5926878452301025,0.04983558177947998,6.325382454797285e-14,4.69650263170053e-15,4.5533118941979875,benchmarks/304_smale17_large/runs/304_ks3x8_seed13.json
304,3,8,14,50,0,True,50,50,43,232,89,93,2.838528871536255,0.054780921936035155,4.848097774398481e-14,6.424304942677833e-15,3.241404577108592,benchmarks/304_smale17_large/runs/304_ks3x8_seed14.json
304,3,8,15,50,0,True,50,50,39,238,68,120,2.899411916732788,0.0559217643737793,2.337129720499163e-13,6.8287026182377725e-15,3.6876700338950275,benchmarks/304_smale17_large/runs/304_ks3x8_seed15.json
304,4,2,0,16,0,True,16,16,13,792,63,713,6.226830959320068,0.38226306438446045,1.455859262379511e-14,2.6094543116302933e-15,8.585741987031493,benchmarks/304_smale17_large/runs/304_ks4x2_seed0.json
304,4,2,1,16,0,True,16,16,12,1308,321,971,10.432498216629028,0.6459296196699142,1.4881354828367782e-12,3.606246440874793e-15,11.441301325665677,benchmarks/304_smale17_large/runs/304_ks4x2_seed1.json
304,4,2,2,16,0,True,16,16,10,188,29,143,1.5815649032592773,0.09280018508434296,4.938524077808174e-13,1.8364440119272132e-15,5.717549491124598,benchmarks/304_smale17_large/runs/304_ks4x2_seed2.json
304,4,2,3,16,0,True,16,16,13,246,39,191,2.259549856185913,0.13446630537509918,2.056853292189509e-14,2.2650054928914447e-15,6.962850114225027,benchmarks/304_smale17_large/runs/304_ks4x2_seed3.json
304,4,2,4,16,0,True,16,16,14,716,101,599,6.170468807220459,0.3793620616197586,7.119261670908265e-15,1.8940237431862148e-15,7.532359093631792,benchmarks/304_smale17_large/runs/304_ks4x2_seed4.json
304,4,2,5,16,0,True,16,16,13,367,40,311,3.1072170734405518,0.1890888214111328,1.0525958066602819e-14,2.7268840525520458e-15,7.12209034606218,benchmarks/304_smale17_large/runs/304_ks4x2_seed5.json
304,4,2,6,16,0,True,16,16,11,247,22,209,2.1671981811523438,0.12908774614334106,1.070940167739281e-12,5.131437701450062e-15,6.972794288065647,benchmarks/304_smale17_large/runs/304_ks4x2_seed6.json
304,4,2,7,16,0,True,16,16,13,174,44,114,1.512768030166626,0.08837193250656128,6.339385450628855e-13,1.7543640809625054e-15,6.450978901080775,benchmarks/304_smale17_large/runs/304_ks4x2_seed7.json
304,4,2,8,16,0,True,16,16,11,143,26,101,1.2791399955749512,0.07316893339157104,4.626888300031366e-12,2.3983404074166637e-15,8.20607253621686,benchmarks/304_smale17_large/runs/304_ks4x2_seed8.json
304,4,2,9,16,0,True,16,16,14,379,123,240,3.3653500080108643,0.20394998788833618,1.941319206905635e-14,4.255722644487621e-15,6.27850584596962,benchmarks/304_smale17_large/runs/304_ks4x2_seed9.json
304,4,2,10,16,0,True,16,16,9,380,39,325,3.233441114425659,0.19533000886440277,8.549772266482239e-14,5.799493419568641e-15,7.816284197675103,benchmarks/304_smale17_large/runs/304_ks4x2_seed10.json
304,4,2,11,16,0,True,16,16,15,427,153,258,3.6215100288391113,0.2199268788099289,5.509807657596432e-15,1.4823248508962212e-15,5.578157815359372,benchmarks/304_smale17_large/runs/304_ks4x2_seed11.json
304,4,2,12,16,0,True,16,16,13,430,109,305,3.7003748416900635,0.22477750480175018,1.1951784972969161e-14,2.2387511046387243e-15,8.788299917091575,benchmarks/304_smale17_large/runs/304_ks4x2_seed12.json
304,4,2,13,16,0,True,16,16,15,234,32,186,2.086397886276245,0.12401026487350464,1.1684594712710922e-14,1.8928945290930985e-15,5.887761883056635,benchmarks/304_smale17_large/runs/304_ks4x2_seed13.json
304,4,2,14,16,0,True,16,16,11,1197,227,954,9.793375968933105,0.6058874875307083,1.1347811090299054e-12,1.657744658441036e-15,7.192261130514922,benchmarks/304_smale17_large/runs/304_ks4x2_seed14.json
304,4,2,15,16,0,True,16,16,14,669,172,481,5.64598822593689,0.34666499495506287,4.1578297234284543e-13,1.7229957853549079e-15,5.616718237234236,benchmarks/304_smale17_large/runs/304_ks4x2_seed15.json
304,4,3,0,50,0,True,50,50,41,383,42,291,3.9530060291290283,0.07707054138183594,1.449297547211985e-13,4.2333093298289105e-15,6.934297615525844,benchmarks/304_smale17_large/runs/304_ks4x3_seed0.json
304,4,3,1,50,0,True,50,50,39,448,47,351,4.4317309856414795,0.08663302421569824,4.034666375071762e-14,4.174642532569027e-15,5.708838139513512,benchmarks/304_smale17_large/runs/304_ks4x3_seed1.json
304,4,3,2,50,0,True,50,50,41,417,39,328,4.159102916717529,0.08116626262664794,2.5548405296777763e-13,5.044128130281154e-15,7.278440046231628,benchmarks/304_smale17_large/runs/304_ks4x3_seed2.json
304,4,3,3,50,0,True,50,50,42,331,33,248,3.3722410202026367,0.06525742530822753,2.8514097765385835e-14,3.2262985795518334e-15,6.861105170446422,benchmarks/304_smale17_large/runs/304_ks4x3_seed3.json
304,4,3,4,50,0,True,50,50,40,379,61,268,4.151843070983887,0.08090613842010498,9.843647103891801e-14,3.901993645134305e-15,6.664978772074483,benchmarks/304_smale17_large/runs/304_ks4x3_seed4.json
304,4,3,5,50,0,True,50,50,41,273,22,201,2.937608003616333,0.056674022674560544,9.395319848419529e-14,2.7534335579639224e-15,6.702698782323937,benchmarks/304_smale17_large/runs/304_ks4x3_seed5.json
304,4,3,6,50,0,True,50,50,37,350,91,209,3.528306007385254,0.06843371868133545,6.706864795375391e-14,4.6245606392568625e-15,6.025875665626614,benchmarks/304_smale17_large/runs/304_ks4x3_seed6.json
304,4,3,7,50,0,True,50,50,41,489,106,333,4.753579139709473,0.09293563842773438,4.991098957692743e-14,4.270346779406567e-15,4.955932746667415,benchmarks/304_smale17_large/runs/304_ks4x3_seed7.json
304,4,3,8,50,0,True,50,50,37,358,44,264,3.7546961307525635,0.07293776035308838,6.342414539318173e-14,6.096858601992107e-15,6.01931652853669,benchmarks/304_smale17_large/runs/304_ks4x3_seed8.json
304,4,3,9,50,0,True,50,50,41,271,34,187,2.8321237564086914,0.05465918064117432,5.497249504312364e-14,6.004264053892644e-15,6.451706139754117,benchmarks/304_smale17_large/runs/304_ks4x3_seed9.json
304,4,3,10,50,0,True,50,50,41,206,36,120,2.229325771331787,0.042559022903442385,3.682456050952993e-14,2.5846995436350336e-15,6.668206954609364,benchmarks/304_smale17_large/runs/304_ks4x3_seed10.json
304,4,3,11,50,0,True,50,50,39,318,128,140,3.196207046508789,0.06175943851470947,3.419091389037219e-14,3.0003975077379446e-15,5.991019233068247,benchmarks/304_smale17_large/runs/304_ks4x3_seed11.json
304,4,3,12,50,0,True,50,50,43,404,82,272,4.035265207290649,0.0785820198059082,2.0281563414325593e-14,4.002283589392692e-15,6.629181334147309,benchmarks/304_smale17_large/runs/304_ks4x3_seed12.json
304,4,3,13,50,0,True,50,50,41,348,53,245,3.5878310203552246,0.06952081680297852,5.371021656968673e-14,5.409164662420731e-15,7.8326829672386005,benchmarks/304_smale17_large/runs/304_ks4x3_seed13.json
304,4,3,14,50,0,True,50,50,42,340,28,262,3.426363945007324,0.06639642238616944,3.959326762728369e-14,3.654676036577482e-15,6.433745624840565,benchmarks/304_smale17_large/runs/304_ks4x3_seed14.json
304,4,3,15,50,0,True,50,50,42,491,93,348,4.7121100425720215,0.09216634273529052,6.386423066498124e-14,3.485830226855533e-15,6.011393040085123,benchmarks/304_smale17_large/runs/304_ks4x3_seed15.json
304,4,4,0,50,0,True,50,50,39,133,16,67,1.6281089782714844,0.030490121841430663,7.145601873007833e-14,6.362436850711241e-15,5.595582688916137,benchmarks/304_smale17_large/runs/304_ks4x4_seed0.json
304,4,4,1,50,0,True,50,50,39,203,40,113,2.3499419689178467,0.0448982572555542,1.6984592494093105e-13,5.445766492752542e-15,5.0169312608163965,benchmarks/304_smale17_large/runs/304_ks4x4_seed1.json
304,4,4,2,50,0,True,50,50,39,143,14,79,1.9185090065002441,0.036116900444030764,4.3018588039329536e-14,5.133156986699685e-15,5.520588021201309,benchmarks/304_smale17_large/runs/304_ks4x4_seed2.json
304,4,4,3,50,0,True,50,50,40,188,28,110,2.247454881668091,0.04287147998809814,7.052882672943498e-14,4.9264804072978156e-15,5.2828083976556215,benchmarks/304_smale17_large/runs/304_ks4x4_seed3.json
304,4,4,4,50,0,True,50,50,43,191,32,109,2.1977317333221436,0.041861801147460936,6.708479876095574e-14,5.192044575873177e-15,5.494693458234139,benchmarks/304_smale17_large/runs/304_ks4x4_seed4.json
304,4,4,5,50,0,True,50,50,44,156,23,83,1.9953367710113525,0.0377881383895874,6.543080244500576e-14,6.015310773277625e-15,4.975426261899603,benchmarks/304_smale17_large/runs/304_ks4x4_seed5.json
304,4,4,6,50,0,True,50,50,39,159,37,72,1.9572396278381348,0.03701272010803223,1.0112609838195975e-13,3.8525012924291464e-15,6.641133610252554,benchmarks/304_smale17_large/runs/304_ks4x4_seed6.json
304,4,4,7,50,0,True,50,50,41,187,43,94,2.1967580318450928,0.04183445930480957,1.2876757067785622e-13,4.535702223934492e-15,5.802859314160168,benchmarks/304_smale17_large/runs/304_ks4x4_seed7.json
304,4,4,8,50,0,True,50,50,41,176,47,79,2.045612096786499,0.03882279872894287,6.61123167020004e-14,3.340367361490432e-15,5.967679022366158,benchmarks/304_smale17_large/runs/304_ks4x4_seed8.json
304,4,4,9,50,0,True,50,50,36,153,27,76,1.9335389137268066,0.03665885448455811,9.37112384844288e-14,5.783100819501967e-15,6.338342177254878,benchmarks/304_smale17_large/runs/304_ks4x4_seed9.json
304,4,4,10,50,0,True,50,50,41,128,24,54,1.742060899734497,0.032653703689575195,4.2936709108202425e-14,4.422479598329514e-15,4.715995199957122,benchmarks/304_smale17_large/runs/304_ks4x4_seed10.json
304,4,4,11,50,0,True,50,50,37,124,17,57,1.5252678394317627,0.028421058654785156,1.038759480987579e-13,5.2021027114630255e-15,5.105868265164631,benchmarks/304_smale17_large/runs/304_ks4x4_seed11.json
304,4,4,12,50,0,True,50,50,41,126,15,61,1.6257319450378418,0.030404396057128906,2.489943775874895e-14,3.481001685038327e-15,5.1716071370604855,benchmarks/304_smale17_large/runs/304_ks4x4_seed12.json
304,4,4,13,50,0,True,50,50,47,139,27,62,1.8246917724609375,0.03423633575439453,2.990774306101812e-14,6.657718776286001e-15,6.018610402461106,benchmarks/304_smale17_large/runs/304_ks4x4_seed13.json
304,4,4,14,50,0,True,50,50,43,146,13,83,1.8322937488555908,0.03427571773529053,5.627266751500835e-14,3.261875945832234e-15,6.216060351651256,benchmarks/304_smale17_large/runs/304_ks4x4_seed14.json
304,4,4,15,50,0,True,50,50,41,124,21,53,1.5074169635772705,0.028190479278564454,4.1049896833781124e-14,3.727618753149784e-15,4.783749155342191,benchmarks/304_smale17_large/runs/304_ks4x4_seed15.json
304,4,5,0,50,0,True,50,50,47,97,15,32,1.5966331958770752,0.029967036247253418,6.885904959197668e-14,5.908500910318394e-15,5.509788421601092,benchmarks/304_smale17_large/runs/304_ks4x5_seed0.json
304,4,5,1,50,0,True,50,50,45,98,30,18,1.4428160190582275,0.02673678398132324,5.349708724208243e-14,6.206501933771882e-15,5.67735443578116,benchmarks/304_smale17_large/runs/304_ks4x5_seed1.json
304,4,5,2,50,0,True,50,50,39,136,39,47,1.8864340782165527,0.03557730197906494,1.792308386589826e-13,7.686267614046681e-15,5.62600690860739,benchmarks/304_smale17_large/runs/304_ks4x5_seed2.json
304,4,5,3,50,0,True,50,50,44,129,14,65,1.7792890071868896,0.033527183532714847,2.788238408302073e-14,3.5395760059705195e-15,5.401515293294455,benchmarks/304_smale17_large/runs/304_ks4x5_seed3.json
304,4,5,4,50,0,True,50,50,41,133,16,67,1.8414199352264404,0.03458482265472412,2.788383896920421e-13,7.582818921953098e-15,6.040843762823897,benchmarks/304_smale17_large/runs/304_ks4x5_seed4.json
304,4,5,5,50,0,True,50,50,39,134,20,64,2.0085160732269287,0.03789812564849854,1.1606436597574271e-13,5.062796640389788e-15,5.095589017029621,benchmarks/304_smale17_large/runs/304_ks4x5_seed5.json
304,4,5,6,50,0,True,50,50,43,149,23,76,1.9593868255615234,0.037170205116271976,1.940021373144848e-13,6.4461012765519514e-15,5.430637880019837,benchmarks/304_smale17_large/runs/304_ks4x5_seed6.json
304,4,5,7,50,0,True,50,50,40,139,23,66,1.868398904800415,0.03530266284942627,6.327646664515991e-14,2.971045230053189e-15,5.813223826232968,benchmarks/304_smale17_large/runs/304_ks4x5_seed7.json
304,4,5,8,50,0,True,50,50,39,136,36,50,1.8688218593597412,0.03532154083251953,8.757226277406244e-14,5.299518219922946e-15,5.1595384308804935,benchmarks/304_smale17_large/runs/304_ks4x5_seed8.json
304,4,5,9,50,0,True,50,50,42,144,15,79,1.9458141326904297,0.036832122802734374,9.21948824866565e-14,3.704850891027403e-15,5.796514270486871,benchmarks/304_smale17_large/runs/304_ks4x5_seed9.json
304,4,5,10,50,0,True,50,50,41,148,32,66,2.03840708732605,0.03870849609375,5.355851819985395e-14,4.801860856224998e-15,4.671859278216777,benchmarks/304_smale17_large/runs/304_ks4x5_seed10.json
304,4,5,11,50,0,True,50,50,42,147,26,71,1.9199192523956299,0.03615967750549316,9.22702657353174e-14,4.632051552236449e-15,5.880726070903375,benchmarks/304_smale17_large/runs/304_ks4x5_seed11.json
304,4,5,12,50,0,True,50,50,42,110,26,34,1.7384600639343262,0.032663578987121585,6.210510496379438e-14,5.457772167006232e-15,5.643710215700878,benchmarks/304_smale17_large/runs/304_ks4x5_seed12.json
304,4,5,13,50,0,True,50,50,35,179,29,100,2.4064130783081055,0.04609974384307861,9.4728846324072e-14,5.201606900565437e-15,4.817155274041674,benchmarks/304_smale17_large/runs/304_ks4x5_seed13.json
304,4,5,14,50,0,True,50,50,41,170,48,72,2.3159260749816895,0.044165239334106446,5.614522596892997e-14,3.4929109876380534e-15,5.183482533211338,benchmarks/304_smale17_large/runs/304_ks4x5_seed14.json
304,4,5,15,50,0,True,50,50,42,130,41,39,1.7014782428741455,0.031864280700683596,4.9615415700483316e-14,6.0838551198592336e-15,5.277100325370482,benchmarks/304_smale17_large/runs/304_ks4x5_seed15.json
304,5,2,0,32,0,True,32,32,29,641,109,500,6.059891939163208,0.18621093779802322,1.9770924707981904e-14,3.3792530804892745e-15,10.321912933984915,benchmarks/304_smale17_large/runs/304_ks5x2_seed0.json
304,5,2,1,32,0,True,32,32,28,4658,629,3997,40.47933602333069,1.2616958394646645,5.372448064056534e-14,3.317976349755242e-15,11.016879079618494,benchmarks/304_smale17_large/runs/304_ks5x2_seed1.json
304,5,2,2,32,0,True,32,32,21,503,84,387,4.658252239227295,0.1424040049314499,6.897492517963552e-14,3.303348673877033e-15,11.770513610378766,benchmarks/304_smale17_large/runs/304_ks5x2_seed2.json
304,5,2,3,32,0,True,32,32,28,1249,144,1073,11.144183158874512,0.3451540917158127,2.426227897327313e-14,3.4227635703816767e-15,8.6419559335421,benchmarks/304_smale17_large/runs/304_ks5x2_seed3.json
304,5,2,4,32,0,True,32,32,24,1162,143,987,10.75056791305542,0.33279744535684586,2.431188835332904e-13,3.3361263982560335e-15,16.694278576339055,benchmarks/304_smale17_large/runs/304_ks5x2_seed4.json
304,5,2,5,32,0,True,32,32,22,4869,1340,3497,42.89730095863342,1.337067224085331,3.1628278681876323e-13,2.190063812244116e-15,8.74646979520614,benchmarks/304_smale17_large/runs/304_ks5x2_seed5.json
304,5,2,6,32,0,True,32,32,27,3184,1123,2029,26.601412057876587,0.8281800374388695,2.1428719676325502e-14,2.4590901041726717e-15,8.234453165702824,benchmarks/304_smale17_large/runs/304_ks5x2_seed6.json
304,5,2,7,32,0,True,32,32,25,996,247,717,9.340097904205322,0.28843796998262405,5.1263351137124116e-14,2.5155998757954733e-15,9.739306411519753,benchmarks/304_smale17_large/runs/304_ks5x2_seed7.json
304,5,2,8,32,0,True,32,32,30,2184,683,1469,18.62795400619507,0.579017274081707,1.6094439774496234e-14,2.229065388927584e-15,8.172600242584977,benchmarks/304_smale17_large/runs/304_ks5x2_seed8.json
304,5,2,9,32,0,True,32,32,30,1405,162,1211,12.523589134216309,0.3883056566119194,2.5660487560039855e-14,3.619890446298028e-15,9.592121025984687,benchmarks/304_smale17_large/runs/304_ks5x2_seed9.json
304,5,2,10,32,0,True,32,32,31,969,107,830,8.767005920410156,0.2708570286631584,2.5458728478465793e-14,2.7315241874653204e-15,8.791247302412458,benchmarks/304_smale17_large/runs/304_ks5x2_seed10.json
304,5,2,11,32,0,True,32,32,21,2008,251,1725,17.990190029144287,0.5589110925793648,8.0615953999124e-14,4.118389126222928e-15,9.21389088204066,benchmarks/304_smale17_large/runs/304_ks5x2_seed11.json
304,5,2,12,32,0,True,32,32,27,729,100,597,6.783293008804321,0.20885846763849258,2.5661416147216325e-14,2.5596513184943354e-15,9.086677048335815,benchmarks/304_smale17_large/runs/304_ks5x2_seed12.json
304,5,2,13,32,0,True,32,32,27,1245,331,882,11.357913732528687,0.35182127356529236,8.319543178787098e-15,2.546534403583482e-15,7.030228386542582,benchmarks/304_smale17_large/runs/304_ks5x2_seed13.json
304,5,2,14,32,0,True,32,32,27,2398,353,2013,20.967389822006226,0.6518265381455421,5.472490035923763e-14,3.9956185141600165e-15,10.295617445476946,benchmarks/304_smale17_large/runs/304_ks5x2_seed14.json
304,5,2,15,32,0,True,32,32,25,331,57,242,3.2343831062316895,0.0978429988026619,8.930111126879047e-14,2.6240374985616498e-15,9.403221984175463,benchmarks/304_smale17_large/runs/304_ks5x2_seed15.json
304,5,3,0,50,0,True,50,50,42,109,14,45,1.342087984085083,0.02483330249786377,6.200491056922856e-14,4.475978534805218e-15,7.204812539712354,benchmarks/304_smale17_large/runs/304_ks5x3_seed0.json
304,5,3,1,50,0,True,50,50,38,159,21,88,1.8465168476104736,0.03491499900817871,1.3483116310203926e-13,3.709215283785692e-15,6.943832228548542,benchmarks/304_smale17_large/runs/304_ks5x3_seed1.json
304,5,3,2,50,0,True,50,50,42,132,15,67,1.6455531120300293,0.030871458053588867,4.921956217396388e-14,4.740059410339044e-15,6.579559584898252,benchmarks/304_smale17_large/runs/304_ks5x3_seed2.json
304,5,3,3,50,0,True,50,50,39,149,21,78,1.9328711032867432,0.036625237464904786,3.702207925447171e-14,3.955681809500303e-15,7.713251074156618,benchmarks/304_smale17_large/runs/304_ks5x3_seed3.json
304,5,3,4,50,0,True,50,50,40,169,20,99,2.023643970489502,0.03826558113098145,7.925498968551616e-14,4.022686387319381e-15,7.396501039265624,benchmarks/304_smale17_large/runs/304_ks5x3_seed4.json
304,5,3,5,50,0,True,50,50,44,122,41,31,1.4650788307189941,0.027325339317321777,4.3622315674161515e-14,4.2404639645232586e-15,6.988535653500888,benchmarks/304_smale17_large/runs/304_ks5x3_seed5.json
304,5,3,6,50,0,True,50,50,44,119,12,57,1.600010871887207,0.029946036338806152,3.144135652236613e-14,3.5269947501714038e-15,6.4595082064307805,benchmarks/304_smale17_large/runs/304_ks5x3_seed6.json
304,5,3,7,50,0,True,50,50,37,135,12,73,1.8047008514404297,0.034119882583618165,1.8035211945807846e-12,3.018052778656538e-15,6.055158004782649,benchmarks/304_smale17_large/runs/304_ks5x3_seed7.json
304,5,3,8,50,0,True,50,50,42,115,33,32,1.4711151123046875,0.027333078384399415,1.553830096518816e-14,3.122817848521637e-15,6.527523645844048,benchmarks/304_smale17_large/runs/304_ks5x3_seed8.json
304,5,3,9,50,0,True,50,50,43,117,11,56,1.5771987438201904,0.029424962997436525,2.0050052823631275e-14,3.692309712093457e-15,6.8798815677963665,benchmarks/304_smale17_large/runs/304_ks5x3_seed9.json
304,5,3,10,50,0,True,50,50,44,174,32,92,2.2151589393615723,0.04207586288452148,2.854147790304183e-14,4.735177298295693e-15,7.371521897657873,benchmarks/304_smale17_large/runs/304_ks5x3_seed10.json
304,5,3,11,50,0,True,50,50,36,154,7,97,1.90165114402771,0.03593647956848144,4.658841535520245e-13,4.237090568270605e-15,7.065192739220546,benchmarks/304_smale17_large/runs/304_ks5x3_seed11.json
304,5,3,12,50,0,True,50,50,37,129,20,59,1.651167869567871,0.030918998718261717,1.376617560810068e-13,2.783307483375689e-15,7.75191929358575,benchmarks/304_smale17_large/runs/304_ks5x3_seed12.json
304,5,3,13,50,0,True,50,50,40,108,20,38,1.3902850151062012,0.025351319313049316,6.940064998239859e-14,4.056281212498685e-15,7.558974244460642,benchmarks/304_smale17_large/runs/304_ks5x3_seed13.json
304,5,3,14,50,0,True,50,50,41,127,12,65,1.6945741176605225,0.03184776306152344,2.317963009986841e-13,4.579627524955049e-15,7.554292623224597,benchmarks/304_smale17_large/runs/304_ks5x3_seed14.json
304,5,3,15,50,0,True,50,50,39,170,29,91,2.049830913543701,0.038890438079833986,5.0780113738837157e-14,4.6814031113211986e-15,6.996993818474346,benchmarks/304_smale17_large/runs/304_ks5x3_seed15.json
304,5,4,0,50,0,True,50,50,41,101,24,27,1.557356834411621,0.02904965877532959,2.0427110735841478e-13,4.613929021769219e-15,7.408913726345233,benchmarks/304_smale17_large/runs/304_ks5x4_seed0.json
304,5,4,1,50,0,True,50,50,40,107,14,43,1.6129038333892822,0.030164003372192383,1.5276867017001996e-13,6.713067221594596e-15,6.902402770562005,benchmarks/304_smale17_large/runs/304_ks5x4_seed1.json
304,5,4,2,50,0,True,50,50,43,128,20,58,1.8357818126678467,0.03466122627258301,6.971182030025713e-14,6.41284728435259e-15,6.196263755623199,benchmarks/304_smale17_large/runs/304_ks5x4_seed2.json
304,5,4,3,50,0,True,50,50,43,104,12,42,1.6455078125,0.0308607816696167,1.5476277542937467e-13,7.390816950217376e-15,7.479343216584943,benchmarks/304_smale17_large/runs/304_ks5x4_seed3.json
304,5,4,4,50,0,True,50,50,42,99,15,34,1.4346449375152588,0.026659317016601562,7.198338335413369e-14,5.594123495255431e-15,6.55127149010422,benchmarks/304_smale17_large/runs/304_ks5x4_seed4.json
304,5,4,5,50,0,True,50,50,43,116,12,54,1.6936700344085693,0.03167411804199219,1.0197378584838304e-13,6.516001822055892e-15,6.2886320676753815,benchmarks/304_smale17_large/runs/304_ks5x4_seed5.json
304,5,4,6,50,0,True,50,50,36,100,6,44,1.5707299709320068,0.02915818214416504,7.864159610551227e-13,6.306170642747051e-15,7.914250926798022,benchmarks/304_smale17_large/runs/304_ks5x4_seed6.json
304,5,4,7,50,0,True,50,50,38,98,9,39,1.515049934387207,0.02768110275268555,4.6810664166646606e-14,4.112198975829569e-15,6.194905929755632,benchmarks/304_smale17_large/runs/304_ks5x4_seed7.json
304,5,4,8,50,0,True,50,50,41,117,15,52,1.7062220573425293,0.031990761756896975,1.1778107414115837e-13,6.112067814836378e-15,7.886814429621497,benchmarks/304_smale17_large/runs/304_ks5x4_seed8.json
304,5,4,9,50,0,True,50,50,45,92,20,22,1.5384159088134766,0.02843745708465576,3.1233377651241206e-14,4.954152971191682e-15,6.637224764875603,benchmarks/304_smale17_large/runs/304_ks5x4_seed9.json
304,5,4,10,50,0,True,50,50,41,99,14,35,1.4913430213928223,0.02771573543548584,5.690589146207392e-14,7.1225326834913e-15,7.263451151775886,benchmarks/304_smale17_large/runs/304_ks5x4_seed10.json
304,5,4,11,50,0,True,50,50,40,116,17,49,1.70664381980896,0.032094321250915527,4.346532794566076e-14,6.065640047286122e-15,6.483502949133539,benchmarks/304_smale17_large/runs/304_ks5x4_seed11.json
304,5,4,12,50,0,True,50,50,39,109,16,43,1.5606238842010498,0.029162144660949706,7.693637961770432e-14,8.771454113050996e-15,6.812812383968824,benchmarks/304_smale17_large/runs/304_ks5x4_seed12.json
304,5,4,13,50,0,True,50,50,42,104,21,33,1.5025901794433594,0.027861704826354982,3.4581143819858165e-14,5.721598822049628e-15,8.049692917812855,benchmarks/304_smale17_large/runs/304_ks5x4_seed13.json
304,5,4,14,50,0,True,50,50,43,101,12,39,1.4719159603118896,0.02738657474517822,2.197974015077317e-13,5.092749122020692e-15,6.447461006553225,benchmarks/304_smale17_large/runs/304_ks5x4_seed14.json
304,5,4,15,50,0,True,50,50,43,117,12,55,1.7359399795532227,0.032675223350524904,3.585412923801269e-14,5.745138421151671e-15,5.617216487387027,benchmarks/304_smale17_large/runs/304_ks5x4_seed15.json
304,6,2,0,50,0,True,50,50,43,430,51,329,4.375526189804077,0.08544836044311524,4.962655270615411e-14,3.0404753547865414e-15,9.225360967708735,benchmarks/304_smale17_large/runs/304_ks6x2_seed0.json
304,6,2,1,50,0,True,50,50,43,553,53,450,5.594348192214966,0.10978888511657715,2.5472020884386874e-14,5.3114886443728044e-15,9.404192559548312,benchmarks/304_smale17_large/runs/304_ks6x2_seed1.json
304,6,2,2,50,0,True,50,50,41,463,66,347,4.839049816131592,0.09468080043792725,5.3725681982432784e-14,3.443380678835558e-15,12.56149384244712,benchmarks/304_smale17_large/runs/304_ks6x2_seed2.json
304,6,2,3,50,0,True,50,50,35,532,63,419,5.343457221984863,0.10453115940093995,9.70597722668692e-14,2.926128635440936e-15,9.19309337866865,benchmarks/304_smale17_large/runs/304_ks6x2_seed3.json
304,6,2,4,50,0,True,50,50,38,442,137,255,4.351377964019775,0.08487717628479004,3.70061171050116e-14,3.327811469444607e-15,11.408357093747064,benchmarks/304_smale17_large/runs/304_ks6x2_seed4.json
304,6,2,5,50,0,True,50,50,42,600,61,489,5.955583333969116,0.11704336166381836,2.8509391468461154e-14,3.721700921228992e-15,11.099899505037124,benchmarks/304_smale17_large/runs/304_ks6x2_seed5.json
304,6,2,6,50,0,True,50,50,41,420,51,319,4.37765097618103,0.08553759574890137,2.513723696030743e-14,4.1077683514666435e-15,11.899340758689359,benchmarks/304_smale17_large/runs/304_ks6x2_seed6.json
304,6,2,7,50,0,True,50,50,36,555,136,369,5.542479991912842,0.10871264457702637,7.492652359376497e-14,4.005555837904056e-15,11.008114636435936,benchmarks/304_smale17_large/runs/304_ks6x2_seed7.json
304,6,2,8,50,0,True,50,50,43,455,77,328,4.778842210769653,0.09347736358642578,2.9935940080198296e-14,2.821280409800515e-15,10.025067205936534,benchmarks/304_smale17_large/runs/304_ks6x2_seed8.json
304,6,2,9,50,0,True,50,50,38,556,85,421,5.492796897888184,0.10771297931671142,1.340203359594845e-13,3.195766016856078e-15,9.773433589076834,benchmarks/304_smale17_large/runs/304_ks6x2_seed9.json
304,6,2,10,50,0,True,50,50,42,730,84,596,7.076458930969238,0.13939136028289795,5.729819776006065e-14,2.681275799187146e-15,9.772870298930615,benchmarks/304_smale17_large/runs/304_ks6x2_seed10.json
304,6,2,11,50,0,True,50,50,39,439,80,309,4.584972620010376,0.08956073760986329,7.832081444543298e-14,3.161061311846056e-15,11.498342886663712,benchmarks/304_smale17_large/runs/304_ks6x2_seed11.json
304,6,2,12,50,0,True,50,50,41,450,63,337,4.728321075439453,0.09241658210754394,3.0043249606588086e-14,2.3623257660290886e-15,9.39211795062221,benchmarks/304_smale17_large/runs/304_ks6x2_seed12.json
304,6,2,13,50,0,True,50,50,43,978,170,758,10.456959962844849,0.20679876327514649,2.0768867082748393e-14,3.0158353984128278e-15,8.340952237125501,benchmarks/304_smale17_large/runs/304_ks6x2_seed13.json
304,6,2,14,50,0,True,50,50,38,327,40,237,3.3456029891967773,0.06458313465118408,3.9420020539529344e-14,3.0131237037858347e-15,12.565283738212633,benchmarks/304_smale17_large/runs/304_ks6x2_seed14.json
304,6,2,15,50,0,True,50,50,37,519,83,386,5.609356164932251,0.10996361732482911,1.0163522536656506e-13,2.1737107594504778e-15,10.406749988452283,benchmarks/304_smale17_large/runs/304_ks6x2_seed15.json
304,6,3,0,50,0,True,50,50,47,98,19,29,1.5152199268341064,0.027979736328125,5.4228933289424076e-14,4.289698557966495e-15,8.921317920357481,benchmarks/304_smale17_large/runs/304_ks6x3_seed0.json
304,6,3,1,50,0,True,50,50,39,91,10,31,1.364893913269043,0.02514484405517578,2.7768819694471744e-14,4.055641920392669e-15,7.719254813885418,benchmarks/304_smale17_large/runs/304_ks6x3_seed1.json
304,6,3,2,50,0,True,50,50,38,86,17,19,1.332737922668457,0.024447484016418455,1.3793993476889643e-13,4.568520361932248e-15,6.8785690195007,benchmarks/304_smale17_large/runs/304_ks6x3_seed2.json
304,6,3,3,50,0,True,50,50,41,103,12,41,1.45664381980896,0.027054753303527832,2.2112771860722438e-14,3.72716108870351e-15,7.913772827896733,benchmarks/304_smale17_large/runs/304_ks6x3_seed3.json
304,6,3,4,50,0,True,50,50,43,106,13,43,1.506364107131958,0.028037681579589843,2.7543414823827644e-14,4.6855382945073346e-15,9.00866847194245,benchmarks/304_smale17_large/runs/304_ks6x3_seed4.json
304,6,3,5,50,0,True,50,50,45,91,16,25,1.4221742153167725,0.026375060081481935,8.138468454685849e-14,5.704561801370472e-15,8.510667520530152,benchmarks/304_smale17_large/runs/304_ks6x3_seed5.json
304,6,3,6,50,0,True,50,50,47,99,15,34,1.4549970626831055,0.026961498260498047,4.02821820776702e-14,4.683911346146775e-15,10.214522279264497,benchmarks/304_smale17_large/runs/304_ks6x3_seed6.json
304,6,3,7,50,0,True,50,50,44,131,11,70,1.7717909812927246,0.03319592475891113,1.484312445649945e-13,5.4701392197407e-15,7.964465015691806,benchmarks/304_smale17_large/runs/304_ks6x3_seed7.json
304,6,3,8,50,0,True,50,50,45,100,13,37,1.5240998268127441,0.028198318481445314,3.4737155536709027e-14,4.638144942328302e-15,9.497863604420019,benchmarks/304_smale17_large/runs/304_ks6x3_seed8.json
304,6,3,9,50,0,True,50,50,44,120,9,61,1.7174572944641113,0.03222157955169678,3.153717234996668e-14,5.08462495549063e-15,8.260881120417693,benchmarks/304_smale17_large/runs/304_ks6x3_seed9.json
304,6,3,10,50,0,True,50,50,42,99,9,40,1.487471103668213,0.027632060050964354,3.993205563247388e-14,3.97674160375823e-15,7.945582200435348,benchmarks/304_smale17_large/runs/304_ks6x3_seed10.json
304,6,3,11,50,0,True,50,50,42,112,15,47,1.6674439907073975,0.03128550529479981,3.528856445492388e-14,4.721836655724917e-15,8.575881470684543,benchmarks/304_smale17_large/runs/304_ks6x3_seed11.json
304,6,3,12,50,0,True,50,50,42,97,14,33,1.4215281009674072,0.02630441665649414,3.0789417529029e-14,4.961849353366982e-15,8.814323989534373,benchmarks/304_smale17_large/runs/304_ks6x3_seed12.json
304,6,3,13,50,0,True,50,50,42,84,12,22,1.364358901977539,0.02507352352142334,4.185420042276256e-14,6.431895471617312e-15,9.771407421174766,benchmarks/304_smale17_large/runs/304_ks6x3_seed13.json
304,6,3,14,50,0,True,50,50,41,74,11,13,1.195270299911499,0.021500682830810545,8.176025756529734e-14,5.7867033236702986e-15,8.793471358510601,benchmarks/304_smale17_large/runs/304_ks6x3_seed14.json
304,6,3,15,50,0,True,50,50,41,120,10,60,1.707111120223999,0.03186212062835694,2.5521178708814145e-14,5.5562797939551006e-15,7.047725943230102,benchmarks/304_smale17_large/runs/304_ks6x3_seed15.json
304,7,2,0,50,0,True,50,50,33,194,27,117,2.39149808883667,0.04571343898773193,3.689789160004035e-14,2.695115392376141e-15,9.834960690806142,benchmarks/304_smale17_large/runs/304_ks7x2_seed0.json
304,7,2,1,50,0,True,50,50,42,170,13,107,2.08293080329895,0.039389219284057614,2.617805405164657e-14,3.876947787076889e-15,12.786123331272472,benchmarks/304_smale17_large/runs/304_ks7x2_seed1.json
304,7,2,2,50,0,True,50,50,42,228,27,151,2.65152907371521,0.05092037677764893,3.7196500797814736e-14,3.177411900260086e-15,9.564739485601052,benchmarks/304_smale17_large/runs/304_ks7x2_seed2.json
304,7,2,3,50,0,True,50,50,40,170,38,82,1.9497158527374268,0.03697495937347412,3.350476172130431e-14,3.9773552734896206e-15,9.875594997320135,benchmarks/304_smale17_large/runs/304_ks7x2_seed3.json
304,7,2,4,50,0,True,50,50,41,180,34,96,2.1627609729766846,0.04116219997406006,3.921767477747696e-14,3.760219554301219e-15,9.244529942281595,benchmarks/304_smale17_large/runs/304_ks7x2_seed4.json
304,7,2,5,50,0,True,50,50,42,188,19,119,2.1323928833007812,0.04049098014831543,1.7006313342304414e-14,3.1776716871373704e-15,10.47242751903784,benchmarks/304_smale17_large/runs/304_ks7x2_seed5.json
304,7,2,6,50,0,True,50,50,37,193,48,95,2.315100908279419,0.044277796745300295,2.2882856269623907e-14,4.251059803044062e-15,11.925730988382432,benchmarks/304_smale17_large/runs/304_ks7x2_seed6.json
304,7,2,7,50,0,True,50,50,42,229,47,132,2.6894118785858154,0.05171163558959961,1.44520004133165e-14,2.779887874119789e-15,10.40101857792293,benchmarks/304_smale17_large/runs/304_ks7x2_seed7.json
304,7,2,8,50,0,True,50,50,43,170,23,97,2.028944253921509,0.038460979461669924,7.252279521629898e-14,3.0086928623288407e-15,11.710001777532248,benchmarks/304_smale17_large/runs/304_ks7x2_seed8.json
304,7,2,9,50,0,True,50,50,40,139,9,80,1.7987279891967773,0.03378311634063721,5.6309027613597167e-14,3.8601006936743126e-15,11.48481216265358,benchmarks/304_smale17_large/runs/304_ks7x2_seed9.json
304,7,2,10,50,0,True,50,50,41,159,20,89,2.047598123550415,0.03860957622528076,1.882675566826185e-14,3.677666085104806e-15,9.834586150640524,benchmarks/304_smale17_large/runs/304_ks7x2_seed10.json
304,7,2,11,50,0,True,50,50,37,229,29,150,2.6523079872131348,0.05082645893096924,4.2091266413124095e-14,2.888980778040872e-15,10.33281212604346,benchmarks/304_smale17_large/runs/304_ks7x2_seed11.json
304,7,2,12,50,0,True,50,50,39,170,31,89,1.9940659999847412,0.037790260314941405,2.5165196037832767e-14,3.491059968643169e-15,9.502908310594883,benchmarks/304_smale17_large/runs/304_ks7x2_seed12.json
304,7,2,13,50,0,True,50,50,43,219,27,142,2.5588319301605225,0.04916489601135254,1.8928159352994604e-14,3.832056501622405e-15,11.00749706560181,benchmarks/304_smale17_large/runs/304_ks7x2_seed13.json
304,7,2,14,50,0,True,50,50,43,115,30,35,1.457589864730835,0.02709686279296875,5.789527719401814e-13,2.5283904372853198e-15,10.667483954259064,benchmarks/304_smale17_large/runs/304_ks7x2_seed14.json
304,7,2,15,50,0,True,50,50,41,195,20,125,2.310041904449463,0.04418887615203857,1.7502156548508623e-13,2.9925386050550804e-15,10.102368053794365,benchmarks/304_smale17_large/runs/304_ks7x2_seed15.json
304,8,2,0,50,0,True,50,50,41,128,28,50,1.7986118793487549,0.03395706176757812,3.745010471289449e-13,3.7669770303748865e-15,13.49373833513062,benchmarks/304_smale17_large/runs/304_ks8x2_seed0.json
304,8,2,1,50,0,True,50,50,39,123,9,64,1.670271873474121,0.031282997131347655,3.8070156941584584e-14,4.087657789596809e-15,12.43526210657237,benchmarks/304_smale17_large/runs/304_ks8x2_seed1.json
304,8,2,2,50,0,True,50,50,45,127,22,55,1.6968028545379639,0.03187528133392334,3.7418302614468355e-14,2.6232744044348046e-15,11.44262728289148,benchmarks/304_smale17_large/runs/304_ks8x2_seed2.json
304,8,2,3,50,0,True,50,50,45,100,9,41,1.3419818878173828,0.024754276275634767,2.4381598523151974e-14,3.826022614575151e-15,12.619584197146251,benchmarks/304_smale17_large/runs/304_ks8x2_seed3.json
304,8,2,4,50,0,True,50,50,41,150,19,81,1.985224962234497,0.03736789703369141,2.428480850206929e-14,3.8646497843046746e-15,9.156044081111157,benchmarks/304_smale17_large/runs/304_ks8x2_seed4.json
304,8,2,5,50,0,True,50,50,40,130,13,67,1.7561719417572021,0.032976355552673337,8.052515814177124e-14,4.184143937254023e-15,12.781065454339647,benchmarks/304_smale17_large/runs/304_ks8x2_seed5.json
304,8,2,6,50,0,True,50,50,38,127,27,50,1.7563648223876953,0.032908964157104495,5.1181033456875e-14,4.797487532421029e-15,11.896679943894895,benchmarks/304_smale17_large/runs/304_ks8x2_seed6.json
304,8,2,7,50,0,True,50,50,40,128,14,64,1.77811598777771,0.033187341690063474,3.116464626441369e-14,4.750151307500149e-15,11.641900981242784,benchmarks/304_smale17_large/runs/304_ks8x2_seed7.json
304,8,2,8,50,0,True,50,50,40,100,15,35,1.4062657356262207,0.02594518184661865,2.3557689226325868e-14,3.833985505340602e-15,14.376912931198724,benchmarks/304_smale17_large/runs/304_ks8x2_seed8.json
304,8,2,9,50,0,True,50,50,37,120,17,53,1.6406431198120117,0.030710783004760742,1.3110633446141784e-13,3.070245127234105e-15,11.745824060435911,benchmarks/304_smale17_large/runs/304_ks8x2_seed9.json
304,8,2,10,50,0,True,50,50,40,147,14,83,1.9089078903198242,0.03611205577850342,3.498449024154347e-14,3.733092007383062e-15,11.572568153135178,benchmarks/304_smale17_large/runs/304_ks8x2_seed10.json
304,8,2,11,50,0,True,50,50,42,128,20,58,1.758573055267334,0.03310837745666504,2.9454012392015743e-14,3.1963890638334925e-15,10.93578674935218,benchmarks/304_smale17_large/runs/304_ks8x2_seed11.json
304,8,2,12,50,0,True,50,50,37,143,22,71,1.915074110031128,0.03606964111328125,2.849160690678698e-14,4.090580370126103e-15,12.337962036002617,benchmarks/304_smale17_large/runs/304_ks8x2_seed12.json
304,8,2,13,50,0,True,50,50,42,174,17,107,2.118356943130493,0.040366020202636715,2.455223565387917e-14,3.407754828476813e-15,11.613203614743313,benchmarks/304_smale17_large/runs/304_ks8x2_seed13.json
304,8,2,14,50,0,True,50,50,33,136,23,63,1.8242759704589844,0.03434860229492188,5.132389158312808e-13,3.5426922294799367e-15,11.986473931406763,benchmarks/304_smale17_large/runs/304_ks8x2_seed14.json
304,8,2,15,50,0,True,50,50,42,105,11,44,1.4939029216766357,0.02776142120361328,2.1710291607279644e-14,4.37912007865406e-15,14.418428898402631,benchmarks/304_smale17_large/runs/304_ks8x2_seed15.json
304,10,2,0,50,0,True,50,50,38,79,7,22,1.3486719131469727,0.024828076362609863,3.701656320857972e-14,4.185710198900981e-15,17.277710052817746,benchmarks/304_smale17_large/runs/304_ks10x2_seed0.json
304,10,2,1,50,0,True,50,50,46,95,15,30,1.5910329818725586,0.029791316986083984,1.2567434020532497e-14,3.811109930894058e-15,14.435075281144195,benchmarks/304_smale17_large/runs/304_ks10x2_seed1.json
304,10,2,2,50,0,True,50,50,42,83,8,25,1.4247150421142578,0.026376299858093262,1.8329066433673102e-14,2.6888599998004258e-15,15.595761966983488,benchmarks/304_smale17_large/runs/304_ks10x2_seed2.json
304,10,2,3,50,0,True,50,50,41,94,8,36,1.509965181350708,0.027933239936828613,2.3204281431853582e-14,2.6323484495088818e-15,15.831037142129041,benchmarks/304_smale17_large/runs/304_ks10x2_seed3.json
304,10,2,4,50,0,True,50,50,38,99,13,36,1.6542158126831055,0.030905179977416992,2.001894046809431e-14,3.1728197214221283e-15,12.489692531685389,benchmarks/304_smale17_large/runs/304_ks10x2_seed4.json
304,10,2,5,50,0,True,50,50,39,72,6,16,1.3230578899383545,0.024207239151000978,7.23087861816284e-14,2.9847673775400697e-15,13.26459986633612,benchmarks/304_smale17_large/runs/304_ks10x2_seed5.json
304,10,2,6,50,0,True,50,50,43,93,13,30,1.5705952644348145,0.029316983222961425,2.816458258682521e-14,2.6724502255659464e-15,14.544453333631338,benchmarks/304_smale17_large/runs/304_ks10x2_seed6.json
304,10,2,7,50,0,True,50,50,43,90,11,29,1.468804121017456,0.027284460067749025,1.7511140604872288e-14,2.796566817464596e-15,15.869654894603073,benchmarks/304_smale17_large/runs/304_ks10x2_seed7.json
304,10,2,8,50,0,True,50,50,38,90,27,13,1.469588041305542,0.02730110168457031,1.004390612844286e-12,2.8653143664536174e-15,12.785232788837458,benchmarks/304_smale17_large/runs/304_ks10x2_seed8.json
304,10,2,9,50,0,True,50,50,48,89,8,31,1.4421701431274414,0.026642260551452638,2.1971962923633474e-14,3.5598224651345125e-15,13.483250839122181,benchmarks/304_smale17_large/runs/304_ks10x2_seed9.json
304,10,2,10,50,0,True,50,50,42,94,9,35,1.5966248512268066,0.02972156524658203,1.9937683762974446e-14,2.4084186289509507e-15,14.857449483944718,benchmarks/304_smale17_large/runs/304_ks10x2_seed10.json
304,10,2,11,50,0,True,50,50,42,80,11,19,1.4611101150512695,0.026905198097229004,2.3501333105650236e-14,2.5720499971106025e-15,15.383381472839876,benchmarks/304_smale17_large/runs/304_ks10x2_seed11.json
304,10,2,12,50,0,True,50,50,42,98,11,37,1.6336619853973389,0.03042332172393799,2.2397841490525015e-14,3.815356980893987e-15,16.177926999591197,benchmarks/304_smale17_large/runs/304_ks10x2_seed12.json
304,10,2,13,50,0,True,50,50,38,75,14,11,1.2321898937225342,0.022383460998535155,9.28710856216597e-15,2.2905415054540593e-15,14.020880730168042,benchmarks/304_smale17_large/runs/304_ks10x2_seed13.json
304,10,2,14,50,0,True,50,50,38,77,9,18,1.2906179428100586,0.023516521453857422,6.757719102617752e-14,2.371435195098136e-15,13.60226534306313,benchmarks/304_smale17_large/runs/304_ks10x2_seed14.json
304,10,2,15,50,0,True,50,50,46,127,28,49,2.1433329582214355,0.04078622341156006,2.0653687047720914e-14,3.2429727658173e-15,15.518820421221083,benchmarks/304_smale17_large/runs/304_ks10x2_seed15.json
