best_residual,bezout,case,certified_roots,coverage,degree,duplicates,engine,eval_count,evals_per_root,failures,failures_per_root,json,max_polished_residual,median_beta,median_cond_jac,median_polished_residual,median_residual,n,requested_count,requested_roots,returncode,seconds_per_root,seed_index,slope_count,slopes_per_root,stderr_tail,stdout_tail,strong_roots,success,terms,terms_per_poly,total_seconds,trials_per_root,trials_used,unique_roots,wall_seconds,worst_residual
3.856686919844596e-14,4,"2,2",4,1.0,2,3,200,2084,521.0,0,0.0,/Users/ivanbesevic/Documents/poussiere/benchmarks/smale17_candidate_suite/200_ks2x2_seed0.json,4.189529226675416e-15,1.8688150910734323e-13,2.771473292443342,3.5567255153466347e-16,6.39357212216029e-13,2,4,4,0,0.011245250701904297,0,456,114.0,,"========================================================================================================================
200 autonomous 118-BACKBONE + EQUAL-VALUE SAFE + GATED FINITE-SLOPE HALLEY NumPy Pandrosion
No dependency on previous Python scripts; 118-style homothetic/Mobius starts + 120 equal-value-safe probes + gated finite-slope Halley correction; no Newton/Jacobian fallback path.
========================================================================================================================
case=ks(2,2), seed=125315038, terms=12, Bezout=4
roots=4/4 success=True trials=7 duplicates=3 failures=0
seconds: generation=0.02, extract=0.02, total=0.04
best_root: residual=3.032e-10, trial=0, Lambda=1.2339460808244847e-06, theta=0.0, startopt_ratio=0.9999999865744338
out=/Users/ivanbesevic/Documents/poussiere/benchmarks/smale17_candidate_suite/200_ks2x2_seed0.json
",3,True,12,6,0.04498100280761719,1.75,7,4,0.13260912895202637,3.032053520973002e-10
1.3472327678558681e-13,4,"2,2",4,1.0,2,3,201,2084,521.0,0,0.0,/Users/ivanbesevic/Documents/poussiere/benchmarks/smale17_candidate_suite/201_ks2x2_seed0.json,5.347542221830668e-15,1.0131082819434297e-12,2.77147329258122,4.945114824959066e-16,3.478942424410843e-12,2,4,4,0,0.00821375846862793,0,456,114.0,,"========================================================================================================================
201 autonomous LOG-STABLE OPTIMAL-PROBE TENSOR-HALLEY NumPy Pandrosion
No dependency on previous Python scripts; 118/120/200 backbone + logarithmic stability + optimal-probe energy + tensorial gated finite-slope Halley; no Newton/Jacobian fallback path.
========================================================================================================================
case=ks(2,2), seed=125315038, terms=12, Bezout=4
roots=4/4 success=True trials=7 duplicates=3 failures=0
seconds: generation=0.01, extract=0.02, total=0.03
best_root: residual=5.170e-10, trial=0, Lambda=1.2339460808244847e-06, theta=0.0, startopt_ratio=0.9999999865744338
out=/Users/ivanbesevic/Documents/poussiere/benchmarks/smale17_candidate_suite/201_ks2x2_seed0.json
",3,True,12,6,0.03285503387451172,1.75,7,4,0.09217596054077148,5.169912724924825e-10
7.631521572941402e-16,4,"2,2",4,1.0,2,20,301,6575,1643.75,12,3.0,/Users/ivanbesevic/Documents/poussiere/benchmarks/smale17_candidate_suite/301_ks2x2_seed0.json,3.9968028886505635e-15,1.6431669707406867e-15,2.7714732939251077,4.4302010384677295e-16,1.0048591735576161e-14,2,4,4,0,0.02435445785522461,0,1580,395.0,,"========================================================================================================================
301 autonomous ANCHORED FULL-CUBIC HALLEY NumPy Pandrosion
No dependency on previous Python scripts; anchored divided-difference Q plus full cubic finite-slope Halley only; no raw Pandrosion-step acceptance, no Newton/Jacobian fallback path.
========================================================================================================================
case=ks(2,2), seed=125315038, terms=12, Bezout=4
roots=4/4 success=True trials=36 duplicates=20 failures=12
seconds: generation=0.01, extract=0.09, total=0.10
best_root: residual=7.632e-16, trial=0, Lambda=1.2339460808244847e-06, theta=0.0, startopt_ratio=0.9999999865744338
out=/Users/ivanbesevic/Documents/poussiere/benchmarks/smale17_candidate_suite/301_ks2x2_seed0.json
",3,True,12,6,0.09741783142089844,9.0,36,4,0.15096020698547363,5.009881802543133e-09
2.8441001681421824e-16,4,"2,2",4,1.0,2,3,200,1970,492.5,0,0.0,/Users/ivanbesevic/Documents/poussiere/benchmarks/smale17_candidate_suite/200_ks2x2_seed1.json,4.08865160135725e-16,6.2919681189149154e-15,2.632389489279072,2.0700592833221476e-16,2.561164539358973e-14,2,4,4,0,0.007804214954376221,1,394,98.5,,"========================================================================================================================
200 autonomous 118-BACKBONE + EQUAL-VALUE SAFE + GATED FINITE-SLOPE HALLEY NumPy Pandrosion
No dependency on previous Python scripts; 118-style homothetic/Mobius starts + 120 equal-value-safe probes + gated finite-slope Halley correction; no Newton/Jacobian fallback path.
========================================================================================================================
case=ks(2,2), seed=1102160111, terms=12, Bezout=4
roots=4/4 success=True trials=7 duplicates=3 failures=0
seconds: generation=0.01, extract=0.02, total=0.03
best_root: residual=1.762e-10, trial=2, Lambda=1048576.0, theta=164.0, startopt_ratio=0.007225009081018349
out=/Users/ivanbesevic/Documents/poussiere/benchmarks/smale17_candidate_suite/200_ks2x2_seed1.json
",3,True,12,6,0.031216859817504883,1.75,7,4,0.08387422561645508,1.761532548143407e-10
5.155369359468229e-16,4,"2,2",4,1.0,2,3,201,1970,492.5,0,0.0,/Users/ivanbesevic/Documents/poussiere/benchmarks/smale17_candidate_suite/201_ks2x2_seed1.json,3.510833468576701e-16,1.7500533113930958e-14,2.632389489062893,3.164528887830811e-16,7.11392364266206e-14,2,4,4,0,0.008104503154754639,1,394,98.5,,"========================================================================================================================
201 autonomous LOG-STABLE OPTIMAL-PROBE TENSOR-HALLEY NumPy Pandrosion
No dependency on previous Python scripts; 118/120/200 backbone + logarithmic stability + optimal-probe energy + tensorial gated finite-slope Halley; no Newton/Jacobian fallback path.
========================================================================================================================
case=ks(2,2), seed=1102160111, terms=12, Bezout=4
roots=4/4 success=True trials=7 duplicates=3 failures=0
seconds: generation=0.01, extract=0.02, total=0.03
best_root: residual=2.157e-10, trial=2, Lambda=1048576.0, theta=164.0, startopt_ratio=0.007225009081018349
out=/Users/ivanbesevic/Documents/poussiere/benchmarks/smale17_candidate_suite/201_ks2x2_seed1.json
",3,True,12,6,0.032418012619018555,1.75,7,4,0.08611202239990234,2.15650841840864e-10
7.832041159795668e-16,4,"2,2",4,1.0,2,5,301,2733,683.25,5,1.25,/Users/ivanbesevic/Documents/poussiere/benchmarks/smale17_candidate_suite/301_ks2x2_seed1.json,4.878984946956307e-16,3.0407368392380628e-12,2.6323894887241868,3.040733721175266e-16,1.3317774958330842e-11,2,4,4,0,0.011665761470794678,1,670,167.5,,"========================================================================================================================
301 autonomous ANCHORED FULL-CUBIC HALLEY NumPy Pandrosion
No dependency on previous Python scripts; anchored divided-difference Q plus full cubic finite-slope Halley only; no raw Pandrosion-step acceptance, no Newton/Jacobian fallback path.
========================================================================================================================
case=ks(2,2), seed=1102160111, terms=12, Bezout=4
roots=4/4 success=True trials=14 duplicates=5 failures=5
seconds: generation=0.01, extract=0.04, total=0.05
best_root: residual=7.832e-16, trial=11, Lambda=122.2530862738412, theta=72.0, startopt_ratio=0.001327987738673062
out=/Users/ivanbesevic/Documents/poussiere/benchmarks/smale17_candidate_suite/301_ks2x2_seed1.json
",3,True,12,6,0.04666304588317871,3.5,14,4,0.099517822265625,3.478215255963923e-09
3.247402347028583e-15,4,"2,2",4,1.0,2,4,200,2519,629.75,2,0.5,/Users/ivanbesevic/Documents/poussiere/benchmarks/smale17_candidate_suite/200_ks2x2_seed2.json,1.4087150935148696e-15,6.5207329009802214e-12,2.052802982373585,5.139878111654175e-16,2.868905078076444e-11,2,4,4,0,0.009871959686279297,2,584,146.0,,"========================================================================================================================
200 autonomous 118-BACKBONE + EQUAL-VALUE SAFE + GATED FINITE-SLOPE HALLEY NumPy Pandrosion
No dependency on previous Python scripts; 118-style homothetic/Mobius starts + 120 equal-value-safe probes + gated finite-slope Halley correction; no Newton/Jacobian fallback path.
========================================================================================================================
case=ks(2,2), seed=1416315366, terms=12, Bezout=4
roots=4/4 success=True trials=10 duplicates=4 failures=2
seconds: generation=0.01, extract=0.03, total=0.04
best_root: residual=3.187e-14, trial=9, Lambda=1048576.0, theta=24.000000000000004, startopt_ratio=0.001224992337621971
out=/Users/ivanbesevic/Documents/poussiere/benchmarks/smale17_candidate_suite/200_ks2x2_seed2.json
",3,True,12,6,0.03948783874511719,2.5,10,4,0.09224104881286621,7.572684128450162e-09
3.927683650008203e-16,4,"2,2",4,1.0,2,4,201,2556,639.0,2,0.5,/Users/ivanbesevic/Documents/poussiere/benchmarks/smale17_candidate_suite/201_ks2x2_seed2.json,6.661338147750939e-16,3.452314388811097e-14,2.0528029817110527,4.0763051304783425e-16,1.3746771448506478e-13,2,4,4,0,0.01113218069076538,2,590,147.5,,"========================================================================================================================
201 autonomous LOG-STABLE OPTIMAL-PROBE TENSOR-HALLEY NumPy Pandrosion
No dependency on previous Python scripts; 118/120/200 backbone + logarithmic stability + optimal-probe energy + tensorial gated finite-slope Halley; no Newton/Jacobian fallback path.
========================================================================================================================
case=ks(2,2), seed=1416315366, terms=12, Bezout=4
roots=4/4 success=True trials=10 duplicates=4 failures=2
seconds: generation=0.01, extract=0.03, total=0.04
best_root: residual=1.375e-13, trial=9, Lambda=1048576.0, theta=24.000000000000004, startopt_ratio=0.001224992337621971
out=/Users/ivanbesevic/Documents/poussiere/benchmarks/smale17_candidate_suite/201_ks2x2_seed2.json
",4,True,12,6,0.04452872276306152,2.5,10,4,0.10113191604614258,7.141009937724729e-11
3.3422138886441676e-16,4,"2,2",4,1.0,2,34,301,9609,2402.25,18,4.5,/Users/ivanbesevic/Documents/poussiere/benchmarks/smale17_candidate_suite/301_ks2x2_seed2.json,9.08756711201214e-16,9.948994676180843e-16,2.0528029815466633,4.702588167172724e-16,2.9062619228322592e-15,2,4,4,0,0.034611284732818604,2,2292,573.0,,"========================================================================================================================
301 autonomous ANCHORED FULL-CUBIC HALLEY NumPy Pandrosion
No dependency on previous Python scripts; anchored divided-difference Q plus full cubic finite-slope Halley only; no raw Pandrosion-step acceptance, no Newton/Jacobian fallback path.
========================================================================================================================
case=ks(2,2), seed=1416315366, terms=12, Bezout=4
roots=4/4 success=True trials=56 duplicates=34 failures=18
seconds: generation=0.01, extract=0.13, total=0.14
best_root: residual=2.846e-15, trial=55, Lambda=46.43731958238136, theta=108.0, startopt_ratio=0.00327251969389865
out=/Users/ivanbesevic/Documents/poussiere/benchmarks/smale17_candidate_suite/301_ks2x2_seed2.json
",3,True,12,6,0.13844513893127441,14.0,56,4,0.1926882266998291,4.140994481037676e-09
5.008035812649783e-16,4,"2,2",4,1.0,2,11,200,4459,1114.75,3,0.75,/Users/ivanbesevic/Documents/poussiere/benchmarks/smale17_candidate_suite/200_ks2x2_seed3.json,2.8441001681421824e-16,2.5652954694053297e-16,2.0240219198405858,2.740863092043355e-16,9.630824789273724e-16,2,4,4,0,0.014882504940032959,3,958,239.5,,"========================================================================================================================
200 autonomous 118-BACKBONE + EQUAL-VALUE SAFE + GATED FINITE-SLOPE HALLEY NumPy Pandrosion
No dependency on previous Python scripts; 118-style homothetic/Mobius starts + 120 equal-value-safe probes + gated finite-slope Halley correction; no Newton/Jacobian fallback path.
========================================================================================================================
case=ks(2,2), seed=1103600935, terms=12, Bezout=4
roots=4/4 success=True trials=18 duplicates=11 failures=3
seconds: generation=0.01, extract=0.05, total=0.06
best_root: residual=5.217e-16, trial=7, Lambda=488957.28170624166, theta=18.0, startopt_ratio=0.3364000542187284
out=/Users/ivanbesevic/Documents/poussiere/benchmarks/smale17_candidate_suite/200_ks2x2_seed3.json
",4,True,12,6,0.059530019760131836,4.5,18,4,0.11297488212585449,1.0503202712244532e-15
2.8576114088871287e-16,4,"2,2",4,1.0,2,11,201,4459,1114.75,3,0.75,/Users/ivanbesevic/Documents/poussiere/benchmarks/smale17_candidate_suite/201_ks2x2_seed3.json,3.040470972244059e-16,1.8445497760137204e-16,2.024021919840586,2.8390123161096496e-16,4.967007407645019e-16,2,4,4,0,0.015446960926055908,3,958,239.5,,"========================================================================================================================
201 autonomous LOG-STABLE OPTIMAL-PROBE TENSOR-HALLEY NumPy Pandrosion
No dependency on previous Python scripts; 118/120/200 backbone + logarithmic stability + optimal-probe energy + tensorial gated finite-slope Halley; no Newton/Jacobian fallback path.
========================================================================================================================
case=ks(2,2), seed=1103600935, terms=12, Bezout=4
roots=4/4 success=True trials=18 duplicates=11 failures=3
seconds: generation=0.01, extract=0.05, total=0.06
best_root: residual=2.858e-16, trial=7, Lambda=488957.28170624166, theta=18.0, startopt_ratio=0.3364000542187284
out=/Users/ivanbesevic/Documents/poussiere/benchmarks/smale17_candidate_suite/201_ks2x2_seed3.json
",4,True,12,6,0.06178784370422363,4.5,18,4,0.11440014839172363,3.1313406925571506e-15
6.305236623395947e-16,4,"2,2",4,1.0,2,5,301,2740,685.0,7,1.75,/Users/ivanbesevic/Documents/poussiere/benchmarks/smale17_candidate_suite/301_ks2x2_seed3.json,5.155369359468229e-16,5.196071525942672e-16,2.024021919840586,3.6423941184140053e-16,1.8474145323799477e-15,2,4,4,0,0.011874496936798096,3,652,163.0,,"========================================================================================================================
301 autonomous ANCHORED FULL-CUBIC HALLEY NumPy Pandrosion
No dependency on previous Python scripts; anchored divided-difference Q plus full cubic finite-slope Halley only; no raw Pandrosion-step acceptance, no Newton/Jacobian fallback path.
========================================================================================================================
case=ks(2,2), seed=1103600935, terms=12, Bezout=4
roots=4/4 success=True trials=16 duplicates=5 failures=7
seconds: generation=0.01, extract=0.04, total=0.05
best_root: residual=1.847e-15, trial=6, Lambda=2456.0042175443955, theta=12.000000000000002, startopt_ratio=0.15998389246656194
out=/Users/ivanbesevic/Documents/poussiere/benchmarks/smale17_candidate_suite/301_ks2x2_seed3.json
",4,True,12,6,0.04749798774719238,4.0,16,4,0.10050821304321289,3.127737461881519e-11
6.591583993652515e-16,4,"2,2",4,1.0,2,7,200,3256,814.0,2,0.5,/Users/ivanbesevic/Documents/poussiere/benchmarks/smale17_candidate_suite/200_ks2x2_seed4.json,2.5438405243138006e-16,1.6069620411292336e-14,2.912574966108254,2.351490101248793e-16,6.104200773166884e-14,2,4,4,0,0.011041998863220215,4,654,163.5,,"========================================================================================================================
200 autonomous 118-BACKBONE + EQUAL-VALUE SAFE + GATED FINITE-SLOPE HALLEY NumPy Pandrosion
No dependency on previous Python scripts; 118-style homothetic/Mobius starts + 120 equal-value-safe probes + gated finite-slope Halley correction; no Newton/Jacobian fallback path.
========================================================================================================================
case=ks(2,2), seed=809515332, terms=12, Bezout=4
roots=4/4 success=True trials=13 duplicates=7 failures=2
seconds: generation=0.01, extract=0.04, total=0.04
best_root: residual=6.104e-14, trial=0, Lambda=1.2339460808244847e-06, theta=0.0, startopt_ratio=0.999999991585299
out=/Users/ivanbesevic/Documents/poussiere/benchmarks/smale17_candidate_suite/200_ks2x2_seed4.json
",3,True,12,6,0.04416799545288086,3.25,13,4,0.09719610214233398,1.1974125565724708e-09
1.6476622377199301e-15,4,"2,2",4,1.0,2,7,201,3256,814.0,2,0.5,/Users/ivanbesevic/Documents/poussiere/benchmarks/smale17_candidate_suite/201_ks2x2_seed4.json,2.636779683484747e-16,4.846262504923629e-14,2.912574966821396,2.482534153247273e-16,1.798634820682585e-13,2,4,4,0,0.011518299579620361,4,654,163.5,,"========================================================================================================================
201 autonomous LOG-STABLE OPTIMAL-PROBE TENSOR-HALLEY NumPy Pandrosion
No dependency on previous Python scripts; 118/120/200 backbone + logarithmic stability + optimal-probe energy + tensorial gated finite-slope Halley; no Newton/Jacobian fallback path.
========================================================================================================================
case=ks(2,2), seed=809515332, terms=12, Bezout=4
roots=4/4 success=True trials=13 duplicates=7 failures=2
seconds: generation=0.01, extract=0.04, total=0.05
best_root: residual=1.799e-13, trial=0, Lambda=1.2339460808244847e-06, theta=0.0, startopt_ratio=0.999999991585299
out=/Users/ivanbesevic/Documents/poussiere/benchmarks/smale17_candidate_suite/201_ks2x2_seed4.json
",3,True,12,6,0.046073198318481445,3.25,13,4,0.09904813766479492,2.2190948521745726e-09
8.95090418262362e-16,4,"2,2",4,1.0,2,8,301,3926,981.5,17,4.25,/Users/ivanbesevic/Documents/poussiere/benchmarks/smale17_candidate_suite/301_ks2x2_seed4.json,3.554447978966673e-16,2.579501817311994e-09,2.9125749415508206,3.3716604186303726e-16,4.360393982518402e-09,2,4,4,0,0.015887975692749023,4,906,226.5,,"========================================================================================================================
301 autonomous ANCHORED FULL-CUBIC HALLEY NumPy Pandrosion
No dependency on previous Python scripts; anchored divided-difference Q plus full cubic finite-slope Halley only; no raw Pandrosion-step acceptance, no Newton/Jacobian fallback path.
========================================================================================================================
case=ks(2,2), seed=809515332, terms=12, Bezout=4
roots=4/4 success=True trials=29 duplicates=8 failures=17
seconds: generation=0.01, extract=0.06, total=0.06
best_root: residual=9.756e-09, trial=3, Lambda=21569.02416483192, theta=48.00000000000001, startopt_ratio=0.01440067106281099
out=/Users/ivanbesevic/Documents/poussiere/benchmarks/smale17_candidate_suite/301_ks2x2_seed4.json
",2,True,12,6,0.0635519027709961,7.25,29,4,0.11703896522521973,9.75621158803425e-09
1.3190645678199738e-14,4,"2,2",4,1.0,2,33,200,9074,2268.5,4,1.0,/Users/ivanbesevic/Documents/poussiere/benchmarks/smale17_candidate_suite/200_ks2x2_seed5.json,9.930136612989092e-16,4.010295061033505e-14,2.366014760320464,3.883219828408155e-16,2.1912742711320218e-13,2,4,4,0,0.027815282344818115,5,1928,482.0,,"========================================================================================================================
200 autonomous 118-BACKBONE + EQUAL-VALUE SAFE + GATED FINITE-SLOPE HALLEY NumPy Pandrosion
No dependency on previous Python scripts; 118-style homothetic/Mobius starts + 120 equal-value-safe probes + gated finite-slope Halley correction; no Newton/Jacobian fallback path.
========================================================================================================================
case=ks(2,2), seed=1170807137, terms=12, Bezout=4
roots=4/4 success=True trials=41 duplicates=33 failures=4
seconds: generation=0.01, extract=0.10, total=0.11
best_root: residual=6.355e-14, trial=0, Lambda=1.2339460808244847e-06, theta=0.0, startopt_ratio=0.9999999967753302
out=/Users/ivanbesevic/Documents/poussiere/benchmarks/smale17_candidate_suite/200_ks2x2_seed5.json
",3,True,12,6,0.11126112937927246,10.25,41,4,0.1665651798248291,6.778752218831865e-10
7.164990967162513e-14,4,"2,2",4,1.0,2,33,201,9185,2296.25,4,1.0,/Users/ivanbesevic/Documents/poussiere/benchmarks/smale17_candidate_suite/201_ks2x2_seed5.json,1.0706603116298291e-15,1.260699176048167e-13,2.3660147603205237,7.946461769918381e-16,6.972683295129259e-13,2,4,4,0,0.02919250726699829,5,1946,486.5,,"========================================================================================================================
201 autonomous LOG-STABLE OPTIMAL-PROBE TENSOR-HALLEY NumPy Pandrosion
No dependency on previous Python scripts; 118/120/200 backbone + logarithmic stability + optimal-probe energy + tensorial gated finite-slope Halley; no Newton/Jacobian fallback path.
========================================================================================================================
case=ks(2,2), seed=1170807137, terms=12, Bezout=4
roots=4/4 success=True trials=41 duplicates=33 failures=4
seconds: generation=0.01, extract=0.11, total=0.12
best_root: residual=1.944e-13, trial=0, Lambda=1.2339460808244847e-06, theta=0.0, startopt_ratio=0.9999999967753302
out=/Users/ivanbesevic/Documents/poussiere/benchmarks/smale17_candidate_suite/201_ks2x2_seed5.json
",3,True,12,6,0.11677002906799316,10.25,41,4,0.17400074005126953,1.4453850484402968e-09
1.742422441410819e-15,4,"2,2",4,1.0,2,15,301,5056,1264.0,13,3.25,/Users/ivanbesevic/Documents/poussiere/benchmarks/smale17_candidate_suite/301_ks2x2_seed5.json,9.742167503148516e-16,9.32798494170573e-16,2.366014760027864,4.212283313044147e-16,3.2177320244274195e-15,2,4,4,0,0.01936548948287964,5,1188,297.0,,"========================================================================================================================
301 autonomous ANCHORED FULL-CUBIC HALLEY NumPy Pandrosion
No dependency on previous Python scripts; anchored divided-difference Q plus full cubic finite-slope Halley only; no raw Pandrosion-step acceptance, no Newton/Jacobian fallback path.
========================================================================================================================
case=ks(2,2), seed=1170807137, terms=12, Bezout=4
roots=4/4 success=True trials=32 duplicates=15 failures=13
seconds: generation=0.01, extract=0.07, total=0.08
best_root: residual=1.742e-15, trial=0, Lambda=1.2339460808244847e-06, theta=0.0, startopt_ratio=0.9999999967753302
out=/Users/ivanbesevic/Documents/poussiere/benchmarks/smale17_candidate_suite/301_ks2x2_seed5.json
",3,True,12,6,0.07746195793151855,8.0,32,4,0.13113999366760254,2.4953297345372186e-09
5.694967977388552e-16,4,"2,2",4,1.0,2,4,200,2899,724.75,4,1.0,/Users/ivanbesevic/Documents/poussiere/benchmarks/smale17_candidate_suite/200_ks2x2_seed6.json,4.3709524189038457e-16,5.238700062579224e-13,1.7898378578517533,2.219360520867874e-16,1.6443728932974632e-12,2,4,4,0,0.010294735431671143,6,616,154.0,,"========================================================================================================================
200 autonomous 118-BACKBONE + EQUAL-VALUE SAFE + GATED FINITE-SLOPE HALLEY NumPy Pandrosion
No dependency on previous Python scripts; 118-style homothetic/Mobius starts + 120 equal-value-safe probes + gated finite-slope Halley correction; no Newton/Jacobian fallback path.
========================================================================================================================
case=ks(2,2), seed=2107584491, terms=12, Bezout=4
roots=4/4 success=True trials=12 duplicates=4 failures=4
seconds: generation=0.01, extract=0.03, total=0.04
best_root: residual=7.582e-09, trial=3, Lambda=293807.40864676586, theta=100.0, startopt_ratio=0.014399831217046064
out=/Users/ivanbesevic/Documents/poussiere/benchmarks/smale17_candidate_suite/200_ks2x2_seed6.json
",3,True,12,6,0.04117894172668457,3.0,12,4,0.09361505508422852,7.581593166838343e-09
5.926969055564841e-16,4,"2,2",4,1.0,2,4,201,2936,734.0,4,1.0,/Users/ivanbesevic/Documents/poussiere/benchmarks/smale17_candidate_suite/201_ks2x2_seed6.json,3.040470972244059e-16,4.1098708126817913e-16,1.7898378578497454,2.377345414280534e-16,8.839399178891638e-16,2,4,4,0,0.0109025239944458,6,622,155.5,,"========================================================================================================================
201 autonomous LOG-STABLE OPTIMAL-PROBE TENSOR-HALLEY NumPy Pandrosion
No dependency on previous Python scripts; 118/120/200 backbone + logarithmic stability + optimal-probe energy + tensorial gated finite-slope Halley; no Newton/Jacobian fallback path.
========================================================================================================================
case=ks(2,2), seed=2107584491, terms=12, Bezout=4
roots=4/4 success=True trials=12 duplicates=4 failures=4
seconds: generation=0.01, extract=0.04, total=0.04
best_root: residual=5.927e-16, trial=3, Lambda=293807.40864676586, theta=100.0, startopt_ratio=0.014399831217046064
out=/Users/ivanbesevic/Documents/poussiere/benchmarks/smale17_candidate_suite/201_ks2x2_seed6.json
",4,True,12,6,0.0436100959777832,3.0,12,4,0.09792017936706543,4.654087439905328e-12
4.373154964984119e-16,4,"2,2",4,1.0,2,18,301,5886,1471.5,7,1.75,/Users/ivanbesevic/Documents/poussiere/benchmarks/smale17_candidate_suite/301_ks2x2_seed6.json,4.941739743737033e-16,4.748900666445209e-16,1.789837857852849,2.4478008258279503e-16,1.531343299291801e-15,2,4,4,0,0.022600233554840088,6,1404,351.0,,"========================================================================================================================
301 autonomous ANCHORED FULL-CUBIC HALLEY NumPy Pandrosion
No dependency on previous Python scripts; anchored divided-difference Q plus full cubic finite-slope Halley only; no raw Pandrosion-step acceptance, no Newton/Jacobian fallback path.
========================================================================================================================
case=ks(2,2), seed=2107584491, terms=12, Bezout=4
roots=4/4 success=True trials=29 duplicates=18 failures=7
seconds: generation=0.01, extract=0.08, total=0.09
best_root: residual=1.531e-15, trial=28, Lambda=1048576.0, theta=48.00000000000001, startopt_ratio=0.0011527947347883508
out=/Users/ivanbesevic/Documents/poussiere/benchmarks/smale17_candidate_suite/301_ks2x2_seed6.json
",4,True,12,6,0.09040093421936035,7.25,29,4,0.14902925491333008,7.32558257878884e-15
5.117875266520903e-16,4,"2,2",4,1.0,2,5,200,2796,699.0,2,0.5,/Users/ivanbesevic/Documents/poussiere/benchmarks/smale17_candidate_suite/200_ks2x2_seed7.json,2.0350724194510405e-15,1.347031860098827e-14,2.653553743886927,4.803553072784703e-16,4.472435308366877e-14,2,4,4,0,0.010215461254119873,7,614,153.5,,"========================================================================================================================
200 autonomous 118-BACKBONE + EQUAL-VALUE SAFE + GATED FINITE-SLOPE HALLEY NumPy Pandrosion
No dependency on previous Python scripts; 118-style homothetic/Mobius starts + 120 equal-value-safe probes + gated finite-slope Halley correction; no Newton/Jacobian fallback path.
========================================================================================================================
case=ks(2,2), seed=1695931524, terms=12, Bezout=4
roots=4/4 success=True trials=11 duplicates=5 failures=2
seconds: generation=0.01, extract=0.03, total=0.04
best_root: residual=4.472e-14, trial=2, Lambda=1048576.0, theta=164.0, startopt_ratio=0.007224947669521331
out=/Users/ivanbesevic/Documents/poussiere/benchmarks/smale17_candidate_suite/200_ks2x2_seed7.json
",4,True,12,6,0.04086184501647949,2.75,11,4,0.09541487693786621,1.9850957580784748e-10
7.776515945702112e-16,4,"2,2",4,1.0,2,5,201,2782,695.5,2,0.5,/Users/ivanbesevic/Documents/poussiere/benchmarks/smale17_candidate_suite/201_ks2x2_seed7.json,1.9100999153570945e-15,5.33708185958941e-14,2.6535537438869534,5.074618599046699e-16,1.562749235375642e-13,2,4,4,0,0.010527729988098145,7,614,153.5,,"========================================================================================================================
201 autonomous LOG-STABLE OPTIMAL-PROBE TENSOR-HALLEY NumPy Pandrosion
No dependency on previous Python scripts; 118/120/200 backbone + logarithmic stability + optimal-probe energy + tensorial gated finite-slope Halley; no Newton/Jacobian fallback path.
========================================================================================================================
case=ks(2,2), seed=1695931524, terms=12, Bezout=4
roots=4/4 success=True trials=11 duplicates=5 failures=2
seconds: generation=0.01, extract=0.03, total=0.04
best_root: residual=1.563e-13, trial=2, Lambda=1048576.0, theta=164.0, startopt_ratio=0.007224947669521331
out=/Users/ivanbesevic/Documents/poussiere/benchmarks/smale17_candidate_suite/201_ks2x2_seed7.json
",3,True,12,6,0.04211091995239258,2.75,11,4,0.09598779678344727,3.3912740374601835e-10
4.585973723508303e-16,4,"2,2",4,1.0,2,3,301,2549,637.25,5,1.25,/Users/ivanbesevic/Documents/poussiere/benchmarks/smale17_candidate_suite/301_ks2x2_seed7.json,1.1322097734007351e-15,9.589720652740612e-16,2.6535537438870866,8.94666204388757e-16,3.531835650735641e-15,2,4,4,0,0.011182725429534912,7,636,159.0,,"========================================================================================================================
301 autonomous ANCHORED FULL-CUBIC HALLEY NumPy Pandrosion
No dependency on previous Python scripts; anchored divided-difference Q plus full cubic finite-slope Halley only; no raw Pandrosion-step acceptance, no Newton/Jacobian fallback path.
========================================================================================================================
case=ks(2,2), seed=1695931524, terms=12, Bezout=4
roots=4/4 success=True trials=12 duplicates=3 failures=5
seconds: generation=0.01, extract=0.04, total=0.04
best_root: residual=1.655e-12, trial=9, Lambda=3914.615777532087, theta=94.0, startopt_ratio=0.0012284111840931305
out=/Users/ivanbesevic/Documents/poussiere/benchmarks/smale17_candidate_suite/301_ks2x2_seed7.json
",4,True,12,6,0.04473090171813965,3.0,12,4,0.09797191619873047,1.654999442879672e-12
1.7979101253009106e-15,9,"2,3",9,1.0,3,95,200,32391,3599.0,5,0.5555555555555556,/Users/ivanbesevic/Documents/poussiere/benchmarks/smale17_candidate_suite/200_ks2x3_seed0.json,6.12222357532858e-13,8.889857491365346e-14,4.13259882078222,1.4111738243378813e-15,7.119751817619263e-13,2,9,9,0,0.04479710261027018,0,7372,819.1111111111111,,"========================================================================================================================
200 autonomous 118-BACKBONE + EQUAL-VALUE SAFE + GATED FINITE-SLOPE HALLEY NumPy Pandrosion
No dependency on previous Python scripts; 118-style homothetic/Mobius starts + 120 equal-value-safe probes + gated finite-slope Halley correction; no Newton/Jacobian fallback path.
========================================================================================================================
case=ks(2,3), seed=1758292748, terms=20, Bezout=9
roots=9/9 success=True trials=109 duplicates=95 failures=5
seconds: generation=0.01, extract=0.39, total=0.40
best_root: residual=7.120e-13, trial=5, Lambda=307241.8482784513, theta=108.0, startopt_ratio=0.01968298669494411
out=/Users/ivanbesevic/Documents/poussiere/benchmarks/smale17_candidate_suite/200_ks2x3_seed0.json
",6,True,20,10,0.40317392349243164,12.11111111111111,109,9,0.45787596702575684,3.6760605067782103e-09
3.6624741468941755e-15,9,"2,3",9,1.0,3,95,201,32377,3597.4444444444443,5,0.5555555555555556,/Users/ivanbesevic/Documents/poussiere/benchmarks/smale17_candidate_suite/201_ks2x3_seed0.json,6.148555841259604e-13,2.4314407799668926e-13,4.132598820782206,1.237537672871711e-15,2.6059968190221707e-12,2,9,9,0,0.04387577374776205,0,7372,819.1111111111111,,"========================================================================================================================
201 autonomous LOG-STABLE OPTIMAL-PROBE TENSOR-HALLEY NumPy Pandrosion
No dependency on previous Python scripts; 118/120/200 backbone + logarithmic stability + optimal-probe energy + tensorial gated finite-slope Halley; no Newton/Jacobian fallback path.
========================================================================================================================
case=ks(2,3), seed=1758292748, terms=20, Bezout=9
roots=9/9 success=True trials=109 duplicates=95 failures=5
seconds: generation=0.01, extract=0.39, total=0.39
best_root: residual=2.606e-12, trial=5, Lambda=307241.8482784513, theta=108.0, startopt_ratio=0.01968298669494411
out=/Users/ivanbesevic/Documents/poussiere/benchmarks/smale17_candidate_suite/201_ks2x3_seed0.json
",6,True,20,10,0.3948819637298584,12.11111111111111,109,9,0.4500858783721924,6.330169684615451e-09
2.1305003386368745e-15,9,"2,3",9,1.0,3,52,301,19117,2124.1111111111113,5,0.5555555555555556,/Users/ivanbesevic/Documents/poussiere/benchmarks/smale17_candidate_suite/301_ks2x3_seed0.json,7.30166935833559e-13,3.1110285435968e-14,4.132598820782228,1.5059797815742444e-15,9.257115758712225e-13,2,9,9,0,0.03063986036512587,0,4932,548.0,,"========================================================================================================================
301 autonomous ANCHORED FULL-CUBIC HALLEY NumPy Pandrosion
No dependency on previous Python scripts; anchored divided-difference Q plus full cubic finite-slope Halley only; no raw Pandrosion-step acceptance, no Newton/Jacobian fallback path.
========================================================================================================================
case=ks(2,3), seed=1758292748, terms=20, Bezout=9
roots=9/9 success=True trials=66 duplicates=52 failures=5
seconds: generation=0.01, extract=0.27, total=0.28
best_root: residual=9.257e-13, trial=11, Lambda=432941.77535487816, theta=32.0, startopt_ratio=4.427629547747471e-05
out=/Users/ivanbesevic/Documents/poussiere/benchmarks/smale17_candidate_suite/301_ks2x3_seed0.json
",8,True,20,10,0.2757587432861328,7.333333333333333,66,9,0.3370051383972168,1.9881261336712133e-10
5.580527502014626e-16,9,"2,3",9,1.0,3,78,200,26498,2944.222222222222,2,0.2222222222222222,/Users/ivanbesevic/Documents/poussiere/benchmarks/smale17_candidate_suite/200_ks2x3_seed1.json,1.0950198975068616e-14,1.3410730800441886e-13,3.8216419896550464,1.5121695086765124e-15,6.526520439180524e-13,2,9,9,0,0.035674201117621526,1,6198,688.6666666666666,,"========================================================================================================================
200 autonomous 118-BACKBONE + EQUAL-VALUE SAFE + GATED FINITE-SLOPE HALLEY NumPy Pandrosion
No dependency on previous Python scripts; 118-style homothetic/Mobius starts + 120 equal-value-safe probes + gated finite-slope Halley correction; no Newton/Jacobian fallback path.
========================================================================================================================
case=ks(2,3), seed=788669912, terms=20, Bezout=9
roots=9/9 success=True trials=89 duplicates=78 failures=2
seconds: generation=0.01, extract=0.31, total=0.32
best_root: residual=4.701e-10, trial=14, Lambda=6659.569431669384, theta=172.0, startopt_ratio=3.326225767785401e-05
out=/Users/ivanbesevic/Documents/poussiere/benchmarks/smale17_candidate_suite/200_ks2x3_seed1.json
",6,True,20,10,0.32106781005859375,9.88888888888889,89,9,0.3763699531555176,1.178744037338e-09
4.373154964984119e-16,9,"2,3",9,1.0,3,78,201,26544,2949.3333333333335,2,0.2222222222222222,/Users/ivanbesevic/Documents/poussiere/benchmarks/smale17_candidate_suite/201_ks2x3_seed1.json,1.1916163935586911e-14,4.242758956798159e-13,3.8216419896576874,1.0148829165269725e-15,2.060771555637337e-12,2,9,9,0,0.037168794208102755,1,6210,690.0,,"========================================================================================================================
201 autonomous LOG-STABLE OPTIMAL-PROBE TENSOR-HALLEY NumPy Pandrosion
No dependency on previous Python scripts; 118/120/200 backbone + logarithmic stability + optimal-probe energy + tensorial gated finite-slope Halley; no Newton/Jacobian fallback path.
========================================================================================================================
case=ks(2,3), seed=788669912, terms=20, Bezout=9
roots=9/9 success=True trials=89 duplicates=78 failures=2
seconds: generation=0.01, extract=0.33, total=0.33
best_root: residual=1.008e-09, trial=14, Lambda=6659.569431669384, theta=172.0, startopt_ratio=3.326225767785401e-05
out=/Users/ivanbesevic/Documents/poussiere/benchmarks/smale17_candidate_suite/201_ks2x3_seed1.json
",6,True,20,10,0.3345191478729248,9.88888888888889,89,9,0.39003801345825195,1.806522795696952e-09
1.711418785518059e-15,9,"2,3",9,1.0,3,78,301,30655,3406.1111111111113,36,4.0,/Users/ivanbesevic/Documents/poussiere/benchmarks/smale17_candidate_suite/301_ks2x3_seed1.json,1.0509068785146553e-14,3.701777319506352e-15,3.821641989653754,1.5283219021373867e-15,2.763362727283444e-14,2,9,9,0,0.04887069596184625,1,7876,875.1111111111111,,"========================================================================================================================
301 autonomous ANCHORED FULL-CUBIC HALLEY NumPy Pandrosion
No dependency on previous Python scripts; anchored divided-difference Q plus full cubic finite-slope Halley only; no raw Pandrosion-step acceptance, no Newton/Jacobian fallback path.
========================================================================================================================
case=ks(2,3), seed=788669912, terms=20, Bezout=9
roots=9/9 success=True trials=123 duplicates=78 failures=36
seconds: generation=0.01, extract=0.43, total=0.44
best_root: residual=5.544e-15, trial=1, Lambda=356304.8104436325, theta=116.00000000000001, startopt_ratio=0.00016638126293411117
out=/Users/ivanbesevic/Documents/poussiere/benchmarks/smale17_candidate_suite/301_ks2x3_seed1.json
",6,True,20,10,0.4398362636566162,13.666666666666666,123,9,0.4955267906188965,1.7594559749543884e-09
1.0980128164946024e-15,9,"2,3",9,1.0,3,34,200,16328,1814.2222222222222,2,0.2222222222222222,/Users/ivanbesevic/Documents/poussiere/benchmarks/smale17_candidate_suite/200_ks2x3_seed2.json,9.453156263568069e-14,1.6283392163210782e-15,3.3664682862623736,1.4390135079995448e-15,7.264329320467945e-15,2,9,9,0,0.023075554105970595,2,3998,444.22222222222223,,"========================================================================================================================
200 autonomous 118-BACKBONE + EQUAL-VALUE SAFE + GATED FINITE-SLOPE HALLEY NumPy Pandrosion
No dependency on previous Python scripts; 118-style homothetic/Mobius starts + 120 equal-value-safe probes + gated finite-slope Halley correction; no Newton/Jacobian fallback path.
========================================================================================================================
case=ks(2,3), seed=2049645671, terms=20, Bezout=9
roots=9/9 success=True trials=45 duplicates=34 failures=2
seconds: generation=0.01, extract=0.20, total=0.21
best_root: residual=2.963e-15, trial=3, Lambda=475528.4351483534, theta=128.0, startopt_ratio=0.001728001819483042
out=/Users/ivanbesevic/Documents/poussiere/benchmarks/smale17_candidate_suite/200_ks2x3_seed2.json
",7,True,20,10,0.20767998695373535,5.0,45,9,0.2614758014678955,5.595667961663005e-09
4.652682298944613e-16,9,"2,3",9,1.0,3,34,201,16328,1814.2222222222222,2,0.2222222222222222,/Users/ivanbesevic/Documents/poussiere/benchmarks/smale17_candidate_suite/201_ks2x3_seed2.json,6.99803436660041e-14,3.3747725732457056e-15,3.366468286262372,1.0179146870343963e-15,2.0356552994310694e-14,2,9,9,0,0.024236679077148438,2,3998,444.22222222222223,,"========================================================================================================================
201 autonomous LOG-STABLE OPTIMAL-PROBE TENSOR-HALLEY NumPy Pandrosion
No dependency on previous Python scripts; 118/120/200 backbone + logarithmic stability + optimal-probe energy + tensorial gated finite-slope Halley; no Newton/Jacobian fallback path.
========================================================================================================================
case=ks(2,3), seed=2049645671, terms=20, Bezout=9
roots=9/9 success=True trials=45 duplicates=34 failures=2
seconds: generation=0.01, extract=0.21, total=0.22
best_root: residual=3.384e-15, trial=3, Lambda=475528.4351483534, theta=128.0, startopt_ratio=0.001728001819483042
out=/Users/ivanbesevic/Documents/poussiere/benchmarks/smale17_candidate_suite/201_ks2x3_seed2.json
",7,True,20,10,0.21813011169433594,5.0,45,9,0.2732071876525879,9.194560495480847e-09
1.8303955122475676e-15,9,"2,3",9,1.0,3,48,301,23691,2632.3333333333335,42,4.666666666666667,/Users/ivanbesevic/Documents/poussiere/benchmarks/smale17_candidate_suite/301_ks2x3_seed2.json,1.002973292933483e-13,8.0732228702079565e-16,3.3664682862623723,1.0344306052614396e-15,4.950150691486844e-15,2,9,9,0,0.038671784930759005,2,6124,680.4444444444445,,"========================================================================================================================
301 autonomous ANCHORED FULL-CUBIC HALLEY NumPy Pandrosion
No dependency on previous Python scripts; anchored divided-difference Q plus full cubic finite-slope Halley only; no raw Pandrosion-step acceptance, no Newton/Jacobian fallback path.
========================================================================================================================
case=ks(2,3), seed=2049645671, terms=20, Bezout=9
roots=9/9 success=True trials=99 duplicates=48 failures=42
seconds: generation=0.01, extract=0.34, total=0.35
best_root: residual=1.830e-15, trial=20, Lambda=977.508951716827, theta=0.0, startopt_ratio=0.0006150524635298679
out=/Users/ivanbesevic/Documents/poussiere/benchmarks/smale17_candidate_suite/301_ks2x3_seed2.json
",5,True,20,10,0.34804606437683105,11.0,99,9,0.40361976623535156,5.193536701007629e-09
4.782987168225453e-15,9,"2,3",9,1.0,3,41,200,16112,1790.2222222222222,0,0.0,/Users/ivanbesevic/Documents/poussiere/benchmarks/smale17_candidate_suite/200_ks2x3_seed3.json,2.435617787597637e-14,1.0974100474808036e-13,4.358030682749895,8.671119018262734e-16,2.31348230182794e-12,2,9,9,0,0.02268868022494846,3,3908,434.22222222222223,,"========================================================================================================================
200 autonomous 118-BACKBONE + EQUAL-VALUE SAFE + GATED FINITE-SLOPE HALLEY NumPy Pandrosion
No dependency on previous Python scripts; 118-style homothetic/Mobius starts + 120 equal-value-safe probes + gated finite-slope Halley correction; no Newton/Jacobian fallback path.
========================================================================================================================
case=ks(2,3), seed=899627301, terms=20, Bezout=9
roots=9/9 success=True trials=50 duplicates=41 failures=0
seconds: generation=0.01, extract=0.20, total=0.20
best_root: residual=1.743e-13, trial=20, Lambda=2356.5084255409383, theta=90.0, startopt_ratio=0.0006141116761831681
out=/Users/ivanbesevic/Documents/poussiere/benchmarks/smale17_candidate_suite/200_ks2x3_seed3.json
",5,True,20,10,0.20419812202453613,5.555555555555555,50,9,0.25965166091918945,4.190898511437896e-09
9.930136612989092e-16,9,"2,3",9,1.0,3,41,201,16260,1806.6666666666667,0,0.0,/Users/ivanbesevic/Documents/poussiere/benchmarks/smale17_candidate_suite/201_ks2x3_seed3.json,1.9459014222361976e-14,2.659468589733985e-13,4.358030682748351,2.175583928816829e-15,5.579007180489124e-12,2,9,9,0,0.023768557442559138,3,3932,436.8888888888889,,"========================================================================================================================
201 autonomous LOG-STABLE OPTIMAL-PROBE TENSOR-HALLEY NumPy Pandrosion
No dependency on previous Python scripts; 118/120/200 backbone + logarithmic stability + optimal-probe energy + tensorial gated finite-slope Halley; no Newton/Jacobian fallback path.
========================================================================================================================
case=ks(2,3), seed=899627301, terms=20, Bezout=9
roots=9/9 success=True trials=50 duplicates=41 failures=0
seconds: generation=0.01, extract=0.21, total=0.21
best_root: residual=6.534e-13, trial=20, Lambda=2356.5084255409383, theta=90.0, startopt_ratio=0.0006141116761831681
out=/Users/ivanbesevic/Documents/poussiere/benchmarks/smale17_candidate_suite/201_ks2x3_seed3.json
",5,True,20,10,0.21391701698303223,5.555555555555555,50,9,0.2685108184814453,7.054062714838539e-09
6.004449063730082e-16,9,"2,3",9,1.0,3,79,301,32263,3584.777777777778,37,4.111111111111111,/Users/ivanbesevic/Documents/poussiere/benchmarks/smale17_candidate_suite/301_ks2x3_seed3.json,1.0658141036401503e-14,2.7945321596842452e-14,4.358030682747375,1.6764000044290905e-15,2.3784615455207426e-13,2,9,9,0,0.05105710029602051,3,8222,913.5555555555555,,"========================================================================================================================
301 autonomous ANCHORED FULL-CUBIC HALLEY NumPy Pandrosion
No dependency on previous Python scripts; anchored divided-difference Q plus full cubic finite-slope Halley only; no raw Pandrosion-step acceptance, no Newton/Jacobian fallback path.
========================================================================================================================
case=ks(2,3), seed=899627301, terms=20, Bezout=9
roots=9/9 success=True trials=125 duplicates=79 failures=37
seconds: generation=0.01, extract=0.45, total=0.46
best_root: residual=5.956e-15, trial=4, Lambda=1048576.0, theta=91.0, startopt_ratio=0.005138136521985332
out=/Users/ivanbesevic/Documents/poussiere/benchmarks/smale17_candidate_suite/301_ks2x3_seed3.json
",7,True,20,10,0.45951390266418457,13.88888888888889,125,9,0.5146000385284424,6.575726195293013e-09
3.467364658907009e-16,9,"2,3",9,1.0,3,158,200,50027,5558.555555555556,7,0.7777777777777778,/Users/ivanbesevic/Documents/poussiere/benchmarks/smale17_candidate_suite/200_ks2x3_seed4.json,8.702335715267317e-15,1.345832334004888e-15,3.217366649066451,1.0068810866857322e-15,9.445544954514262e-15,2,9,9,0,0.06470322608947754,4,11042,1226.888888888889,,"========================================================================================================================
200 autonomous 118-BACKBONE + EQUAL-VALUE SAFE + GATED FINITE-SLOPE HALLEY NumPy Pandrosion
No dependency on previous Python scripts; 118-style homothetic/Mobius starts + 120 equal-value-safe probes + gated finite-slope Halley correction; no Newton/Jacobian fallback path.
========================================================================================================================
case=ks(2,3), seed=163523047, terms=20, Bezout=9
roots=9/9 success=True trials=174 duplicates=158 failures=7
seconds: generation=0.01, extract=0.57, total=0.58
best_root: residual=9.446e-15, trial=4, Lambda=1048576.0, theta=140.0, startopt_ratio=0.0058319821747637
out=/Users/ivanbesevic/Documents/poussiere/benchmarks/smale17_candidate_suite/200_ks2x3_seed4.json
",7,True,20,10,0.5823290348052979,19.333333333333332,174,9,0.6384866237640381,6.418866345115048e-09
4.3199839306544087e-16,9,"2,3",9,1.0,3,158,201,50235,5581.666666666667,7,0.7777777777777778,/Users/ivanbesevic/Documents/poussiere/benchmarks/smale17_candidate_suite/201_ks2x3_seed4.json,6.4047456679787536e-15,4.4071671176909364e-16,3.217366649068439,1.0175362097255202e-15,8.331852114593072e-15,2,9,9,0,0.06790412796868218,4,11080,1231.111111111111,,"========================================================================================================================
201 autonomous LOG-STABLE OPTIMAL-PROBE TENSOR-HALLEY NumPy Pandrosion
No dependency on previous Python scripts; 118/120/200 backbone + logarithmic stability + optimal-probe energy + tensorial gated finite-slope Halley; no Newton/Jacobian fallback path.
========================================================================================================================
case=ks(2,3), seed=163523047, terms=20, Bezout=9
roots=9/9 success=True trials=174 duplicates=158 failures=7
seconds: generation=0.01, extract=0.60, total=0.61
best_root: residual=2.423e-14, trial=4, Lambda=1048576.0, theta=140.0, startopt_ratio=0.0058319821747637
out=/Users/ivanbesevic/Documents/poussiere/benchmarks/smale17_candidate_suite/201_ks2x3_seed4.json
",8,True,20,10,0.6111371517181396,19.333333333333332,174,9,0.6671099662780762,1.2794711131979068e-09
9.222861737981938e-16,9,"2,3",9,1.0,3,9,301,6397,710.7777777777778,1,0.1111111111111111,/Users/ivanbesevic/Documents/poussiere/benchmarks/smale17_candidate_suite/301_ks2x3_seed4.json,1.6207735234714224e-14,7.914208067753037e-14,3.217366649162511,1.041481514324134e-15,1.3845841284915053e-13,2,9,9,0,0.011379241943359375,4,1660,184.44444444444446,,"========================================================================================================================
301 autonomous ANCHORED FULL-CUBIC HALLEY NumPy Pandrosion
No dependency on previous Python scripts; anchored divided-difference Q plus full cubic finite-slope Halley only; no raw Pandrosion-step acceptance, no Newton/Jacobian fallback path.
========================================================================================================================
case=ks(2,3), seed=163523047, terms=20, Bezout=9
roots=9/9 success=True trials=19 duplicates=9 failures=1
seconds: generation=0.01, extract=0.09, total=0.10
best_root: residual=9.044e-10, trial=9, Lambda=1048576.0, theta=90.0, startopt_ratio=4.287518123621774e-05
out=/Users/ivanbesevic/Documents/poussiere/benchmarks/smale17_candidate_suite/301_ks2x3_seed4.json
",7,True,20,10,0.10241317749023438,2.111111111111111,19,9,0.1582930088043213,9.589792142471743e-10
1.1957467920563633e-15,9,"2,3",9,1.0,3,386,200,118996,13221.777777777777,9,1.0,/Users/ivanbesevic/Documents/poussiere/benchmarks/smale17_candidate_suite/200_ks2x3_seed5.json,5.891509130072236e-15,1.2641808838059981e-14,2.7378224249434826,1.0175362097255202e-15,3.630429290524262e-14,2,9,9,0,0.15678233570522732,5,26834,2981.5555555555557,,"========================================================================================================================
200 autonomous 118-BACKBONE + EQUAL-VALUE SAFE + GATED FINITE-SLOPE HALLEY NumPy Pandrosion
No dependency on previous Python scripts; 118-style homothetic/Mobius starts + 120 equal-value-safe probes + gated finite-slope Halley correction; no Newton/Jacobian fallback path.
========================================================================================================================
case=ks(2,3), seed=1388256657, terms=20, Bezout=9
roots=9/9 success=True trials=404 duplicates=386 failures=9
seconds: generation=0.01, extract=1.40, total=1.41
best_root: residual=2.599e-15, trial=10, Lambda=853711.4519366625, theta=80.0, startopt_ratio=1.2476073034492667e-05
out=/Users/ivanbesevic/Documents/poussiere/benchmarks/smale17_candidate_suite/200_ks2x3_seed5.json
",7,True,20,10,1.411041021347046,44.888888888888886,404,9,1.4673810005187988,8.560577253624232e-09
1.2161883888976235e-15,9,"2,3",9,1.0,3,386,201,119648,13294.222222222223,9,1.0,/Users/ivanbesevic/Documents/poussiere/benchmarks/smale17_candidate_suite/201_ks2x3_seed5.json,6.028010073543578e-15,5.185515618042955e-16,2.7378224249462093,8.989550626504553e-16,5.329070518200751e-15,2,9,9,0,0.15997232331169975,5,26940,2993.3333333333335,,"========================================================================================================================
201 autonomous LOG-STABLE OPTIMAL-PROBE TENSOR-HALLEY NumPy Pandrosion
No dependency on previous Python scripts; 118/120/200 backbone + logarithmic stability + optimal-probe energy + tensorial gated finite-slope Halley; no Newton/Jacobian fallback path.
========================================================================================================================
case=ks(2,3), seed=1388256657, terms=20, Bezout=9
roots=9/9 success=True trials=404 duplicates=386 failures=9
seconds: generation=0.01, extract=1.43, total=1.44
best_root: residual=5.329e-15, trial=10, Lambda=853711.4519366625, theta=80.0, startopt_ratio=1.2476073034492667e-05
out=/Users/ivanbesevic/Documents/poussiere/benchmarks/smale17_candidate_suite/201_ks2x3_seed5.json
",8,True,20,10,1.4397509098052979,44.888888888888886,404,9,1.499535083770752,9.706406484751403e-09
6.087272963323595e-16,9,"2,3",9,1.0,3,233,301,68198,7577.555555555556,24,2.6666666666666665,/Users/ivanbesevic/Documents/poussiere/benchmarks/smale17_candidate_suite/301_ks2x3_seed5.json,6.879800455918813e-15,1.2364017055320293e-15,2.7378224249402954,9.171947447016606e-16,1.076318850986304e-14,2,9,9,0,0.1076773272620307,5,17446,1938.4444444444443,,"========================================================================================================================
301 autonomous ANCHORED FULL-CUBIC HALLEY NumPy Pandrosion
No dependency on previous Python scripts; anchored divided-difference Q plus full cubic finite-slope Halley only; no raw Pandrosion-step acceptance, no Newton/Jacobian fallback path.
========================================================================================================================
case=ks(2,3), seed=1388256657, terms=20, Bezout=9
roots=9/9 success=True trials=266 duplicates=233 failures=24
seconds: generation=0.01, extract=0.96, total=0.97
best_root: residual=1.319e-14, trial=265, Lambda=174.42058856942242, theta=91.0, startopt_ratio=3.186224645763753e-05
out=/Users/ivanbesevic/Documents/poussiere/benchmarks/smale17_candidate_suite/301_ks2x3_seed5.json
",9,True,20,10,0.9690959453582764,29.555555555555557,266,9,1.026033878326416,1.1099842171173921e-12
1.6616296724220897e-15,9,"2,3",9,1.0,3,32,200,13146,1460.6666666666667,4,0.4444444444444444,/Users/ivanbesevic/Documents/poussiere/benchmarks/smale17_candidate_suite/200_ks2x3_seed6.json,4.023360010629817e-14,3.875764176117006e-15,2.7963312607858484,1.88411095042053e-15,3.4214959014620486e-14,2,9,9,0,0.018868525822957356,6,3182,353.55555555555554,,"========================================================================================================================
200 autonomous 118-BACKBONE + EQUAL-VALUE SAFE + GATED FINITE-SLOPE HALLEY NumPy Pandrosion
No dependency on previous Python scripts; 118-style homothetic/Mobius starts + 120 equal-value-safe probes + gated finite-slope Halley correction; no Newton/Jacobian fallback path.
========================================================================================================================
case=ks(2,3), seed=1544823026, terms=20, Bezout=9
roots=9/9 success=True trials=45 duplicates=32 failures=4
seconds: generation=0.01, extract=0.16, total=0.17
best_root: residual=2.067e-09, trial=0, Lambda=1.2339460808244847e-06, theta=0.0, startopt_ratio=0.999999953748998
out=/Users/ivanbesevic/Documents/poussiere/benchmarks/smale17_candidate_suite/200_ks2x3_seed6.json
",7,True,20,10,0.1698167324066162,5.0,45,9,0.22761297225952148,2.0665253455928434e-09
2.5510982866352577e-15,9,"2,3",9,1.0,3,32,201,13183,1464.7777777777778,4,0.4444444444444444,/Users/ivanbesevic/Documents/poussiere/benchmarks/smale17_candidate_suite/201_ks2x3_seed6.json,3.9918655144511616e-14,1.2151602561360074e-14,2.796331260787427,1.88411095042053e-15,1.0301239871589682e-13,2,9,9,0,0.01975144280327691,6,3188,354.22222222222223,,"========================================================================================================================
201 autonomous LOG-STABLE OPTIMAL-PROBE TENSOR-HALLEY NumPy Pandrosion
No dependency on previous Python scripts; 118/120/200 backbone + logarithmic stability + optimal-probe energy + tensorial gated finite-slope Halley; no Newton/Jacobian fallback path.
========================================================================================================================
case=ks(2,3), seed=1544823026, terms=20, Bezout=9
roots=9/9 success=True trials=45 duplicates=32 failures=4
seconds: generation=0.01, extract=0.17, total=0.18
best_root: residual=3.588e-09, trial=0, Lambda=1.2339460808244847e-06, theta=0.0, startopt_ratio=0.999999953748998
out=/Users/ivanbesevic/Documents/poussiere/benchmarks/smale17_candidate_suite/201_ks2x3_seed6.json
",7,True,20,10,0.1777629852294922,5.0,45,9,0.23193717002868652,3.588300722192098e-09
1.025079205553247e-15,9,"2,3",9,1.0,3,54,301,21232,2359.1111111111113,21,2.3333333333333335,/Users/ivanbesevic/Documents/poussiere/benchmarks/smale17_candidate_suite/301_ks2x3_seed6.json,3.3937249765157416e-14,1.1977244813335432e-15,2.7963312607849193,2.0350724194510405e-15,1.3542104343435997e-14,2,9,9,0,0.03455487887064616,6,5418,602.0,,"========================================================================================================================
301 autonomous ANCHORED FULL-CUBIC HALLEY NumPy Pandrosion
No dependency on previous Python scripts; anchored divided-difference Q plus full cubic finite-slope Halley only; no raw Pandrosion-step acceptance, no Newton/Jacobian fallback path.
========================================================================================================================
case=ks(2,3), seed=1544823026, terms=20, Bezout=9
roots=9/9 success=True trials=84 duplicates=54 failures=21
seconds: generation=0.01, extract=0.30, total=0.31
best_root: residual=1.162e-10, trial=0, Lambda=1.2339460808244847e-06, theta=0.0, startopt_ratio=0.999999953748998
out=/Users/ivanbesevic/Documents/poussiere/benchmarks/smale17_candidate_suite/301_ks2x3_seed6.json
",7,True,20,10,0.31099390983581543,9.333333333333334,84,9,0.3668668270111084,1.6276421869375062e-10
9.42055475210265e-16,9,"2,3",9,1.0,3,32,200,12134,1348.2222222222222,1,0.1111111111111111,/Users/ivanbesevic/Documents/poussiere/benchmarks/smale17_candidate_suite/200_ks2x3_seed7.json,4.550560269027492e-15,2.8862990427437617e-15,2.5537290553593563,9.805224261780596e-16,2.0235623033846165e-14,2,9,9,0,0.017218801710340712,7,2826,314.0,,"========================================================================================================================
200 autonomous 118-BACKBONE + EQUAL-VALUE SAFE + GATED FINITE-SLOPE HALLEY NumPy Pandrosion
No dependency on previous Python scripts; 118-style homothetic/Mobius starts + 120 equal-value-safe probes + gated finite-slope Halley correction; no Newton/Jacobian fallback path.
========================================================================================================================
case=ks(2,3), seed=343647948, terms=20, Bezout=9
roots=9/9 success=True trials=42 duplicates=32 failures=1
seconds: generation=0.01, extract=0.15, total=0.15
best_root: residual=9.421e-16, trial=6, Lambda=1048576.0, theta=116.00000000000001, startopt_ratio=0.06399983779738626
out=/Users/ivanbesevic/Documents/poussiere/benchmarks/smale17_candidate_suite/200_ks2x3_seed7.json
",8,True,20,10,0.1549692153930664,4.666666666666667,42,9,0.20963096618652344,4.3834314713558307e-10
6.753223014464259e-16,9,"2,3",9,1.0,3,57,201,19225,2136.1111111111113,0,0.0,/Users/ivanbesevic/Documents/poussiere/benchmarks/smale17_candidate_suite/201_ks2x3_seed7.json,6.105217258353122e-15,5.259567973929134e-15,2.5537290553595207,1.0235750533041806e-15,2.4292329260733584e-14,2,9,9,0,0.027458217408921983,7,4440,493.3333333333333,,"========================================================================================================================
201 autonomous LOG-STABLE OPTIMAL-PROBE TENSOR-HALLEY NumPy Pandrosion
No dependency on previous Python scripts; 118/120/200 backbone + logarithmic stability + optimal-probe energy + tensorial gated finite-slope Halley; no Newton/Jacobian fallback path.
========================================================================================================================
case=ks(2,3), seed=343647948, terms=20, Bezout=9
roots=9/9 success=True trials=66 duplicates=57 failures=0
seconds: generation=0.01, extract=0.24, total=0.25
best_root: residual=9.841e-16, trial=6, Lambda=1048576.0, theta=116.00000000000001, startopt_ratio=0.06399983779738626
out=/Users/ivanbesevic/Documents/poussiere/benchmarks/smale17_candidate_suite/201_ks2x3_seed7.json
",7,True,20,10,0.24712395668029785,7.333333333333333,66,9,0.3015408515930176,7.143333051584806e-09
3.360144595992222e-15,9,"2,3",9,1.0,3,30,301,10995,1221.6666666666667,2,0.2222222222222222,/Users/ivanbesevic/Documents/poussiere/benchmarks/smale17_candidate_suite/301_ks2x3_seed7.json,3.3232593448441795e-15,3.628931455756886e-13,2.553729055359406,1.5100665727558131e-15,9.073662941413082e-13,2,9,9,0,0.018718692991468642,7,2816,312.8888888888889,,"========================================================================================================================
301 autonomous ANCHORED FULL-CUBIC HALLEY NumPy Pandrosion
No dependency on previous Python scripts; anchored divided-difference Q plus full cubic finite-slope Halley only; no raw Pandrosion-step acceptance, no Newton/Jacobian fallback path.
========================================================================================================================
case=ks(2,3), seed=343647948, terms=20, Bezout=9
roots=9/9 success=True trials=41 duplicates=30 failures=2
seconds: generation=0.01, extract=0.16, total=0.17
best_root: residual=1.433e-09, trial=7, Lambda=1048576.0, theta=94.0, startopt_ratio=0.195112033858784
out=/Users/ivanbesevic/Documents/poussiere/benchmarks/smale17_candidate_suite/301_ks2x3_seed7.json
",7,True,20,10,0.16846823692321777,4.555555555555555,41,9,0.224992036819458,1.965473557735654e-09
1.6653345369377348e-16,16,"2,4",16,1.0,4,357,200,131771,8235.6875,14,0.875,/Users/ivanbesevic/Documents/poussiere/benchmarks/smale17_candidate_suite/200_ks2x4_seed0.json,1.3029307994040273e-13,6.712511624440981e-15,3.9242361408554225,1.7754146389156874e-15,8.987733679556355e-14,2,16,16,0,0.10286763310432434,0,32126,2007.875,,"========================================================================================================================
200 autonomous 118-BACKBONE + EQUAL-VALUE SAFE + GATED FINITE-SLOPE HALLEY NumPy Pandrosion
No dependency on previous Python scripts; 118-style homothetic/Mobius starts + 120 equal-value-safe probes + gated finite-slope Halley correction; no Newton/Jacobian fallback path.
========================================================================================================================
case=ks(2,4), seed=1677141180, terms=30, Bezout=16
roots=16/16 success=True trials=387 duplicates=357 failures=14
seconds: generation=0.01, extract=1.64, total=1.65
best_root: residual=1.393e-10, trial=14, Lambda=110400.89716202032, theta=18.0, startopt_ratio=1.3410356159514711e-06
out=/Users/ivanbesevic/Documents/poussiere/benchmarks/smale17_candidate_suite/200_ks2x4_seed0.json
",8,True,30,15,1.6458821296691895,24.1875,387,16,1.7027018070220947,7.380779757168993e-09
7.676812899781355e-16,16,"2,4",16,1.0,4,357,201,132261,8266.3125,14,0.875,/Users/ivanbesevic/Documents/poussiere/benchmarks/smale17_candidate_suite/201_ks2x4_seed0.json,9.947598300641403e-14,7.919360148296956e-15,3.924236140744933,1.7396147750560468e-15,1.5932841532511442e-13,2,16,16,0,0.10712337493896484,0,32210,2013.125,,"========================================================================================================================
201 autonomous LOG-STABLE OPTIMAL-PROBE TENSOR-HALLEY NumPy Pandrosion
No dependency on previous Python scripts; 118/120/200 backbone + logarithmic stability + optimal-probe energy + tensorial gated finite-slope Halley; no Newton/Jacobian fallback path.
========================================================================================================================
case=ks(2,4), seed=1677141180, terms=30, Bezout=16
roots=16/16 success=True trials=387 duplicates=357 failures=14
seconds: generation=0.01, extract=1.70, total=1.71
best_root: residual=3.462e-10, trial=14, Lambda=110400.89716202032, theta=18.0, startopt_ratio=1.3410356159514711e-06
out=/Users/ivanbesevic/Documents/poussiere/benchmarks/smale17_candidate_suite/201_ks2x4_seed0.json
",10,True,30,15,1.7139739990234375,24.1875,387,16,1.775007963180542,3.10737348036048e-09
7.756677862503847e-16,16,"2,4",16,1.0,4,473,301,172860,10803.75,167,10.4375,/Users/ivanbesevic/Documents/poussiere/benchmarks/smale17_candidate_suite/301_ks2x4_seed0.json,8.673279421411239e-14,6.670684297281336e-16,3.924236140930904,1.6585141923861814e-15,3.522680098617e-14,2,16,16,0,0.15635855495929718,0,45272,2829.5,,"========================================================================================================================
301 autonomous ANCHORED FULL-CUBIC HALLEY NumPy Pandrosion
No dependency on previous Python scripts; anchored divided-difference Q plus full cubic finite-slope Halley only; no raw Pandrosion-step acceptance, no Newton/Jacobian fallback path.
========================================================================================================================
case=ks(2,4), seed=1677141180, terms=30, Bezout=16
roots=16/16 success=True trials=656 duplicates=473 failures=167
seconds: generation=0.01, extract=2.49, total=2.50
best_root: residual=1.918e-15, trial=23, Lambda=175851.12750331545, theta=12.000000000000002, startopt_ratio=0.0053143046888371815
out=/Users/ivanbesevic/Documents/poussiere/benchmarks/smale17_candidate_suite/301_ks2x4_seed0.json
",12,True,30,15,2.501736879348755,41.0,656,16,2.560183048248291,9.457326910654012e-09
9.506031400676578e-16,16,"2,4",15,1.0,4,1047,200,375473,23467.0625,24,1.5,/Users/ivanbesevic/Documents/poussiere/benchmarks/smale17_candidate_suite/200_ks2x4_seed1.json,2.9103830456733704e-11,2.01615146394858e-12,2.226878934977619,3.911593837872924e-15,6.623185327738174e-11,2,16,16,0,0.2846618741750717,1,92380,5773.75,,"========================================================================================================================
200 autonomous 118-BACKBONE + EQUAL-VALUE SAFE + GATED FINITE-SLOPE HALLEY NumPy Pandrosion
No dependency on previous Python scripts; 118-style homothetic/Mobius starts + 120 equal-value-safe probes + gated finite-slope Halley correction; no Newton/Jacobian fallback path.
========================================================================================================================
case=ks(2,4), seed=2020015459, terms=30, Bezout=16
roots=16/16 success=True trials=1087 duplicates=1047 failures=24
seconds: generation=0.01, extract=4.55, total=4.55
best_root: residual=1.122e-10, trial=12, Lambda=21465.8719608321, theta=32.0, startopt_ratio=1.5016064230726577e-06
out=/Users/ivanbesevic/Documents/poussiere/benchmarks/smale17_candidate_suite/200_ks2x4_seed1.json
",12,True,30,15,4.5545899868011475,67.9375,1087,16,4.612897157669067,7.318713985426353e-09
6.425880329391634e-16,16,"2,4",15,1.0,4,1047,201,376188,23511.75,24,1.5,/Users/ivanbesevic/Documents/poussiere/benchmarks/smale17_candidate_suite/201_ks2x4_seed1.json,2.9103830456733704e-11,1.6236423839366467e-13,2.226878934972604,2.9527612434319986e-15,3.637978807091713e-11,2,16,16,0,0.3010304272174835,1,92396,5774.75,,"========================================================================================================================
201 autonomous LOG-STABLE OPTIMAL-PROBE TENSOR-HALLEY NumPy Pandrosion
No dependency on previous Python scripts; 118/120/200 backbone + logarithmic stability + optimal-probe energy + tensorial gated finite-slope Halley; no Newton/Jacobian fallback path.
========================================================================================================================
case=ks(2,4), seed=2020015459, terms=30, Bezout=16
roots=16/16 success=True trials=1087 duplicates=1047 failures=24
seconds: generation=0.01, extract=4.81, total=4.82
best_root: residual=2.198e-10, trial=12, Lambda=21465.8719608321, theta=32.0, startopt_ratio=1.5016064230726577e-06
out=/Users/ivanbesevic/Documents/poussiere/benchmarks/smale17_candidate_suite/201_ks2x4_seed1.json
",12,True,30,15,4.816486835479736,67.9375,1087,16,4.877453804016113,7.223132200504809e-10
2.7844251801988247e-15,16,"2,4",15,1.0,4,99,301,37813,2363.3125,13,0.8125,/Users/ivanbesevic/Documents/poussiere/benchmarks/smale17_candidate_suite/301_ks2x4_seed1.json,4.7153594630129085e-11,2.1079345595155635e-14,2.226878935007792,4.987964288777917e-15,4.591667681496435e-13,2,16,16,0,0.03493781387805939,1,9964,622.75,,"========================================================================================================================
301 autonomous ANCHORED FULL-CUBIC HALLEY NumPy Pandrosion
No dependency on previous Python scripts; anchored divided-difference Q plus full cubic finite-slope Halley only; no raw Pandrosion-step acceptance, no Newton/Jacobian fallback path.
========================================================================================================================
case=ks(2,4), seed=2020015459, terms=30, Bezout=16
roots=16/16 success=True trials=128 duplicates=99 failures=13
seconds: generation=0.01, extract=0.55, total=0.56
best_root: residual=1.812e-09, trial=50, Lambda=8075.9205193060425, theta=18.0, startopt_ratio=6.862887386344291e-07
out=/Users/ivanbesevic/Documents/poussiere/benchmarks/smale17_candidate_suite/301_ks2x4_seed1.json
",11,True,30,15,0.5590050220489502,8.0,128,16,0.6171231269836426,2.1508180473315414e-09
6.808099033552841e-16,16,"2,4",15,1.0,4,641,200,240545,15034.0625,13,0.8125,/Users/ivanbesevic/Documents/poussiere/benchmarks/smale17_candidate_suite/200_ks2x4_seed2.json,5.475883235154604e-12,1.0781406088699154e-13,4.361030048989691,1.239032977121274e-15,1.577914333474607e-11,2,16,16,0,0.1813102513551712,2,57764,3610.25,,"========================================================================================================================
200 autonomous 118-BACKBONE + EQUAL-VALUE SAFE + GATED FINITE-SLOPE HALLEY NumPy Pandrosion
No dependency on previous Python scripts; 118-style homothetic/Mobius starts + 120 equal-value-safe probes + gated finite-slope Halley correction; no Newton/Jacobian fallback path.
========================================================================================================================
case=ks(2,4), seed=1191724032, terms=30, Bezout=16
roots=16/16 success=True trials=670 duplicates=641 failures=13
seconds: generation=0.01, extract=2.89, total=2.90
best_root: residual=3.171e-11, trial=13, Lambda=1048576.0, theta=48.00000000000001, startopt_ratio=8.196590181252008e-07
out=/Users/ivanbesevic/Documents/poussiere/benchmarks/smale17_candidate_suite/200_ks2x4_seed2.json
",12,True,30,15,2.9009640216827393,41.875,670,16,2.9578161239624023,3.2965830557731854e-09
6.524059525901931e-16,16,"2,4",15,1.0,4,641,201,240739,15046.1875,13,0.8125,/Users/ivanbesevic/Documents/poussiere/benchmarks/smale17_candidate_suite/201_ks2x4_seed2.json,7.823769253302659e-12,3.1025482642805834e-13,4.361030048992256,1.4149790226623436e-15,8.018728142437812e-12,2,16,16,0,0.18884336948394775,2,57800,3612.5,,"========================================================================================================================
201 autonomous LOG-STABLE OPTIMAL-PROBE TENSOR-HALLEY NumPy Pandrosion
No dependency on previous Python scripts; 118/120/200 backbone + logarithmic stability + optimal-probe energy + tensorial gated finite-slope Halley; no Newton/Jacobian fallback path.
========================================================================================================================
case=ks(2,4), seed=1191724032, terms=30, Bezout=16
roots=16/16 success=True trials=670 duplicates=641 failures=13
seconds: generation=0.01, extract=3.01, total=3.02
best_root: residual=1.184e-10, trial=13, Lambda=1048576.0, theta=48.00000000000001, startopt_ratio=8.196590181252008e-07
out=/Users/ivanbesevic/Documents/poussiere/benchmarks/smale17_candidate_suite/201_ks2x4_seed2.json
",12,True,30,15,3.021493911743164,41.875,670,16,3.080770969390869,4.627966915701515e-09
4.794494508545912e-16,16,"2,4",15,1.0,4,188,301,76676,4792.25,63,3.9375,/Users/ivanbesevic/Documents/poussiere/benchmarks/smale17_candidate_suite/301_ks2x4_seed2.json,1.2870233784346879e-11,9.02963828091714e-16,4.3610300489872715,1.5707844552573265e-15,1.6546420698092607e-14,2,16,16,0,0.0697014182806015,2,20086,1255.375,,"========================================================================================================================
301 autonomous ANCHORED FULL-CUBIC HALLEY NumPy Pandrosion
No dependency on previous Python scripts; anchored divided-difference Q plus full cubic finite-slope Halley only; no raw Pandrosion-step acceptance, no Newton/Jacobian fallback path.
========================================================================================================================
case=ks(2,4), seed=1191724032, terms=30, Bezout=16
roots=16/16 success=True trials=267 duplicates=188 failures=63
seconds: generation=0.01, extract=1.11, total=1.12
best_root: residual=2.994e-10, trial=21, Lambda=426.797612447028, theta=140.0, startopt_ratio=0.00020566372156616798
out=/Users/ivanbesevic/Documents/poussiere/benchmarks/smale17_candidate_suite/301_ks2x4_seed2.json
",13,True,30,15,1.115222692489624,16.6875,267,16,1.1738641262054443,2.993700011767571e-10
5.933464366067994e-16,16,"2,4",16,1.0,4,204,200,81476,5092.25,4,0.25,/Users/ivanbesevic/Documents/poussiere/benchmarks/smale17_candidate_suite/200_ks2x4_seed3.json,1.1718571004216928e-13,3.761857354622033e-15,3.326511362774467,1.7245122122075845e-15,6.973331940334277e-14,2,16,16,0,0.061881765723228455,3,19488,1218.0,,"========================================================================================================================
200 autonomous 118-BACKBONE + EQUAL-VALUE SAFE + GATED FINITE-SLOPE HALLEY NumPy Pandrosion
No dependency on previous Python scripts; 118-style homothetic/Mobius starts + 120 equal-value-safe probes + gated finite-slope Halley correction; no Newton/Jacobian fallback path.
========================================================================================================================
case=ks(2,4), seed=898234875, terms=30, Bezout=16
roots=16/16 success=True trials=224 duplicates=204 failures=4
seconds: generation=0.01, extract=0.98, total=0.99
best_root: residual=4.285e-15, trial=146, Lambda=2495.949747087437, theta=24.000000000000004, startopt_ratio=5.2153174512993554e-05
out=/Users/ivanbesevic/Documents/poussiere/benchmarks/smale17_candidate_suite/200_ks2x4_seed3.json
",12,True,30,15,0.9901082515716553,14.0,224,16,1.0478241443634033,7.072463651606119e-09
4.783309287441108e-16,16,"2,4",16,1.0,4,204,201,81610,5100.625,4,0.25,/Users/ivanbesevic/Documents/poussiere/benchmarks/smale17_candidate_suite/201_ks2x4_seed3.json,2.604892696897332e-13,7.220869082545307e-15,3.3265113634317025,1.6488005649461472e-15,1.370366048324771e-13,2,16,16,0,0.06376613676548004,3,19512,1219.5,,"========================================================================================================================
201 autonomous LOG-STABLE OPTIMAL-PROBE TENSOR-HALLEY NumPy Pandrosion
No dependency on previous Python scripts; 118/120/200 backbone + logarithmic stability + optimal-probe energy + tensorial gated finite-slope Halley; no Newton/Jacobian fallback path.
========================================================================================================================
case=ks(2,4), seed=898234875, terms=30, Bezout=16
roots=16/16 success=True trials=224 duplicates=204 failures=4
seconds: generation=0.01, extract=1.01, total=1.02
best_root: residual=2.471e-15, trial=146, Lambda=2495.949747087437, theta=24.000000000000004, startopt_ratio=5.2153174512993554e-05
out=/Users/ivanbesevic/Documents/poussiere/benchmarks/smale17_candidate_suite/201_ks2x4_seed3.json
",12,True,30,15,1.0202581882476807,14.0,224,16,1.0775651931762695,8.51293415633006e-09
8.312783312742731e-16,16,"2,4",16,1.0,4,153,301,56964,3560.25,26,1.625,/Users/ivanbesevic/Documents/poussiere/benchmarks/smale17_candidate_suite/301_ks2x4_seed3.json,4.108878867669137e-13,2.528501096066522e-15,3.326511363431707,1.6005369037640004e-15,6.740800259667266e-14,2,16,16,0,0.05249932408332825,3,14940,933.75,,"========================================================================================================================
301 autonomous ANCHORED FULL-CUBIC HALLEY NumPy Pandrosion
No dependency on previous Python scripts; anchored divided-difference Q plus full cubic finite-slope Halley only; no raw Pandrosion-step acceptance, no Newton/Jacobian fallback path.
========================================================================================================================
case=ks(2,4), seed=898234875, terms=30, Bezout=16
roots=16/16 success=True trials=195 duplicates=153 failures=26
seconds: generation=0.01, extract=0.83, total=0.84
best_root: residual=5.428e-15, trial=73, Lambda=5777.711719448136, theta=140.0, startopt_ratio=9.167324726953894e-06
out=/Users/ivanbesevic/Documents/poussiere/benchmarks/smale17_candidate_suite/301_ks2x4_seed3.json
",12,True,30,15,0.839989185333252,12.1875,195,16,0.8980197906494141,6.626312289787423e-09
7.130536482749599e-16,16,"2,4",16,1.0,4,351,200,123537,7721.0625,6,0.375,/Users/ivanbesevic/Documents/poussiere/benchmarks/smale17_candidate_suite/200_ks2x4_seed4.json,5.816212493379178e-14,8.046661420706156e-15,2.8720991299422205,2.5704292519146707e-15,2.2517030910038933e-13,2,16,16,0,0.09644043445587158,4,30698,1918.625,,"========================================================================================================================
200 autonomous 118-BACKBONE + EQUAL-VALUE SAFE + GATED FINITE-SLOPE HALLEY NumPy Pandrosion
No dependency on previous Python scripts; 118-style homothetic/Mobius starts + 120 equal-value-safe probes + gated finite-slope Halley correction; no Newton/Jacobian fallback path.
========================================================================================================================
case=ks(2,4), seed=1411265138, terms=30, Bezout=16
roots=16/16 success=True trials=373 duplicates=351 failures=6
seconds: generation=0.01, extract=1.53, total=1.54
best_root: residual=1.135e-13, trial=17, Lambda=1029345.5072658106, theta=12.000000000000002, startopt_ratio=4.299277816601446e-06
out=/Users/ivanbesevic/Documents/poussiere/benchmarks/smale17_candidate_suite/200_ks2x4_seed4.json
",13,True,30,15,1.5430469512939453,23.3125,373,16,1.600754976272583,4.084418861192248e-09
6.866350197783356e-16,16,"2,4",16,1.0,4,351,201,123768,7735.5,6,0.375,/Users/ivanbesevic/Documents/poussiere/benchmarks/smale17_candidate_suite/201_ks2x4_seed4.json,3.6404482152219934e-14,2.0393928792825198e-14,2.87209912996836,3.122091122801806e-15,6.048697189926634e-13,2,16,16,0,0.10073882341384888,4,30738,1921.125,,"========================================================================================================================
201 autonomous LOG-STABLE OPTIMAL-PROBE TENSOR-HALLEY NumPy Pandrosion
No dependency on previous Python scripts; 118/120/200 backbone + logarithmic stability + optimal-probe energy + tensorial gated finite-slope Halley; no Newton/Jacobian fallback path.
========================================================================================================================
case=ks(2,4), seed=1411265138, terms=30, Bezout=16
roots=16/16 success=True trials=373 duplicates=351 failures=6
seconds: generation=0.01, extract=1.60, total=1.61
best_root: residual=1.703e-13, trial=17, Lambda=1029345.5072658106, theta=12.000000000000002, startopt_ratio=4.299277816601446e-06
out=/Users/ivanbesevic/Documents/poussiere/benchmarks/smale17_candidate_suite/201_ks2x4_seed4.json
",12,True,30,15,1.611821174621582,23.3125,373,16,1.6697819232940674,6.245190706020408e-09
1.5045883838716044e-15,16,"2,4",16,1.0,4,167,301,62613,3913.3125,47,2.9375,/Users/ivanbesevic/Documents/poussiere/benchmarks/smale17_candidate_suite/301_ks2x4_seed4.json,3.557151798805476e-14,1.3270064481580197e-15,2.872099130049569,2.4431068709494783e-15,6.365151729146174e-14,2,16,16,0,0.05655370652675629,4,16416,1026.0,,"========================================================================================================================
301 autonomous ANCHORED FULL-CUBIC HALLEY NumPy Pandrosion
No dependency on previous Python scripts; anchored divided-difference Q plus full cubic finite-slope Halley only; no raw Pandrosion-step acceptance, no Newton/Jacobian fallback path.
========================================================================================================================
case=ks(2,4), seed=1411265138, terms=30, Bezout=16
roots=16/16 success=True trials=230 duplicates=167 failures=47
seconds: generation=0.01, extract=0.90, total=0.90
best_root: residual=8.974e-14, trial=153, Lambda=1048576.0, theta=0.0, startopt_ratio=1.5006120443345197e-06
out=/Users/ivanbesevic/Documents/poussiere/benchmarks/smale17_candidate_suite/301_ks2x4_seed4.json
",11,True,30,15,0.9048593044281006,14.375,230,16,0.9625279903411865,2.24582536184869e-09
5.551115123125783e-17,16,"2,4",16,1.0,4,344,200,129971,8123.1875,14,0.875,/Users/ivanbesevic/Documents/poussiere/benchmarks/smale17_candidate_suite/200_ks2x4_seed5.json,3.595093471822542e-13,1.9372202800145205e-13,3.503837964835816,5.051815967659504e-15,8.794730972784773e-12,2,16,16,0,0.10300999879837036,5,32546,2034.125,,"========================================================================================================================
200 autonomous 118-BACKBONE + EQUAL-VALUE SAFE + GATED FINITE-SLOPE HALLEY NumPy Pandrosion
No dependency on previous Python scripts; 118-style homothetic/Mobius starts + 120 equal-value-safe probes + gated finite-slope Halley correction; no Newton/Jacobian fallback path.
========================================================================================================================
case=ks(2,4), seed=1254603029, terms=30, Bezout=16
roots=16/16 success=True trials=374 duplicates=344 failures=14
seconds: generation=0.01, extract=1.64, total=1.65
best_root: residual=3.371e-15, trial=3, Lambda=237408.366089475, theta=100.0, startopt_ratio=0.00020737848292596455
out=/Users/ivanbesevic/Documents/poussiere/benchmarks/smale17_candidate_suite/200_ks2x4_seed5.json
",8,True,30,15,1.6481599807739258,23.375,374,16,1.7062780857086182,6.9227786573171015e-09
5.003707553108401e-16,16,"2,4",16,1.0,4,344,201,130341,8146.3125,14,0.875,/Users/ivanbesevic/Documents/poussiere/benchmarks/smale17_candidate_suite/201_ks2x4_seed5.json,3.639754730461873e-13,1.248313565562147e-14,3.5038379636258914,5.315161614120346e-15,9.165725883006586e-13,2,16,16,0,0.10666187107563019,5,32606,2037.875,,"========================================================================================================================
201 autonomous LOG-STABLE OPTIMAL-PROBE TENSOR-HALLEY NumPy Pandrosion
No dependency on previous Python scripts; 118/120/200 backbone + logarithmic stability + optimal-probe energy + tensorial gated finite-slope Halley; no Newton/Jacobian fallback path.
========================================================================================================================
case=ks(2,4), seed=1254603029, terms=30, Bezout=16
roots=16/16 success=True trials=374 duplicates=344 failures=14
seconds: generation=0.01, extract=1.70, total=1.71
best_root: residual=7.049e-15, trial=3, Lambda=237408.366089475, theta=100.0, startopt_ratio=0.00020737848292596455
out=/Users/ivanbesevic/Documents/poussiere/benchmarks/smale17_candidate_suite/201_ks2x4_seed5.json
",8,True,30,15,1.706589937210083,23.375,374,16,1.7647700309753418,9.771886403584456e-09
4.311326371230795e-15,16,"2,4",16,1.0,4,203,301,71015,4438.4375,37,2.3125,/Users/ivanbesevic/Documents/poussiere/benchmarks/smale17_candidate_suite/301_ks2x4_seed5.json,5.115907697472721e-13,4.9868896023880864e-15,3.5038379637957657,4.949690801588556e-15,2.0685978570715132e-13,2,16,16,0,0.07215000689029694,5,18540,1158.75,,"========================================================================================================================
301 autonomous ANCHORED FULL-CUBIC HALLEY NumPy Pandrosion
No dependency on previous Python scripts; anchored divided-difference Q plus full cubic finite-slope Halley only; no raw Pandrosion-step acceptance, no Newton/Jacobian fallback path.
========================================================================================================================
case=ks(2,4), seed=1254603029, terms=30, Bezout=16
roots=16/16 success=True trials=256 duplicates=203 failures=37
seconds: generation=0.01, extract=1.15, total=1.15
best_root: residual=3.771e-09, trial=0, Lambda=1.2339460808244847e-06, theta=0.0, startopt_ratio=0.9999999528275165
out=/Users/ivanbesevic/Documents/poussiere/benchmarks/smale17_candidate_suite/301_ks2x4_seed5.json
",7,True,30,15,1.154400110244751,16.0,256,16,1.2127342224121094,4.78411127392918e-09
4.965068306494546e-15,16,"2,4",16,1.0,4,854,200,297984,18624.0,13,0.8125,/Users/ivanbesevic/Documents/poussiere/benchmarks/smale17_candidate_suite/200_ks2x4_seed6.json,4.111335596658544e-13,1.1602081139565815e-12,2.915168615508765,1.8610681913273614e-15,8.610766116208019e-12,2,16,16,0,0.2260892540216446,6,72336,4521.0,,"========================================================================================================================
200 autonomous 118-BACKBONE + EQUAL-VALUE SAFE + GATED FINITE-SLOPE HALLEY NumPy Pandrosion
No dependency on previous Python scripts; 118-style homothetic/Mobius starts + 120 equal-value-safe probes + gated finite-slope Halley correction; no Newton/Jacobian fallback path.
========================================================================================================================
case=ks(2,4), seed=4377914, terms=30, Bezout=16
roots=16/16 success=True trials=883 duplicates=854 failures=13
seconds: generation=0.01, extract=3.61, total=3.62
best_root: residual=2.703e-10, trial=4, Lambda=1048576.0, theta=140.0, startopt_ratio=0.0010497631189763986
out=/Users/ivanbesevic/Documents/poussiere/benchmarks/smale17_candidate_suite/200_ks2x4_seed6.json
",11,True,30,15,3.6174280643463135,55.1875,883,16,3.6749660968780518,7.87496531177633e-09
2.041874908903454e-15,16,"2,4",16,1.0,4,854,201,298784,18674.0,13,0.8125,/Users/ivanbesevic/Documents/poussiere/benchmarks/smale17_candidate_suite/201_ks2x4_seed6.json,1.1932041576121339e-13,1.552674492880737e-12,2.9151686149814706,1.190859237393249e-15,1.4731531678967204e-11,2,16,16,0,0.23578348755836487,6,72462,4528.875,,"========================================================================================================================
201 autonomous LOG-STABLE OPTIMAL-PROBE TENSOR-HALLEY NumPy Pandrosion
No dependency on previous Python scripts; 118/120/200 backbone + logarithmic stability + optimal-probe energy + tensorial gated finite-slope Halley; no Newton/Jacobian fallback path.
========================================================================================================================
case=ks(2,4), seed=4377914, terms=30, Bezout=16
roots=16/16 success=True trials=883 duplicates=854 failures=13
seconds: generation=0.01, extract=3.76, total=3.77
best_root: residual=5.128e-10, trial=4, Lambda=1048576.0, theta=140.0, startopt_ratio=0.0010497631189763986
out=/Users/ivanbesevic/Documents/poussiere/benchmarks/smale17_candidate_suite/201_ks2x4_seed6.json
",12,True,30,15,3.772535800933838,55.1875,883,16,3.8309381008148193,9.888189172613317e-09
4.004890082993152e-15,16,"2,4",16,1.0,4,356,301,110488,6905.5,54,3.375,/Users/ivanbesevic/Documents/poussiere/benchmarks/smale17_candidate_suite/301_ks2x4_seed6.json,1.9742350317315248e-13,2.224949869788389e-15,2.915168616184334,1.284646590423208e-15,2.7524896644598864e-13,2,16,16,0,0.09904555976390839,6,28716,1794.75,,"========================================================================================================================
301 autonomous ANCHORED FULL-CUBIC HALLEY NumPy Pandrosion
No dependency on previous Python scripts; anchored divided-difference Q plus full cubic finite-slope Halley only; no raw Pandrosion-step acceptance, no Newton/Jacobian fallback path.
========================================================================================================================
case=ks(2,4), seed=4377914, terms=30, Bezout=16
roots=16/16 success=True trials=426 duplicates=356 failures=54
seconds: generation=0.01, extract=1.58, total=1.58
best_root: residual=2.752e-13, trial=12, Lambda=7030.414985170447, theta=172.0, startopt_ratio=1.5374892248958006e-06
out=/Users/ivanbesevic/Documents/poussiere/benchmarks/smale17_candidate_suite/301_ks2x4_seed6.json
",11,True,30,15,1.5847289562225342,26.625,426,16,1.6423661708831787,6.83655518229469e-09
1.4390135079995448e-15,16,"2,4",16,1.0,4,352,200,123934,7745.875,6,0.375,/Users/ivanbesevic/Documents/poussiere/benchmarks/smale17_candidate_suite/200_ks2x4_seed7.json,2.8421709430404007e-13,3.047096811698584e-14,2.2830077975191427,2.3318003265869484e-15,1.2336184374546715e-12,2,16,16,0,0.09614662826061249,7,30610,1913.125,,"========================================================================================================================
200 autonomous 118-BACKBONE + EQUAL-VALUE SAFE + GATED FINITE-SLOPE HALLEY NumPy Pandrosion
No dependency on previous Python scripts; 118-style homothetic/Mobius starts + 120 equal-value-safe probes + gated finite-slope Halley correction; no Newton/Jacobian fallback path.
========================================================================================================================
case=ks(2,4), seed=981635715, terms=30, Bezout=16
roots=16/16 success=True trials=374 duplicates=352 failures=6
seconds: generation=0.01, extract=1.53, total=1.54
best_root: residual=2.035e-14, trial=45, Lambda=1048576.0, theta=32.0, startopt_ratio=1.5006416907068868e-06
out=/Users/ivanbesevic/Documents/poussiere/benchmarks/smale17_candidate_suite/200_ks2x4_seed7.json
",8,True,30,15,1.5383460521697998,23.375,374,16,1.5967750549316406,5.842634548828765e-09
1.2022522294687668e-15,16,"2,4",16,1.0,4,352,201,124415,7775.9375,6,0.375,/Users/ivanbesevic/Documents/poussiere/benchmarks/smale17_candidate_suite/201_ks2x4_seed7.json,2.1268859807002749e-13,1.0676746272373227e-14,2.2830077980124095,2.820505320510673e-15,3.6558118581711646e-13,2,16,16,0,0.10086823999881744,7,30688,1918.0,,"========================================================================================================================
201 autonomous LOG-STABLE OPTIMAL-PROBE TENSOR-HALLEY NumPy Pandrosion
No dependency on previous Python scripts; 118/120/200 backbone + logarithmic stability + optimal-probe energy + tensorial gated finite-slope Halley; no Newton/Jacobian fallback path.
========================================================================================================================
case=ks(2,4), seed=981635715, terms=30, Bezout=16
roots=16/16 success=True trials=374 duplicates=352 failures=6
seconds: generation=0.01, extract=1.60, total=1.61
best_root: residual=8.225e-14, trial=45, Lambda=1048576.0, theta=32.0, startopt_ratio=1.5006416907068868e-06
out=/Users/ivanbesevic/Documents/poussiere/benchmarks/smale17_candidate_suite/201_ks2x4_seed7.json
",8,True,30,15,1.613891839981079,23.375,374,16,1.6942687034606934,6.488218025395591e-09
2.5341311739065124e-15,16,"2,4",16,1.0,4,151,301,58404,3650.25,40,2.5,/Users/ivanbesevic/Documents/poussiere/benchmarks/smale17_candidate_suite/301_ks2x4_seed7.json,1.8198773652309366e-13,1.5944239107255115e-15,2.283007797669659,2.933424600151057e-15,1.0712370752558981e-13,2,16,16,0,0.05367425084114075,7,15386,961.625,,"========================================================================================================================
301 autonomous ANCHORED FULL-CUBIC HALLEY NumPy Pandrosion
No dependency on previous Python scripts; anchored divided-difference Q plus full cubic finite-slope Halley only; no raw Pandrosion-step acceptance, no Newton/Jacobian fallback path.
========================================================================================================================
case=ks(2,4), seed=981635715, terms=30, Bezout=16
roots=16/16 success=True trials=207 duplicates=151 failures=40
seconds: generation=0.01, extract=0.85, total=0.86
best_root: residual=3.630e-15, trial=1, Lambda=356304.8104436325, theta=116.00000000000001, startopt_ratio=9.150604388278801e-06
out=/Users/ivanbesevic/Documents/poussiere/benchmarks/smale17_candidate_suite/301_ks2x4_seed7.json
",11,True,30,15,0.858788013458252,12.9375,207,16,0.9171338081359863,5.493765139243508e-09
3.236828524569469e-16,25,"2,5",20,1.0,5,196,200,84627,4231.35,14,0.7,/Users/ivanbesevic/Documents/poussiere/benchmarks/smale17_candidate_suite/200_ks2x5_seed0.json,5.481780795544725e-13,1.9770813941903218e-15,3.3640807583027756,3.276137798908883e-15,1.3503402172596838e-13,2,20,20,0,0.054674851894378665,0,21698,1084.9,,"========================================================================================================================
200 autonomous 118-BACKBONE + EQUAL-VALUE SAFE + GATED FINITE-SLOPE HALLEY NumPy Pandrosion
No dependency on previous Python scripts; 118-style homothetic/Mobius starts + 120 equal-value-safe probes + gated finite-slope Halley correction; no Newton/Jacobian fallback path.
========================================================================================================================
case=ks(2,5), seed=692535776, terms=42, Bezout=25
roots=20/20 success=True trials=230 duplicates=196 failures=14
seconds: generation=0.01, extract=1.08, total=1.09
best_root: residual=1.127e-12, trial=158, Lambda=93.53182158365183, theta=100.0, startopt_ratio=8.744808193981968e-08
out=/Users/ivanbesevic/Documents/poussiere/benchmarks/smale17_candidate_suite/200_ks2x5_seed0.json
",12,True,42,21,1.0934970378875732,11.5,230,20,1.1514277458190918,4.686640320710353e-09
4.079219866531555e-16,25,"2,5",20,1.0,5,196,201,84775,4238.75,14,0.7,/Users/ivanbesevic/Documents/poussiere/benchmarks/smale17_candidate_suite/201_ks2x5_seed0.json,6.53081161378626e-13,6.6249587587543615e-15,3.364080758398333,5.025403187456728e-15,2.5013223725639384e-13,2,20,20,0,0.057542502880096436,0,21714,1085.7,,"========================================================================================================================
201 autonomous LOG-STABLE OPTIMAL-PROBE TENSOR-HALLEY NumPy Pandrosion
No dependency on previous Python scripts; 118/120/200 backbone + logarithmic stability + optimal-probe energy + tensorial gated finite-slope Halley; no Newton/Jacobian fallback path.
========================================================================================================================
case=ks(2,5), seed=692535776, terms=42, Bezout=25
roots=20/20 success=True trials=230 duplicates=196 failures=14
seconds: generation=0.01, extract=1.14, total=1.15
best_root: residual=1.048e-12, trial=158, Lambda=93.53182158365183, theta=100.0, startopt_ratio=8.744808193981968e-08
out=/Users/ivanbesevic/Documents/poussiere/benchmarks/smale17_candidate_suite/201_ks2x5_seed0.json
",12,True,42,21,1.1508500576019287,11.5,230,20,1.2095730304718018,7.2143511258505956e-09
1.4109690937483662e-15,25,"2,5",18,1.0,5,87,301,46750,2337.5,41,2.05,/Users/ivanbesevic/Documents/poussiere/benchmarks/smale17_candidate_suite/301_ks2x5_seed0.json,4.658886054991198e-11,1.741288198173723e-15,3.364080758184258,4.289826660977862e-15,1.3510825787794842e-13,2,20,20,0,0.03504745960235596,0,12516,625.8,,"========================================================================================================================
301 autonomous ANCHORED FULL-CUBIC HALLEY NumPy Pandrosion
No dependency on previous Python scripts; anchored divided-difference Q plus full cubic finite-slope Halley only; no raw Pandrosion-step acceptance, no Newton/Jacobian fallback path.
========================================================================================================================
case=ks(2,5), seed=692535776, terms=42, Bezout=25
roots=20/20 success=True trials=148 duplicates=87 failures=41
seconds: generation=0.01, extract=0.69, total=0.70
best_root: residual=5.020e-12, trial=2, Lambda=1048576.0, theta=128.0, startopt_ratio=4.437117687034203e-06
out=/Users/ivanbesevic/Documents/poussiere/benchmarks/smale17_candidate_suite/301_ks2x5_seed0.json
",11,True,42,21,0.7009491920471191,7.4,148,20,0.7605340480804443,7.404948586437954e-09
1.072098405376252e-15,25,"2,5",20,1.0,5,177,200,71128,3556.4,4,0.2,/Users/ivanbesevic/Documents/poussiere/benchmarks/smale17_candidate_suite/200_ks2x5_seed1.json,2.5421149729252077e-13,4.0523994492007077e-13,2.674523958420095,2.023268980789572e-15,4.867977940246998e-12,2,20,20,0,0.046870958805084226,1,17818,890.9,,"========================================================================================================================
200 autonomous 118-BACKBONE + EQUAL-VALUE SAFE + GATED FINITE-SLOPE HALLEY NumPy Pandrosion
No dependency on previous Python scripts; 118-style homothetic/Mobius starts + 120 equal-value-safe probes + gated finite-slope Halley correction; no Newton/Jacobian fallback path.
========================================================================================================================
case=ks(2,5), seed=709653174, terms=42, Bezout=25
roots=20/20 success=True trials=201 duplicates=177 failures=4
seconds: generation=0.01, extract=0.93, total=0.94
best_root: residual=8.761e-10, trial=27, Lambda=11254.749714294718, theta=18.0, startopt_ratio=5.2572158483607764e-08
out=/Users/ivanbesevic/Documents/poussiere/benchmarks/smale17_candidate_suite/200_ks2x5_seed1.json
",12,True,42,21,0.9374191761016846,10.05,201,20,0.9956450462341309,8.938589001840352e-09
9.08756711201214e-16,25,"2,5",20,1.0,5,177,201,71276,3563.8,4,0.2,/Users/ivanbesevic/Documents/poussiere/benchmarks/smale17_candidate_suite/201_ks2x5_seed1.json,1.632702903446565e-13,6.909502510126148e-14,2.67452395835388,3.239255048943275e-15,3.3700448147575605e-12,2,20,20,0,0.047361242771148684,1,17842,892.1,,"========================================================================================================================
201 autonomous LOG-STABLE OPTIMAL-PROBE TENSOR-HALLEY NumPy Pandrosion
No dependency on previous Python scripts; 118/120/200 backbone + logarithmic stability + optimal-probe energy + tensorial gated finite-slope Halley; no Newton/Jacobian fallback path.
========================================================================================================================
case=ks(2,5), seed=709653174, terms=42, Bezout=25
roots=20/20 success=True trials=201 duplicates=177 failures=4
seconds: generation=0.01, extract=0.94, total=0.95
best_root: residual=1.462e-09, trial=27, Lambda=11254.749714294718, theta=18.0, startopt_ratio=5.2572158483607764e-08
out=/Users/ivanbesevic/Documents/poussiere/benchmarks/smale17_candidate_suite/201_ks2x5_seed1.json
",12,True,42,21,0.9472248554229736,10.05,201,20,1.0052578449249268,7.436365204736043e-09
2.1784148785229476e-15,25,"2,5",19,1.0,5,92,301,40276,2013.8,17,0.85,/Users/ivanbesevic/Documents/poussiere/benchmarks/smale17_candidate_suite/301_ks2x5_seed1.json,3.0505379675102492e-12,1.2132107653008676e-14,2.6745239585081078,2.097616609408099e-15,4.263256414560601e-13,2,20,20,0,0.030100750923156738,1,10700,535.0,,"========================================================================================================================
301 autonomous ANCHORED FULL-CUBIC HALLEY NumPy Pandrosion
No dependency on previous Python scripts; anchored divided-difference Q plus full cubic finite-slope Halley only; no raw Pandrosion-step acceptance, no Newton/Jacobian fallback path.
========================================================================================================================
case=ks(2,5), seed=709653174, terms=42, Bezout=25
roots=20/20 success=True trials=129 duplicates=92 failures=17
seconds: generation=0.01, extract=0.59, total=0.60
best_root: residual=2.740e-12, trial=19, Lambda=1048576.0, theta=24.000000000000004, startopt_ratio=5.032879213630533e-07
out=/Users/ivanbesevic/Documents/poussiere/benchmarks/smale17_candidate_suite/301_ks2x5_seed1.json
",13,True,42,21,0.6020150184631348,6.45,129,20,0.659282922744751,5.718602632832936e-09
6.753223014464259e-16,25,"2,5",18,1.0,5,158,200,67427,3371.35,6,0.3,/Users/ivanbesevic/Documents/poussiere/benchmarks/smale17_candidate_suite/200_ks2x5_seed2.json,7.1179219241905815e-12,4.910265350300142e-15,4.2073316001333545,3.3297034061877072e-15,1.8021916758405862e-13,2,20,20,0,0.043488848209381106,2,17188,859.4,,"========================================================================================================================
200 autonomous 118-BACKBONE + EQUAL-VALUE SAFE + GATED FINITE-SLOPE HALLEY NumPy Pandrosion
No dependency on previous Python scripts; 118-style homothetic/Mobius starts + 120 equal-value-safe probes + gated finite-slope Halley correction; no Newton/Jacobian fallback path.
========================================================================================================================
case=ks(2,5), seed=2106661684, terms=42, Bezout=25
roots=20/20 success=True trials=184 duplicates=158 failures=6
seconds: generation=0.01, extract=0.86, total=0.87
best_root: residual=1.687e-12, trial=72, Lambda=504817.5363384827, theta=128.0, startopt_ratio=5.252203456918106e-08
out=/Users/ivanbesevic/Documents/poussiere/benchmarks/smale17_candidate_suite/200_ks2x5_seed2.json
",12,True,42,21,0.8697769641876221,9.2,184,20,0.9269659519195557,7.596240942618904e-09
7.021666937153402e-16,25,"2,5",18,1.0,5,158,201,67672,3383.6,6,0.3,/Users/ivanbesevic/Documents/poussiere/benchmarks/smale17_candidate_suite/201_ks2x5_seed2.json,4.570154315443183e-12,2.0047519617833097e-15,4.207331600133315,3.1060296161244697e-15,3.661279420058633e-13,2,20,20,0,0.04548579454421997,2,17228,861.4,,"========================================================================================================================
201 autonomous LOG-STABLE OPTIMAL-PROBE TENSOR-HALLEY NumPy Pandrosion
No dependency on previous Python scripts; 118/120/200 backbone + logarithmic stability + optimal-probe energy + tensorial gated finite-slope Halley; no Newton/Jacobian fallback path.
========================================================================================================================
case=ks(2,5), seed=2106661684, terms=42, Bezout=25
roots=20/20 success=True trials=184 duplicates=158 failures=6
seconds: generation=0.01, extract=0.90, total=0.91
best_root: residual=1.890e-12, trial=72, Lambda=504817.5363384827, theta=128.0, startopt_ratio=5.252203456918106e-08
out=/Users/ivanbesevic/Documents/poussiere/benchmarks/smale17_candidate_suite/201_ks2x5_seed2.json
",12,True,42,21,0.9097158908843994,9.2,184,20,0.9670710563659668,5.231375131336419e-09
1.4349927862323324e-15,25,"2,5",19,1.0,5,112,301,47760,2388.0,26,1.3,/Users/ivanbesevic/Documents/poussiere/benchmarks/smale17_candidate_suite/301_ks2x5_seed2.json,1.462820959256734e-12,2.1005944526949047e-15,4.207331600134391,3.260594029058861e-15,1.0819344107159679e-13,2,20,20,0,0.03659743070602417,2,12848,642.4,,"========================================================================================================================
301 autonomous ANCHORED FULL-CUBIC HALLEY NumPy Pandrosion
No dependency on previous Python scripts; anchored divided-difference Q plus full cubic finite-slope Halley only; no raw Pandrosion-step acceptance, no Newton/Jacobian fallback path.
========================================================================================================================
case=ks(2,5), seed=2106661684, terms=42, Bezout=25
roots=20/20 success=True trials=158 duplicates=112 failures=26
seconds: generation=0.01, extract=0.72, total=0.73
best_root: residual=4.616e-12, trial=130, Lambda=64.70540435607867, theta=108.0, startopt_ratio=0.00017453030362593152
out=/Users/ivanbesevic/Documents/poussiere/benchmarks/smale17_candidate_suite/301_ks2x5_seed2.json
",15,True,42,21,0.7319486141204834,7.9,158,20,0.7898790836334229,2.653311675832861e-09
4.839349969133127e-16,25,"2,5",20,1.0,5,137,200,59800,2990.0,1,0.05,/Users/ivanbesevic/Documents/poussiere/benchmarks/smale17_candidate_suite/200_ks2x5_seed3.json,9.461697630807354e-13,1.244758381472095e-15,2.6062458961622443,2.4930037359823478e-15,1.5436939536357692e-13,2,20,20,0,0.03907144069671631,3,15434,771.7,,"========================================================================================================================
200 autonomous 118-BACKBONE + EQUAL-VALUE SAFE + GATED FINITE-SLOPE HALLEY NumPy Pandrosion
No dependency on previous Python scripts; 118-style homothetic/Mobius starts + 120 equal-value-safe probes + gated finite-slope Halley correction; no Newton/Jacobian fallback path.
========================================================================================================================
case=ks(2,5), seed=1034375148, terms=42, Bezout=25
roots=20/20 success=True trials=158 duplicates=137 failures=1
seconds: generation=0.01, extract=0.77, total=0.78
best_root: residual=1.063e-15, trial=21, Lambda=7330.793596590731, theta=91.0, startopt_ratio=2.4795931785072944e-05
out=/Users/ivanbesevic/Documents/poussiere/benchmarks/smale17_candidate_suite/200_ks2x5_seed3.json
",15,True,42,21,0.7814288139343262,7.9,158,20,0.8386969566345215,3.30700880333978e-09
6.033646556915621e-16,25,"2,5",19,1.0,5,137,201,59911,2995.55,1,0.05,/Users/ivanbesevic/Documents/poussiere/benchmarks/smale17_candidate_suite/201_ks2x5_seed3.json,1.468487457917542e-12,1.608994366635453e-15,2.606245896258038,2.2058156053565825e-15,1.2868476258827026e-13,2,20,20,0,0.04065049886703491,3,15454,772.7,,"========================================================================================================================
201 autonomous LOG-STABLE OPTIMAL-PROBE TENSOR-HALLEY NumPy Pandrosion
No dependency on previous Python scripts; 118/120/200 backbone + logarithmic stability + optimal-probe energy + tensorial gated finite-slope Halley; no Newton/Jacobian fallback path.
========================================================================================================================
case=ks(2,5), seed=1034375148, terms=42, Bezout=25
roots=20/20 success=True trials=158 duplicates=137 failures=1
seconds: generation=0.01, extract=0.80, total=0.81
best_root: residual=6.034e-16, trial=21, Lambda=7330.793596590731, theta=91.0, startopt_ratio=2.4795931785072944e-05
out=/Users/ivanbesevic/Documents/poussiere/benchmarks/smale17_candidate_suite/201_ks2x5_seed3.json
",14,True,42,21,0.8130099773406982,7.9,158,20,0.8705439567565918,5.575734270847649e-09
9.064822380140532e-16,25,"2,5",19,1.0,5,56,301,31490,1574.5,28,1.4,/Users/ivanbesevic/Documents/poussiere/benchmarks/smale17_candidate_suite/301_ks2x5_seed3.json,1.2479687484358322e-12,4.606455105815214e-15,2.836961301884719,2.678317989107374e-15,4.990013697488234e-13,2,20,20,0,0.024017202854156493,3,8562,428.1,,"========================================================================================================================
301 autonomous ANCHORED FULL-CUBIC HALLEY NumPy Pandrosion
No dependency on previous Python scripts; anchored divided-difference Q plus full cubic finite-slope Halley only; no raw Pandrosion-step acceptance, no Newton/Jacobian fallback path.
========================================================================================================================
case=ks(2,5), seed=1034375148, terms=42, Bezout=25
roots=20/20 success=True trials=104 duplicates=56 failures=28
seconds: generation=0.01, extract=0.47, total=0.48
best_root: residual=6.657e-10, trial=20, Lambda=1048576.0, theta=64.0, startopt_ratio=4.4370035483956955e-06
out=/Users/ivanbesevic/Documents/poussiere/benchmarks/smale17_candidate_suite/301_ks2x5_seed3.json
",14,True,42,21,0.4803440570831299,5.2,104,20,0.538905143737793,8.792763306002615e-09
4.379755957367587e-16,25,"2,5",20,1.0,5,89,200,41935,2096.75,3,0.15,/Users/ivanbesevic/Documents/poussiere/benchmarks/smale17_candidate_suite/200_ks2x5_seed4.json,3.6673918374856214e-13,1.1774856248984445e-15,2.9123597536997683,3.874612617696384e-15,5.903466738401418e-14,2,20,20,0,0.02778034210205078,4,10962,548.1,,"========================================================================================================================
200 autonomous 118-BACKBONE + EQUAL-VALUE SAFE + GATED FINITE-SLOPE HALLEY NumPy Pandrosion
No dependency on previous Python scripts; 118-style homothetic/Mobius starts + 120 equal-value-safe probes + gated finite-slope Halley correction; no Newton/Jacobian fallback path.
========================================================================================================================
case=ks(2,5), seed=1889539744, terms=42, Bezout=25
roots=20/20 success=True trials=112 duplicates=89 failures=3
seconds: generation=0.01, extract=0.55, total=0.56
best_root: residual=1.391e-15, trial=17, Lambda=515655.55637794576, theta=172.0, startopt_ratio=5.0008409631365205e-08
out=/Users/ivanbesevic/Documents/poussiere/benchmarks/smale17_candidate_suite/200_ks2x5_seed4.json
",15,True,42,21,0.5556068420410156,5.6,112,20,0.6133649349212646,9.107276018728384e-09
4.47545209131181e-16,25,"2,5",20,1.0,5,89,201,42009,2100.45,3,0.15,/Users/ivanbesevic/Documents/poussiere/benchmarks/smale17_candidate_suite/201_ks2x5_seed4.json,1.9742350317315248e-13,1.1029972615615068e-15,2.9123597536997625,3.1097824916478864e-15,1.266006865191591e-13,2,20,20,0,0.028787147998809815,4,10976,548.8,,"========================================================================================================================
201 autonomous LOG-STABLE OPTIMAL-PROBE TENSOR-HALLEY NumPy Pandrosion
No dependency on previous Python scripts; 118/120/200 backbone + logarithmic stability + optimal-probe energy + tensorial gated finite-slope Halley; no Newton/Jacobian fallback path.
========================================================================================================================
case=ks(2,5), seed=1889539744, terms=42, Bezout=25
roots=20/20 success=True trials=112 duplicates=89 failures=3
seconds: generation=0.01, extract=0.57, total=0.58
best_root: residual=4.475e-16, trial=17, Lambda=515655.55637794576, theta=172.0, startopt_ratio=5.0008409631365205e-08
out=/Users/ivanbesevic/Documents/poussiere/benchmarks/smale17_candidate_suite/201_ks2x5_seed4.json
",15,True,42,21,0.5757429599761963,5.6,112,20,0.6334347724914551,8.614853554195439e-10
2.913410106885645e-15,25,"2,5",19,1.0,5,123,301,51368,2568.4,32,1.6,/Users/ivanbesevic/Documents/poussiere/benchmarks/smale17_candidate_suite/301_ks2x5_seed4.json,2.329443027495599e-11,2.4586336970468815e-15,2.659447235342164,3.915669716424564e-15,6.958967189061294e-13,2,20,20,0,0.03823709487915039,4,13708,685.4,,"========================================================================================================================
301 autonomous ANCHORED FULL-CUBIC HALLEY NumPy Pandrosion
No dependency on previous Python scripts; anchored divided-difference Q plus full cubic finite-slope Halley only; no raw Pandrosion-step acceptance, no Newton/Jacobian fallback path.
========================================================================================================================
case=ks(2,5), seed=1889539744, terms=42, Bezout=25
roots=20/20 success=True trials=175 duplicates=123 failures=32
seconds: generation=0.01, extract=0.76, total=0.76
best_root: residual=2.913e-15, trial=17, Lambda=48905.04161101726, theta=86.0, startopt_ratio=5.567099377133185e-08
out=/Users/ivanbesevic/Documents/poussiere/benchmarks/smale17_candidate_suite/301_ks2x5_seed4.json
",13,True,42,21,0.7647418975830078,8.75,175,20,0.821303129196167,8.070947065798914e-09
1.7798229048217483e-15,25,"2,5",18,1.0,5,155,200,64101,3205.05,6,0.3,/Users/ivanbesevic/Documents/poussiere/benchmarks/smale17_candidate_suite/200_ks2x5_seed5.json,1.8331451766013172e-12,3.351510644213808e-15,3.285999690944804,3.662002298304129e-15,4.366225850770097e-13,2,20,20,0,0.041281354427337644,5,16248,812.4,,"========================================================================================================================
200 autonomous 118-BACKBONE + EQUAL-VALUE SAFE + GATED FINITE-SLOPE HALLEY NumPy Pandrosion
No dependency on previous Python scripts; 118-style homothetic/Mobius starts + 120 equal-value-safe probes + gated finite-slope Halley correction; no Newton/Jacobian fallback path.
========================================================================================================================
case=ks(2,5), seed=1040565848, terms=42, Bezout=25
roots=20/20 success=True trials=181 duplicates=155 failures=6
seconds: generation=0.01, extract=0.82, total=0.83
best_root: residual=2.061e-14, trial=2, Lambda=1048576.0, theta=164.0, startopt_ratio=4.436994655995763e-06
out=/Users/ivanbesevic/Documents/poussiere/benchmarks/smale17_candidate_suite/200_ks2x5_seed5.json
",12,True,42,21,0.8256270885467529,9.05,181,20,0.8830709457397461,9.944091939226654e-09
6.707437923744493e-16,25,"2,5",18,1.0,5,155,201,64272,3213.6,6,0.3,/Users/ivanbesevic/Documents/poussiere/benchmarks/smale17_candidate_suite/201_ks2x5_seed5.json,5.063852188714028e-12,3.947827366905343e-15,3.2859997019818135,3.8144319899081714e-15,3.649916912383143e-13,2,20,20,0,0.04429384469985962,5,16278,813.9,,"========================================================================================================================
201 autonomous LOG-STABLE OPTIMAL-PROBE TENSOR-HALLEY NumPy Pandrosion
No dependency on previous Python scripts; 118/120/200 backbone + logarithmic stability + optimal-probe energy + tensorial gated finite-slope Halley; no Newton/Jacobian fallback path.
========================================================================================================================
case=ks(2,5), seed=1040565848, terms=42, Bezout=25
roots=20/20 success=True trials=181 duplicates=155 failures=6
seconds: generation=0.01, extract=0.88, total=0.89
best_root: residual=3.807e-14, trial=2, Lambda=1048576.0, theta=164.0, startopt_ratio=4.436994655995763e-06
out=/Users/ivanbesevic/Documents/poussiere/benchmarks/smale17_candidate_suite/201_ks2x5_seed5.json
",11,True,42,21,0.8858768939971924,9.05,181,20,0.9439969062805176,9.911202310566321e-09
1.6655658173411744e-15,25,"2,5",20,1.0,5,182,301,68269,3413.45,35,1.75,/Users/ivanbesevic/Documents/poussiere/benchmarks/smale17_candidate_suite/301_ks2x5_seed5.json,1.632702903446565e-13,1.4151652906553998e-15,2.7514096740025122,5.066386826248471e-15,5.526725454566888e-14,2,20,20,0,0.05075703859329224,5,18082,904.1,,"========================================================================================================================
301 autonomous ANCHORED FULL-CUBIC HALLEY NumPy Pandrosion
No dependency on previous Python scripts; anchored divided-difference Q plus full cubic finite-slope Halley only; no raw Pandrosion-step acceptance, no Newton/Jacobian fallback path.
========================================================================================================================
case=ks(2,5), seed=1040565848, terms=42, Bezout=25
roots=20/20 success=True trials=237 duplicates=182 failures=35
seconds: generation=0.01, extract=1.01, total=1.02
best_root: residual=1.871e-14, trial=2, Lambda=1048576.0, theta=164.0, startopt_ratio=4.436994655995763e-06
out=/Users/ivanbesevic/Documents/poussiere/benchmarks/smale17_candidate_suite/301_ks2x5_seed5.json
",12,True,42,21,1.0151407718658447,11.85,237,20,1.0718357563018799,1.526731660881286e-09
1.7963160014526912e-15,25,"2,5",19,1.0,5,265,200,107276,5363.8,10,0.5,/Users/ivanbesevic/Documents/poussiere/benchmarks/smale17_candidate_suite/200_ks2x5_seed6.json,8.185452315956354e-12,1.3078978401247964e-14,2.8808902487777717,2.499091133447803e-15,4.0904997323924354e-12,2,20,20,0,0.0700952410697937,6,27242,1362.1,,"========================================================================================================================
200 autonomous 118-BACKBONE + EQUAL-VALUE SAFE + GATED FINITE-SLOPE HALLEY NumPy Pandrosion
No dependency on previous Python scripts; 118-style homothetic/Mobius starts + 120 equal-value-safe probes + gated finite-slope Halley correction; no Newton/Jacobian fallback path.
========================================================================================================================
case=ks(2,5), seed=991171762, terms=42, Bezout=25
roots=20/20 success=True trials=295 duplicates=265 failures=10
seconds: generation=0.01, extract=1.39, total=1.40
best_root: residual=9.087e-10, trial=0, Lambda=1.2339460808244847e-06, theta=0.0, startopt_ratio=0.999999925400094
out=/Users/ivanbesevic/Documents/poussiere/benchmarks/smale17_candidate_suite/200_ks2x5_seed6.json
",12,True,42,21,1.401904821395874,14.75,295,20,1.459472894668579,6.547589357211568e-09
1.1957669250157798e-15,25,"2,5",19,1.0,5,265,201,107572,5378.6,10,0.5,/Users/ivanbesevic/Documents/poussiere/benchmarks/smale17_candidate_suite/201_ks2x5_seed6.json,7.554830392944564e-12,2.464220948632708e-15,2.8808902487777415,3.4861261865995815e-15,2.7284841053187847e-12,2,20,20,0,0.07259644269943237,6,27288,1364.4,,"========================================================================================================================
201 autonomous LOG-STABLE OPTIMAL-PROBE TENSOR-HALLEY NumPy Pandrosion
No dependency on previous Python scripts; 118/120/200 backbone + logarithmic stability + optimal-probe energy + tensorial gated finite-slope Halley; no Newton/Jacobian fallback path.
========================================================================================================================
case=ks(2,5), seed=991171762, terms=42, Bezout=25
roots=20/20 success=True trials=295 duplicates=265 failures=10
seconds: generation=0.01, extract=1.44, total=1.45
best_root: residual=1.240e-09, trial=0, Lambda=1.2339460808244847e-06, theta=0.0, startopt_ratio=0.999999925400094
out=/Users/ivanbesevic/Documents/poussiere/benchmarks/smale17_candidate_suite/201_ks2x5_seed6.json
",13,True,42,21,1.4519288539886475,14.75,295,20,1.5118589401245117,9.999383827278311e-09
7.570711667007543e-16,25,"2,5",19,1.0,5,209,301,82586,4129.3,48,2.4,/Users/ivanbesevic/Documents/poussiere/benchmarks/smale17_candidate_suite/301_ks2x5_seed6.json,7.836973936543512e-12,4.562340417805994e-15,3.2888031414123797,3.6723290878638124e-15,1.9588311420321562e-13,2,20,20,0,0.06121600866317749,6,22024,1101.2,,"========================================================================================================================
301 autonomous ANCHORED FULL-CUBIC HALLEY NumPy Pandrosion
No dependency on previous Python scripts; anchored divided-difference Q plus full cubic finite-slope Halley only; no raw Pandrosion-step acceptance, no Newton/Jacobian fallback path.
========================================================================================================================
case=ks(2,5), seed=991171762, terms=42, Bezout=25
roots=20/20 success=True trials=277 duplicates=209 failures=48
seconds: generation=0.01, extract=1.22, total=1.22
best_root: residual=7.571e-16, trial=0, Lambda=1.2339460808244847e-06, theta=0.0, startopt_ratio=0.999999925400094
out=/Users/ivanbesevic/Documents/poussiere/benchmarks/smale17_candidate_suite/301_ks2x5_seed6.json
",16,True,42,21,1.2243201732635498,13.85,277,20,1.2821638584136963,8.302358773254791e-09
9.992007221626409e-16,25,"2,5",20,1.0,5,178,200,71185,3559.25,4,0.2,/Users/ivanbesevic/Documents/poussiere/benchmarks/smale17_candidate_suite/200_ks2x5_seed7.json,8.658131612109979e-13,5.771111923230628e-15,2.571817340602742,2.6821812634969402e-15,2.0585055837877116e-13,2,20,20,0,0.044880783557891844,7,17608,880.4,,"========================================================================================================================
200 autonomous 118-BACKBONE + EQUAL-VALUE SAFE + GATED FINITE-SLOPE HALLEY NumPy Pandrosion
No dependency on previous Python scripts; 118-style homothetic/Mobius starts + 120 equal-value-safe probes + gated finite-slope Halley correction; no Newton/Jacobian fallback path.
========================================================================================================================
case=ks(2,5), seed=772894349, terms=42, Bezout=25
roots=20/20 success=True trials=202 duplicates=178 failures=4
seconds: generation=0.01, extract=0.89, total=0.90
best_root: residual=5.917e-15, trial=27, Lambda=11254.749714294718, theta=18.0, startopt_ratio=5.2514970838719935e-08
out=/Users/ivanbesevic/Documents/poussiere/benchmarks/smale17_candidate_suite/200_ks2x5_seed7.json
",15,True,42,21,0.8976156711578369,10.1,202,20,0.9552092552185059,3.7827553618213205e-09
1.1322097734007351e-15,25,"2,5",20,1.0,5,178,201,71319,3565.95,4,0.2,/Users/ivanbesevic/Documents/poussiere/benchmarks/smale17_candidate_suite/201_ks2x5_seed7.json,6.53081161378626e-13,1.6889564135583793e-14,2.571817341427738,3.554239472295677e-15,6.955905825235827e-13,2,20,20,0,0.04681299924850464,7,17632,881.6,,"========================================================================================================================
201 autonomous LOG-STABLE OPTIMAL-PROBE TENSOR-HALLEY NumPy Pandrosion
No dependency on previous Python scripts; 118/120/200 backbone + logarithmic stability + optimal-probe energy + tensorial gated finite-slope Halley; no Newton/Jacobian fallback path.
========================================================================================================================
case=ks(2,5), seed=772894349, terms=42, Bezout=25
roots=20/20 success=True trials=202 duplicates=178 failures=4
seconds: generation=0.01, extract=0.93, total=0.94
best_root: residual=9.581e-15, trial=27, Lambda=11254.749714294718, theta=18.0, startopt_ratio=5.2514970838719935e-08
out=/Users/ivanbesevic/Documents/poussiere/benchmarks/smale17_candidate_suite/201_ks2x5_seed7.json
",13,True,42,21,0.9362599849700928,10.1,202,20,0.9961011409759521,5.789683023491781e-09
1.1281198993241301e-15,25,"2,5",19,1.0,5,122,301,47729,2386.45,15,0.75,/Users/ivanbesevic/Documents/poussiere/benchmarks/smale17_candidate_suite/301_ks2x5_seed7.json,2.622201144429436e-12,1.9497105188457302e-15,2.557155137553964,2.7593596964077215e-15,4.7796874181478123e-14,2,20,20,0,0.03643840551376343,7,12684,634.2,,"========================================================================================================================
301 autonomous ANCHORED FULL-CUBIC HALLEY NumPy Pandrosion
No dependency on previous Python scripts; anchored divided-difference Q plus full cubic finite-slope Halley only; no raw Pandrosion-step acceptance, no Newton/Jacobian fallback path.
========================================================================================================================
case=ks(2,5), seed=772894349, terms=42, Bezout=25
roots=20/20 success=True trials=157 duplicates=122 failures=15
seconds: generation=0.01, extract=0.72, total=0.73
best_root: residual=9.761e-10, trial=23, Lambda=25282.796085793147, theta=48.00000000000001, startopt_ratio=0.0014351709707925593
out=/Users/ivanbesevic/Documents/poussiere/benchmarks/smale17_candidate_suite/301_ks2x5_seed7.json
",13,True,42,21,0.7287681102752686,7.85,157,20,0.788322925567627,9.78673241539006e-09
4.1910000110727263e-16,36,"2,6",20,1.0,6,68,200,45148,2257.4,6,0.3,/Users/ivanbesevic/Documents/poussiere/benchmarks/smale17_candidate_suite/200_ks2x6_seed0.json,5.452229201310637e-13,2.4051165668158558e-14,3.461135177067564,2.125197214502893e-15,1.147124980355475e-12,2,20,20,0,0.03001880645751953,0,11872,593.6,,"========================================================================================================================
200 autonomous 118-BACKBONE + EQUAL-VALUE SAFE + GATED FINITE-SLOPE HALLEY NumPy Pandrosion
No dependency on previous Python scripts; 118-style homothetic/Mobius starts + 120 equal-value-safe probes + gated finite-slope Halley correction; no Newton/Jacobian fallback path.
========================================================================================================================
case=ks(2,6), seed=1838054230, terms=56, Bezout=36
roots=20/20 success=True trials=94 duplicates=68 failures=6
seconds: generation=0.01, extract=0.59, total=0.60
best_root: residual=8.975e-13, trial=10, Lambda=1048576.0, theta=86.0, startopt_ratio=1.2382294878779832e-10
out=/Users/ivanbesevic/Documents/poussiere/benchmarks/smale17_candidate_suite/200_ks2x6_seed0.json
",12,True,56,28,0.6003761291503906,4.7,94,20,0.6580748558044434,2.6679713329150814e-09
4.847302891456678e-16,36,"2,6",19,1.0,6,68,201,45259,2262.95,6,0.3,/Users/ivanbesevic/Documents/poussiere/benchmarks/smale17_candidate_suite/201_ks2x6_seed0.json,1.4391604169272982e-12,4.3083071527662497e-14,3.4611351770675594,2.0188298602052606e-15,1.4790216290814087e-12,2,20,20,0,0.031488347053527835,0,11890,594.5,,"========================================================================================================================
201 autonomous LOG-STABLE OPTIMAL-PROBE TENSOR-HALLEY NumPy Pandrosion
No dependency on previous Python scripts; 118/120/200 backbone + logarithmic stability + optimal-probe energy + tensorial gated finite-slope Halley; no Newton/Jacobian fallback path.
========================================================================================================================
case=ks(2,6), seed=1838054230, terms=56, Bezout=36
roots=20/20 success=True trials=94 duplicates=68 failures=6
seconds: generation=0.01, extract=0.62, total=0.63
best_root: residual=2.815e-12, trial=10, Lambda=1048576.0, theta=86.0, startopt_ratio=1.2382294878779832e-10
out=/Users/ivanbesevic/Documents/poussiere/benchmarks/smale17_candidate_suite/201_ks2x6_seed0.json
",12,True,56,28,0.6297669410705566,4.7,94,20,0.6884453296661377,4.5611218879949775e-09
8.843755709061939e-16,36,"2,6",20,1.0,6,52,301,40007,2000.35,49,2.45,/Users/ivanbesevic/Documents/poussiere/benchmarks/smale17_candidate_suite/301_ks2x6_seed0.json,3.639754730461873e-13,4.443140556841978e-16,2.6080049570917154,2.7427343981190924e-15,3.404241433236254e-14,2,20,20,0,0.03058788776397705,0,10934,546.7,,"========================================================================================================================
301 autonomous ANCHORED FULL-CUBIC HALLEY NumPy Pandrosion
No dependency on previous Python scripts; anchored divided-difference Q plus full cubic finite-slope Halley only; no raw Pandrosion-step acceptance, no Newton/Jacobian fallback path.
========================================================================================================================
case=ks(2,6), seed=1838054230, terms=56, Bezout=36
roots=20/20 success=True trials=121 duplicates=52 failures=49
seconds: generation=0.01, extract=0.60, total=0.61
best_root: residual=2.430e-15, trial=101, Lambda=1005.4503715389035, theta=128.0, startopt_ratio=6.325382572933972e-10
out=/Users/ivanbesevic/Documents/poussiere/benchmarks/smale17_candidate_suite/301_ks2x6_seed0.json
",15,True,56,28,0.611757755279541,6.05,121,20,0.6707558631896973,6.552929509925063e-11
2.7485378307127106e-16,36,"2,6",18,1.0,6,31,200,27171,1358.55,2,0.1,/Users/ivanbesevic/Documents/poussiere/benchmarks/smale17_candidate_suite/200_ks2x6_seed1.json,9.451746196112494e-12,2.508697335816009e-14,2.3497375159082896,2.3982841921188725e-15,7.70008549312475e-12,2,20,20,0,0.01934570074081421,1,7678,383.9,,"========================================================================================================================
200 autonomous 118-BACKBONE + EQUAL-VALUE SAFE + GATED FINITE-SLOPE HALLEY NumPy Pandrosion
No dependency on previous Python scripts; 118-style homothetic/Mobius starts + 120 equal-value-safe probes + gated finite-slope Halley correction; no Newton/Jacobian fallback path.
========================================================================================================================
case=ks(2,6), seed=802300624, terms=56, Bezout=36
roots=20/20 success=True trials=53 duplicates=31 failures=2
seconds: generation=0.01, extract=0.38, total=0.39
best_root: residual=9.478e-09, trial=23, Lambda=1691.8884766736974, theta=40.0, startopt_ratio=0.000387294779615391
out=/Users/ivanbesevic/Documents/poussiere/benchmarks/smale17_candidate_suite/200_ks2x6_seed1.json
",14,True,56,28,0.3869140148162842,2.65,53,20,0.4446089267730713,9.478219457921821e-09
2.52728433394978e-16,36,"2,6",18,1.0,6,31,201,27231,1361.55,2,0.1,/Users/ivanbesevic/Documents/poussiere/benchmarks/smale17_candidate_suite/201_ks2x6_seed1.json,9.451746196112494e-12,2.4117641886434698e-14,2.3497375159082976,2.9404152376145657e-15,8.446557158552746e-12,2,20,20,0,0.020657408237457275,1,7690,384.5,,"========================================================================================================================
201 autonomous LOG-STABLE OPTIMAL-PROBE TENSOR-HALLEY NumPy Pandrosion
No dependency on previous Python scripts; 118/120/200 backbone + logarithmic stability + optimal-probe energy + tensorial gated finite-slope Halley; no Newton/Jacobian fallback path.
========================================================================================================================
case=ks(2,6), seed=802300624, terms=56, Bezout=36
roots=20/20 success=True trials=53 duplicates=31 failures=2
seconds: generation=0.01, extract=0.40, total=0.41
best_root: residual=1.626e-15, trial=23, Lambda=1691.8884766736974, theta=40.0, startopt_ratio=0.000387294779615391
out=/Users/ivanbesevic/Documents/poussiere/benchmarks/smale17_candidate_suite/201_ks2x6_seed1.json
",12,True,56,28,0.4131481647491455,2.65,53,20,0.4713709354400635,3.1696860106452007e-09
1.9991512101782908e-16,36,"2,6",19,1.0,6,52,301,30069,1503.45,20,1.0,/Users/ivanbesevic/Documents/poussiere/benchmarks/smale17_candidate_suite/301_ks2x6_seed1.json,1.0775965887334023e-08,1.2348488428148225e-15,3.2759864438952353,6.792894707564502e-15,1.0640362640310696e-13,2,20,20,0,0.023305344581604003,1,8266,413.3,,"========================================================================================================================
301 autonomous ANCHORED FULL-CUBIC HALLEY NumPy Pandrosion
No dependency on previous Python scripts; anchored divided-difference Q plus full cubic finite-slope Halley only; no raw Pandrosion-step acceptance, no Newton/Jacobian fallback path.
========================================================================================================================
case=ks(2,6), seed=802300624, terms=56, Bezout=36
roots=20/20 success=True trials=92 duplicates=52 failures=20
seconds: generation=0.01, extract=0.46, total=0.47
best_root: residual=1.999e-16, trial=0, Lambda=1.2339460808244847e-06, theta=0.0, startopt_ratio=0.9999994840078763
out=/Users/ivanbesevic/Documents/poussiere/benchmarks/smale17_candidate_suite/301_ks2x6_seed1.json
",9,True,56,28,0.4661068916320801,4.6,92,20,0.5249190330505371,8.199019625899812e-09
7.850462293418876e-16,36,"2,6",19,1.0,6,26,200,26639,1331.95,5,0.25,/Users/ivanbesevic/Documents/poussiere/benchmarks/smale17_candidate_suite/200_ks2x6_seed2.json,1.4665161412810538e-11,3.2139322419472465e-15,2.324149625599615,1.3347687594596477e-15,8.258074764990196e-13,2,20,20,0,0.019121849536895753,2,7574,378.7,,"========================================================================================================================
200 autonomous 118-BACKBONE + EQUAL-VALUE SAFE + GATED FINITE-SLOPE HALLEY NumPy Pandrosion
No dependency on previous Python scripts; 118-style homothetic/Mobius starts + 120 equal-value-safe probes + gated finite-slope Halley correction; no Newton/Jacobian fallback path.
========================================================================================================================
case=ks(2,6), seed=872687622, terms=56, Bezout=36
roots=20/20 success=True trials=51 duplicates=26 failures=5
seconds: generation=0.01, extract=0.37, total=0.38
best_root: residual=2.118e-15, trial=26, Lambda=69817.7096277006, theta=24.000000000000004, startopt_ratio=4.251541732661127e-09
out=/Users/ivanbesevic/Documents/poussiere/benchmarks/smale17_candidate_suite/200_ks2x6_seed2.json
",14,True,56,28,0.38243699073791504,2.55,51,20,0.4393472671508789,9.230114046082452e-09
4.742874840267547e-16,36,"2,6",19,1.0,6,26,201,26699,1334.95,5,0.25,/Users/ivanbesevic/Documents/poussiere/benchmarks/smale17_candidate_suite/201_ks2x6_seed2.json,1.6471649611298594e-11,2.500085075207861e-15,2.324149625594697,1.5948803147063054e-15,3.639754730461873e-13,2,20,20,0,0.019461750984191895,2,7586,379.3,,"========================================================================================================================
201 autonomous LOG-STABLE OPTIMAL-PROBE TENSOR-HALLEY NumPy Pandrosion
No dependency on previous Python scripts; 118/120/200 backbone + logarithmic stability + optimal-probe energy + tensorial gated finite-slope Halley; no Newton/Jacobian fallback path.
========================================================================================================================
case=ks(2,6), seed=872687622, terms=56, Bezout=36
roots=20/20 success=True trials=51 duplicates=26 failures=5
seconds: generation=0.01, extract=0.38, total=0.39
best_root: residual=1.669e-15, trial=26, Lambda=69817.7096277006, theta=24.000000000000004, startopt_ratio=4.251541732661127e-09
out=/Users/ivanbesevic/Documents/poussiere/benchmarks/smale17_candidate_suite/201_ks2x6_seed2.json
",14,True,56,28,0.3892350196838379,2.55,51,20,0.4464850425720215,7.5810019732101e-09
1.4895204919483639e-15,36,"2,6",19,1.0,6,47,301,35916,1795.8,22,1.1,/Users/ivanbesevic/Documents/poussiere/benchmarks/smale17_candidate_suite/301_ks2x6_seed2.json,1.5673947873087023e-11,5.254177356550944e-16,2.2393279049931447,2.345880884414532e-15,2.2223950230913696e-14,2,20,20,0,0.027592265605926515,2,10004,500.2,,"========================================================================================================================
301 autonomous ANCHORED FULL-CUBIC HALLEY NumPy Pandrosion
No dependency on previous Python scripts; anchored divided-difference Q plus full cubic finite-slope Halley only; no raw Pandrosion-step acceptance, no Newton/Jacobian fallback path.
========================================================================================================================
case=ks(2,6), seed=872687622, terms=56, Bezout=36
roots=20/20 success=True trials=89 duplicates=47 failures=22
seconds: generation=0.01, extract=0.54, total=0.55
best_root: residual=1.223e-14, trial=7, Lambda=107961.99922514372, theta=18.0, startopt_ratio=0.016026383535661635
out=/Users/ivanbesevic/Documents/poussiere/benchmarks/smale17_candidate_suite/301_ks2x6_seed2.json
",13,True,56,28,0.5518453121185303,4.45,89,20,0.6086289882659912,4.63118428857877e-09
8.326672684688674e-16,36,"2,6",18,1.0,6,68,200,41375,2068.75,3,0.15,/Users/ivanbesevic/Documents/poussiere/benchmarks/smale17_candidate_suite/200_ks2x6_seed3.json,9.670182902969041e-10,3.609574058075764e-15,2.7370285790410924,2.775278198107156e-15,1.5631940186722204e-13,2,20,20,0,0.027991199493408205,3,10990,549.5,,"========================================================================================================================
200 autonomous 118-BACKBONE + EQUAL-VALUE SAFE + GATED FINITE-SLOPE HALLEY NumPy Pandrosion
No dependency on previous Python scripts; 118-style homothetic/Mobius starts + 120 equal-value-safe probes + gated finite-slope Halley correction; no Newton/Jacobian fallback path.
========================================================================================================================
case=ks(2,6), seed=1318394294, terms=56, Bezout=36
roots=20/20 success=True trials=91 duplicates=68 failures=3
seconds: generation=0.01, extract=0.55, total=0.56
best_root: residual=7.000e-14, trial=9, Lambda=1048576.0, theta=90.0, startopt_ratio=1.8382518925960992e-09
out=/Users/ivanbesevic/Documents/poussiere/benchmarks/smale17_candidate_suite/200_ks2x6_seed3.json
",12,True,56,28,0.5598239898681641,4.55,91,20,0.6167690753936768,4.284952573693899e-09
8.326672684688674e-16,36,"2,6",18,1.0,6,68,201,41486,2074.3,3,0.15,/Users/ivanbesevic/Documents/poussiere/benchmarks/smale17_candidate_suite/201_ks2x6_seed3.json,9.670182902969041e-10,9.59126853036394e-15,2.737028579041472,2.043489537349116e-15,3.2405734631855066e-13,2,20,20,0,0.028710007667541504,3,11014,550.7,,"========================================================================================================================
201 autonomous LOG-STABLE OPTIMAL-PROBE TENSOR-HALLEY NumPy Pandrosion
No dependency on previous Python scripts; 118/120/200 backbone + logarithmic stability + optimal-probe energy + tensorial gated finite-slope Halley; no Newton/Jacobian fallback path.
========================================================================================================================
case=ks(2,6), seed=1318394294, terms=56, Bezout=36
roots=20/20 success=True trials=91 duplicates=68 failures=3
seconds: generation=0.01, extract=0.57, total=0.57
best_root: residual=2.322e-13, trial=9, Lambda=1048576.0, theta=90.0, startopt_ratio=1.8382518925960992e-09
out=/Users/ivanbesevic/Documents/poussiere/benchmarks/smale17_candidate_suite/201_ks2x6_seed3.json
",12,True,56,28,0.5742001533508301,4.55,91,20,0.6312680244445801,9.181539794723815e-09
2.3347702487811585e-15,36,"2,6",19,1.0,6,55,301,32594,1629.7,20,1.0,/Users/ivanbesevic/Documents/poussiere/benchmarks/smale17_candidate_suite/301_ks2x6_seed3.json,1.0785280415467626e-12,1.700234979544499e-15,2.6907513977665096,2.4619661387657734e-15,1.7304342048673278e-12,2,20,20,0,0.024991095066070557,3,8888,444.4,,"========================================================================================================================
301 autonomous ANCHORED FULL-CUBIC HALLEY NumPy Pandrosion
No dependency on previous Python scripts; anchored divided-difference Q plus full cubic finite-slope Halley only; no raw Pandrosion-step acceptance, no Newton/Jacobian fallback path.
========================================================================================================================
case=ks(2,6), seed=1318394294, terms=56, Bezout=36
roots=20/20 success=True trials=95 duplicates=55 failures=20
seconds: generation=0.01, extract=0.49, total=0.50
best_root: residual=8.089e-14, trial=53, Lambda=1048576.0, theta=91.0, startopt_ratio=1.7858264191103788e-09
out=/Users/ivanbesevic/Documents/poussiere/benchmarks/smale17_candidate_suite/301_ks2x6_seed3.json
",11,True,56,28,0.49982190132141113,4.75,95,20,0.5577371120452881,5.129905953566971e-09
3.6506759942727966e-16,36,"2,6",20,1.0,6,91,200,48556,2427.8,4,0.2,/Users/ivanbesevic/Documents/poussiere/benchmarks/smale17_candidate_suite/200_ks2x6_seed4.json,1.0875018478638741e-13,7.638091350049811e-14,2.1691543765078065,5.934545832190026e-15,2.037938883727278e-12,2,20,20,0,0.03260679244995117,4,12842,642.1,,"========================================================================================================================
200 autonomous 118-BACKBONE + EQUAL-VALUE SAFE + GATED FINITE-SLOPE HALLEY NumPy Pandrosion
No dependency on previous Python scripts; 118-style homothetic/Mobius starts + 120 equal-value-safe probes + gated finite-slope Halley correction; no Newton/Jacobian fallback path.
========================================================================================================================
case=ks(2,6), seed=1853960808, terms=56, Bezout=36
roots=20/20 success=True trials=115 duplicates=91 failures=4
seconds: generation=0.01, extract=0.64, total=0.65
best_root: residual=3.814e-09, trial=90, Lambda=31.256285708597726, theta=90.0, startopt_ratio=6.9292878357518085e-09
out=/Users/ivanbesevic/Documents/poussiere/benchmarks/smale17_candidate_suite/200_ks2x6_seed4.json
",12,True,56,28,0.6521358489990234,5.75,115,20,0.7083499431610107,3.8141906690302775e-09
9.790481772219012e-16,36,"2,6",20,1.0,6,91,201,48616,2430.8,4,0.2,/Users/ivanbesevic/Documents/poussiere/benchmarks/smale17_candidate_suite/201_ks2x6_seed4.json,1.8198773652309366e-13,1.433502361363181e-13,2.1691543765043226,3.7720650915653366e-15,4.917852970409973e-12,2,20,20,0,0.03392496109008789,4,12854,642.7,,"========================================================================================================================
201 autonomous LOG-STABLE OPTIMAL-PROBE TENSOR-HALLEY NumPy Pandrosion
No dependency on previous Python scripts; 118/120/200 backbone + logarithmic stability + optimal-probe energy + tensorial gated finite-slope Halley; no Newton/Jacobian fallback path.
========================================================================================================================
case=ks(2,6), seed=1853960808, terms=56, Bezout=36
roots=20/20 success=True trials=115 duplicates=91 failures=4
seconds: generation=0.01, extract=0.67, total=0.68
best_root: residual=6.239e-09, trial=90, Lambda=31.256285708597726, theta=90.0, startopt_ratio=6.9292878357518085e-09
out=/Users/ivanbesevic/Documents/poussiere/benchmarks/smale17_candidate_suite/201_ks2x6_seed4.json
",13,True,56,28,0.6784992218017578,5.75,115,20,0.7359843254089355,6.239042481732899e-09
1.319485001705613e-15,36,"2,6",20,1.0,6,70,301,39549,1977.45,34,1.7,/Users/ivanbesevic/Documents/poussiere/benchmarks/smale17_candidate_suite/301_ks2x6_seed4.json,1.6450253643242583e-13,2.056794349571963e-15,2.415984048554801,1.1193135267859422e-14,1.603943011489736e-13,2,20,20,0,0.03030533790588379,4,10850,542.5,,"========================================================================================================================
301 autonomous ANCHORED FULL-CUBIC HALLEY NumPy Pandrosion
No dependency on previous Python scripts; anchored divided-difference Q plus full cubic finite-slope Halley only; no raw Pandrosion-step acceptance, no Newton/Jacobian fallback path.
========================================================================================================================
case=ks(2,6), seed=1853960808, terms=56, Bezout=36
roots=20/20 success=True trials=124 duplicates=70 failures=34
seconds: generation=0.01, extract=0.60, total=0.61
best_root: residual=1.794e-15, trial=11, Lambda=375823.9314154612, theta=152.0, startopt_ratio=1.2492943410908763e-09
out=/Users/ivanbesevic/Documents/poussiere/benchmarks/smale17_candidate_suite/301_ks2x6_seed4.json
",8,True,56,28,0.6061067581176758,6.2,124,20,0.663193941116333,8.164103082221438e-09
1.3290834981264242e-15,36,"2,6",19,1.0,6,39,200,29617,1480.85,6,0.3,/Users/ivanbesevic/Documents/poussiere/benchmarks/smale17_candidate_suite/200_ks2x6_seed5.json,6.21658091063548e-11,4.623584581288798e-13,2.500279727479496,1.8063127287919836e-15,2.4604273758364125e-11,2,20,20,0,0.020886564254760744,5,8110,405.5,,"========================================================================================================================
200 autonomous 118-BACKBONE + EQUAL-VALUE SAFE + GATED FINITE-SLOPE HALLEY NumPy Pandrosion
No dependency on previous Python scripts; 118-style homothetic/Mobius starts + 120 equal-value-safe probes + gated finite-slope Halley correction; no Newton/Jacobian fallback path.
========================================================================================================================
case=ks(2,6), seed=1038899943, terms=56, Bezout=36
roots=20/20 success=True trials=65 duplicates=39 failures=6
seconds: generation=0.01, extract=0.41, total=0.42
best_root: residual=1.186e-10, trial=46, Lambda=608.3478319437852, theta=86.0, startopt_ratio=2.1343892948059171e-10
out=/Users/ivanbesevic/Documents/poussiere/benchmarks/smale17_candidate_suite/200_ks2x6_seed5.json
",12,True,56,28,0.41773128509521484,3.25,65,20,0.4747738838195801,7.0952343518919385e-09
3.8355956068367295e-15,36,"2,6",19,1.0,6,39,201,29654,1482.7,6,0.3,/Users/ivanbesevic/Documents/poussiere/benchmarks/smale17_candidate_suite/201_ks2x6_seed5.json,7.131273663221749e-11,8.921366443897706e-13,2.5002797274735578,1.8053127330485794e-15,5.5769056171798656e-11,2,20,20,0,0.021472954750061037,5,8116,405.8,,"========================================================================================================================
201 autonomous LOG-STABLE OPTIMAL-PROBE TENSOR-HALLEY NumPy Pandrosion
No dependency on previous Python scripts; 118/120/200 backbone + logarithmic stability + optimal-probe energy + tensorial gated finite-slope Halley; no Newton/Jacobian fallback path.
========================================================================================================================
case=ks(2,6), seed=1038899943, terms=56, Bezout=36
roots=20/20 success=True trials=65 duplicates=39 failures=6
seconds: generation=0.01, extract=0.42, total=0.43
best_root: residual=2.268e-10, trial=46, Lambda=608.3478319437852, theta=86.0, startopt_ratio=2.1343892948059171e-10
out=/Users/ivanbesevic/Documents/poussiere/benchmarks/smale17_candidate_suite/201_ks2x6_seed5.json
",12,True,56,28,0.4294590950012207,3.25,65,20,0.4892258644104004,9.483083196771759e-09
8.1773032027145e-16,36,"2,6",19,1.0,6,67,301,35270,1763.5,37,1.85,/Users/ivanbesevic/Documents/poussiere/benchmarks/smale17_candidate_suite/301_ks2x6_seed5.json,4.1159031748919956e-11,5.2895208294750555e-14,2.500279727220847,1.9949948064060913e-15,1.0558067008634419e-12,2,20,20,0,0.027138900756835938,5,9516,475.8,,"========================================================================================================================
301 autonomous ANCHORED FULL-CUBIC HALLEY NumPy Pandrosion
No dependency on previous Python scripts; anchored divided-difference Q plus full cubic finite-slope Halley only; no raw Pandrosion-step acceptance, no Newton/Jacobian fallback path.
========================================================================================================================
case=ks(2,6), seed=1038899943, terms=56, Bezout=36
roots=20/20 success=True trials=124 duplicates=67 failures=37
seconds: generation=0.01, extract=0.53, total=0.54
best_root: residual=1.184e-14, trial=28, Lambda=813.2080120114819, theta=6.000000000000001, startopt_ratio=6.853293580569354e-11
out=/Users/ivanbesevic/Documents/poussiere/benchmarks/smale17_candidate_suite/301_ks2x6_seed5.json
",13,True,56,28,0.5427780151367188,6.2,124,20,0.601646900177002,1.7652354479671414e-09
1.1866928732135989e-15,36,"2,6",19,1.0,6,95,200,51049,2552.45,5,0.25,/Users/ivanbesevic/Documents/poussiere/benchmarks/smale17_candidate_suite/200_ks2x6_seed6.json,1.5149064405746263e-12,1.09694792017271e-14,2.171178088157566,8.462341169262738e-15,3.5171192551249506e-13,2,20,20,0,0.035001540184021,6,13918,695.9,,"========================================================================================================================
200 autonomous 118-BACKBONE + EQUAL-VALUE SAFE + GATED FINITE-SLOPE HALLEY NumPy Pandrosion
No dependency on previous Python scripts; 118-style homothetic/Mobius starts + 120 equal-value-safe probes + gated finite-slope Halley correction; no Newton/Jacobian fallback path.
========================================================================================================================
case=ks(2,6), seed=47299713, terms=56, Bezout=36
roots=20/20 success=True trials=120 duplicates=95 failures=5
seconds: generation=0.01, extract=0.69, total=0.70
best_root: residual=1.192e-12, trial=50, Lambda=1048576.0, theta=91.0, startopt_ratio=3.0869040589317033e-09
out=/Users/ivanbesevic/Documents/poussiere/benchmarks/smale17_candidate_suite/200_ks2x6_seed6.json
",9,True,56,28,0.7000308036804199,6.0,120,20,0.7580564022064209,4.414359661157142e-09
1.2815744444133687e-15,36,"2,6",19,1.0,6,95,201,51035,2551.75,5,0.25,/Users/ivanbesevic/Documents/poussiere/benchmarks/smale17_candidate_suite/201_ks2x6_seed6.json,1.8118700439241852e-12,2.4569704237028755e-14,2.1711780881575673,5.494494845730411e-15,1.0511392017775546e-12,2,20,20,0,0.03668135404586792,6,13916,695.8,,"========================================================================================================================
201 autonomous LOG-STABLE OPTIMAL-PROBE TENSOR-HALLEY NumPy Pandrosion
No dependency on previous Python scripts; 118/120/200 backbone + logarithmic stability + optimal-probe energy + tensorial gated finite-slope Halley; no Newton/Jacobian fallback path.
========================================================================================================================
case=ks(2,6), seed=47299713, terms=56, Bezout=36
roots=20/20 success=True trials=120 duplicates=95 failures=5
seconds: generation=0.01, extract=0.72, total=0.73
best_root: residual=2.713e-12, trial=50, Lambda=1048576.0, theta=91.0, startopt_ratio=3.0869040589317033e-09
out=/Users/ivanbesevic/Documents/poussiere/benchmarks/smale17_candidate_suite/201_ks2x6_seed6.json
",11,True,56,28,0.7336270809173584,6.0,120,20,0.7918519973754883,8.07290883690498e-09
9.566618574882216e-16,36,"2,6",19,1.0,6,14,301,22544,1127.2,12,0.6,/Users/ivanbesevic/Documents/poussiere/benchmarks/smale17_candidate_suite/301_ks2x6_seed6.json,1.2710574864626038e-12,2.9194124770188554e-15,2.3329310990893677,7.304888013267858e-15,2.1992102972277695e-13,2,20,20,0,0.017847561836242677,6,6442,322.1,,"========================================================================================================================
301 autonomous ANCHORED FULL-CUBIC HALLEY NumPy Pandrosion
No dependency on previous Python scripts; anchored divided-difference Q plus full cubic finite-slope Halley only; no raw Pandrosion-step acceptance, no Newton/Jacobian fallback path.
========================================================================================================================
case=ks(2,6), seed=47299713, terms=56, Bezout=36
roots=20/20 success=True trials=46 duplicates=14 failures=12
seconds: generation=0.01, extract=0.35, total=0.36
best_root: residual=2.148e-14, trial=40, Lambda=104509.86940277257, theta=152.0, startopt_ratio=3.4013593779324864e-05
out=/Users/ivanbesevic/Documents/poussiere/benchmarks/smale17_candidate_suite/301_ks2x6_seed6.json
",10,True,56,28,0.3569512367248535,2.3,46,20,0.4136660099029541,2.2703691224254533e-09
3.6821932062951477e-16,36,"2,6",19,1.0,6,44,200,32316,1615.8,7,0.35,/Users/ivanbesevic/Documents/poussiere/benchmarks/smale17_candidate_suite/200_ks2x6_seed7.json,2.5724394843074972e-12,4.114196422155666e-15,2.875538826821396,2.1590568451389087e-15,5.735580739321534e-14,2,20,20,0,0.02284231185913086,7,9004,450.2,,"========================================================================================================================
200 autonomous 118-BACKBONE + EQUAL-VALUE SAFE + GATED FINITE-SLOPE HALLEY NumPy Pandrosion
No dependency on previous Python scripts; 118-style homothetic/Mobius starts + 120 equal-value-safe probes + gated finite-slope Halley correction; no Newton/Jacobian fallback path.
========================================================================================================================
case=ks(2,6), seed=595079374, terms=56, Bezout=36
roots=20/20 success=True trials=71 duplicates=44 failures=7
seconds: generation=0.01, extract=0.45, total=0.46
best_root: residual=5.203e-12, trial=16, Lambda=1048576.0, theta=32.0, startopt_ratio=8.051413232372993e-12
out=/Users/ivanbesevic/Documents/poussiere/benchmarks/smale17_candidate_suite/200_ks2x6_seed7.json
",12,True,56,28,0.4568462371826172,3.55,71,20,0.5139029026031494,7.030157851884631e-09
8.741904837807691e-16,36,"2,6",19,1.0,6,44,201,32376,1618.8,7,0.35,/Users/ivanbesevic/Documents/poussiere/benchmarks/smale17_candidate_suite/201_ks2x6_seed7.json,6.62122137262533e-12,3.358679011504528e-15,2.875538826806296,2.0045504298835023e-15,1.3043830727131805e-13,2,20,20,0,0.023460352420806886,7,9014,450.7,,"========================================================================================================================
201 autonomous LOG-STABLE OPTIMAL-PROBE TENSOR-HALLEY NumPy Pandrosion
No dependency on previous Python scripts; 118/120/200 backbone + logarithmic stability + optimal-probe energy + tensorial gated finite-slope Halley; no Newton/Jacobian fallback path.
========================================================================================================================
case=ks(2,6), seed=595079374, terms=56, Bezout=36
roots=20/20 success=True trials=71 duplicates=44 failures=7
seconds: generation=0.01, extract=0.46, total=0.47
best_root: residual=1.166e-11, trial=16, Lambda=1048576.0, theta=32.0, startopt_ratio=8.051413232372993e-12
out=/Users/ivanbesevic/Documents/poussiere/benchmarks/smale17_candidate_suite/201_ks2x6_seed7.json
",12,True,56,28,0.4692070484161377,3.55,71,20,0.5252351760864258,5.0286270561843126e-09
1.979811259392395e-15,36,"2,6",19,1.0,6,34,301,23519,1175.95,11,0.55,/Users/ivanbesevic/Documents/poussiere/benchmarks/smale17_candidate_suite/301_ks2x6_seed7.json,4.18367562815547e-11,1.251660374350388e-15,2.7399609712831774,2.013687692166702e-15,1.0882269942056128e-13,2,20,20,0,0.018578541278839112,7,6522,326.1,,"========================================================================================================================
301 autonomous ANCHORED FULL-CUBIC HALLEY NumPy Pandrosion
No dependency on previous Python scripts; anchored divided-difference Q plus full cubic finite-slope Halley only; no raw Pandrosion-step acceptance, no Newton/Jacobian fallback path.
========================================================================================================================
case=ks(2,6), seed=595079374, terms=56, Bezout=36
roots=20/20 success=True trials=65 duplicates=34 failures=11
seconds: generation=0.01, extract=0.36, total=0.37
best_root: residual=1.543e-14, trial=44, Lambda=261.5785692923605, theta=56.0, startopt_ratio=2.3445508069233884e-09
out=/Users/ivanbesevic/Documents/poussiere/benchmarks/smale17_candidate_suite/301_ks2x6_seed7.json
",15,True,56,28,0.3715708255767822,3.25,65,20,0.4286460876464844,4.867129459526328e-09
2.5403554982822287e-15,64,"2,8",19,1.0,8,55,200,42976,2148.8,17,0.85,/Users/ivanbesevic/Documents/poussiere/benchmarks/smale17_candidate_suite/200_ks2x8_seed0.json,4.817961803477622e-12,2.946347639269777e-13,1.923481483834619,6.005724294630872e-15,6.367825904782266e-11,2,20,20,0,0.03214740753173828,0,12294,614.7,,"========================================================================================================================
200 autonomous 118-BACKBONE + EQUAL-VALUE SAFE + GATED FINITE-SLOPE HALLEY NumPy Pandrosion
No dependency on previous Python scripts; 118-style homothetic/Mobius starts + 120 equal-value-safe probes + gated finite-slope Halley correction; no Newton/Jacobian fallback path.
========================================================================================================================
case=ks(2,8), seed=1565546043, terms=90, Bezout=64
roots=20/20 success=True trials=92 duplicates=55 failures=17
seconds: generation=0.01, extract=0.63, total=0.64
best_root: residual=7.007e-09, trial=82, Lambda=85537.43214459775, theta=18.0, startopt_ratio=1.858417543312275e-13
out=/Users/ivanbesevic/Documents/poussiere/benchmarks/smale17_candidate_suite/200_ks2x8_seed0.json
",9,True,90,45,0.6429481506347656,4.6,92,20,0.7005670070648193,7.007324690553044e-09
6.50074748046076e-16,64,"2,8",19,1.0,8,55,201,43087,2154.35,17,0.85,/Users/ivanbesevic/Documents/poussiere/benchmarks/smale17_candidate_suite/201_ks2x8_seed0.json,3.13412982725145e-12,2.45680011754153e-13,1.9234814838097016,4.871067191006456e-15,2.2113286337472092e-11,2,20,20,0,0.032970988750457765,0,12312,615.6,,"========================================================================================================================
201 autonomous LOG-STABLE OPTIMAL-PROBE TENSOR-HALLEY NumPy Pandrosion
No dependency on previous Python scripts; 118/120/200 backbone + logarithmic stability + optimal-probe energy + tensorial gated finite-slope Halley; no Newton/Jacobian fallback path.
========================================================================================================================
case=ks(2,8), seed=1565546043, terms=90, Bezout=64
roots=20/20 success=True trials=92 duplicates=55 failures=17
seconds: generation=0.01, extract=0.65, total=0.66
best_root: residual=6.501e-16, trial=82, Lambda=85537.43214459775, theta=18.0, startopt_ratio=1.858417543312275e-13
out=/Users/ivanbesevic/Documents/poussiere/benchmarks/smale17_candidate_suite/201_ks2x8_seed0.json
",8,True,90,45,0.6594197750091553,4.6,92,20,0.7195820808410645,5.941915357184603e-09
3.107756986173969e-15,64,"2,8",19,1.0,8,20,301,28228,1411.4,75,3.75,/Users/ivanbesevic/Documents/poussiere/benchmarks/smale17_candidate_suite/301_ks2x8_seed0.json,1.2375118458567478e-09,7.112803262201778e-16,2.139628798027661,5.135901492596742e-15,5.0250808526952667e-14,2,20,20,0,0.022733247280120848,0,7744,387.2,,"========================================================================================================================
301 autonomous ANCHORED FULL-CUBIC HALLEY NumPy Pandrosion
No dependency on previous Python scripts; anchored divided-difference Q plus full cubic finite-slope Halley only; no raw Pandrosion-step acceptance, no Newton/Jacobian fallback path.
========================================================================================================================
case=ks(2,8), seed=1565546043, terms=90, Bezout=64
roots=20/20 success=True trials=115 duplicates=20 failures=75
seconds: generation=0.01, extract=0.45, total=0.45
best_root: residual=3.820e-11, trial=34, Lambda=0.005219667117083373, theta=152.0, startopt_ratio=0.9966941812586148
out=/Users/ivanbesevic/Documents/poussiere/benchmarks/smale17_candidate_suite/301_ks2x8_seed0.json
",13,True,90,45,0.454664945602417,5.75,115,20,0.5136070251464844,6.910796314317654e-09
1.0310738718936457e-15,64,"2,8",19,1.0,8,74,200,54613,2730.65,19,0.95,/Users/ivanbesevic/Documents/poussiere/benchmarks/smale17_candidate_suite/200_ks2x8_seed1.json,1.473549832191534e-12,1.6237298882149061e-12,2.279518134722,1.9471400624742767e-15,1.1455012796660052e-11,2,20,20,0,0.039431309700012206,1,15382,769.1,,"========================================================================================================================
200 autonomous 118-BACKBONE + EQUAL-VALUE SAFE + GATED FINITE-SLOPE HALLEY NumPy Pandrosion
No dependency on previous Python scripts; 118-style homothetic/Mobius starts + 120 equal-value-safe probes + gated finite-slope Halley correction; no Newton/Jacobian fallback path.
========================================================================================================================
case=ks(2,8), seed=1936868213, terms=90, Bezout=64
roots=20/20 success=True trials=113 duplicates=74 failures=19
seconds: generation=0.01, extract=0.78, total=0.79
best_root: residual=1.638e-09, trial=7, Lambda=107961.99922514372, theta=18.0, startopt_ratio=0.01280619651555986
out=/Users/ivanbesevic/Documents/poussiere/benchmarks/smale17_candidate_suite/200_ks2x8_seed1.json
",16,True,90,45,0.7886261940002441,5.65,113,20,0.8474431037902832,4.568303418135189e-09
5.558049685633556e-16,64,"2,8",20,1.0,8,74,201,54673,2733.65,19,0.95,/Users/ivanbesevic/Documents/poussiere/benchmarks/smale17_candidate_suite/201_ks2x8_seed1.json,8.198074455012805e-13,2.5538089644880404e-12,2.2795181347211395,1.621372422339698e-15,1.8130438154262522e-11,2,20,20,0,0.04068534374237061,1,15392,769.6,,"========================================================================================================================
201 autonomous LOG-STABLE OPTIMAL-PROBE TENSOR-HALLEY NumPy Pandrosion
No dependency on previous Python scripts; 118/120/200 backbone + logarithmic stability + optimal-probe energy + tensorial gated finite-slope Halley; no Newton/Jacobian fallback path.
========================================================================================================================
case=ks(2,8), seed=1936868213, terms=90, Bezout=64
roots=20/20 success=True trials=113 duplicates=74 failures=19
seconds: generation=0.01, extract=0.80, total=0.81
best_root: residual=2.778e-09, trial=7, Lambda=107961.99922514372, theta=18.0, startopt_ratio=0.01280619651555986
out=/Users/ivanbesevic/Documents/poussiere/benchmarks/smale17_candidate_suite/201_ks2x8_seed1.json
",13,True,90,45,0.8137068748474121,5.65,113,20,0.8720476627349854,7.947282041728483e-09
1.5072580941561347e-15,64,"2,8",19,1.0,8,68,301,41656,2082.8,60,3.0,/Users/ivanbesevic/Documents/poussiere/benchmarks/smale17_candidate_suite/301_ks2x8_seed1.json,1.5890931294300794e-10,8.696899089340193e-16,2.2468909381851168,2.4310005815593167e-15,1.0586848322980799e-13,2,20,20,0,0.0333387017250061,1,11482,574.1,,"========================================================================================================================
301 autonomous ANCHORED FULL-CUBIC HALLEY NumPy Pandrosion
No dependency on previous Python scripts; anchored divided-difference Q plus full cubic finite-slope Halley only; no raw Pandrosion-step acceptance, no Newton/Jacobian fallback path.
========================================================================================================================
case=ks(2,8), seed=1936868213, terms=90, Bezout=64
roots=20/20 success=True trials=148 duplicates=68 failures=60
seconds: generation=0.01, extract=0.66, total=0.67
best_root: residual=6.331e-11, trial=4, Lambda=65581.88003002502, theta=80.0, startopt_ratio=1.1020441918239681e-06
out=/Users/ivanbesevic/Documents/poussiere/benchmarks/smale17_candidate_suite/301_ks2x8_seed1.json
",12,True,90,45,0.6667740345001221,7.4,148,20,0.7251298427581787,3.86469531170699e-09
5.7044291861996796e-15,64,"2,8",20,1.0,8,30,200,32341,1617.05,16,0.8,/Users/ivanbesevic/Documents/poussiere/benchmarks/smale17_candidate_suite/200_ks2x8_seed2.json,3.515571301265078e-13,2.8912609325457133e-12,2.0672767651975135,3.4180955608021446e-15,9.490178143668391e-11,2,20,20,0,0.02386894226074219,2,9194,459.7,,"========================================================================================================================
200 autonomous 118-BACKBONE + EQUAL-VALUE SAFE + GATED FINITE-SLOPE HALLEY NumPy Pandrosion
No dependency on previous Python scripts; 118-style homothetic/Mobius starts + 120 equal-value-safe probes + gated finite-slope Halley correction; no Newton/Jacobian fallback path.
========================================================================================================================
case=ks(2,8), seed=1808456329, terms=90, Bezout=64
roots=20/20 success=True trials=66 duplicates=30 failures=16
seconds: generation=0.01, extract=0.47, total=0.48
best_root: residual=9.490e-11, trial=12, Lambda=317578.1457856096, theta=164.0, startopt_ratio=2.2520377938356987e-12
out=/Users/ivanbesevic/Documents/poussiere/benchmarks/smale17_candidate_suite/200_ks2x8_seed2.json
",12,True,90,45,0.47737884521484375,3.3,66,20,0.5339219570159912,9.071416122407798e-09
1.2719202621569003e-16,64,"2,8",20,1.0,8,30,201,32415,1620.75,16,0.8,/Users/ivanbesevic/Documents/poussiere/benchmarks/smale17_candidate_suite/201_ks2x8_seed2.json,3.410605131648481e-13,1.9877858542696e-12,2.0672767651769774,4.41010561381605e-15,8.326261735247158e-11,2,20,20,0,0.024797093868255616,2,9204,460.2,,"========================================================================================================================
201 autonomous LOG-STABLE OPTIMAL-PROBE TENSOR-HALLEY NumPy Pandrosion
No dependency on previous Python scripts; 118/120/200 backbone + logarithmic stability + optimal-probe energy + tensorial gated finite-slope Halley; no Newton/Jacobian fallback path.
========================================================================================================================
case=ks(2,8), seed=1808456329, terms=90, Bezout=64
roots=20/20 success=True trials=66 duplicates=30 failures=16
seconds: generation=0.01, extract=0.49, total=0.50
best_root: residual=1.621e-10, trial=12, Lambda=317578.1457856096, theta=164.0, startopt_ratio=2.2520377938356987e-12
out=/Users/ivanbesevic/Documents/poussiere/benchmarks/smale17_candidate_suite/201_ks2x8_seed2.json
",12,True,90,45,0.4959418773651123,3.3,66,20,0.5537359714508057,4.978895311258914e-09
1.0429598422709816e-15,64,"2,8",20,1.0,8,56,301,41597,2079.85,66,3.3,/Users/ivanbesevic/Documents/poussiere/benchmarks/smale17_candidate_suite/301_ks2x8_seed2.json,7.510272019842325e-13,6.282568267570191e-16,2.1769528477939213,3.1658782982899487e-15,2.174223763676801e-14,2,20,20,0,0.03275784254074097,2,11456,572.8,,"========================================================================================================================
301 autonomous ANCHORED FULL-CUBIC HALLEY NumPy Pandrosion
No dependency on previous Python scripts; anchored divided-difference Q plus full cubic finite-slope Halley only; no raw Pandrosion-step acceptance, no Newton/Jacobian fallback path.
========================================================================================================================
case=ks(2,8), seed=1808456329, terms=90, Bezout=64
roots=20/20 success=True trials=142 duplicates=56 failures=66
seconds: generation=0.01, extract=0.65, total=0.66
best_root: residual=6.477e-12, trial=141, Lambda=2718.82191148599, theta=32.0, startopt_ratio=2.267199300054739e-12
out=/Users/ivanbesevic/Documents/poussiere/benchmarks/smale17_candidate_suite/301_ks2x8_seed2.json
",14,True,90,45,0.6551568508148193,7.1,142,20,0.713360071182251,1.0623433534883218e-10
1.4261072965499199e-15,64,"2,8",20,1.0,8,18,200,28959,1447.95,12,0.6,/Users/ivanbesevic/Documents/poussiere/benchmarks/smale17_candidate_suite/200_ks2x8_seed3.json,7.541131686492462e-13,7.103702177131433e-15,2.563396358243563,4.546440682134452e-15,6.02339989513766e-13,2,20,20,0,0.02201164960861206,3,8712,435.6,,"========================================================================================================================
200 autonomous 118-BACKBONE + EQUAL-VALUE SAFE + GATED FINITE-SLOPE HALLEY NumPy Pandrosion
No dependency on previous Python scripts; 118-style homothetic/Mobius starts + 120 equal-value-safe probes + gated finite-slope Halley correction; no Newton/Jacobian fallback path.
========================================================================================================================
case=ks(2,8), seed=694917185, terms=90, Bezout=64
roots=20/20 success=True trials=50 duplicates=18 failures=12
seconds: generation=0.01, extract=0.43, total=0.44
best_root: residual=1.260e-14, trial=49, Lambda=2726.3596251002223, theta=108.0, startopt_ratio=2.2853536731971364e-14
out=/Users/ivanbesevic/Documents/poussiere/benchmarks/smale17_candidate_suite/200_ks2x8_seed3.json
",12,True,90,45,0.4402329921722412,2.5,50,20,0.4964432716369629,4.303241252515619e-09
7.385278330912554e-16,64,"2,8",19,1.0,8,18,201,28959,1447.95,12,0.6,/Users/ivanbesevic/Documents/poussiere/benchmarks/smale17_candidate_suite/201_ks2x8_seed3.json,1.0419570787589327e-12,1.400007736536765e-14,2.5633963582435615,7.506325434676666e-15,1.1163787468014059e-12,2,20,20,0,0.022729241847991945,3,8712,435.6,,"========================================================================================================================
201 autonomous LOG-STABLE OPTIMAL-PROBE TENSOR-HALLEY NumPy Pandrosion
No dependency on previous Python scripts; 118/120/200 backbone + logarithmic stability + optimal-probe energy + tensorial gated finite-slope Halley; no Newton/Jacobian fallback path.
========================================================================================================================
case=ks(2,8), seed=694917185, terms=90, Bezout=64
roots=20/20 success=True trials=50 duplicates=18 failures=12
seconds: generation=0.01, extract=0.45, total=0.45
best_root: residual=1.218e-14, trial=49, Lambda=2726.3596251002223, theta=108.0, startopt_ratio=2.2853536731971364e-14
out=/Users/ivanbesevic/Documents/poussiere/benchmarks/smale17_candidate_suite/201_ks2x8_seed3.json
",9,True,90,45,0.45458483695983887,2.5,50,20,0.5111970901489258,7.105997318485315e-09
1.810931668866218e-15,64,"2,8",20,1.0,8,26,301,24742,1237.1,35,1.75,/Users/ivanbesevic/Documents/poussiere/benchmarks/smale17_candidate_suite/301_ks2x8_seed3.json,7.958078640513122e-13,9.851842639455911e-16,2.5327310107561245,1.1424737166889737e-14,2.449183195128648e-13,2,20,20,0,0.020210254192352294,3,6970,348.5,,"========================================================================================================================
301 autonomous ANCHORED FULL-CUBIC HALLEY NumPy Pandrosion
No dependency on previous Python scripts; anchored divided-difference Q plus full cubic finite-slope Halley only; no raw Pandrosion-step acceptance, no Newton/Jacobian fallback path.
========================================================================================================================
case=ks(2,8), seed=694917185, terms=90, Bezout=64
roots=20/20 success=True trials=81 duplicates=26 failures=35
seconds: generation=0.01, extract=0.40, total=0.40
best_root: residual=7.156e-14, trial=28, Lambda=1048576.0, theta=140.0, startopt_ratio=1.5516988553964414e-13
out=/Users/ivanbesevic/Documents/poussiere/benchmarks/smale17_candidate_suite/301_ks2x8_seed3.json
",8,True,90,45,0.4042050838470459,4.05,81,20,0.46190619468688965,6.391453860407642e-09
1.37642191434666e-15,64,"2,8",18,1.0,8,28,200,35266,1763.3,17,0.85,/Users/ivanbesevic/Documents/poussiere/benchmarks/smale17_candidate_suite/200_ks2x8_seed4.json,2.089859716411603e-11,3.142068474634239e-14,3.0747635638727977,2.9117415717228335e-15,2.0778080504312387e-12,2,20,20,0,0.02638028860092163,4,10452,522.6,,"========================================================================================================================
200 autonomous 118-BACKBONE + EQUAL-VALUE SAFE + GATED FINITE-SLOPE HALLEY NumPy Pandrosion
No dependency on previous Python scripts; 118-style homothetic/Mobius starts + 120 equal-value-safe probes + gated finite-slope Halley correction; no Newton/Jacobian fallback path.
========================================================================================================================
case=ks(2,8), seed=226832938, terms=90, Bezout=64
roots=20/20 success=True trials=65 duplicates=28 failures=17
seconds: generation=0.01, extract=0.52, total=0.53
best_root: residual=4.245e-10, trial=16, Lambda=1048576.0, theta=91.0, startopt_ratio=1.235873924363401e-14
out=/Users/ivanbesevic/Documents/poussiere/benchmarks/smale17_candidate_suite/200_ks2x8_seed4.json
",12,True,90,45,0.5276057720184326,3.25,65,20,0.5845329761505127,7.426700306347872e-09
1.0532500405730103e-15,64,"2,8",18,1.0,8,28,201,35326,1766.3,17,0.85,/Users/ivanbesevic/Documents/poussiere/benchmarks/smale17_candidate_suite/201_ks2x8_seed4.json,1.0847035093957365e-10,3.210300149415042e-14,3.0747635638753215,3.182379786003335e-15,2.12415390739721e-12,2,20,20,0,0.027384209632873534,4,10464,523.2,,"========================================================================================================================
201 autonomous LOG-STABLE OPTIMAL-PROBE TENSOR-HALLEY NumPy Pandrosion
No dependency on previous Python scripts; 118/120/200 backbone + logarithmic stability + optimal-probe energy + tensorial gated finite-slope Halley; no Newton/Jacobian fallback path.
========================================================================================================================
case=ks(2,8), seed=226832938, terms=90, Bezout=64
roots=20/20 success=True trials=65 duplicates=28 failures=17
seconds: generation=0.01, extract=0.54, total=0.55
best_root: residual=6.488e-10, trial=16, Lambda=1048576.0, theta=91.0, startopt_ratio=1.235873924363401e-14
out=/Users/ivanbesevic/Documents/poussiere/benchmarks/smale17_candidate_suite/201_ks2x8_seed4.json
",14,True,90,45,0.5476841926574707,3.25,65,20,0.6050050258636475,4.9071195812810415e-09
3.412920201770619e-15,64,"2,8",20,1.0,8,35,301,27360,1368.0,50,2.5,/Users/ivanbesevic/Documents/poussiere/benchmarks/smale17_candidate_suite/301_ks2x8_seed4.json,2.975808625844241e-13,3.707773187281051e-15,2.938533547363863,4.231860541803782e-15,4.0070520727511793e-13,2,20,20,0,0.02204575538635254,4,7510,375.5,,"========================================================================================================================
301 autonomous ANCHORED FULL-CUBIC HALLEY NumPy Pandrosion
No dependency on previous Python scripts; anchored divided-difference Q plus full cubic finite-slope Halley only; no raw Pandrosion-step acceptance, no Newton/Jacobian fallback path.
========================================================================================================================
case=ks(2,8), seed=226832938, terms=90, Bezout=64
roots=20/20 success=True trials=105 duplicates=35 failures=50
seconds: generation=0.01, extract=0.43, total=0.44
best_root: residual=7.628e-15, trial=70, Lambda=70.30914783591898, theta=164.0, startopt_ratio=1.323213431018758e-13
out=/Users/ivanbesevic/Documents/poussiere/benchmarks/smale17_candidate_suite/301_ks2x8_seed4.json
",11,True,90,45,0.4409151077270508,5.25,105,20,0.49771618843078613,7.100636373644963e-09
2.5995582295586172e-15,64,"2,8",18,1.0,8,19,200,29455,1472.75,11,0.55,/Users/ivanbesevic/Documents/poussiere/benchmarks/smale17_candidate_suite/200_ks2x8_seed5.json,1.7021163577931386e-11,4.407601389095094e-15,2.0321863959766717,3.3510351439010495e-15,1.1318461014706548e-13,2,20,20,0,0.022756755352020264,5,8872,443.6,,"========================================================================================================================
200 autonomous 118-BACKBONE + EQUAL-VALUE SAFE + GATED FINITE-SLOPE HALLEY NumPy Pandrosion
No dependency on previous Python scripts; 118-style homothetic/Mobius starts + 120 equal-value-safe probes + gated finite-slope Halley correction; no Newton/Jacobian fallback path.
========================================================================================================================
case=ks(2,8), seed=1995950316, terms=90, Bezout=64
roots=20/20 success=True trials=50 duplicates=19 failures=11
seconds: generation=0.01, extract=0.45, total=0.46
best_root: residual=2.981e-13, trial=26, Lambda=11423.283413260486, theta=128.0, startopt_ratio=3.4000316211311334e-12
out=/Users/ivanbesevic/Documents/poussiere/benchmarks/smale17_candidate_suite/200_ks2x8_seed5.json
",13,True,90,45,0.4551351070404053,2.5,50,20,0.5116562843322754,9.943018210220203e-09
6.4018582627671775e-16,64,"2,8",18,1.0,8,19,201,29529,1476.45,11,0.55,/Users/ivanbesevic/Documents/poussiere/benchmarks/smale17_candidate_suite/201_ks2x8_seed5.json,1.6770253673335696e-11,5.9419632676725994e-15,2.032186395976691,2.249353132460963e-15,2.298522321072224e-13,2,20,20,0,0.02321023941040039,5,8884,444.2,,"========================================================================================================================
201 autonomous LOG-STABLE OPTIMAL-PROBE TENSOR-HALLEY NumPy Pandrosion
No dependency on previous Python scripts; 118/120/200 backbone + logarithmic stability + optimal-probe energy + tensorial gated finite-slope Halley; no Newton/Jacobian fallback path.
========================================================================================================================
case=ks(2,8), seed=1995950316, terms=90, Bezout=64
roots=20/20 success=True trials=50 duplicates=19 failures=11
seconds: generation=0.01, extract=0.46, total=0.46
best_root: residual=7.946e-13, trial=26, Lambda=11423.283413260486, theta=128.0, startopt_ratio=3.4000316211311334e-12
out=/Users/ivanbesevic/Documents/poussiere/benchmarks/smale17_candidate_suite/201_ks2x8_seed5.json
",14,True,90,45,0.4642047882080078,2.5,50,20,0.5211291313171387,3.5233203724003602e-09
2.278663452567752e-15,64,"2,8",18,1.0,8,45,301,34883,1744.15,44,2.2,/Users/ivanbesevic/Documents/poussiere/benchmarks/smale17_candidate_suite/301_ks2x8_seed5.json,1.5548103872132522e-11,7.506951452943736e-16,1.8350500466874171,3.4153600911286485e-15,1.1379780586684493e-13,2,20,20,0,0.027926695346832276,5,9712,485.6,,"========================================================================================================================
301 autonomous ANCHORED FULL-CUBIC HALLEY NumPy Pandrosion
No dependency on previous Python scripts; anchored divided-difference Q plus full cubic finite-slope Halley only; no raw Pandrosion-step acceptance, no Newton/Jacobian fallback path.
========================================================================================================================
case=ks(2,8), seed=1995950316, terms=90, Bezout=64
roots=20/20 success=True trials=109 duplicates=45 failures=44
seconds: generation=0.01, extract=0.55, total=0.56
best_root: residual=1.460e-14, trial=99, Lambda=130235.96854328428, theta=24.000000000000004, startopt_ratio=2.25295984375757e-12
out=/Users/ivanbesevic/Documents/poussiere/benchmarks/smale17_candidate_suite/301_ks2x8_seed5.json
",13,True,90,45,0.5585339069366455,5.45,109,20,0.6157228946685791,5.764302049105671e-09
1.5995015905350029e-15,64,"2,8",19,1.0,8,47,200,39932,1996.6,18,0.9,/Users/ivanbesevic/Documents/poussiere/benchmarks/smale17_candidate_suite/200_ks2x8_seed6.json,1.473549832191534e-12,4.153523323629218e-15,2.5282222990675227,5.320227392749352e-15,4.3856790197247777e-13,2,20,20,0,0.028469955921173094,6,11028,551.4,,"========================================================================================================================
200 autonomous 118-BACKBONE + EQUAL-VALUE SAFE + GATED FINITE-SLOPE HALLEY NumPy Pandrosion
No dependency on previous Python scripts; 118-style homothetic/Mobius starts + 120 equal-value-safe probes + gated finite-slope Halley correction; no Newton/Jacobian fallback path.
========================================================================================================================
case=ks(2,8), seed=938511824, terms=90, Bezout=64
roots=20/20 success=True trials=85 duplicates=47 failures=18
seconds: generation=0.01, extract=0.56, total=0.57
best_root: residual=1.998e-15, trial=64, Lambda=1296.8184028620058, theta=12.000000000000002, startopt_ratio=2.2062454843044993e-14
out=/Users/ivanbesevic/Documents/poussiere/benchmarks/smale17_candidate_suite/200_ks2x8_seed6.json
",10,True,90,45,0.5693991184234619,4.25,85,20,0.6260049343109131,6.828493528630891e-09
1.7395462421623706e-15,64,"2,8",20,1.0,8,47,201,39992,1999.6,18,0.9,/Users/ivanbesevic/Documents/poussiere/benchmarks/smale17_candidate_suite/201_ks2x8_seed6.json,1.6077746776921858e-13,2.5206889608923363e-15,2.528222299067361,5.630979142546644e-15,1.1010636496889185e-13,2,20,20,0,0.029605400562286378,6,11038,551.9,,"========================================================================================================================
201 autonomous LOG-STABLE OPTIMAL-PROBE TENSOR-HALLEY NumPy Pandrosion
No dependency on previous Python scripts; 118/120/200 backbone + logarithmic stability + optimal-probe energy + tensorial gated finite-slope Halley; no Newton/Jacobian fallback path.
========================================================================================================================
case=ks(2,8), seed=938511824, terms=90, Bezout=64
roots=20/20 success=True trials=85 duplicates=47 failures=18
seconds: generation=0.01, extract=0.58, total=0.59
best_root: residual=6.141e-15, trial=64, Lambda=1296.8184028620058, theta=12.000000000000002, startopt_ratio=2.2062454843044993e-14
out=/Users/ivanbesevic/Documents/poussiere/benchmarks/smale17_candidate_suite/201_ks2x8_seed6.json
",10,True,90,45,0.5921080112457275,4.25,85,20,0.6527752876281738,1.7469659126573434e-09
6.849851696944542e-16,64,"2,8",20,1.0,8,4,301,17101,855.05,23,1.15,/Users/ivanbesevic/Documents/poussiere/benchmarks/smale17_candidate_suite/301_ks2x8_seed6.json,6.641579440544415e-13,7.156509996310524e-16,2.7059908081102613,3.402141913276836e-15,1.5751087413001307e-14,2,20,20,0,0.014264345169067383,6,4886,244.3,,"========================================================================================================================
301 autonomous ANCHORED FULL-CUBIC HALLEY NumPy Pandrosion
No dependency on previous Python scripts; anchored divided-difference Q plus full cubic finite-slope Halley only; no raw Pandrosion-step acceptance, no Newton/Jacobian fallback path.
========================================================================================================================
case=ks(2,8), seed=938511824, terms=90, Bezout=64
roots=20/20 success=True trials=47 duplicates=4 failures=23
seconds: generation=0.01, extract=0.28, total=0.29
best_root: residual=5.551e-15, trial=40, Lambda=5.125740367085845, theta=40.0, startopt_ratio=2.5916577961391166e-06
out=/Users/ivanbesevic/Documents/poussiere/benchmarks/smale17_candidate_suite/301_ks2x8_seed6.json
",13,True,90,45,0.28528690338134766,2.35,47,20,0.3432440757751465,2.965000326575758e-10
1.7832822334594722e-15,64,"2,8",19,1.0,8,14,200,27570,1378.5,11,0.55,/Users/ivanbesevic/Documents/poussiere/benchmarks/smale17_candidate_suite/200_ks2x8_seed7.json,3.701375270816176e-12,4.4339578817475623e-13,2.3926897045621596,2.6840549917891395e-15,1.2157535315240605e-10,2,20,20,0,0.02102975845336914,7,8324,416.2,,"========================================================================================================================
200 autonomous 118-BACKBONE + EQUAL-VALUE SAFE + GATED FINITE-SLOPE HALLEY NumPy Pandrosion
No dependency on previous Python scripts; 118-style homothetic/Mobius starts + 120 equal-value-safe probes + gated finite-slope Halley correction; no Newton/Jacobian fallback path.
========================================================================================================================
case=ks(2,8), seed=1748736453, terms=90, Bezout=64
roots=20/20 success=True trials=45 duplicates=14 failures=11
seconds: generation=0.01, extract=0.41, total=0.42
best_root: residual=7.053e-13, trial=0, Lambda=1.2339460808244847e-06, theta=0.0, startopt_ratio=1.0
out=/Users/ivanbesevic/Documents/poussiere/benchmarks/smale17_candidate_suite/200_ks2x8_seed7.json
",10,True,90,45,0.4205951690673828,2.25,45,20,0.4775559902191162,4.009140492796019e-09
5.688200336284365e-16,64,"2,8",19,1.0,8,14,201,27570,1378.5,11,0.55,/Users/ivanbesevic/Documents/poussiere/benchmarks/smale17_candidate_suite/201_ks2x8_seed7.json,3.223578205224345e-12,8.34852865927095e-13,2.3926897045448685,3.774814249925405e-15,2.423118710540628e-10,2,20,20,0,0.021781349182128908,7,8324,416.2,,"========================================================================================================================
201 autonomous LOG-STABLE OPTIMAL-PROBE TENSOR-HALLEY NumPy Pandrosion
No dependency on previous Python scripts; 118/120/200 backbone + logarithmic stability + optimal-probe energy + tensorial gated finite-slope Halley; no Newton/Jacobian fallback path.
========================================================================================================================
case=ks(2,8), seed=1748736453, terms=90, Bezout=64
roots=20/20 success=True trials=45 duplicates=14 failures=11
seconds: generation=0.01, extract=0.43, total=0.44
best_root: residual=1.037e-12, trial=0, Lambda=1.2339460808244847e-06, theta=0.0, startopt_ratio=1.0
out=/Users/ivanbesevic/Documents/poussiere/benchmarks/smale17_candidate_suite/201_ks2x8_seed7.json
",10,True,90,45,0.4356269836425781,2.25,45,20,0.4928920269012451,6.752580796312695e-09
6.061909215660398e-16,64,"2,8",19,1.0,8,77,301,46142,2307.1,70,3.5,/Users/ivanbesevic/Documents/poussiere/benchmarks/smale17_candidate_suite/301_ks2x8_seed7.json,4.461393671214997e-12,1.0991675502114673e-15,2.323265565356479,2.7982150528641453e-15,4.887244795214058e-14,2,20,20,0,0.03678538799285889,7,12728,636.4,,"========================================================================================================================
301 autonomous ANCHORED FULL-CUBIC HALLEY NumPy Pandrosion
No dependency on previous Python scripts; anchored divided-difference Q plus full cubic finite-slope Halley only; no raw Pandrosion-step acceptance, no Newton/Jacobian fallback path.
========================================================================================================================
case=ks(2,8), seed=1748736453, terms=90, Bezout=64
roots=20/20 success=True trials=167 duplicates=77 failures=70
seconds: generation=0.01, extract=0.73, total=0.74
best_root: residual=3.961e-15, trial=31, Lambda=541024.7304876276, theta=72.0, startopt_ratio=2.0284246949218463e-14
out=/Users/ivanbesevic/Documents/poussiere/benchmarks/smale17_candidate_suite/301_ks2x8_seed7.json
",13,True,90,45,0.7357077598571777,8.35,167,20,0.7925491333007812,9.893208029270823e-09
7.216449660063518e-16,100,"2,10",19,1.0,10,46,200,44641,2232.05,24,1.2,/Users/ivanbesevic/Documents/poussiere/benchmarks/smale17_candidate_suite/200_ks2x10_seed0.json,2.300859821966427e-11,3.8415042953117824e-14,2.316164034569984,2.7667931349372327e-15,1.5834748163386792e-11,2,20,20,0,0.03464585542678833,0,13088,654.4,,"========================================================================================================================
200 autonomous 118-BACKBONE + EQUAL-VALUE SAFE + GATED FINITE-SLOPE HALLEY NumPy Pandrosion
No dependency on previous Python scripts; 118-style homothetic/Mobius starts + 120 equal-value-safe probes + gated finite-slope Halley correction; no Newton/Jacobian fallback path.
========================================================================================================================
case=ks(2,10), seed=227049297, terms=132, Bezout=100
roots=20/20 success=True trials=90 duplicates=46 failures=24
seconds: generation=0.01, extract=0.68, total=0.69
best_root: residual=1.493e-11, trial=32, Lambda=62.439083130331554, theta=94.0, startopt_ratio=1.3063901867943646e-15
out=/Users/ivanbesevic/Documents/poussiere/benchmarks/smale17_candidate_suite/200_ks2x10_seed0.json
",11,True,132,66,0.6929171085357666,4.5,90,20,0.7503781318664551,2.077299357098487e-09
1.1443916996305594e-15,100,"2,10",19,1.0,10,46,201,44627,2231.35,24,1.2,/Users/ivanbesevic/Documents/poussiere/benchmarks/smale17_candidate_suite/201_ks2x10_seed0.json,2.300859821966427e-11,7.364717757314116e-14,2.3161640345469254,3.795063611440317e-15,3.158150334543634e-11,2,20,20,0,0.03536820411682129,0,13088,654.4,,"========================================================================================================================
201 autonomous LOG-STABLE OPTIMAL-PROBE TENSOR-HALLEY NumPy Pandrosion
No dependency on previous Python scripts; 118/120/200 backbone + logarithmic stability + optimal-probe energy + tensorial gated finite-slope Halley; no Newton/Jacobian fallback path.
========================================================================================================================
case=ks(2,10), seed=227049297, terms=132, Bezout=100
roots=20/20 success=True trials=90 duplicates=46 failures=24
seconds: generation=0.01, extract=0.70, total=0.71
best_root: residual=2.689e-11, trial=32, Lambda=62.439083130331554, theta=94.0, startopt_ratio=1.3063901867943646e-15
out=/Users/ivanbesevic/Documents/poussiere/benchmarks/smale17_candidate_suite/201_ks2x10_seed0.json
",11,True,132,66,0.7073640823364258,4.5,90,20,0.7648887634277344,2.8960601199012265e-09
2.853708170976072e-15,100,"2,10",20,1.0,10,63,301,34492,1724.6,66,3.3,/Users/ivanbesevic/Documents/poussiere/benchmarks/smale17_candidate_suite/301_ks2x10_seed0.json,6.844854043943255e-13,7.431817214620707e-16,2.1133747945753467,4.342198303873173e-15,8.198987640921941e-14,2,20,20,0,0.02872891426086426,0,9328,466.4,,"========================================================================================================================
301 autonomous ANCHORED FULL-CUBIC HALLEY NumPy Pandrosion
No dependency on previous Python scripts; anchored divided-difference Q plus full cubic finite-slope Halley only; no raw Pandrosion-step acceptance, no Newton/Jacobian fallback path.
========================================================================================================================
case=ks(2,10), seed=227049297, terms=132, Bezout=100
roots=20/20 success=True trials=149 duplicates=63 failures=66
seconds: generation=0.01, extract=0.57, total=0.57
best_root: residual=6.253e-14, trial=18, Lambda=69.57773537380781, theta=86.0, startopt_ratio=1.98730268024003e-14
out=/Users/ivanbesevic/Documents/poussiere/benchmarks/smale17_candidate_suite/301_ks2x10_seed0.json
",9,True,132,66,0.5745782852172852,7.45,149,20,0.6321828365325928,7.417113351113781e-09
8.21814147185075e-16,100,"2,10",20,1.0,10,40,200,40040,2002.0,26,1.3,/Users/ivanbesevic/Documents/poussiere/benchmarks/smale17_candidate_suite/200_ks2x10_seed1.json,2.2792811097851657e-13,1.018945879666418e-15,2.5871836477818118,3.639246438158957e-15,2.7680547477102336e-13,2,20,20,0,0.031185245513916014,1,11768,588.4,,"========================================================================================================================
200 autonomous 118-BACKBONE + EQUAL-VALUE SAFE + GATED FINITE-SLOPE HALLEY NumPy Pandrosion
No dependency on previous Python scripts; 118-style homothetic/Mobius starts + 120 equal-value-safe probes + gated finite-slope Halley correction; no Newton/Jacobian fallback path.
========================================================================================================================
case=ks(2,10), seed=603943055, terms=132, Bezout=100
roots=20/20 success=True trials=86 duplicates=40 failures=26
seconds: generation=0.01, extract=0.61, total=0.62
best_root: residual=5.875e-15, trial=85, Lambda=83416.19194114268, theta=108.0, startopt_ratio=4.1888361233645395e-16
out=/Users/ivanbesevic/Documents/poussiere/benchmarks/smale17_candidate_suite/200_ks2x10_seed1.json
",11,True,132,66,0.6237049102783203,4.3,86,20,0.6812841892242432,8.127519385881737e-09
9.728829736585203e-16,100,"2,10",20,1.0,10,40,201,40137,2006.85,26,1.3,/Users/ivanbesevic/Documents/poussiere/benchmarks/smale17_candidate_suite/201_ks2x10_seed1.json,1.8087465124037088e-13,6.195603661616595e-16,2.5871836477991432,4.283724370217544e-15,2.0075190142544367e-13,2,20,20,0,0.03220645189285278,1,11786,589.3,,"========================================================================================================================
201 autonomous LOG-STABLE OPTIMAL-PROBE TENSOR-HALLEY NumPy Pandrosion
No dependency on previous Python scripts; 118/120/200 backbone + logarithmic stability + optimal-probe energy + tensorial gated finite-slope Halley; no Newton/Jacobian fallback path.
========================================================================================================================
case=ks(2,10), seed=603943055, terms=132, Bezout=100
roots=20/20 success=True trials=86 duplicates=40 failures=26
seconds: generation=0.01, extract=0.64, total=0.64
best_root: residual=2.981e-15, trial=85, Lambda=83416.19194114268, theta=108.0, startopt_ratio=4.1888361233645395e-16
out=/Users/ivanbesevic/Documents/poussiere/benchmarks/smale17_candidate_suite/201_ks2x10_seed1.json
",13,True,132,66,0.6441290378570557,4.3,86,20,0.7020983695983887,9.004560352827144e-09
5.657781934616371e-15,100,"2,10",18,1.0,10,41,301,28900,1445.0,43,2.15,/Users/ivanbesevic/Documents/poussiere/benchmarks/smale17_candidate_suite/301_ks2x10_seed1.json,1.957759966473344e-10,9.052665444938838e-16,2.715341282711199,1.0122544825158972e-14,1.2776371124479755e-13,2,20,20,0,0.024358344078063966,1,8116,405.8,,"========================================================================================================================
301 autonomous ANCHORED FULL-CUBIC HALLEY NumPy Pandrosion
No dependency on previous Python scripts; anchored divided-difference Q plus full cubic finite-slope Halley only; no raw Pandrosion-step acceptance, no Newton/Jacobian fallback path.
========================================================================================================================
case=ks(2,10), seed=603943055, terms=132, Bezout=100
roots=20/20 success=True trials=104 duplicates=41 failures=43
seconds: generation=0.01, extract=0.48, total=0.49
best_root: residual=1.187e-14, trial=71, Lambda=1577.6957188762826, theta=172.0, startopt_ratio=4.086683414305118e-15
out=/Users/ivanbesevic/Documents/poussiere/benchmarks/smale17_candidate_suite/301_ks2x10_seed1.json
",9,True,132,66,0.4871668815612793,5.2,104,20,0.5447328090667725,8.570667049092927e-09
2.0426764855245548e-15,100,"2,10",19,1.0,10,32,200,39039,1951.95,19,0.95,/Users/ivanbesevic/Documents/poussiere/benchmarks/smale17_candidate_suite/200_ks2x10_seed2.json,1.9077721811666407e-11,8.459054847871414e-14,2.289767820742667,8.979717047276046e-15,4.300939924098519e-12,2,20,20,0,0.030443036556243898,2,11506,575.3,,"========================================================================================================================
200 autonomous 118-BACKBONE + EQUAL-VALUE SAFE + GATED FINITE-SLOPE HALLEY NumPy Pandrosion
No dependency on previous Python scripts; 118-style homothetic/Mobius starts + 120 equal-value-safe probes + gated finite-slope Halley correction; no Newton/Jacobian fallback path.
========================================================================================================================
case=ks(2,10), seed=987455831, terms=132, Bezout=100
roots=20/20 success=True trials=71 duplicates=32 failures=19
seconds: generation=0.01, extract=0.60, total=0.61
best_root: residual=4.905e-09, trial=0, Lambda=1.2339460808244847e-06, theta=0.0, startopt_ratio=0.9999999605528122
out=/Users/ivanbesevic/Documents/poussiere/benchmarks/smale17_candidate_suite/200_ks2x10_seed2.json
",9,True,132,66,0.6088607311248779,3.55,71,20,0.6661090850830078,4.904961329789672e-09
1.7785780651003302e-15,100,"2,10",19,1.0,10,32,201,39039,1951.95,19,0.95,/Users/ivanbesevic/Documents/poussiere/benchmarks/smale17_candidate_suite/201_ks2x10_seed2.json,2.1751949576539843e-11,1.5742715423387735e-13,2.28976782064316,8.596374533619449e-15,8.354798133429394e-12,2,20,20,0,0.03136279582977295,2,11506,575.3,,"========================================================================================================================
201 autonomous LOG-STABLE OPTIMAL-PROBE TENSOR-HALLEY NumPy Pandrosion
No dependency on previous Python scripts; 118/120/200 backbone + logarithmic stability + optimal-probe energy + tensorial gated finite-slope Halley; no Newton/Jacobian fallback path.
========================================================================================================================
case=ks(2,10), seed=987455831, terms=132, Bezout=100
roots=20/20 success=True trials=71 duplicates=32 failures=19
seconds: generation=0.01, extract=0.62, total=0.63
best_root: residual=6.475e-09, trial=0, Lambda=1.2339460808244847e-06, theta=0.0, startopt_ratio=0.9999999605528122
out=/Users/ivanbesevic/Documents/poussiere/benchmarks/smale17_candidate_suite/201_ks2x10_seed2.json
",8,True,132,66,0.627255916595459,3.55,71,20,0.6853559017181396,6.475268429605181e-09
9.810133501692532e-16,100,"2,10",19,1.0,10,65,301,40074,2003.7,94,4.7,/Users/ivanbesevic/Documents/poussiere/benchmarks/smale17_candidate_suite/301_ks2x10_seed2.json,1.0450535404999206e-12,1.1233914924934698e-15,2.2897678209356975,9.809921708631537e-15,2.1706470037074337e-13,2,20,20,0,0.0330715537071228,2,10900,545.0,,"========================================================================================================================
301 autonomous ANCHORED FULL-CUBIC HALLEY NumPy Pandrosion
No dependency on previous Python scripts; anchored divided-difference Q plus full cubic finite-slope Halley only; no raw Pandrosion-step acceptance, no Newton/Jacobian fallback path.
========================================================================================================================
case=ks(2,10), seed=987455831, terms=132, Bezout=100
roots=20/20 success=True trials=179 duplicates=65 failures=94
seconds: generation=0.01, extract=0.65, total=0.66
best_root: residual=9.810e-16, trial=1, Lambda=1.810173763850998e-05, theta=6.000000000000001, startopt_ratio=0.9999105994388578
out=/Users/ivanbesevic/Documents/poussiere/benchmarks/smale17_candidate_suite/301_ks2x10_seed2.json
",9,True,132,66,0.661431074142456,8.95,179,20,0.7185122966766357,3.1763903545946696e-09
9.6228224407467e-16,100,"2,10",19,1.0,10,19,200,28463,1423.15,13,0.65,/Users/ivanbesevic/Documents/poussiere/benchmarks/smale17_candidate_suite/200_ks2x10_seed3.json,8.817878292422991e-12,8.999879587176826e-16,2.454720203278871,2.248092059019809e-15,8.882373983400983e-14,2,20,20,0,0.022283053398132323,3,8330,416.5,,"========================================================================================================================
200 autonomous 118-BACKBONE + EQUAL-VALUE SAFE + GATED FINITE-SLOPE HALLEY NumPy Pandrosion
No dependency on previous Python scripts; 118-style homothetic/Mobius starts + 120 equal-value-safe probes + gated finite-slope Halley correction; no Newton/Jacobian fallback path.
========================================================================================================================
case=ks(2,10), seed=1684041394, terms=132, Bezout=100
roots=20/20 success=True trials=52 duplicates=19 failures=13
seconds: generation=0.01, extract=0.44, total=0.45
best_root: residual=9.623e-16, trial=48, Lambda=0.0395074548332821, theta=72.0, startopt_ratio=0.8197447795162552
out=/Users/ivanbesevic/Documents/poussiere/benchmarks/smale17_candidate_suite/200_ks2x10_seed3.json
",11,True,132,66,0.4456610679626465,2.6,52,20,0.502269983291626,4.8916556552435735e-09
2.9752889601484913e-15,100,"2,10",19,1.0,10,19,201,28463,1423.15,13,0.65,/Users/ivanbesevic/Documents/poussiere/benchmarks/smale17_candidate_suite/201_ks2x10_seed3.json,1.185836009463428e-11,1.5698227610070439e-15,2.4547202032769193,2.516798445789098e-15,1.9903314070683962e-13,2,20,20,0,0.023117649555206298,3,8330,416.5,,"========================================================================================================================
201 autonomous LOG-STABLE OPTIMAL-PROBE TENSOR-HALLEY NumPy Pandrosion
No dependency on previous Python scripts; 118/120/200 backbone + logarithmic stability + optimal-probe energy + tensorial gated finite-slope Halley; no Newton/Jacobian fallback path.
========================================================================================================================
case=ks(2,10), seed=1684041394, terms=132, Bezout=100
roots=20/20 success=True trials=52 duplicates=19 failures=13
seconds: generation=0.01, extract=0.45, total=0.46
best_root: residual=2.975e-15, trial=48, Lambda=0.0395074548332821, theta=72.0, startopt_ratio=0.8197447795162552
out=/Users/ivanbesevic/Documents/poussiere/benchmarks/smale17_candidate_suite/201_ks2x10_seed3.json
",12,True,132,66,0.462352991104126,2.6,52,20,0.5192089080810547,7.426494734679706e-09
1.3230562068383787e-15,100,"2,10",19,1.0,10,36,301,30673,1533.65,67,3.35,/Users/ivanbesevic/Documents/poussiere/benchmarks/smale17_candidate_suite/301_ks2x10_seed3.json,1.0919530511654714e-10,4.011120909673123e-15,2.501774686358818,2.967168314225558e-15,7.744997303615136e-14,2,20,20,0,0.025500142574310304,3,8440,422.0,,"========================================================================================================================
301 autonomous ANCHORED FULL-CUBIC HALLEY NumPy Pandrosion
No dependency on previous Python scripts; anchored divided-difference Q plus full cubic finite-slope Halley only; no raw Pandrosion-step acceptance, no Newton/Jacobian fallback path.
========================================================================================================================
case=ks(2,10), seed=1684041394, terms=132, Bezout=100
roots=20/20 success=True trials=123 duplicates=36 failures=67
seconds: generation=0.01, extract=0.50, total=0.51
best_root: residual=4.006e-15, trial=16, Lambda=157.004986516536, theta=100.0, startopt_ratio=1.383788449784231e-16
out=/Users/ivanbesevic/Documents/poussiere/benchmarks/smale17_candidate_suite/301_ks2x10_seed3.json
",15,True,132,66,0.510002851486206,6.15,123,20,0.5671048164367676,8.804850252035276e-09
1.6250646570963809e-15,100,"2,10",15,1.0,10,54,200,45639,2281.95,19,0.95,/Users/ivanbesevic/Documents/poussiere/benchmarks/smale17_candidate_suite/200_ks2x10_seed4.json,8.082275724834661e-09,1.2025613166984598e-13,1.9936977016151907,7.841626557420368e-15,1.2310426661418844e-10,2,20,20,0,0.035464131832122804,4,13390,669.5,,"========================================================================================================================
200 autonomous 118-BACKBONE + EQUAL-VALUE SAFE + GATED FINITE-SLOPE HALLEY NumPy Pandrosion
No dependency on previous Python scripts; 118-style homothetic/Mobius starts + 120 equal-value-safe probes + gated finite-slope Halley correction; no Newton/Jacobian fallback path.
========================================================================================================================
case=ks(2,10), seed=287589522, terms=132, Bezout=100
roots=20/20 success=True trials=93 duplicates=54 failures=19
seconds: generation=0.01, extract=0.70, total=0.71
best_root: residual=3.547e-10, trial=20, Lambda=140226.81330384416, theta=32.0, startopt_ratio=1.9684596154503448e-11
out=/Users/ivanbesevic/Documents/poussiere/benchmarks/smale17_candidate_suite/200_ks2x10_seed4.json
",11,True,132,66,0.709282636642456,4.65,93,20,0.7661669254302979,8.198813005191744e-09
1.9555373935507587e-15,100,"2,10",15,1.0,10,54,201,45676,2283.8,19,0.95,/Users/ivanbesevic/Documents/poussiere/benchmarks/smale17_candidate_suite/201_ks2x10_seed4.json,8.082275724834661e-09,2.120003296605862e-13,1.9936977015166426,5.832628229232254e-15,1.528293901470137e-10,2,20,20,0,0.03641284704208374,4,13396,669.8,,"========================================================================================================================
201 autonomous LOG-STABLE OPTIMAL-PROBE TENSOR-HALLEY NumPy Pandrosion
No dependency on previous Python scripts; 118/120/200 backbone + logarithmic stability + optimal-probe energy + tensorial gated finite-slope Halley; no Newton/Jacobian fallback path.
========================================================================================================================
case=ks(2,10), seed=287589522, terms=132, Bezout=100
roots=20/20 success=True trials=93 duplicates=54 failures=19
seconds: generation=0.01, extract=0.72, total=0.73
best_root: residual=5.751e-10, trial=20, Lambda=140226.81330384416, theta=32.0, startopt_ratio=1.9684596154503448e-11
out=/Users/ivanbesevic/Documents/poussiere/benchmarks/smale17_candidate_suite/201_ks2x10_seed4.json
",10,True,132,66,0.7282569408416748,4.65,93,20,0.7857892513275146,8.198813005191744e-09
1.8571363289776713e-15,100,"2,10",16,1.0,10,36,301,24743,1237.15,51,2.55,/Users/ivanbesevic/Documents/poussiere/benchmarks/smale17_candidate_suite/301_ks2x10_seed4.json,2.6554753408555784e-10,7.058310571804892e-16,2.3223751940507817,6.2586156611802904e-15,9.780351634970877e-14,2,20,20,0,0.02079271078109741,4,6776,338.8,,"========================================================================================================================
301 autonomous ANCHORED FULL-CUBIC HALLEY NumPy Pandrosion
No dependency on previous Python scripts; anchored divided-difference Q plus full cubic finite-slope Halley only; no raw Pandrosion-step acceptance, no Newton/Jacobian fallback path.
========================================================================================================================
case=ks(2,10), seed=287589522, terms=132, Bezout=100
roots=20/20 success=True trials=107 duplicates=36 failures=51
seconds: generation=0.01, extract=0.41, total=0.42
best_root: residual=5.914e-13, trial=80, Lambda=6.935825532920948, theta=48.00000000000001, startopt_ratio=6.206216142386554e-15
out=/Users/ivanbesevic/Documents/poussiere/benchmarks/smale17_candidate_suite/301_ks2x10_seed4.json
",12,True,132,66,0.41585421562194824,5.35,107,20,0.4733011722564697,9.715337815555725e-09
9.80915185026648e-16,100,"2,10",18,1.0,10,33,200,37929,1896.45,19,0.95,/Users/ivanbesevic/Documents/poussiere/benchmarks/smale17_candidate_suite/200_ks2x10_seed5.json,6.043864314355651e-11,4.384890660587361e-14,2.2243027836895957,3.6552577770031795e-15,7.394293020514596e-12,2,20,20,0,0.029522550106048585,5,11310,565.5,,"========================================================================================================================
200 autonomous 118-BACKBONE + EQUAL-VALUE SAFE + GATED FINITE-SLOPE HALLEY NumPy Pandrosion
No dependency on previous Python scripts; 118-style homothetic/Mobius starts + 120 equal-value-safe probes + gated finite-slope Halley correction; no Newton/Jacobian fallback path.
========================================================================================================================
case=ks(2,10), seed=747031023, terms=132, Bezout=100
roots=20/20 success=True trials=72 duplicates=33 failures=19
seconds: generation=0.01, extract=0.58, total=0.59
best_root: residual=1.414e-13, trial=34, Lambda=54.174193208424356, theta=100.0, startopt_ratio=4.154101297975831e-14
out=/Users/ivanbesevic/Documents/poussiere/benchmarks/smale17_candidate_suite/200_ks2x10_seed5.json
",12,True,132,66,0.5904510021209717,3.6,72,20,0.6469540596008301,6.2982240980048816e-09
5.613217783960923e-16,100,"2,10",18,1.0,10,33,201,37915,1895.75,19,0.95,/Users/ivanbesevic/Documents/poussiere/benchmarks/smale17_candidate_suite/201_ks2x10_seed5.json,6.866534418141554e-11,8.047086123911331e-14,2.224302783689601,1.933681819339658e-15,1.244314774874192e-11,2,20,20,0,0.03076770305633545,5,11308,565.4,,"========================================================================================================================
201 autonomous LOG-STABLE OPTIMAL-PROBE TENSOR-HALLEY NumPy Pandrosion
No dependency on previous Python scripts; 118/120/200 backbone + logarithmic stability + optimal-probe energy + tensorial gated finite-slope Halley; no Newton/Jacobian fallback path.
========================================================================================================================
case=ks(2,10), seed=747031023, terms=132, Bezout=100
roots=20/20 success=True trials=72 duplicates=33 failures=19
seconds: generation=0.01, extract=0.61, total=0.62
best_root: residual=1.999e-13, trial=34, Lambda=54.174193208424356, theta=100.0, startopt_ratio=4.154101297975831e-14
out=/Users/ivanbesevic/Documents/poussiere/benchmarks/smale17_candidate_suite/201_ks2x10_seed5.json
",11,True,132,66,0.615354061126709,3.6,72,20,0.6726689338684082,8.736876344842721e-09
1.988014295440817e-15,100,"2,10",18,1.0,10,13,301,14194,709.7,38,1.9,/Users/ivanbesevic/Documents/poussiere/benchmarks/smale17_candidate_suite/301_ks2x10_seed5.json,8.531816565343306e-12,1.306942168229264e-15,2.5562305867513055,8.89245093038077e-15,1.920990920760983e-12,2,20,20,0,0.012164795398712158,5,3828,191.4,,"========================================================================================================================
301 autonomous ANCHORED FULL-CUBIC HALLEY NumPy Pandrosion
No dependency on previous Python scripts; anchored divided-difference Q plus full cubic finite-slope Halley only; no raw Pandrosion-step acceptance, no Newton/Jacobian fallback path.
========================================================================================================================
case=ks(2,10), seed=747031023, terms=132, Bezout=100
roots=20/20 success=True trials=71 duplicates=13 failures=38
seconds: generation=0.01, extract=0.23, total=0.24
best_root: residual=4.101e-11, trial=25, Lambda=275.6666011772394, theta=116.00000000000001, startopt_ratio=0.004299309294825973
out=/Users/ivanbesevic/Documents/poussiere/benchmarks/smale17_candidate_suite/301_ks2x10_seed5.json
",10,True,132,66,0.24329590797424316,3.55,71,20,0.3003690242767334,4.005792184988898e-09
8.256992190338329e-16,100,"2,10",20,1.0,10,14,200,32385,1619.25,17,0.85,/Users/ivanbesevic/Documents/poussiere/benchmarks/smale17_candidate_suite/200_ks2x10_seed6.json,6.148555841259604e-13,1.2483475877982733e-15,1.7928680664788383,8.25978584090486e-15,3.694822225952521e-13,2,20,20,0,0.025952637195587158,6,10008,500.4,,"========================================================================================================================
200 autonomous 118-BACKBONE + EQUAL-VALUE SAFE + GATED FINITE-SLOPE HALLEY NumPy Pandrosion
No dependency on previous Python scripts; 118-style homothetic/Mobius starts + 120 equal-value-safe probes + gated finite-slope Halley correction; no Newton/Jacobian fallback path.
========================================================================================================================
case=ks(2,10), seed=2114879916, terms=132, Bezout=100
roots=20/20 success=True trials=51 duplicates=14 failures=17
seconds: generation=0.01, extract=0.51, total=0.52
best_root: residual=1.354e-11, trial=28, Lambda=28627.873267363775, theta=152.0, startopt_ratio=5.576891454478487e-16
out=/Users/ivanbesevic/Documents/poussiere/benchmarks/smale17_candidate_suite/200_ks2x10_seed6.json
",11,True,132,66,0.5190527439117432,2.55,51,20,0.574843168258667,4.9443005906383025e-09
3.655315524298948e-15,100,"2,10",20,1.0,10,14,201,32459,1622.95,17,0.85,/Users/ivanbesevic/Documents/poussiere/benchmarks/smale17_candidate_suite/201_ks2x10_seed6.json,6.155121305854355e-13,1.4122914076816077e-15,1.7928680664788383,8.570111904043206e-15,5.392640207733813e-13,2,20,20,0,0.026804935932159425,6,10020,501.0,,"========================================================================================================================
201 autonomous LOG-STABLE OPTIMAL-PROBE TENSOR-HALLEY NumPy Pandrosion
No dependency on previous Python scripts; 118/120/200 backbone + logarithmic stability + optimal-probe energy + tensorial gated finite-slope Halley; no Newton/Jacobian fallback path.
========================================================================================================================
case=ks(2,10), seed=2114879916, terms=132, Bezout=100
roots=20/20 success=True trials=51 duplicates=14 failures=17
seconds: generation=0.01, extract=0.53, total=0.54
best_root: residual=2.212e-11, trial=28, Lambda=28627.873267363775, theta=152.0, startopt_ratio=5.576891454478487e-16
out=/Users/ivanbesevic/Documents/poussiere/benchmarks/smale17_candidate_suite/201_ks2x10_seed6.json
",11,True,132,66,0.5360987186431885,2.55,51,20,0.59340500831604,6.0005938220059985e-09
1.7990345387298017e-15,100,"2,10",18,1.0,10,22,301,25858,1292.9,59,2.95,/Users/ivanbesevic/Documents/poussiere/benchmarks/smale17_candidate_suite/301_ks2x10_seed6.json,3.4924596548080444e-09,1.7812410861961422e-15,2.272277075794669,5.7660842328598875e-15,5.798655639382322e-13,2,20,20,0,0.021721851825714112,6,7194,359.7,,"========================================================================================================================
301 autonomous ANCHORED FULL-CUBIC HALLEY NumPy Pandrosion
No dependency on previous Python scripts; anchored divided-difference Q plus full cubic finite-slope Halley only; no raw Pandrosion-step acceptance, no Newton/Jacobian fallback path.
========================================================================================================================
case=ks(2,10), seed=2114879916, terms=132, Bezout=100
roots=20/20 success=True trials=101 duplicates=22 failures=59
seconds: generation=0.01, extract=0.43, total=0.43
best_root: residual=1.190e-14, trial=68, Lambda=603.5067764643925, theta=18.0, startopt_ratio=2.560950953046094e-16
out=/Users/ivanbesevic/Documents/poussiere/benchmarks/smale17_candidate_suite/301_ks2x10_seed6.json
",12,True,132,66,0.4344370365142822,5.05,101,20,0.4928877353668213,7.439658655165908e-09
8.706583865735264e-16,100,"2,10",20,1.0,10,35,200,37199,1859.95,15,0.75,/Users/ivanbesevic/Documents/poussiere/benchmarks/smale17_candidate_suite/200_ks2x10_seed7.json,8.165060491021371e-13,4.5627970490807574e-15,2.4079556164427585,4.627027720472547e-15,1.9577233481818329e-13,2,20,20,0,0.028896892070770265,7,10942,547.1,,"========================================================================================================================
200 autonomous 118-BACKBONE + EQUAL-VALUE SAFE + GATED FINITE-SLOPE HALLEY NumPy Pandrosion
No dependency on previous Python scripts; 118-style homothetic/Mobius starts + 120 equal-value-safe probes + gated finite-slope Halley correction; no Newton/Jacobian fallback path.
========================================================================================================================
case=ks(2,10), seed=1842755578, terms=132, Bezout=100
roots=20/20 success=True trials=70 duplicates=35 failures=15
seconds: generation=0.01, extract=0.57, total=0.58
best_root: residual=2.869e-12, trial=69, Lambda=91.99627234007843, theta=172.0, startopt_ratio=3.249483696376116e-15
out=/Users/ivanbesevic/Documents/poussiere/benchmarks/smale17_candidate_suite/200_ks2x10_seed7.json
",13,True,132,66,0.5779378414154053,3.5,70,20,0.6355690956115723,1.0647170925070222e-09
1.2128583146942476e-15,100,"2,10",20,1.0,10,35,201,37236,1861.8,15,0.75,/Users/ivanbesevic/Documents/poussiere/benchmarks/smale17_candidate_suite/201_ks2x10_seed7.json,3.8657704262548816e-13,8.979311757611093e-15,2.407955616442757,5.65690409861817e-15,3.9806448546450833e-13,2,20,20,0,0.02990744113922119,7,10948,547.4,,"========================================================================================================================
201 autonomous LOG-STABLE OPTIMAL-PROBE TENSOR-HALLEY NumPy Pandrosion
No dependency on previous Python scripts; 118/120/200 backbone + logarithmic stability + optimal-probe energy + tensorial gated finite-slope Halley; no Newton/Jacobian fallback path.
========================================================================================================================
case=ks(2,10), seed=1842755578, terms=132, Bezout=100
roots=20/20 success=True trials=70 duplicates=35 failures=15
seconds: generation=0.01, extract=0.59, total=0.60
best_root: residual=3.064e-12, trial=69, Lambda=91.99627234007843, theta=172.0, startopt_ratio=3.249483696376116e-15
out=/Users/ivanbesevic/Documents/poussiere/benchmarks/smale17_candidate_suite/201_ks2x10_seed7.json
",12,True,132,66,0.5981488227844238,3.5,70,20,0.6554639339447021,1.859431647817584e-09
1.3600940083626352e-15,100,"2,10",19,1.0,10,67,301,44561,2228.05,127,6.35,/Users/ivanbesevic/Documents/poussiere/benchmarks/smale17_candidate_suite/301_ks2x10_seed7.json,1.0404053920025902e-12,9.292677516773676e-16,2.3374400539275717,2.7245136394484986e-15,3.2345428974576406e-14,2,20,20,0,0.03684265613555908,7,12094,604.7,,"========================================================================================================================
301 autonomous ANCHORED FULL-CUBIC HALLEY NumPy Pandrosion
No dependency on previous Python scripts; anchored divided-difference Q plus full cubic finite-slope Halley only; no raw Pandrosion-step acceptance, no Newton/Jacobian fallback path.
========================================================================================================================
case=ks(2,10), seed=1842755578, terms=132, Bezout=100
roots=20/20 success=True trials=214 duplicates=67 failures=127
seconds: generation=0.01, extract=0.73, total=0.74
best_root: residual=4.221e-15, trial=119, Lambda=1.0736741129235539, theta=172.0, startopt_ratio=7.710513370304181e-08
out=/Users/ivanbesevic/Documents/poussiere/benchmarks/smale17_candidate_suite/301_ks2x10_seed7.json
",14,True,132,66,0.7368531227111816,10.7,214,20,0.7948658466339111,6.102564978073933e-09
2.1477866287870186e-15,8,"3,2",8,1.0,2,32,200,10726,1340.75,2,0.25,/Users/ivanbesevic/Documents/poussiere/benchmarks/smale17_candidate_suite/200_ks3x2_seed0.json,8.236627820231227e-15,4.807040206057993e-15,4.476848705954261,1.267614706005421e-15,1.4182664603370259e-14,3,8,8,0,0.018150538206100464,0,2242,280.25,,"========================================================================================================================
200 autonomous 118-BACKBONE + EQUAL-VALUE SAFE + GATED FINITE-SLOPE HALLEY NumPy Pandrosion
No dependency on previous Python scripts; 118-style homothetic/Mobius starts + 120 equal-value-safe probes + gated finite-slope Halley correction; no Newton/Jacobian fallback path.
========================================================================================================================
case=ks(3,2), seed=853857574, terms=30, Bezout=8
roots=8/8 success=True trials=42 duplicates=32 failures=2
seconds: generation=0.01, extract=0.14, total=0.15
best_root: residual=1.336e-14, trial=41, Lambda=254323.29345096898, theta=172.0, startopt_ratio=0.07290007148699604
out=/Users/ivanbesevic/Documents/poussiere/benchmarks/smale17_candidate_suite/200_ks3x2_seed0.json
",7,True,30,10,0.1452043056488037,5.25,42,8,0.2007739543914795,6.206204826351818e-09
1.0175362097255202e-15,8,"3,2",8,1.0,2,32,201,10800,1350.0,2,0.25,/Users/ivanbesevic/Documents/poussiere/benchmarks/smale17_candidate_suite/201_ks3x2_seed0.json,3.6637359812630166e-15,1.620657622073946e-14,4.476848705955067,1.661349624962995e-15,5.5529910830537324e-14,3,8,8,0,0.018821239471435547,0,2254,281.75,,"========================================================================================================================
201 autonomous LOG-STABLE OPTIMAL-PROBE TENSOR-HALLEY NumPy Pandrosion
No dependency on previous Python scripts; 118/120/200 backbone + logarithmic stability + optimal-probe energy + tensorial gated finite-slope Halley; no Newton/Jacobian fallback path.
========================================================================================================================
case=ks(3,2), seed=853857574, terms=30, Bezout=8
roots=8/8 success=True trials=42 duplicates=32 failures=2
seconds: generation=0.01, extract=0.14, total=0.15
best_root: residual=5.553e-14, trial=41, Lambda=254323.29345096898, theta=172.0, startopt_ratio=0.07290007148699604
out=/Users/ivanbesevic/Documents/poussiere/benchmarks/smale17_candidate_suite/201_ks3x2_seed0.json
",7,True,30,10,0.15056991577148438,5.25,42,8,0.20805120468139648,8.669041167043177e-09
2.316218999379179e-15,8,"3,2",8,1.0,2,38,301,12570,1571.25,18,2.25,/Users/ivanbesevic/Documents/poussiere/benchmarks/smale17_candidate_suite/301_ks3x2_seed0.json,5.164625771320267e-15,8.383877476709785e-13,4.476848705920951,1.1079494477289121e-15,7.546661265525134e-12,3,8,8,0,0.02518525719642639,0,2962,370.25,,"========================================================================================================================
301 autonomous ANCHORED FULL-CUBIC HALLEY NumPy Pandrosion
No dependency on previous Python scripts; anchored divided-difference Q plus full cubic finite-slope Halley only; no raw Pandrosion-step acceptance, no Newton/Jacobian fallback path.
========================================================================================================================
case=ks(3,2), seed=853857574, terms=30, Bezout=8
roots=8/8 success=True trials=64 duplicates=38 failures=18
seconds: generation=0.01, extract=0.19, total=0.20
best_root: residual=5.439e-15, trial=61, Lambda=51.85735761893639, theta=86.0, startopt_ratio=0.3394918233270551
out=/Users/ivanbesevic/Documents/poussiere/benchmarks/smale17_candidate_suite/301_ks3x2_seed0.json
",6,True,30,10,0.20148205757141113,8.0,64,8,0.25768399238586426,1.8123063393719325e-09
1.620554865521817e-15,8,"3,2",8,1.0,2,32,200,11779,1472.375,7,0.875,/Users/ivanbesevic/Documents/poussiere/benchmarks/smale17_candidate_suite/200_ks3x2_seed1.json,1.926164957854745e-15,4.099812768790721e-14,4.17712076989492,1.2487105381094006e-15,1.544534115943287e-13,3,8,8,0,0.01974499225616455,1,2458,307.25,,"========================================================================================================================
200 autonomous 118-BACKBONE + EQUAL-VALUE SAFE + GATED FINITE-SLOPE HALLEY NumPy Pandrosion
No dependency on previous Python scripts; 118-style homothetic/Mobius starts + 120 equal-value-safe probes + gated finite-slope Halley correction; no Newton/Jacobian fallback path.
========================================================================================================================
case=ks(3,2), seed=2094235828, terms=30, Bezout=8
roots=8/8 success=True trials=47 duplicates=32 failures=7
seconds: generation=0.01, extract=0.15, total=0.16
best_root: residual=1.141e-09, trial=11, Lambda=3268.3057860867248, theta=100.0, startopt_ratio=0.0009747819558279449
out=/Users/ivanbesevic/Documents/poussiere/benchmarks/smale17_candidate_suite/200_ks3x2_seed1.json
",6,True,30,10,0.1579599380493164,5.875,47,8,0.2140500545501709,1.1406208141299139e-09
8.733087987518192e-16,8,"3,2",8,1.0,2,32,201,11779,1472.375,7,0.875,/Users/ivanbesevic/Documents/poussiere/benchmarks/smale17_candidate_suite/201_ks3x2_seed1.json,2.094764613337708e-15,1.4952279118054553e-13,4.177120769895208,8.717688900385051e-16,5.507909632981803e-13,3,8,8,0,0.02046215534210205,1,2458,307.25,,"========================================================================================================================
201 autonomous LOG-STABLE OPTIMAL-PROBE TENSOR-HALLEY NumPy Pandrosion
No dependency on previous Python scripts; 118/120/200 backbone + logarithmic stability + optimal-probe energy + tensorial gated finite-slope Halley; no Newton/Jacobian fallback path.
========================================================================================================================
case=ks(3,2), seed=2094235828, terms=30, Bezout=8
roots=8/8 success=True trials=47 duplicates=32 failures=7
seconds: generation=0.01, extract=0.16, total=0.16
best_root: residual=2.149e-09, trial=11, Lambda=3268.3057860867248, theta=100.0, startopt_ratio=0.0009747819558279449
out=/Users/ivanbesevic/Documents/poussiere/benchmarks/smale17_candidate_suite/201_ks3x2_seed1.json
",6,True,30,10,0.1636972427368164,5.875,47,8,0.2191448211669922,2.1493043733169424e-09
1.683736582170148e-15,8,"3,2",8,1.0,2,89,301,25277,3159.625,33,4.125,/Users/ivanbesevic/Documents/poussiere/benchmarks/smale17_candidate_suite/301_ks3x2_seed1.json,2.5342831685789484e-15,1.4432334124489628e-15,4.177120769887971,7.813445067610416e-16,6.411132434611616e-15,3,8,8,0,0.04888436198234558,1,5800,725.0,,"========================================================================================================================
301 autonomous ANCHORED FULL-CUBIC HALLEY NumPy Pandrosion
No dependency on previous Python scripts; anchored divided-difference Q plus full cubic finite-slope Halley only; no raw Pandrosion-step acceptance, no Newton/Jacobian fallback path.
========================================================================================================================
case=ks(3,2), seed=2094235828, terms=30, Bezout=8
roots=8/8 success=True trials=130 duplicates=89 failures=33
seconds: generation=0.01, extract=0.38, total=0.39
best_root: residual=6.411e-15, trial=60, Lambda=7549.0866130504155, theta=108.0, startopt_ratio=0.15997854061755884
out=/Users/ivanbesevic/Documents/poussiere/benchmarks/smale17_candidate_suite/301_ks3x2_seed1.json
",6,True,30,10,0.39107489585876465,16.25,130,8,0.4469027519226074,5.194504322373311e-10
5.20740757162067e-16,8,"3,2",8,1.0,2,72,200,21744,2718.0,7,0.875,/Users/ivanbesevic/Documents/poussiere/benchmarks/smale17_candidate_suite/200_ks3x2_seed2.json,9.619939965703525e-15,3.502327621236605e-13,5.07983240081461,9.819627125661795e-16,1.7577624155408813e-12,3,8,8,0,0.034542471170425415,2,4448,556.0,,"========================================================================================================================
200 autonomous 118-BACKBONE + EQUAL-VALUE SAFE + GATED FINITE-SLOPE HALLEY NumPy Pandrosion
No dependency on previous Python scripts; 118-style homothetic/Mobius starts + 120 equal-value-safe probes + gated finite-slope Halley correction; no Newton/Jacobian fallback path.
========================================================================================================================
case=ks(3,2), seed=342645357, terms=30, Bezout=8
roots=8/8 success=True trials=87 duplicates=72 failures=7
seconds: generation=0.01, extract=0.27, total=0.28
best_root: residual=7.426e-12, trial=50, Lambda=1.9755959961086431, theta=86.0, startopt_ratio=0.002462642276155122
out=/Users/ivanbesevic/Documents/poussiere/benchmarks/smale17_candidate_suite/200_ks3x2_seed2.json
",7,True,30,10,0.2763397693634033,10.875,87,8,0.3332979679107666,3.714371161731582e-09
4.685680459230494e-16,8,"3,2",8,1.0,2,72,201,21892,2736.5,7,0.875,/Users/ivanbesevic/Documents/poussiere/benchmarks/smale17_candidate_suite/201_ks3x2_seed2.json,8.296271088900922e-15,1.0058163359015136e-12,5.079832400170714,9.31632708971413e-16,5.0705642683725435e-12,3,8,8,0,0.03604012727737427,2,4472,559.0,,"========================================================================================================================
201 autonomous LOG-STABLE OPTIMAL-PROBE TENSOR-HALLEY NumPy Pandrosion
No dependency on previous Python scripts; 118/120/200 backbone + logarithmic stability + optimal-probe energy + tensorial gated finite-slope Halley; no Newton/Jacobian fallback path.
========================================================================================================================
case=ks(3,2), seed=342645357, terms=30, Bezout=8
roots=8/8 success=True trials=87 duplicates=72 failures=7
seconds: generation=0.01, extract=0.28, total=0.29
best_root: residual=1.609e-11, trial=50, Lambda=1.9755959961086431, theta=86.0, startopt_ratio=0.002462642276155122
out=/Users/ivanbesevic/Documents/poussiere/benchmarks/smale17_candidate_suite/201_ks3x2_seed2.json
",7,True,30,10,0.28832101821899414,10.875,87,8,0.34453296661376953,4.678493683494704e-09
7.528060329182389e-16,8,"3,2",8,1.0,2,41,301,12109,1513.625,11,1.375,/Users/ivanbesevic/Documents/poussiere/benchmarks/smale17_candidate_suite/301_ks3x2_seed2.json,9.59941740373495e-15,2.099582422313079e-15,5.079832403536091,7.615022111240874e-16,9.424642647609473e-15,3,8,8,0,0.024260759353637695,2,2840,355.0,,"========================================================================================================================
301 autonomous ANCHORED FULL-CUBIC HALLEY NumPy Pandrosion
No dependency on previous Python scripts; anchored divided-difference Q plus full cubic finite-slope Halley only; no raw Pandrosion-step acceptance, no Newton/Jacobian fallback path.
========================================================================================================================
case=ks(3,2), seed=342645357, terms=30, Bezout=8
roots=8/8 success=True trials=60 duplicates=41 failures=11
seconds: generation=0.01, extract=0.19, total=0.19
best_root: residual=1.165e-15, trial=10, Lambda=37939.824416384494, theta=100.0, startopt_ratio=0.0005593367246636382
out=/Users/ivanbesevic/Documents/poussiere/benchmarks/smale17_candidate_suite/301_ks3x2_seed2.json
",8,True,30,10,0.19408607482910156,7.5,60,8,0.25097084045410156,2.1880400316929677e-13
6.017265405022454e-16,8,"3,2",8,1.0,2,41,200,13167,1645.875,10,1.25,/Users/ivanbesevic/Documents/poussiere/benchmarks/smale17_candidate_suite/200_ks3x2_seed3.json,5.365950338995594e-15,1.1120634802572308e-12,5.3186984184995,1.0653416945657596e-15,6.5009463394693345e-12,3,8,8,0,0.02188447117805481,3,2670,333.75,,"========================================================================================================================
200 autonomous 118-BACKBONE + EQUAL-VALUE SAFE + GATED FINITE-SLOPE HALLEY NumPy Pandrosion
No dependency on previous Python scripts; 118-style homothetic/Mobius starts + 120 equal-value-safe probes + gated finite-slope Halley correction; no Newton/Jacobian fallback path.
========================================================================================================================
case=ks(3,2), seed=991867219, terms=30, Bezout=8
roots=8/8 success=True trials=59 duplicates=41 failures=10
seconds: generation=0.01, extract=0.17, total=0.18
best_root: residual=3.674e-09, trial=19, Lambda=39.2225709949991, theta=100.0, startopt_ratio=0.0031198061994089504
out=/Users/ivanbesevic/Documents/poussiere/benchmarks/smale17_candidate_suite/200_ks3x2_seed3.json
",5,True,30,10,0.17507576942443848,7.375,59,8,0.23136186599731445,7.897513211721216e-09
5.396300654998293e-16,8,"3,2",8,1.0,2,41,201,13204,1650.5,10,1.25,/Users/ivanbesevic/Documents/poussiere/benchmarks/smale17_candidate_suite/201_ks3x2_seed3.json,4.1954092705889645e-15,4.542449824035798e-14,5.318698418287311,9.426514929393066e-16,3.090369605767606e-13,3,8,8,0,0.022467613220214844,3,2676,334.5,,"========================================================================================================================
201 autonomous LOG-STABLE OPTIMAL-PROBE TENSOR-HALLEY NumPy Pandrosion
No dependency on previous Python scripts; 118/120/200 backbone + logarithmic stability + optimal-probe energy + tensorial gated finite-slope Halley; no Newton/Jacobian fallback path.
========================================================================================================================
case=ks(3,2), seed=991867219, terms=30, Bezout=8
roots=8/8 success=True trials=59 duplicates=41 failures=10
seconds: generation=0.01, extract=0.17, total=0.18
best_root: residual=6.977e-09, trial=19, Lambda=39.2225709949991, theta=100.0, startopt_ratio=0.0031198061994089504
out=/Users/ivanbesevic/Documents/poussiere/benchmarks/smale17_candidate_suite/201_ks3x2_seed3.json
",6,True,30,10,0.17974090576171875,7.375,59,8,0.23752689361572266,6.977428599087827e-09
1.6175215081877767e-15,8,"3,2",8,1.0,2,22,301,7952,994.0,12,1.5,/Users/ivanbesevic/Documents/poussiere/benchmarks/smale17_candidate_suite/301_ks3x2_seed3.json,4.076197102228689e-15,3.4596450306854856e-15,5.318698418737624,9.912549348796289e-16,1.5263043145882805e-14,3,8,8,0,0.016484767198562622,3,1848,231.0,,"========================================================================================================================
301 autonomous ANCHORED FULL-CUBIC HALLEY NumPy Pandrosion
No dependency on previous Python scripts; anchored divided-difference Q plus full cubic finite-slope Halley only; no raw Pandrosion-step acceptance, no Newton/Jacobian fallback path.
========================================================================================================================
case=ks(3,2), seed=991867219, terms=30, Bezout=8
roots=8/8 success=True trials=42 duplicates=22 failures=12
seconds: generation=0.01, extract=0.12, total=0.13
best_root: residual=2.609e-15, trial=41, Lambda=25328.76949878351, theta=116.00000000000001, startopt_ratio=0.07290274281259133
out=/Users/ivanbesevic/Documents/poussiere/benchmarks/smale17_candidate_suite/301_ks3x2_seed3.json
",6,True,30,10,0.13187813758850098,5.25,42,8,0.1866910457611084,3.744088507222061e-09
2.8245304391402273e-15,8,"3,2",8,1.0,2,30,200,10600,1325.0,5,0.625,/Users/ivanbesevic/Documents/poussiere/benchmarks/smale17_candidate_suite/200_ks3x2_seed4.json,9.101120538054984e-15,2.4733747270722446e-14,9.391477515895119,1.9335036092531145e-15,4.7349157253726447e-14,3,8,8,0,0.018239527940750122,4,2260,282.5,,"========================================================================================================================
200 autonomous 118-BACKBONE + EQUAL-VALUE SAFE + GATED FINITE-SLOPE HALLEY NumPy Pandrosion
No dependency on previous Python scripts; 118-style homothetic/Mobius starts + 120 equal-value-safe probes + gated finite-slope Halley correction; no Newton/Jacobian fallback path.
========================================================================================================================
case=ks(3,2), seed=801676614, terms=30, Bezout=8
roots=8/8 success=True trials=43 duplicates=30 failures=5
seconds: generation=0.01, extract=0.14, total=0.15
best_root: residual=1.226e-14, trial=0, Lambda=1.2339460808244847e-06, theta=0.0, startopt_ratio=0.999999894005807
out=/Users/ivanbesevic/Documents/poussiere/benchmarks/smale17_candidate_suite/200_ks3x2_seed4.json
",7,True,30,10,0.14591622352600098,5.375,43,8,0.2018418312072754,5.42290648012798e-10
3.1465569529417232e-15,8,"3,2",8,1.0,2,30,201,10600,1325.0,5,0.625,/Users/ivanbesevic/Documents/poussiere/benchmarks/smale17_candidate_suite/201_ks3x2_seed4.json,1.4868700975141997e-14,6.579502349052004e-14,9.391477516543205,1.1274042784402305e-15,1.3625725162207997e-13,3,8,8,0,0.01861274242401123,4,2260,282.5,,"========================================================================================================================
201 autonomous LOG-STABLE OPTIMAL-PROBE TENSOR-HALLEY NumPy Pandrosion
No dependency on previous Python scripts; 118/120/200 backbone + logarithmic stability + optimal-probe energy + tensorial gated finite-slope Halley; no Newton/Jacobian fallback path.
========================================================================================================================
case=ks(3,2), seed=801676614, terms=30, Bezout=8
roots=8/8 success=True trials=43 duplicates=30 failures=5
seconds: generation=0.01, extract=0.14, total=0.15
best_root: residual=1.806e-14, trial=0, Lambda=1.2339460808244847e-06, theta=0.0, startopt_ratio=0.999999894005807
out=/Users/ivanbesevic/Documents/poussiere/benchmarks/smale17_candidate_suite/201_ks3x2_seed4.json
",6,True,30,10,0.14890193939208984,5.375,43,8,0.2040548324584961,8.43501658556754e-10
6.563768190296064e-16,8,"3,2",8,1.0,2,53,301,14898,1862.25,21,2.625,/Users/ivanbesevic/Documents/poussiere/benchmarks/smale17_candidate_suite/301_ks3x2_seed4.json,1.2631196225257117e-14,9.911819959822176e-15,9.391477514839055,1.1184198227879314e-15,2.454973994951582e-14,3,8,8,0,0.032126009464263916,4,3490,436.25,,"========================================================================================================================
301 autonomous ANCHORED FULL-CUBIC HALLEY NumPy Pandrosion
No dependency on previous Python scripts; anchored divided-difference Q plus full cubic finite-slope Halley only; no raw Pandrosion-step acceptance, no Newton/Jacobian fallback path.
========================================================================================================================
case=ks(3,2), seed=801676614, terms=30, Bezout=8
roots=8/8 success=True trials=82 duplicates=53 failures=21
seconds: generation=0.01, extract=0.25, total=0.26
best_root: residual=6.564e-16, trial=0, Lambda=1.2339460808244847e-06, theta=0.0, startopt_ratio=0.999999894005807
out=/Users/ivanbesevic/Documents/poussiere/benchmarks/smale17_candidate_suite/301_ks3x2_seed4.json
",7,True,30,10,0.25700807571411133,10.25,82,8,0.3135392665863037,1.3597942636324113e-11
4.379755957367587e-16,8,"3,2",8,1.0,2,111,200,34362,4295.25,14,1.75,/Users/ivanbesevic/Documents/poussiere/benchmarks/smale17_candidate_suite/200_ks3x2_seed5.json,7.377764055609925e-15,2.010324237149953e-14,7.97862146596308,1.0422198874700042e-15,1.2214133629215062e-13,3,8,8,0,0.05535316467285156,5,7070,883.75,,"========================================================================================================================
200 autonomous 118-BACKBONE + EQUAL-VALUE SAFE + GATED FINITE-SLOPE HALLEY NumPy Pandrosion
No dependency on previous Python scripts; 118-style homothetic/Mobius starts + 120 equal-value-safe probes + gated finite-slope Halley correction; no Newton/Jacobian fallback path.
========================================================================================================================
case=ks(3,2), seed=1366292976, terms=30, Bezout=8
roots=8/8 success=True trials=133 duplicates=111 failures=14
seconds: generation=0.01, extract=0.43, total=0.44
best_root: residual=2.360e-11, trial=5, Lambda=317098.3321244626, theta=108.0, startopt_ratio=0.07289991391494911
out=/Users/ivanbesevic/Documents/poussiere/benchmarks/smale17_candidate_suite/200_ks3x2_seed5.json
",7,True,30,10,0.4428253173828125,16.625,133,8,0.49935388565063477,6.468967189192837e-09
3.387999773988765e-16,8,"3,2",8,1.0,2,111,201,34445,4305.625,14,1.75,/Users/ivanbesevic/Documents/poussiere/benchmarks/smale17_candidate_suite/201_ks3x2_seed5.json,6.217248937900877e-15,5.006642835403758e-14,7.978621465963071,1.3976418570708388e-15,3.239507509946654e-13,3,8,8,0,0.05639249086380005,5,7088,886.0,,"========================================================================================================================
201 autonomous LOG-STABLE OPTIMAL-PROBE TENSOR-HALLEY NumPy Pandrosion
No dependency on previous Python scripts; 118/120/200 backbone + logarithmic stability + optimal-probe energy + tensorial gated finite-slope Halley; no Newton/Jacobian fallback path.
========================================================================================================================
case=ks(3,2), seed=1366292976, terms=30, Bezout=8
roots=8/8 success=True trials=133 duplicates=111 failures=14
seconds: generation=0.01, extract=0.44, total=0.45
best_root: residual=4.314e-11, trial=5, Lambda=317098.3321244626, theta=108.0, startopt_ratio=0.07289991391494911
out=/Users/ivanbesevic/Documents/poussiere/benchmarks/smale17_candidate_suite/201_ks3x2_seed5.json
",7,True,30,10,0.4511399269104004,16.625,133,8,0.5155539512634277,8.488636375473133e-09
1.0311672620366654e-15,8,"3,2",8,1.0,2,55,301,19028,2378.5,27,3.375,/Users/ivanbesevic/Documents/poussiere/benchmarks/smale17_candidate_suite/301_ks3x2_seed5.json,8.576787243010016e-15,1.3923623564103253e-12,6.235479462778217,6.723455864784168e-16,2.9105578799654724e-12,3,8,8,0,0.037156254053115845,5,4546,568.25,,"========================================================================================================================
301 autonomous ANCHORED FULL-CUBIC HALLEY NumPy Pandrosion
No dependency on previous Python scripts; anchored divided-difference Q plus full cubic finite-slope Halley only; no raw Pandrosion-step acceptance, no Newton/Jacobian fallback path.
========================================================================================================================
case=ks(3,2), seed=1366292976, terms=30, Bezout=8
roots=8/8 success=True trials=90 duplicates=55 failures=27
seconds: generation=0.01, extract=0.29, total=0.30
best_root: residual=4.324e-15, trial=10, Lambda=327449.7362933181, theta=32.0, startopt_ratio=0.0008195861133576504
out=/Users/ivanbesevic/Documents/poussiere/benchmarks/smale17_candidate_suite/301_ks3x2_seed5.json
",6,True,30,10,0.29725003242492676,11.25,90,8,0.35575127601623535,9.586748586811116e-09
9.945640348601413e-16,8,"3,2",8,1.0,2,28,200,9753,1219.125,3,0.375,/Users/ivanbesevic/Documents/poussiere/benchmarks/smale17_candidate_suite/200_ks3x2_seed6.json,1.8577584504832503e-14,1.9674877937751858e-13,5.008807547048791,7.296954165676707e-16,3.520555723815706e-13,3,8,8,0,0.016481995582580566,6,2010,251.25,,"========================================================================================================================
200 autonomous 118-BACKBONE + EQUAL-VALUE SAFE + GATED FINITE-SLOPE HALLEY NumPy Pandrosion
No dependency on previous Python scripts; 118-style homothetic/Mobius starts + 120 equal-value-safe probes + gated finite-slope Halley correction; no Newton/Jacobian fallback path.
========================================================================================================================
case=ks(3,2), seed=322535866, terms=30, Bezout=8
roots=8/8 success=True trials=39 duplicates=28 failures=3
seconds: generation=0.01, extract=0.12, total=0.13
best_root: residual=1.304e-13, trial=2, Lambda=1048576.0, theta=164.0, startopt_ratio=0.007225002049495789
out=/Users/ivanbesevic/Documents/poussiere/benchmarks/smale17_candidate_suite/200_ks3x2_seed6.json
",6,True,30,10,0.13185596466064453,4.875,39,8,0.18737387657165527,9.066708688570044e-10
6.77599954797753e-16,8,"3,2",8,1.0,2,28,201,9753,1219.125,3,0.375,/Users/ivanbesevic/Documents/poussiere/benchmarks/smale17_candidate_suite/201_ks3x2_seed6.json,1.544128260874241e-14,3.651213510395294e-13,5.008807547048804,6.797824033723045e-16,8.852032348464936e-13,3,8,8,0,0.017054110765457153,6,2010,251.25,,"========================================================================================================================
201 autonomous LOG-STABLE OPTIMAL-PROBE TENSOR-HALLEY NumPy Pandrosion
No dependency on previous Python scripts; 118/120/200 backbone + logarithmic stability + optimal-probe energy + tensorial gated finite-slope Halley; no Newton/Jacobian fallback path.
========================================================================================================================
case=ks(3,2), seed=322535866, terms=30, Bezout=8
roots=8/8 success=True trials=39 duplicates=28 failures=3
seconds: generation=0.01, extract=0.13, total=0.14
best_root: residual=3.018e-13, trial=2, Lambda=1048576.0, theta=164.0, startopt_ratio=0.007225002049495789
out=/Users/ivanbesevic/Documents/poussiere/benchmarks/smale17_candidate_suite/201_ks3x2_seed6.json
",5,True,30,10,0.13643288612365723,4.875,39,8,0.1912848949432373,1.6937503529319952e-09
8.966221651486438e-16,8,"3,2",8,1.0,2,4,301,4046,505.75,12,1.5,/Users/ivanbesevic/Documents/poussiere/benchmarks/smale17_candidate_suite/301_ks3x2_seed6.json,1.597487098035528e-14,7.424324556907254e-12,5.008807547031276,8.011635269537006e-16,2.0876094294196747e-11,3,8,8,0,0.009064018726348877,6,962,120.25,,"========================================================================================================================
301 autonomous ANCHORED FULL-CUBIC HALLEY NumPy Pandrosion
No dependency on previous Python scripts; anchored divided-difference Q plus full cubic finite-slope Halley only; no raw Pandrosion-step acceptance, no Newton/Jacobian fallback path.
========================================================================================================================
case=ks(3,2), seed=322535866, terms=30, Bezout=8
roots=8/8 success=True trials=24 duplicates=4 failures=12
seconds: generation=0.01, extract=0.06, total=0.07
best_root: residual=8.966e-16, trial=18, Lambda=69.57773537380781, theta=86.0, startopt_ratio=0.002614876742572955
out=/Users/ivanbesevic/Documents/poussiere/benchmarks/smale17_candidate_suite/301_ks3x2_seed6.json
",4,True,30,10,0.07251214981079102,3.0,24,8,0.1270298957824707,7.706558928696124e-09
3.554447978966673e-16,8,"3,2",8,1.0,2,15,200,7339,917.375,1,0.125,/Users/ivanbesevic/Documents/poussiere/benchmarks/smale17_candidate_suite/200_ks3x2_seed7.json,2.2834996351019827e-14,2.9486675158181715e-14,4.419365103569329,7.428397152742995e-16,1.6983253879362671e-13,3,8,8,0,0.012683480978012085,7,1574,196.75,,"========================================================================================================================
200 autonomous 118-BACKBONE + EQUAL-VALUE SAFE + GATED FINITE-SLOPE HALLEY NumPy Pandrosion
No dependency on previous Python scripts; 118-style homothetic/Mobius starts + 120 equal-value-safe probes + gated finite-slope Halley correction; no Newton/Jacobian fallback path.
========================================================================================================================
case=ks(3,2), seed=1713816939, terms=30, Bezout=8
roots=8/8 success=True trials=24 duplicates=15 failures=1
seconds: generation=0.01, extract=0.09, total=0.10
best_root: residual=1.698e-13, trial=13, Lambda=728302.3841423299, theta=40.0, startopt_ratio=0.0003724332477586875
out=/Users/ivanbesevic/Documents/poussiere/benchmarks/smale17_candidate_suite/200_ks3x2_seed7.json
",5,True,30,10,0.10146784782409668,3.0,24,8,0.15605378150939941,3.3289747873699784e-09
5.23691153334427e-16,8,"3,2",8,1.0,2,15,201,7376,922.0,1,0.125,/Users/ivanbesevic/Documents/poussiere/benchmarks/smale17_candidate_suite/201_ks3x2_seed7.json,1.9720761300567452e-14,6.910262412773051e-14,4.419365103883266,9.736318426028766e-16,3.9341625051738457e-13,3,8,8,0,0.013386011123657227,7,1580,197.5,,"========================================================================================================================
201 autonomous LOG-STABLE OPTIMAL-PROBE TENSOR-HALLEY NumPy Pandrosion
No dependency on previous Python scripts; 118/120/200 backbone + logarithmic stability + optimal-probe energy + tensorial gated finite-slope Halley; no Newton/Jacobian fallback path.
========================================================================================================================
case=ks(3,2), seed=1713816939, terms=30, Bezout=8
roots=8/8 success=True trials=24 duplicates=15 failures=1
seconds: generation=0.01, extract=0.10, total=0.11
best_root: residual=3.934e-13, trial=13, Lambda=728302.3841423299, theta=40.0, startopt_ratio=0.0003724332477586875
out=/Users/ivanbesevic/Documents/poussiere/benchmarks/smale17_candidate_suite/201_ks3x2_seed7.json
",5,True,30,10,0.10708808898925781,3.0,24,8,0.16199493408203125,5.0356987823602935e-09
8.741904837807691e-16,8,"3,2",8,1.0,2,55,301,17823,2227.875,22,2.75,/Users/ivanbesevic/Documents/poussiere/benchmarks/smale17_candidate_suite/301_ks3x2_seed7.json,9.441466109136565e-15,2.7054618139546576e-12,4.419365103509826,1.2427630820555038e-15,1.1559593816482008e-11,3,8,8,0,0.034978240728378296,7,4170,521.25,,"========================================================================================================================
301 autonomous ANCHORED FULL-CUBIC HALLEY NumPy Pandrosion
No dependency on previous Python scripts; anchored divided-difference Q plus full cubic finite-slope Halley only; no raw Pandrosion-step acceptance, no Newton/Jacobian fallback path.
========================================================================================================================
case=ks(3,2), seed=1713816939, terms=30, Bezout=8
roots=8/8 success=True trials=85 duplicates=55 failures=22
seconds: generation=0.01, extract=0.27, total=0.28
best_root: residual=1.958e-14, trial=6, Lambda=99906.2417202731, theta=86.0, startopt_ratio=0.16000010330234496
out=/Users/ivanbesevic/Documents/poussiere/benchmarks/smale17_candidate_suite/301_ks3x2_seed7.json
",5,True,30,10,0.27982592582702637,10.625,85,8,0.33618927001953125,1.595841466404354e-09
9.122468574731976e-16,27,"3,3",20,1.0,3,43,200,24964,1248.2,5,0.25,/Users/ivanbesevic/Documents/poussiere/benchmarks/smale17_candidate_suite/200_ks3x3_seed0.json,9.871175158657624e-14,7.256099094954374e-13,6.2905850117377105,2.128289789140789e-15,8.55203118569898e-12,3,20,20,0,0.01702709197998047,0,5786,289.3,,"========================================================================================================================
200 autonomous 118-BACKBONE + EQUAL-VALUE SAFE + GATED FINITE-SLOPE HALLEY NumPy Pandrosion
No dependency on previous Python scripts; 118-style homothetic/Mobius starts + 120 equal-value-safe probes + gated finite-slope Halley correction; no Newton/Jacobian fallback path.
========================================================================================================================
case=ks(3,3), seed=612744585, terms=60, Bezout=27
roots=20/20 success=True trials=68 duplicates=43 failures=5
seconds: generation=0.01, extract=0.33, total=0.34
best_root: residual=2.971e-11, trial=25, Lambda=241616.3170010895, theta=89.0, startopt_ratio=0.19511199719163488
out=/Users/ivanbesevic/Documents/poussiere/benchmarks/smale17_candidate_suite/200_ks3x3_seed0.json
",13,True,60,20,0.3405418395996094,3.4,68,20,0.3961832523345947,6.220586371028665e-09
1.2640409922594522e-15,27,"3,3",20,1.0,3,43,201,25001,1250.05,5,0.25,/Users/ivanbesevic/Documents/poussiere/benchmarks/smale17_candidate_suite/201_ks3x3_seed0.json,3.529903082259756e-13,1.3767138797902755e-12,6.290585011737714,2.0119544126605855e-15,1.539294832039291e-11,3,20,20,0,0.017836904525756835,0,5792,289.6,,"========================================================================================================================
201 autonomous LOG-STABLE OPTIMAL-PROBE TENSOR-HALLEY NumPy Pandrosion
No dependency on previous Python scripts; 118/120/200 backbone + logarithmic stability + optimal-probe energy + tensorial gated finite-slope Halley; no Newton/Jacobian fallback path.
========================================================================================================================
case=ks(3,3), seed=612744585, terms=60, Bezout=27
roots=20/20 success=True trials=68 duplicates=43 failures=5
seconds: generation=0.01, extract=0.35, total=0.36
best_root: residual=5.411e-11, trial=25, Lambda=241616.3170010895, theta=89.0, startopt_ratio=0.19511199719163488
out=/Users/ivanbesevic/Documents/poussiere/benchmarks/smale17_candidate_suite/201_ks3x3_seed0.json
",13,True,60,20,0.3567380905151367,3.4,68,20,0.4137241840362549,9.819785294656867e-09
1.2009699976900343e-15,27,"3,3",20,1.0,3,43,301,21026,1051.3,5,0.25,/Users/ivanbesevic/Documents/poussiere/benchmarks/smale17_candidate_suite/301_ks3x3_seed0.json,2.4490543551698474e-13,7.291074045464825e-15,5.473904837343545,1.484797123300492e-15,1.10237934690966e-13,3,20,20,0,0.01694924831390381,0,5246,262.3,,"========================================================================================================================
301 autonomous ANCHORED FULL-CUBIC HALLEY NumPy Pandrosion
No dependency on previous Python scripts; anchored divided-difference Q plus full cubic finite-slope Halley only; no raw Pandrosion-step acceptance, no Newton/Jacobian fallback path.
========================================================================================================================
case=ks(3,3), seed=612744585, terms=60, Bezout=27
roots=20/20 success=True trials=68 duplicates=43 failures=5
seconds: generation=0.01, extract=0.33, total=0.34
best_root: residual=1.050e-11, trial=44, Lambda=1899.2208989762553, theta=12.000000000000002, startopt_ratio=3.8831016341055084e-05
out=/Users/ivanbesevic/Documents/poussiere/benchmarks/smale17_candidate_suite/301_ks3x3_seed0.json
",14,True,60,20,0.33898496627807617,3.4,68,20,0.396453857421875,2.401051793402137e-09
4.69850742124972e-16,27,"3,3",20,1.0,3,71,200,33010,1650.5,2,0.1,/Users/ivanbesevic/Documents/poussiere/benchmarks/smale17_candidate_suite/200_ks3x3_seed1.json,6.468476050270455e-14,1.5016626940977478e-13,4.914215583568382,1.0118944429649068e-15,7.347805324881808e-13,3,20,20,0,0.021925902366638182,1,7388,369.4,,"========================================================================================================================
200 autonomous 118-BACKBONE + EQUAL-VALUE SAFE + GATED FINITE-SLOPE HALLEY NumPy Pandrosion
No dependency on previous Python scripts; 118-style homothetic/Mobius starts + 120 equal-value-safe probes + gated finite-slope Halley correction; no Newton/Jacobian fallback path.
========================================================================================================================
case=ks(3,3), seed=1944581561, terms=60, Bezout=27
roots=20/20 success=True trials=93 duplicates=71 failures=2
seconds: generation=0.01, extract=0.43, total=0.44
best_root: residual=4.699e-16, trial=12, Lambda=1048576.0, theta=89.0, startopt_ratio=4.287603759793281e-05
out=/Users/ivanbesevic/Documents/poussiere/benchmarks/smale17_candidate_suite/200_ks3x3_seed1.json
",13,True,60,20,0.43851804733276367,4.65,93,20,0.4959747791290283,8.127494593498893e-09
3.954560803480502e-16,27,"3,3",20,1.0,3,71,201,33130,1656.5,2,0.1,/Users/ivanbesevic/Documents/poussiere/benchmarks/smale17_candidate_suite/201_ks3x3_seed1.json,3.318508435560369e-14,1.1819477849210577e-14,4.914215583956738,1.3918208818203897e-15,1.1530862064120418e-13,3,20,20,0,0.022771406173706054,1,7412,370.6,,"========================================================================================================================
201 autonomous LOG-STABLE OPTIMAL-PROBE TENSOR-HALLEY NumPy Pandrosion
No dependency on previous Python scripts; 118/120/200 backbone + logarithmic stability + optimal-probe energy + tensorial gated finite-slope Halley; no Newton/Jacobian fallback path.
========================================================================================================================
case=ks(3,3), seed=1944581561, terms=60, Bezout=27
roots=20/20 success=True trials=93 duplicates=71 failures=2
seconds: generation=0.01, extract=0.45, total=0.46
best_root: residual=3.955e-16, trial=12, Lambda=1048576.0, theta=89.0, startopt_ratio=4.287603759793281e-05
out=/Users/ivanbesevic/Documents/poussiere/benchmarks/smale17_candidate_suite/201_ks3x3_seed1.json
",13,True,60,20,0.4554281234741211,4.65,93,20,0.51239013671875,9.941087591758129e-09
1.4173189761816134e-15,27,"3,3",20,1.0,3,27,301,18670,933.5,6,0.3,/Users/ivanbesevic/Documents/poussiere/benchmarks/smale17_candidate_suite/301_ks3x3_seed1.json,8.611209269944328e-15,1.0914529001360111e-14,4.441609122729316,1.305447927583022e-15,6.379379238526204e-14,3,20,20,0,0.015901708602905275,1,4712,235.6,,"========================================================================================================================
301 autonomous ANCHORED FULL-CUBIC HALLEY NumPy Pandrosion
No dependency on previous Python scripts; anchored divided-difference Q plus full cubic finite-slope Halley only; no raw Pandrosion-step acceptance, no Newton/Jacobian fallback path.
========================================================================================================================
case=ks(3,3), seed=1944581561, terms=60, Bezout=27
roots=20/20 success=True trials=53 duplicates=27 failures=6
seconds: generation=0.01, extract=0.31, total=0.32
best_root: residual=6.379e-14, trial=15, Lambda=441514.84970312787, theta=164.0, startopt_ratio=4.2874976620580606e-05
out=/Users/ivanbesevic/Documents/poussiere/benchmarks/smale17_candidate_suite/301_ks3x3_seed1.json
",19,True,60,20,0.31803417205810547,2.65,53,20,0.37778210639953613,6.431760941316281e-09
1.6073128085295626e-15,27,"3,3",20,1.0,3,55,200,29476,1473.8,3,0.15,/Users/ivanbesevic/Documents/poussiere/benchmarks/smale17_candidate_suite/200_ks3x3_seed2.json,5.6397581241141183e-14,4.275648833709458e-15,4.655685375451619,1.3889157588027226e-15,2.6353959240707236e-14,3,20,20,0,0.021158039569854736,2,6932,346.6,,"========================================================================================================================
200 autonomous 118-BACKBONE + EQUAL-VALUE SAFE + GATED FINITE-SLOPE HALLEY NumPy Pandrosion
No dependency on previous Python scripts; 118-style homothetic/Mobius starts + 120 equal-value-safe probes + gated finite-slope Halley correction; no Newton/Jacobian fallback path.
========================================================================================================================
case=ks(3,3), seed=1273453173, terms=60, Bezout=27
roots=20/20 success=True trials=78 duplicates=55 failures=3
seconds: generation=0.01, extract=0.41, total=0.42
best_root: residual=1.957e-13, trial=13, Lambda=176730.591763237, theta=40.0, startopt_ratio=4.4473631392232815e-06
out=/Users/ivanbesevic/Documents/poussiere/benchmarks/smale17_candidate_suite/200_ks3x3_seed2.json
",19,True,60,20,0.4231607913970947,3.9,78,20,0.48451995849609375,4.343903174056024e-10
7.721838581466776e-16,27,"3,3",20,1.0,3,55,201,29499,1474.95,3,0.15,/Users/ivanbesevic/Documents/poussiere/benchmarks/smale17_candidate_suite/201_ks3x3_seed2.json,8.467093897346689e-14,1.1050094844568168e-14,4.655685375458884,2.669335547850701e-15,4.841008435828758e-14,3,20,20,0,0.021706092357635497,2,6936,346.8,,"========================================================================================================================
201 autonomous LOG-STABLE OPTIMAL-PROBE TENSOR-HALLEY NumPy Pandrosion
No dependency on previous Python scripts; 118/120/200 backbone + logarithmic stability + optimal-probe energy + tensorial gated finite-slope Halley; no Newton/Jacobian fallback path.
========================================================================================================================
case=ks(3,3), seed=1273453173, terms=60, Bezout=27
roots=20/20 success=True trials=78 duplicates=55 failures=3
seconds: generation=0.01, extract=0.42, total=0.43
best_root: residual=3.917e-13, trial=13, Lambda=176730.591763237, theta=40.0, startopt_ratio=4.4473631392232815e-06
out=/Users/ivanbesevic/Documents/poussiere/benchmarks/smale17_candidate_suite/201_ks3x3_seed2.json
",16,True,60,20,0.43412184715270996,3.9,78,20,0.4937300682067871,7.464869015328061e-10
1.191874962812805e-15,27,"3,3",20,1.0,3,34,301,21228,1061.4,10,0.5,/Users/ivanbesevic/Documents/poussiere/benchmarks/smale17_candidate_suite/301_ks3x3_seed2.json,3.66205343881779e-14,3.924621191758483e-15,4.742694190190865,2.0504318197109812e-15,4.0984159644200137e-14,3,20,20,0,0.017530393600463868,2,5364,268.2,,"========================================================================================================================
301 autonomous ANCHORED FULL-CUBIC HALLEY NumPy Pandrosion
No dependency on previous Python scripts; anchored divided-difference Q plus full cubic finite-slope Halley only; no raw Pandrosion-step acceptance, no Newton/Jacobian fallback path.
========================================================================================================================
case=ks(3,3), seed=1273453173, terms=60, Bezout=27
roots=20/20 success=True trials=64 duplicates=34 failures=10
seconds: generation=0.01, extract=0.34, total=0.35
best_root: residual=6.319e-12, trial=0, Lambda=1.2339460808244847e-06, theta=0.0, startopt_ratio=0.9999999780037423
out=/Users/ivanbesevic/Documents/poussiere/benchmarks/smale17_candidate_suite/301_ks3x3_seed2.json
",16,True,60,20,0.35060787200927734,3.2,64,20,0.4091010093688965,2.325654434325416e-09
1.336885555457667e-15,27,"3,3",20,1.0,3,164,200,59764,2988.2,3,0.15,/Users/ivanbesevic/Documents/poussiere/benchmarks/smale17_candidate_suite/200_ks3x3_seed3.json,7.358492544969401e-14,3.0427026952211e-15,4.194766471831307,1.9096320338519505e-15,3.1152786852032194e-14,3,20,20,0,0.03973691463470459,3,13430,671.5,,"========================================================================================================================
200 autonomous 118-BACKBONE + EQUAL-VALUE SAFE + GATED FINITE-SLOPE HALLEY NumPy Pandrosion
No dependency on previous Python scripts; 118-style homothetic/Mobius starts + 120 equal-value-safe probes + gated finite-slope Halley correction; no Newton/Jacobian fallback path.
========================================================================================================================
case=ks(3,3), seed=23749617, terms=60, Bezout=27
roots=20/20 success=True trials=187 duplicates=164 failures=3
seconds: generation=0.01, extract=0.79, total=0.79
best_root: residual=4.066e-15, trial=140, Lambda=47.69461282439012, theta=108.0, startopt_ratio=4.763132523370129e-05
out=/Users/ivanbesevic/Documents/poussiere/benchmarks/smale17_candidate_suite/200_ks3x3_seed3.json
",16,True,60,20,0.7947382926940918,9.35,187,20,0.850754976272583,3.041604335119322e-09
1.6279065094399114e-15,27,"3,3",20,1.0,3,164,201,59995,2999.75,3,0.15,/Users/ivanbesevic/Documents/poussiere/benchmarks/smale17_candidate_suite/201_ks3x3_seed3.json,5.2214014291603906e-14,1.0887266332443556e-14,4.194766471831156,2.5847929247656277e-15,9.797880164025685e-14,3,20,20,0,0.0409259557723999,3,13470,673.5,,"========================================================================================================================
201 autonomous LOG-STABLE OPTIMAL-PROBE TENSOR-HALLEY NumPy Pandrosion
No dependency on previous Python scripts; 118/120/200 backbone + logarithmic stability + optimal-probe energy + tensorial gated finite-slope Halley; no Newton/Jacobian fallback path.
========================================================================================================================
case=ks(3,3), seed=23749617, terms=60, Bezout=27
roots=20/20 success=True trials=187 duplicates=164 failures=3
seconds: generation=0.01, extract=0.81, total=0.82
best_root: residual=3.301e-15, trial=140, Lambda=47.69461282439012, theta=108.0, startopt_ratio=4.763132523370129e-05
out=/Users/ivanbesevic/Documents/poussiere/benchmarks/smale17_candidate_suite/201_ks3x3_seed3.json
",15,True,60,20,0.818519115447998,9.35,187,20,0.8764309883117676,5.089678257229439e-09
9.413396663333419e-16,27,"3,3",20,1.0,3,143,301,53582,2679.1,21,1.05,/Users/ivanbesevic/Documents/poussiere/benchmarks/smale17_candidate_suite/301_ks3x3_seed3.json,1.0272197169172842e-13,3.3417271063776534e-15,4.839268734082079,2.777780670007113e-15,4.0605373155651335e-14,3,20,20,0,0.04193575382232666,3,13252,662.6,,"========================================================================================================================
301 autonomous ANCHORED FULL-CUBIC HALLEY NumPy Pandrosion
No dependency on previous Python scripts; anchored divided-difference Q plus full cubic finite-slope Halley only; no raw Pandrosion-step acceptance, no Newton/Jacobian fallback path.
========================================================================================================================
case=ks(3,3), seed=23749617, terms=60, Bezout=27
roots=20/20 success=True trials=184 duplicates=143 failures=21
seconds: generation=0.01, extract=0.83, total=0.84
best_root: residual=2.086e-09, trial=46, Lambda=962380.4880314067, theta=91.0, startopt_ratio=2.5782729077917994e-05
out=/Users/ivanbesevic/Documents/poussiere/benchmarks/smale17_candidate_suite/301_ks3x3_seed3.json
",13,True,60,20,0.8387150764465332,9.2,184,20,0.8954799175262451,5.681318731044695e-09
5.403879419618045e-16,27,"3,3",20,1.0,3,142,200,55690,2784.5,2,0.1,/Users/ivanbesevic/Documents/poussiere/benchmarks/smale17_candidate_suite/200_ks3x3_seed4.json,1.3405684427535274e-14,3.0559453302281123e-13,3.937341551882052,1.3346275029386735e-15,2.2060637079407502e-12,3,20,20,0,0.03693910837173462,4,12590,629.5,,"========================================================================================================================
200 autonomous 118-BACKBONE + EQUAL-VALUE SAFE + GATED FINITE-SLOPE HALLEY NumPy Pandrosion
No dependency on previous Python scripts; 118-style homothetic/Mobius starts + 120 equal-value-safe probes + gated finite-slope Halley correction; no Newton/Jacobian fallback path.
========================================================================================================================
case=ks(3,3), seed=1326637865, terms=60, Bezout=27
roots=20/20 success=True trials=164 duplicates=142 failures=2
seconds: generation=0.01, extract=0.73, total=0.74
best_root: residual=4.254e-14, trial=7, Lambda=1001870.393220411, theta=89.0, startopt_ratio=0.1951119992804409
out=/Users/ivanbesevic/Documents/poussiere/benchmarks/smale17_candidate_suite/200_ks3x3_seed4.json
",17,True,60,20,0.7387821674346924,8.2,164,20,0.7960309982299805,1.121349407732116e-09
2.3263411494723067e-16,27,"3,3",20,1.0,3,142,201,55893,2794.65,2,0.1,/Users/ivanbesevic/Documents/poussiere/benchmarks/smale17_candidate_suite/201_ks3x3_seed4.json,1.2817187035862264e-14,1.517404766734889e-13,3.9373415518167283,1.1508462903481238e-15,2.1410095335480034e-12,3,20,20,0,0.03841475248336792,4,12632,631.6,,"========================================================================================================================
201 autonomous LOG-STABLE OPTIMAL-PROBE TENSOR-HALLEY NumPy Pandrosion
No dependency on previous Python scripts; 118/120/200 backbone + logarithmic stability + optimal-probe energy + tensorial gated finite-slope Halley; no Newton/Jacobian fallback path.
========================================================================================================================
case=ks(3,3), seed=1326637865, terms=60, Bezout=27
roots=20/20 success=True trials=164 duplicates=142 failures=2
seconds: generation=0.01, extract=0.76, total=0.77
best_root: residual=1.393e-13, trial=7, Lambda=1001870.393220411, theta=89.0, startopt_ratio=0.1951119992804409
out=/Users/ivanbesevic/Documents/poussiere/benchmarks/smale17_candidate_suite/201_ks3x3_seed4.json
",17,True,60,20,0.7682950496673584,8.2,164,20,0.8259241580963135,2.0523571793680766e-09
8.657782246947033e-16,27,"3,3",20,1.0,3,42,301,21107,1055.35,8,0.4,/Users/ivanbesevic/Documents/poussiere/benchmarks/smale17_candidate_suite/301_ks3x3_seed4.json,1.8852829216231156e-13,4.6637184045708096e-14,3.9373415507979654,1.1872005102505296e-15,5.893651107648941e-13,3,20,20,0,0.017046356201171876,4,5228,261.4,,"========================================================================================================================
301 autonomous ANCHORED FULL-CUBIC HALLEY NumPy Pandrosion
No dependency on previous Python scripts; anchored divided-difference Q plus full cubic finite-slope Halley only; no raw Pandrosion-step acceptance, no Newton/Jacobian fallback path.
========================================================================================================================
case=ks(3,3), seed=1326637865, terms=60, Bezout=27
roots=20/20 success=True trials=70 duplicates=42 failures=8
seconds: generation=0.01, extract=0.33, total=0.34
best_root: residual=6.262e-15, trial=9, Lambda=1048576.0, theta=90.0, startopt_ratio=4.2874796443358675e-05
out=/Users/ivanbesevic/Documents/poussiere/benchmarks/smale17_candidate_suite/301_ks3x3_seed4.json
",15,True,60,20,0.3409271240234375,3.5,70,20,0.39929986000061035,7.375601071971318e-09
1.0039119183961511e-15,27,"3,3",20,1.0,3,115,200,44311,2215.55,5,0.25,/Users/ivanbesevic/Documents/poussiere/benchmarks/smale17_candidate_suite/200_ks3x3_seed5.json,1.2809491335957507e-14,1.1962891940565898e-13,3.970217365262261,1.33587322350601e-15,1.1570700370291982e-12,3,20,20,0,0.02967369556427002,5,10076,503.8,,"========================================================================================================================
200 autonomous 118-BACKBONE + EQUAL-VALUE SAFE + GATED FINITE-SLOPE HALLEY NumPy Pandrosion
No dependency on previous Python scripts; 118-style homothetic/Mobius starts + 120 equal-value-safe probes + gated finite-slope Halley correction; no Newton/Jacobian fallback path.
========================================================================================================================
case=ks(3,3), seed=1050386318, terms=60, Bezout=27
roots=20/20 success=True trials=140 duplicates=115 failures=5
seconds: generation=0.01, extract=0.58, total=0.59
best_root: residual=6.370e-15, trial=13, Lambda=1048576.0, theta=72.0, startopt_ratio=4.123679310824166e-05
out=/Users/ivanbesevic/Documents/poussiere/benchmarks/smale17_candidate_suite/200_ks3x3_seed5.json
",16,True,60,20,0.5934739112854004,7.0,140,20,0.6501469612121582,7.765843527599154e-09
4.281308872737917e-16,27,"3,3",20,1.0,3,115,201,44940,2247.0,5,0.25,/Users/ivanbesevic/Documents/poussiere/benchmarks/smale17_candidate_suite/201_ks3x3_seed5.json,1.9800602765947377e-14,1.0965006359451456e-13,3.9702173652578576,1.347723844143064e-15,6.691655797890271e-13,3,20,20,0,0.031162405014038087,5,10178,508.9,,"========================================================================================================================
201 autonomous LOG-STABLE OPTIMAL-PROBE TENSOR-HALLEY NumPy Pandrosion
No dependency on previous Python scripts; 118/120/200 backbone + logarithmic stability + optimal-probe energy + tensorial gated finite-slope Halley; no Newton/Jacobian fallback path.
========================================================================================================================
case=ks(3,3), seed=1050386318, terms=60, Bezout=27
roots=20/20 success=True trials=140 duplicates=115 failures=5
seconds: generation=0.01, extract=0.61, total=0.62
best_root: residual=9.109e-15, trial=13, Lambda=1048576.0, theta=72.0, startopt_ratio=4.123679310824166e-05
out=/Users/ivanbesevic/Documents/poussiere/benchmarks/smale17_candidate_suite/201_ks3x3_seed5.json
",17,True,60,20,0.6232481002807617,7.0,140,20,0.6803679466247559,1.2039143259663878e-09
1.3909367213127814e-15,27,"3,3",20,1.0,3,47,301,22596,1129.8,2,0.1,/Users/ivanbesevic/Documents/poussiere/benchmarks/smale17_candidate_suite/301_ks3x3_seed5.json,9.507165897680878e-15,1.6946458913182473e-15,4.143104538050283,1.0980567745939738e-15,1.0649463886842592e-14,3,20,20,0,0.018438839912414552,5,5688,284.4,,"========================================================================================================================
301 autonomous ANCHORED FULL-CUBIC HALLEY NumPy Pandrosion
No dependency on previous Python scripts; anchored divided-difference Q plus full cubic finite-slope Halley only; no raw Pandrosion-step acceptance, no Newton/Jacobian fallback path.
========================================================================================================================
case=ks(3,3), seed=1050386318, terms=60, Bezout=27
roots=20/20 success=True trials=69 duplicates=47 failures=2
seconds: generation=0.01, extract=0.36, total=0.37
best_root: residual=1.567e-14, trial=36, Lambda=1048576.0, theta=40.0, startopt_ratio=4.2875290188019886e-05
out=/Users/ivanbesevic/Documents/poussiere/benchmarks/smale17_candidate_suite/301_ks3x3_seed5.json
",17,True,60,20,0.368776798248291,3.45,69,20,0.4261589050292969,2.4950175115416924e-09
8.829589126839103e-16,27,"3,3",20,1.0,3,73,200,31385,1569.25,0,0.0,/Users/ivanbesevic/Documents/poussiere/benchmarks/smale17_candidate_suite/200_ks3x3_seed6.json,9.508073397819768e-14,2.4913087213396097e-13,3.903318377255081,3.1755826344603597e-15,2.243757267094549e-12,3,20,20,0,0.021711504459381102,6,7300,365.0,,"========================================================================================================================
200 autonomous 118-BACKBONE + EQUAL-VALUE SAFE + GATED FINITE-SLOPE HALLEY NumPy Pandrosion
No dependency on previous Python scripts; 118-style homothetic/Mobius starts + 120 equal-value-safe probes + gated finite-slope Halley correction; no Newton/Jacobian fallback path.
========================================================================================================================
case=ks(3,3), seed=1598834407, terms=60, Bezout=27
roots=20/20 success=True trials=93 duplicates=73 failures=0
seconds: generation=0.01, extract=0.43, total=0.43
best_root: residual=4.094e-15, trial=10, Lambda=489724.62939035596, theta=80.0, startopt_ratio=1.0344054369947576e-05
out=/Users/ivanbesevic/Documents/poussiere/benchmarks/smale17_candidate_suite/200_ks3x3_seed6.json
",15,True,60,20,0.43423008918762207,4.65,93,20,0.4912290573120117,6.741432384914414e-09
1.3704798539252746e-15,27,"3,3",20,1.0,3,73,201,31533,1576.65,0,0.0,/Users/ivanbesevic/Documents/poussiere/benchmarks/smale17_candidate_suite/201_ks3x3_seed6.json,4.383680149279125e-14,2.36281477470536e-13,3.9033183771999305,2.82345379436994e-15,3.818749531461286e-12,3,20,20,0,0.022481203079223633,6,7326,366.3,,"========================================================================================================================
201 autonomous LOG-STABLE OPTIMAL-PROBE TENSOR-HALLEY NumPy Pandrosion
No dependency on previous Python scripts; 118/120/200 backbone + logarithmic stability + optimal-probe energy + tensorial gated finite-slope Halley; no Newton/Jacobian fallback path.
========================================================================================================================
case=ks(3,3), seed=1598834407, terms=60, Bezout=27
roots=20/20 success=True trials=93 duplicates=73 failures=0
seconds: generation=0.01, extract=0.44, total=0.45
best_root: residual=4.896e-15, trial=10, Lambda=489724.62939035596, theta=80.0, startopt_ratio=1.0344054369947576e-05
out=/Users/ivanbesevic/Documents/poussiere/benchmarks/smale17_candidate_suite/201_ks3x3_seed6.json
",15,True,60,20,0.44962406158447266,4.65,93,20,0.5099711418151855,2.88987558383233e-10
2.804824172177818e-15,27,"3,3",20,1.0,3,40,301,22273,1113.65,8,0.4,/Users/ivanbesevic/Documents/poussiere/benchmarks/smale17_candidate_suite/301_ks3x3_seed6.json,3.142696061245355e-14,2.368752868330181e-15,3.8468355715656823,3.3804761391846807e-15,2.7276750468459634e-14,3,20,20,0,0.018149089813232423,6,5658,282.9,,"========================================================================================================================
301 autonomous ANCHORED FULL-CUBIC HALLEY NumPy Pandrosion
No dependency on previous Python scripts; anchored divided-difference Q plus full cubic finite-slope Halley only; no raw Pandrosion-step acceptance, no Newton/Jacobian fallback path.
========================================================================================================================
case=ks(3,3), seed=1598834407, terms=60, Bezout=27
roots=20/20 success=True trials=68 duplicates=40 failures=8
seconds: generation=0.01, extract=0.35, total=0.36
best_root: residual=5.610e-15, trial=18, Lambda=1048576.0, theta=94.0, startopt_ratio=4.287313837133459e-05
out=/Users/ivanbesevic/Documents/poussiere/benchmarks/smale17_candidate_suite/301_ks3x3_seed6.json
",15,True,60,20,0.36298179626464844,3.4,68,20,0.42064881324768066,6.541686042903988e-09
2.3498992183808826e-15,27,"3,3",20,1.0,3,111,200,45297,2264.85,2,0.1,/Users/ivanbesevic/Documents/poussiere/benchmarks/smale17_candidate_suite/200_ks3x3_seed7.json,2.0175535360778957e-14,4.002930285009218e-14,4.89096534421105,1.9861736713342768e-15,3.2859887746723596e-13,3,20,20,0,0.03077183961868286,7,10454,522.7,,"========================================================================================================================
200 autonomous 118-BACKBONE + EQUAL-VALUE SAFE + GATED FINITE-SLOPE HALLEY NumPy Pandrosion
No dependency on previous Python scripts; 118-style homothetic/Mobius starts + 120 equal-value-safe probes + gated finite-slope Halley correction; no Newton/Jacobian fallback path.
========================================================================================================================
case=ks(3,3), seed=2138784928, terms=60, Bezout=27
roots=20/20 success=True trials=133 duplicates=111 failures=2
seconds: generation=0.01, extract=0.61, total=0.62
best_root: residual=1.359e-09, trial=20, Lambda=178364.80168571463, theta=164.0, startopt_ratio=0.0006141314972444824
out=/Users/ivanbesevic/Documents/poussiere/benchmarks/smale17_candidate_suite/200_ks3x3_seed7.json
",11,True,60,20,0.6154367923736572,6.65,133,20,0.673306941986084,4.7212882018379306e-09
3.970890786799251e-15,27,"3,3",20,1.0,3,111,201,45343,2267.15,2,0.1,/Users/ivanbesevic/Documents/poussiere/benchmarks/smale17_candidate_suite/201_ks3x3_seed7.json,5.014866464667415e-14,6.763051377231525e-14,4.89096534421105,2.3922543451587166e-15,5.326357413934067e-13,3,20,20,0,0.0317874550819397,7,10466,523.3,,"========================================================================================================================
201 autonomous LOG-STABLE OPTIMAL-PROBE TENSOR-HALLEY NumPy Pandrosion
No dependency on previous Python scripts; 118/120/200 backbone + logarithmic stability + optimal-probe energy + tensorial gated finite-slope Halley; no Newton/Jacobian fallback path.
========================================================================================================================
case=ks(3,3), seed=2138784928, terms=60, Bezout=27
roots=20/20 success=True trials=133 duplicates=111 failures=2
seconds: generation=0.01, extract=0.63, total=0.64
best_root: residual=2.461e-09, trial=20, Lambda=178364.80168571463, theta=164.0, startopt_ratio=0.0006141314972444824
out=/Users/ivanbesevic/Documents/poussiere/benchmarks/smale17_candidate_suite/201_ks3x3_seed7.json
",11,True,60,20,0.635749101638794,6.65,133,20,0.6929740905761719,8.374029778396564e-09
8.825498386826706e-16,27,"3,3",20,1.0,3,63,301,28107,1405.35,6,0.3,/Users/ivanbesevic/Documents/poussiere/benchmarks/smale17_candidate_suite/301_ks3x3_seed7.json,1.4785436552731435e-13,1.5443806861175307e-15,5.116321890261842,2.279247984720713e-15,1.284792373955795e-14,3,20,20,0,0.022555041313171386,7,7008,350.4,,"========================================================================================================================
301 autonomous ANCHORED FULL-CUBIC HALLEY NumPy Pandrosion
No dependency on previous Python scripts; anchored divided-difference Q plus full cubic finite-slope Halley only; no raw Pandrosion-step acceptance, no Newton/Jacobian fallback path.
========================================================================================================================
case=ks(3,3), seed=2138784928, terms=60, Bezout=27
roots=20/20 success=True trials=89 duplicates=63 failures=6
seconds: generation=0.01, extract=0.44, total=0.45
best_root: residual=6.016e-15, trial=32, Lambda=38431.84405662652, theta=18.0, startopt_ratio=2.7373257459640257e-05
out=/Users/ivanbesevic/Documents/poussiere/benchmarks/smale17_candidate_suite/301_ks3x3_seed7.json
",13,True,60,20,0.45110082626342773,4.45,89,20,0.5092120170593262,4.1428742103127526e-09
1.1775693440128312e-16,64,"3,4",20,1.0,4,25,200,22070,1103.5,1,0.05,/Users/ivanbesevic/Documents/poussiere/benchmarks/smale17_candidate_suite/200_ks3x4_seed0.json,3.9745959472119796e-13,4.209198130869998e-14,5.482718835465118,4.432754368325399e-15,8.902779235163867e-13,3,20,20,0,0.016614747047424317,0,5632,281.6,,"========================================================================================================================
200 autonomous 118-BACKBONE + EQUAL-VALUE SAFE + GATED FINITE-SLOPE HALLEY NumPy Pandrosion
No dependency on previous Python scripts; 118-style homothetic/Mobius starts + 120 equal-value-safe probes + gated finite-slope Halley correction; no Newton/Jacobian fallback path.
========================================================================================================================
case=ks(3,4), seed=616668615, terms=105, Bezout=64
roots=20/20 success=True trials=46 duplicates=25 failures=1
seconds: generation=0.01, extract=0.32, total=0.33
best_root: residual=1.496e-14, trial=23, Lambda=820692.8184729122, theta=108.0, startopt_ratio=0.005314411913492283
out=/Users/ivanbesevic/Documents/poussiere/benchmarks/smale17_candidate_suite/200_ks3x4_seed0.json
",10,True,105,35,0.33229494094848633,2.3,46,20,0.38933300971984863,7.909043298220343e-09
3.925231146709438e-16,64,"3,4",20,1.0,4,25,201,22181,1109.05,1,0.05,/Users/ivanbesevic/Documents/poussiere/benchmarks/smale17_candidate_suite/201_ks3x4_seed0.json,6.953160790729423e-13,1.890975296429126e-14,5.482718836745508,4.64623150651165e-15,1.1308078778866926e-12,3,20,20,0,0.01708829402923584,0,5650,282.5,,"========================================================================================================================
201 autonomous LOG-STABLE OPTIMAL-PROBE TENSOR-HALLEY NumPy Pandrosion
No dependency on previous Python scripts; 118/120/200 backbone + logarithmic stability + optimal-probe energy + tensorial gated finite-slope Halley; no Newton/Jacobian fallback path.
========================================================================================================================
case=ks(3,4), seed=616668615, terms=105, Bezout=64
roots=20/20 success=True trials=46 duplicates=25 failures=1
seconds: generation=0.01, extract=0.33, total=0.34
best_root: residual=1.865e-14, trial=23, Lambda=820692.8184729122, theta=108.0, startopt_ratio=0.005314411913492283
out=/Users/ivanbesevic/Documents/poussiere/benchmarks/smale17_candidate_suite/201_ks3x4_seed0.json
",11,True,105,35,0.3417658805847168,2.3,46,20,0.3984682559967041,9.369527155417584e-09
2.9802044445870114e-15,64,"3,4",20,1.0,4,22,301,17787,889.35,3,0.15,/Users/ivanbesevic/Documents/poussiere/benchmarks/smale17_candidate_suite/301_ks3x4_seed0.json,3.59794489322402e-14,1.0797588180659866e-15,4.012762400579945,4.6836012525554135e-15,1.7438123763960722e-14,3,20,20,0,0.015044903755187989,0,4626,231.3,,"========================================================================================================================
301 autonomous ANCHORED FULL-CUBIC HALLEY NumPy Pandrosion
No dependency on previous Python scripts; anchored divided-difference Q plus full cubic finite-slope Halley only; no raw Pandrosion-step acceptance, no Newton/Jacobian fallback path.
========================================================================================================================
case=ks(3,4), seed=616668615, terms=105, Bezout=64
roots=20/20 success=True trials=45 duplicates=22 failures=3
seconds: generation=0.01, extract=0.29, total=0.30
best_root: residual=1.215e-14, trial=11, Lambda=279648.689680901, theta=56.0, startopt_ratio=1.7025486126683125e-06
out=/Users/ivanbesevic/Documents/poussiere/benchmarks/smale17_candidate_suite/301_ks3x4_seed0.json
",14,True,105,35,0.30089807510375977,2.25,45,20,0.35712385177612305,9.448871638698392e-10
8.777083671441752e-16,64,"3,4",20,1.0,4,23,200,22134,1106.7,2,0.1,/Users/ivanbesevic/Documents/poussiere/benchmarks/smale17_candidate_suite/200_ks3x4_seed1.json,5.24263064838144e-13,3.334695820280335e-13,3.2824774715595932,1.0430897384361085e-15,4.3750412144079265e-11,3,20,20,0,0.016401398181915283,1,5620,281.0,,"========================================================================================================================
200 autonomous 118-BACKBONE + EQUAL-VALUE SAFE + GATED FINITE-SLOPE HALLEY NumPy Pandrosion
No dependency on previous Python scripts; 118-style homothetic/Mobius starts + 120 equal-value-safe probes + gated finite-slope Halley correction; no Newton/Jacobian fallback path.
========================================================================================================================
case=ks(3,4), seed=979117441, terms=105, Bezout=64
roots=20/20 success=True trials=45 duplicates=23 failures=2
seconds: generation=0.01, extract=0.32, total=0.33
best_root: residual=4.375e-11, trial=43, Lambda=66760.26697104648, theta=86.0, startopt_ratio=0.1131648503984335
out=/Users/ivanbesevic/Documents/poussiere/benchmarks/smale17_candidate_suite/200_ks3x4_seed1.json
",11,True,105,35,0.32802796363830566,2.25,45,20,0.3840048313140869,8.046563747851292e-09
4.791355229691893e-16,64,"3,4",20,1.0,4,23,201,22194,1109.7,2,0.1,/Users/ivanbesevic/Documents/poussiere/benchmarks/smale17_candidate_suite/201_ks3x4_seed1.json,9.127086697919488e-13,5.031442580661088e-13,3.2824774720599645,1.4942224664549425e-15,9.609081914670875e-12,3,20,20,0,0.017000854015350342,1,5632,281.6,,"========================================================================================================================
201 autonomous LOG-STABLE OPTIMAL-PROBE TENSOR-HALLEY NumPy Pandrosion
No dependency on previous Python scripts; 118/120/200 backbone + logarithmic stability + optimal-probe energy + tensorial gated finite-slope Halley; no Newton/Jacobian fallback path.
========================================================================================================================
case=ks(3,4), seed=979117441, terms=105, Bezout=64
roots=20/20 success=True trials=45 duplicates=23 failures=2
seconds: generation=0.01, extract=0.33, total=0.34
best_root: residual=7.559e-11, trial=43, Lambda=66760.26697104648, theta=86.0, startopt_ratio=0.1131648503984335
out=/Users/ivanbesevic/Documents/poussiere/benchmarks/smale17_candidate_suite/201_ks3x4_seed1.json
",14,True,105,35,0.34001708030700684,2.25,45,20,0.3955519199371338,8.279745506169653e-09
2.2432382635252057e-15,64,"3,4",19,1.0,4,12,301,16420,821.0,11,0.55,/Users/ivanbesevic/Documents/poussiere/benchmarks/smale17_candidate_suite/301_ks3x4_seed1.json,1.6356687603931913e-12,5.2675624329168805e-15,3.5265431151433626,5.3436499237265655e-15,1.5059651145692972e-12,3,20,20,0,0.013851046562194824,1,4206,210.3,,"========================================================================================================================
301 autonomous ANCHORED FULL-CUBIC HALLEY NumPy Pandrosion
No dependency on previous Python scripts; anchored divided-difference Q plus full cubic finite-slope Halley only; no raw Pandrosion-step acceptance, no Newton/Jacobian fallback path.
========================================================================================================================
case=ks(3,4), seed=979117441, terms=105, Bezout=64
roots=20/20 success=True trials=43 duplicates=12 failures=11
seconds: generation=0.01, extract=0.27, total=0.28
best_root: residual=4.085e-13, trial=2, Lambda=1048576.0, theta=164.0, startopt_ratio=5.22005965797754e-05
out=/Users/ivanbesevic/Documents/poussiere/benchmarks/smale17_candidate_suite/301_ks3x4_seed1.json
",10,True,105,35,0.2770209312438965,2.15,43,20,0.3329646587371826,8.834371068795008e-09
1.580118849929844e-15,64,"3,4",20,1.0,4,20,200,19189,959.45,2,0.1,/Users/ivanbesevic/Documents/poussiere/benchmarks/smale17_candidate_suite/200_ks3x4_seed2.json,7.187114307833976e-14,3.8379234664212705e-14,4.119931009915398,5.263306889312584e-15,1.4018562054489475e-12,3,20,20,0,0.014573097229003906,2,4946,247.3,,"========================================================================================================================
200 autonomous 118-BACKBONE + EQUAL-VALUE SAFE + GATED FINITE-SLOPE HALLEY NumPy Pandrosion
No dependency on previous Python scripts; 118-style homothetic/Mobius starts + 120 equal-value-safe probes + gated finite-slope Halley correction; no Newton/Jacobian fallback path.
========================================================================================================================
case=ks(3,4), seed=2054625166, terms=105, Bezout=64
roots=20/20 success=True trials=42 duplicates=20 failures=2
seconds: generation=0.01, extract=0.28, total=0.29
best_root: residual=4.153e-15, trial=27, Lambda=152108.39096587498, theta=80.0, startopt_ratio=1.5004508811592309e-06
out=/Users/ivanbesevic/Documents/poussiere/benchmarks/smale17_candidate_suite/200_ks3x4_seed2.json
",12,True,105,35,0.2914619445800781,2.1,42,20,0.34784579277038574,1.545119349162679e-09
2.9321240205258406e-15,64,"3,4",20,1.0,4,20,201,19189,959.45,2,0.1,/Users/ivanbesevic/Documents/poussiere/benchmarks/smale17_candidate_suite/201_ks3x4_seed2.json,5.829590705780397e-14,8.189803615622288e-14,4.11993101011555,5.775446240526993e-15,2.763408973256164e-12,3,20,20,0,0.015010356903076172,2,4946,247.3,,"========================================================================================================================
201 autonomous LOG-STABLE OPTIMAL-PROBE TENSOR-HALLEY NumPy Pandrosion
No dependency on previous Python scripts; 118/120/200 backbone + logarithmic stability + optimal-probe energy + tensorial gated finite-slope Halley; no Newton/Jacobian fallback path.
========================================================================================================================
case=ks(3,4), seed=2054625166, terms=105, Bezout=64
roots=20/20 success=True trials=42 duplicates=20 failures=2
seconds: generation=0.01, extract=0.29, total=0.30
best_root: residual=3.903e-15, trial=27, Lambda=152108.39096587498, theta=80.0, startopt_ratio=1.5004508811592309e-06
out=/Users/ivanbesevic/Documents/poussiere/benchmarks/smale17_candidate_suite/201_ks3x4_seed2.json
",12,True,105,35,0.30020713806152344,2.1,42,20,0.35680627822875977,2.448434673301794e-09
1.3065773236608868e-15,64,"3,4",20,1.0,4,24,301,17289,864.45,1,0.05,/Users/ivanbesevic/Documents/poussiere/benchmarks/smale17_candidate_suite/301_ks3x4_seed2.json,1.0734840522089064e-13,1.2982623738918692e-15,3.8312404573391063,3.920310267110753e-15,2.2338393549198347e-14,3,20,20,0,0.014405643939971924,2,4440,222.0,,"========================================================================================================================
301 autonomous ANCHORED FULL-CUBIC HALLEY NumPy Pandrosion
No dependency on previous Python scripts; anchored divided-difference Q plus full cubic finite-slope Halley only; no raw Pandrosion-step acceptance, no Newton/Jacobian fallback path.
========================================================================================================================
case=ks(3,4), seed=2054625166, terms=105, Bezout=64
roots=20/20 success=True trials=45 duplicates=24 failures=1
seconds: generation=0.01, extract=0.28, total=0.29
best_root: residual=1.482e-14, trial=2, Lambda=1048576.0, theta=164.0, startopt_ratio=5.220053247346357e-05
out=/Users/ivanbesevic/Documents/poussiere/benchmarks/smale17_candidate_suite/301_ks3x4_seed2.json
",15,True,105,35,0.2881128787994385,2.25,45,20,0.34369421005249023,8.191607671075198e-09
1.7351120105244293e-15,64,"3,4",20,1.0,4,17,200,16917,845.85,4,0.2,/Users/ivanbesevic/Documents/poussiere/benchmarks/smale17_candidate_suite/200_ks3x4_seed3.json,1.8677950817071455e-13,9.580893723493652e-15,4.988919729624191,2.8215226539123246e-15,7.740030316138735e-14,3,20,20,0,0.012319505214691162,3,4032,201.6,,"========================================================================================================================
200 autonomous 118-BACKBONE + EQUAL-VALUE SAFE + GATED FINITE-SLOPE HALLEY NumPy Pandrosion
No dependency on previous Python scripts; 118-style homothetic/Mobius starts + 120 equal-value-safe probes + gated finite-slope Halley correction; no Newton/Jacobian fallback path.
========================================================================================================================
case=ks(3,4), seed=466071337, terms=105, Bezout=64
roots=20/20 success=True trials=41 duplicates=17 failures=4
seconds: generation=0.01, extract=0.24, total=0.25
best_root: residual=6.395e-10, trial=24, Lambda=1048576.0, theta=116.00000000000001, startopt_ratio=0.02560000863632368
out=/Users/ivanbesevic/Documents/poussiere/benchmarks/smale17_candidate_suite/200_ks3x4_seed3.json
",15,True,105,35,0.24639010429382324,2.05,41,20,0.30287790298461914,7.597573354814798e-10
2.047902597024e-15,64,"3,4",20,1.0,4,17,201,16917,845.85,4,0.2,/Users/ivanbesevic/Documents/poussiere/benchmarks/smale17_candidate_suite/201_ks3x4_seed3.json,1.803155319699033e-13,1.5164538858421087e-14,4.988919729624197,3.8781923676999415e-15,1.5438845768653293e-13,3,20,20,0,0.012725841999053956,3,4032,201.6,,"========================================================================================================================
201 autonomous LOG-STABLE OPTIMAL-PROBE TENSOR-HALLEY NumPy Pandrosion
No dependency on previous Python scripts; 118/120/200 backbone + logarithmic stability + optimal-probe energy + tensorial gated finite-slope Halley; no Newton/Jacobian fallback path.
========================================================================================================================
case=ks(3,4), seed=466071337, terms=105, Bezout=64
roots=20/20 success=True trials=41 duplicates=17 failures=4
seconds: generation=0.01, extract=0.25, total=0.25
best_root: residual=1.006e-09, trial=24, Lambda=1048576.0, theta=116.00000000000001, startopt_ratio=0.02560000863632368
out=/Users/ivanbesevic/Documents/poussiere/benchmarks/smale17_candidate_suite/201_ks3x4_seed3.json
",14,True,105,35,0.2545168399810791,2.05,41,20,0.310391902923584,1.2768098657800997e-09
3.6977729549238225e-15,64,"3,4",20,1.0,4,14,301,18945,947.25,12,0.6,/Users/ivanbesevic/Documents/poussiere/benchmarks/smale17_candidate_suite/301_ks3x4_seed3.json,3.3586769634277824e-14,2.0213116779295977e-15,4.877791112413183,2.793516263146813e-15,3.8717346695586304e-14,3,20,20,0,0.015932643413543703,3,4922,246.1,,"========================================================================================================================
301 autonomous ANCHORED FULL-CUBIC HALLEY NumPy Pandrosion
No dependency on previous Python scripts; anchored divided-difference Q plus full cubic finite-slope Halley only; no raw Pandrosion-step acceptance, no Newton/Jacobian fallback path.
========================================================================================================================
case=ks(3,4), seed=466071337, terms=105, Bezout=64
roots=20/20 success=True trials=46 duplicates=14 failures=12
seconds: generation=0.01, extract=0.31, total=0.32
best_root: residual=1.306e-09, trial=8, Lambda=1048576.0, theta=56.0, startopt_ratio=7.730781456035651e-07
out=/Users/ivanbesevic/Documents/poussiere/benchmarks/smale17_candidate_suite/301_ks3x4_seed3.json
",13,True,105,35,0.318652868270874,2.3,46,20,0.3744349479675293,7.508276286733218e-09
5.835275607609835e-16,64,"3,4",20,1.0,4,22,200,20920,1046.0,0,0.0,/Users/ivanbesevic/Documents/poussiere/benchmarks/smale17_candidate_suite/200_ks3x4_seed4.json,1.790180836524724e-14,1.9723505147652584e-15,4.779126798677689,2.2150566355998967e-15,2.9997370436095516e-14,3,20,20,0,0.015601861476898193,4,5290,264.5,,"========================================================================================================================
200 autonomous 118-BACKBONE + EQUAL-VALUE SAFE + GATED FINITE-SLOPE HALLEY NumPy Pandrosion
No dependency on previous Python scripts; 118-style homothetic/Mobius starts + 120 equal-value-safe probes + gated finite-slope Halley correction; no Newton/Jacobian fallback path.
========================================================================================================================
case=ks(3,4), seed=173313761, terms=105, Bezout=64
roots=20/20 success=True trials=42 duplicates=22 failures=0
seconds: generation=0.01, extract=0.30, total=0.31
best_root: residual=5.342e-14, trial=38, Lambda=1048576.0, theta=24.000000000000004, startopt_ratio=5.220101276654401e-05
out=/Users/ivanbesevic/Documents/poussiere/benchmarks/smale17_candidate_suite/200_ks3x4_seed4.json
",15,True,105,35,0.31203722953796387,2.1,42,20,0.36788511276245117,2.2900685604382874e-09
5.28085841456928e-16,64,"3,4",20,1.0,4,22,201,20920,1046.0,0,0.0,/Users/ivanbesevic/Documents/poussiere/benchmarks/smale17_candidate_suite/201_ks3x4_seed4.json,2.6059987677160988e-14,1.695725777352966e-15,4.7791267977823555,2.000893607588157e-15,5.295096080478535e-14,3,20,20,0,0.016137290000915527,4,5288,264.4,,"========================================================================================================================
201 autonomous LOG-STABLE OPTIMAL-PROBE TENSOR-HALLEY NumPy Pandrosion
No dependency on previous Python scripts; 118/120/200 backbone + logarithmic stability + optimal-probe energy + tensorial gated finite-slope Halley; no Newton/Jacobian fallback path.
========================================================================================================================
case=ks(3,4), seed=173313761, terms=105, Bezout=64
roots=20/20 success=True trials=42 duplicates=22 failures=0
seconds: generation=0.01, extract=0.31, total=0.32
best_root: residual=6.122e-14, trial=38, Lambda=1048576.0, theta=24.000000000000004, startopt_ratio=5.220101276654401e-05
out=/Users/ivanbesevic/Documents/poussiere/benchmarks/smale17_candidate_suite/201_ks3x4_seed4.json
",14,True,105,35,0.32274580001831055,2.1,42,20,0.3787410259246826,3.2191864825807815e-09
9.887375990478772e-16,64,"3,4",20,1.0,4,21,301,19170,958.5,3,0.15,/Users/ivanbesevic/Documents/poussiere/benchmarks/smale17_candidate_suite/301_ks3x4_seed4.json,9.697021187062788e-13,3.857642001720713e-15,5.039834026913519,2.3662564745447805e-15,1.765291703480095e-14,3,20,20,0,0.016054999828338624,4,5054,252.7,,"========================================================================================================================
301 autonomous ANCHORED FULL-CUBIC HALLEY NumPy Pandrosion
No dependency on previous Python scripts; anchored divided-difference Q plus full cubic finite-slope Halley only; no raw Pandrosion-step acceptance, no Newton/Jacobian fallback path.
========================================================================================================================
case=ks(3,4), seed=173313761, terms=105, Bezout=64
roots=20/20 success=True trials=44 duplicates=21 failures=3
seconds: generation=0.01, extract=0.31, total=0.32
best_root: residual=1.869e-09, trial=13, Lambda=1048576.0, theta=72.0, startopt_ratio=2.7730981469856755e-07
out=/Users/ivanbesevic/Documents/poussiere/benchmarks/smale17_candidate_suite/301_ks3x4_seed4.json
",16,True,105,35,0.32109999656677246,2.2,44,20,0.3803398609161377,1.86920786224209e-09
2.7081250392525442e-15,64,"3,4",20,1.0,4,26,200,20737,1036.85,0,0.0,/Users/ivanbesevic/Documents/poussiere/benchmarks/smale17_candidate_suite/200_ks3x4_seed5.json,9.261363086753516e-14,2.0389806943492204e-14,3.533047013402457,2.6925688326790767e-15,2.3055828097767754e-13,3,20,20,0,0.01588594913482666,5,5386,269.3,,"========================================================================================================================
200 autonomous 118-BACKBONE + EQUAL-VALUE SAFE + GATED FINITE-SLOPE HALLEY NumPy Pandrosion
No dependency on previous Python scripts; 118-style homothetic/Mobius starts + 120 equal-value-safe probes + gated finite-slope Halley correction; no Newton/Jacobian fallback path.
========================================================================================================================
case=ks(3,4), seed=510432033, terms=105, Bezout=64
roots=20/20 success=True trials=46 duplicates=26 failures=0
seconds: generation=0.01, extract=0.31, total=0.32
best_root: residual=6.201e-09, trial=12, Lambda=1048576.0, theta=89.0, startopt_ratio=1.50069533145499e-06
out=/Users/ivanbesevic/Documents/poussiere/benchmarks/smale17_candidate_suite/200_ks3x4_seed5.json
",13,True,105,35,0.3177189826965332,2.3,46,20,0.3734619617462158,6.201235866565557e-09
3.0752376166597408e-15,64,"3,4",20,1.0,4,26,201,20848,1042.4,0,0.0,/Users/ivanbesevic/Documents/poussiere/benchmarks/smale17_candidate_suite/201_ks3x4_seed5.json,5.907555031227179e-14,4.742454157484363e-14,3.5330470134024585,2.914161012279123e-15,6.497635335710017e-13,3,20,20,0,0.016320741176605223,5,5404,270.2,,"========================================================================================================================
201 autonomous LOG-STABLE OPTIMAL-PROBE TENSOR-HALLEY NumPy Pandrosion
No dependency on previous Python scripts; 118/120/200 backbone + logarithmic stability + optimal-probe energy + tensorial gated finite-slope Halley; no Newton/Jacobian fallback path.
========================================================================================================================
case=ks(3,4), seed=510432033, terms=105, Bezout=64
roots=20/20 success=True trials=46 duplicates=26 failures=0
seconds: generation=0.01, extract=0.32, total=0.33
best_root: residual=9.065e-09, trial=12, Lambda=1048576.0, theta=89.0, startopt_ratio=1.50069533145499e-06
out=/Users/ivanbesevic/Documents/poussiere/benchmarks/smale17_candidate_suite/201_ks3x4_seed5.json
",13,True,105,35,0.3264148235321045,2.3,46,20,0.3829638957977295,9.065326157012944e-09
1.9774751980957545e-15,64,"3,4",20,1.0,4,21,301,16229,811.45,2,0.1,/Users/ivanbesevic/Documents/poussiere/benchmarks/smale17_candidate_suite/301_ks3x4_seed5.json,3.1489651599578104e-14,4.0095779791416905e-15,3.7307183968968207,4.431400583752298e-15,6.028664367485974e-14,3,20,20,0,0.013755905628204345,5,4204,210.2,,"========================================================================================================================
301 autonomous ANCHORED FULL-CUBIC HALLEY NumPy Pandrosion
No dependency on previous Python scripts; anchored divided-difference Q plus full cubic finite-slope Halley only; no raw Pandrosion-step acceptance, no Newton/Jacobian fallback path.
========================================================================================================================
case=ks(3,4), seed=510432033, terms=105, Bezout=64
roots=20/20 success=True trials=43 duplicates=21 failures=2
seconds: generation=0.01, extract=0.27, total=0.28
best_root: residual=9.763e-15, trial=28, Lambda=1048576.0, theta=56.0, startopt_ratio=4.655069767183914e-07
out=/Users/ivanbesevic/Documents/poussiere/benchmarks/smale17_candidate_suite/301_ks3x4_seed5.json
",13,True,105,35,0.2751181125640869,2.15,43,20,0.33068108558654785,8.866745877609279e-09
1.7641719842832142e-15,64,"3,4",20,1.0,4,22,200,19115,955.75,0,0.0,/Users/ivanbesevic/Documents/poussiere/benchmarks/smale17_candidate_suite/200_ks3x4_seed6.json,4.9872622090299703e-14,3.127912277562011e-14,5.002086114508934,2.677918288936361e-15,6.165525783490054e-13,3,20,20,0,0.014305901527404786,6,4822,241.1,,"========================================================================================================================
200 autonomous 118-BACKBONE + EQUAL-VALUE SAFE + GATED FINITE-SLOPE HALLEY NumPy Pandrosion
No dependency on previous Python scripts; 118-style homothetic/Mobius starts + 120 equal-value-safe probes + gated finite-slope Halley correction; no Newton/Jacobian fallback path.
========================================================================================================================
case=ks(3,4), seed=848052922, terms=105, Bezout=64
roots=20/20 success=True trials=42 duplicates=22 failures=0
seconds: generation=0.01, extract=0.28, total=0.29
best_root: residual=4.484e-10, trial=25, Lambda=899172.0050028748, theta=116.00000000000001, startopt_ratio=0.113164978428189
out=/Users/ivanbesevic/Documents/poussiere/benchmarks/smale17_candidate_suite/200_ks3x4_seed6.json
",15,True,105,35,0.2861180305480957,2.1,42,20,0.3422830104827881,4.753592681019637e-09
9.730298868281309e-16,64,"3,4",20,1.0,4,22,201,19004,950.2,0,0.0,/Users/ivanbesevic/Documents/poussiere/benchmarks/smale17_candidate_suite/201_ks3x4_seed6.json,1.0026979723247572e-13,5.886101844325504e-14,5.00208611450338,2.5119583466660397e-15,1.2867691571716394e-12,3,20,20,0,0.014607012271881104,6,4804,240.2,,"========================================================================================================================
201 autonomous LOG-STABLE OPTIMAL-PROBE TENSOR-HALLEY NumPy Pandrosion
No dependency on previous Python scripts; 118/120/200 backbone + logarithmic stability + optimal-probe energy + tensorial gated finite-slope Halley; no Newton/Jacobian fallback path.
========================================================================================================================
case=ks(3,4), seed=848052922, terms=105, Bezout=64
roots=20/20 success=True trials=42 duplicates=22 failures=0
seconds: generation=0.01, extract=0.28, total=0.29
best_root: residual=7.894e-10, trial=25, Lambda=899172.0050028748, theta=116.00000000000001, startopt_ratio=0.113164978428189
out=/Users/ivanbesevic/Documents/poussiere/benchmarks/smale17_candidate_suite/201_ks3x4_seed6.json
",14,True,105,35,0.29214024543762207,2.1,42,20,0.3470578193664551,6.786870096468813e-09
1.0655439223536894e-15,64,"3,4",20,1.0,4,27,301,21045,1052.25,6,0.3,/Users/ivanbesevic/Documents/poussiere/benchmarks/smale17_candidate_suite/301_ks3x4_seed6.json,3.4261849494378466e-14,1.4212567923019359e-15,4.231176952278531,1.8834383670097683e-15,1.1734800031003633e-14,3,20,20,0,0.017603588104248048,6,5458,272.9,,"========================================================================================================================
301 autonomous ANCHORED FULL-CUBIC HALLEY NumPy Pandrosion
No dependency on previous Python scripts; anchored divided-difference Q plus full cubic finite-slope Halley only; no raw Pandrosion-step acceptance, no Newton/Jacobian fallback path.
========================================================================================================================
case=ks(3,4), seed=848052922, terms=105, Bezout=64
roots=20/20 success=True trials=53 duplicates=27 failures=6
seconds: generation=0.01, extract=0.34, total=0.35
best_root: residual=2.798e-15, trial=0, Lambda=1.2339460808244847e-06, theta=0.0, startopt_ratio=0.9999999480800554
out=/Users/ivanbesevic/Documents/poussiere/benchmarks/smale17_candidate_suite/301_ks3x4_seed6.json
",17,True,105,35,0.35207176208496094,2.65,53,20,0.4086320400238037,1.0037034624038361e-09
2.2349702243570796e-15,64,"3,4",20,1.0,4,26,200,23815,1190.75,3,0.15,/Users/ivanbesevic/Documents/poussiere/benchmarks/smale17_candidate_suite/200_ks3x4_seed7.json,3.7084613355488866e-13,1.882867666331873e-12,4.296682914604444,2.9793097235346506e-15,2.851789483346224e-11,3,20,20,0,0.01832524538040161,7,6300,315.0,,"========================================================================================================================
200 autonomous 118-BACKBONE + EQUAL-VALUE SAFE + GATED FINITE-SLOPE HALLEY NumPy Pandrosion
No dependency on previous Python scripts; 118-style homothetic/Mobius starts + 120 equal-value-safe probes + gated finite-slope Halley correction; no Newton/Jacobian fallback path.
========================================================================================================================
case=ks(3,4), seed=366590044, terms=105, Bezout=64
roots=20/20 success=True trials=49 duplicates=26 failures=3
seconds: generation=0.01, extract=0.36, total=0.37
best_root: residual=4.175e-10, trial=13, Lambda=1048576.0, theta=48.00000000000001, startopt_ratio=7.616942565468349e-07
out=/Users/ivanbesevic/Documents/poussiere/benchmarks/smale17_candidate_suite/200_ks3x4_seed7.json
",11,True,105,35,0.3665049076080322,2.45,49,20,0.4217400550842285,9.109431324107257e-09
1.1801832636420706e-15,64,"3,4",20,1.0,4,26,201,23838,1191.9,3,0.15,/Users/ivanbesevic/Documents/poussiere/benchmarks/smale17_candidate_suite/201_ks3x4_seed7.json,1.632702903446565e-13,4.720603248827491e-13,4.2966829116414695,4.191203408667486e-15,1.7274002680817416e-11,3,20,20,0,0.018929004669189453,7,6306,315.3,,"========================================================================================================================
201 autonomous LOG-STABLE OPTIMAL-PROBE TENSOR-HALLEY NumPy Pandrosion
No dependency on previous Python scripts; 118/120/200 backbone + logarithmic stability + optimal-probe energy + tensorial gated finite-slope Halley; no Newton/Jacobian fallback path.
========================================================================================================================
case=ks(3,4), seed=366590044, terms=105, Bezout=64
roots=20/20 success=True trials=49 duplicates=26 failures=3
seconds: generation=0.01, extract=0.37, total=0.38
best_root: residual=6.134e-10, trial=13, Lambda=1048576.0, theta=48.00000000000001, startopt_ratio=7.616942565468349e-07
out=/Users/ivanbesevic/Documents/poussiere/benchmarks/smale17_candidate_suite/201_ks3x4_seed7.json
",11,True,105,35,0.37858009338378906,2.45,49,20,0.43556714057922363,6.83142788611064e-09
6.568992625221257e-16,64,"3,4",20,1.0,4,22,301,19953,997.65,4,0.2,/Users/ivanbesevic/Documents/poussiere/benchmarks/smale17_candidate_suite/301_ks3x4_seed7.json,3.4224270219716276e-13,4.956274018678573e-15,4.2966829179935715,3.917555702559069e-15,7.546413836119154e-14,3,20,20,0,0.016988909244537352,7,5276,263.8,,"========================================================================================================================
301 autonomous ANCHORED FULL-CUBIC HALLEY NumPy Pandrosion
No dependency on previous Python scripts; anchored divided-difference Q plus full cubic finite-slope Halley only; no raw Pandrosion-step acceptance, no Newton/Jacobian fallback path.
========================================================================================================================
case=ks(3,4), seed=366590044, terms=105, Bezout=64
roots=20/20 success=True trials=46 duplicates=22 failures=4
seconds: generation=0.01, extract=0.33, total=0.34
best_root: residual=6.569e-16, trial=7, Lambda=1048576.0, theta=94.0, startopt_ratio=0.1131648337025061
out=/Users/ivanbesevic/Documents/poussiere/benchmarks/smale17_candidate_suite/301_ks3x4_seed7.json
",14,True,105,35,0.33977818489074707,2.3,46,20,0.3961508274078369,6.00495602916757e-09
7.426885862005046e-16,125,"3,5",20,1.0,5,23,200,19926,996.3,2,0.1,/Users/ivanbesevic/Documents/poussiere/benchmarks/smale17_candidate_suite/200_ks3x5_seed0.json,3.683874580478835e-13,6.574281613020485e-13,4.121257863061166,1.798981765878761e-15,4.786315349793464e-12,3,20,20,0,0.015400946140289307,0,5050,252.5,,"========================================================================================================================
200 autonomous 118-BACKBONE + EQUAL-VALUE SAFE + GATED FINITE-SLOPE HALLEY NumPy Pandrosion
No dependency on previous Python scripts; 118-style homothetic/Mobius starts + 120 equal-value-safe probes + gated finite-slope Halley correction; no Newton/Jacobian fallback path.
========================================================================================================================
case=ks(3,5), seed=416615349, terms=168, Bezout=125
roots=20/20 success=True trials=45 duplicates=23 failures=2
seconds: generation=0.01, extract=0.30, total=0.31
best_root: residual=6.680e-14, trial=0, Lambda=1.2339460808244847e-06, theta=0.0, startopt_ratio=0.9999999260830982
out=/Users/ivanbesevic/Documents/poussiere/benchmarks/smale17_candidate_suite/200_ks3x5_seed0.json
",13,True,168,56,0.30801892280578613,2.25,45,20,0.36478519439697266,2.501034686155804e-09
1.7244233337941968e-15,125,"3,5",20,1.0,5,23,201,19926,996.3,2,0.1,/Users/ivanbesevic/Documents/poussiere/benchmarks/smale17_candidate_suite/201_ks3x5_seed0.json,6.252776074688882e-13,1.284667107455271e-12,4.121257862442838,1.9369287107761334e-15,8.728238729733727e-12,3,20,20,0,0.015756094455718996,0,5050,252.5,,"========================================================================================================================
201 autonomous LOG-STABLE OPTIMAL-PROBE TENSOR-HALLEY NumPy Pandrosion
No dependency on previous Python scripts; 118/120/200 backbone + logarithmic stability + optimal-probe energy + tensorial gated finite-slope Halley; no Newton/Jacobian fallback path.
========================================================================================================================
case=ks(3,5), seed=416615349, terms=168, Bezout=125
roots=20/20 success=True trials=45 duplicates=23 failures=2
seconds: generation=0.01, extract=0.31, total=0.32
best_root: residual=8.686e-14, trial=0, Lambda=1.2339460808244847e-06, theta=0.0, startopt_ratio=0.9999999260830982
out=/Users/ivanbesevic/Documents/poussiere/benchmarks/smale17_candidate_suite/201_ks3x5_seed0.json
",13,True,168,56,0.3151218891143799,2.25,45,20,0.37053894996643066,4.196711172250762e-09
6.125121657294927e-16,125,"3,5",20,1.0,5,24,301,17164,858.2,1,0.05,/Users/ivanbesevic/Documents/poussiere/benchmarks/smale17_candidate_suite/301_ks3x5_seed0.json,3.586657574068102e-13,1.5387605473856772e-15,4.12125786416907,1.717571934861945e-15,6.248573477515807e-14,3,20,20,0,0.015110659599304199,0,4510,225.5,,"========================================================================================================================
301 autonomous ANCHORED FULL-CUBIC HALLEY NumPy Pandrosion
No dependency on previous Python scripts; anchored divided-difference Q plus full cubic finite-slope Halley only; no raw Pandrosion-step acceptance, no Newton/Jacobian fallback path.
========================================================================================================================
case=ks(3,5), seed=416615349, terms=168, Bezout=125
roots=20/20 success=True trials=45 duplicates=24 failures=1
seconds: generation=0.01, extract=0.29, total=0.30
best_root: residual=9.434e-09, trial=0, Lambda=1.2339460808244847e-06, theta=0.0, startopt_ratio=0.9999999260830982
out=/Users/ivanbesevic/Documents/poussiere/benchmarks/smale17_candidate_suite/301_ks3x5_seed0.json
",12,True,168,56,0.302213191986084,2.25,45,20,0.3588268756866455,9.433943846971491e-09
8.19443416089703e-16,125,"3,5",20,1.0,5,22,200,20061,1003.05,3,0.15,/Users/ivanbesevic/Documents/poussiere/benchmarks/smale17_candidate_suite/200_ks3x5_seed1.json,3.859490386415771e-14,3.0326164700485006e-14,3.616383098021826,2.682513140169126e-15,4.7793601305574e-13,3,20,20,0,0.015771198272705077,1,5272,263.6,,"========================================================================================================================
200 autonomous 118-BACKBONE + EQUAL-VALUE SAFE + GATED FINITE-SLOPE HALLEY NumPy Pandrosion
No dependency on previous Python scripts; 118-style homothetic/Mobius starts + 120 equal-value-safe probes + gated finite-slope Halley correction; no Newton/Jacobian fallback path.
========================================================================================================================
case=ks(3,5), seed=635291615, terms=168, Bezout=125
roots=20/20 success=True trials=45 duplicates=22 failures=3
seconds: generation=0.01, extract=0.31, total=0.32
best_root: residual=9.474e-15, trial=24, Lambda=1048576.0, theta=116.00000000000001, startopt_ratio=0.010239994066510421
out=/Users/ivanbesevic/Documents/poussiere/benchmarks/smale17_candidate_suite/200_ks3x5_seed1.json
",16,True,168,56,0.31542396545410156,2.25,45,20,0.37185215950012207,1.2965257812037493e-09
8.775163474344091e-16,125,"3,5",20,1.0,5,22,201,20047,1002.35,3,0.15,/Users/ivanbesevic/Documents/poussiere/benchmarks/smale17_candidate_suite/201_ks3x5_seed1.json,3.337249895875854e-14,9.894291241040201e-14,3.616383098021583,2.839643564357896e-15,1.0745015583893625e-12,3,20,20,0,0.01632225513458252,1,5272,263.6,,"========================================================================================================================
201 autonomous LOG-STABLE OPTIMAL-PROBE TENSOR-HALLEY NumPy Pandrosion
No dependency on previous Python scripts; 118/120/200 backbone + logarithmic stability + optimal-probe energy + tensorial gated finite-slope Halley; no Newton/Jacobian fallback path.
========================================================================================================================
case=ks(3,5), seed=635291615, terms=168, Bezout=125
roots=20/20 success=True trials=45 duplicates=22 failures=3
seconds: generation=0.01, extract=0.32, total=0.33
best_root: residual=1.512e-14, trial=24, Lambda=1048576.0, theta=116.00000000000001, startopt_ratio=0.010239994066510421
out=/Users/ivanbesevic/Documents/poussiere/benchmarks/smale17_candidate_suite/201_ks3x5_seed1.json
",13,True,168,56,0.3264451026916504,2.25,45,20,0.3828392028808594,2.054518826764879e-09
2.6681468187551033e-15,125,"3,5",20,1.0,5,22,301,17503,875.15,4,0.2,/Users/ivanbesevic/Documents/poussiere/benchmarks/smale17_candidate_suite/301_ks3x5_seed1.json,1.2753017400968918e-13,1.6358250525330143e-15,3.610605730550496,3.148891073705505e-15,6.131809104587036e-14,3,20,20,0,0.015246844291687012,1,4556,227.8,,"========================================================================================================================
301 autonomous ANCHORED FULL-CUBIC HALLEY NumPy Pandrosion
No dependency on previous Python scripts; anchored divided-difference Q plus full cubic finite-slope Halley only; no raw Pandrosion-step acceptance, no Newton/Jacobian fallback path.
========================================================================================================================
case=ks(3,5), seed=635291615, terms=168, Bezout=125
roots=20/20 success=True trials=46 duplicates=22 failures=4
seconds: generation=0.01, extract=0.30, total=0.30
best_root: residual=3.296e-11, trial=22, Lambda=1048576.0, theta=140.0, startopt_ratio=0.00018895616973831373
out=/Users/ivanbesevic/Documents/poussiere/benchmarks/smale17_candidate_suite/301_ks3x5_seed1.json
",15,True,168,56,0.30493688583374023,2.3,46,20,0.3609950542449951,4.5180554317131474e-09
2.4525628233156873e-15,125,"3,5",20,1.0,5,25,200,22067,1103.35,2,0.1,/Users/ivanbesevic/Documents/poussiere/benchmarks/smale17_candidate_suite/200_ks3x5_seed2.json,7.880057703721997e-14,1.5895881139033488e-14,4.383511443548361,2.9874954075952815e-15,1.3029103490087322e-13,3,20,20,0,0.017410993576049805,2,5768,288.4,,"========================================================================================================================
200 autonomous 118-BACKBONE + EQUAL-VALUE SAFE + GATED FINITE-SLOPE HALLEY NumPy Pandrosion
No dependency on previous Python scripts; 118-style homothetic/Mobius starts + 120 equal-value-safe probes + gated finite-slope Halley correction; no Newton/Jacobian fallback path.
========================================================================================================================
case=ks(3,5), seed=684844376, terms=168, Bezout=125
roots=20/20 success=True trials=47 duplicates=25 failures=2
seconds: generation=0.01, extract=0.34, total=0.35
best_root: residual=1.303e-13, trial=19, Lambda=479042.9466519406, theta=0.0, startopt_ratio=5.033079055671788e-07
out=/Users/ivanbesevic/Documents/poussiere/benchmarks/smale17_candidate_suite/200_ks3x5_seed2.json
",13,True,168,56,0.3482198715209961,2.35,47,20,0.4046189785003662,6.661475606958375e-09
3.884194229483362e-15,125,"3,5",20,1.0,5,25,201,22067,1103.35,2,0.1,/Users/ivanbesevic/Documents/poussiere/benchmarks/smale17_candidate_suite/201_ks3x5_seed2.json,9.508099325122436e-14,3.034255460127413e-14,4.38351144358996,3.809918105837113e-15,2.469188306292259e-13,3,20,20,0,0.017831850051879882,2,5768,288.4,,"========================================================================================================================
201 autonomous LOG-STABLE OPTIMAL-PROBE TENSOR-HALLEY NumPy Pandrosion
No dependency on previous Python scripts; 118/120/200 backbone + logarithmic stability + optimal-probe energy + tensorial gated finite-slope Halley; no Newton/Jacobian fallback path.
========================================================================================================================
case=ks(3,5), seed=684844376, terms=168, Bezout=125
roots=20/20 success=True trials=47 duplicates=25 failures=2
seconds: generation=0.01, extract=0.35, total=0.36
best_root: residual=2.469e-13, trial=19, Lambda=479042.9466519406, theta=0.0, startopt_ratio=5.033079055671788e-07
out=/Users/ivanbesevic/Documents/poussiere/benchmarks/smale17_candidate_suite/201_ks3x5_seed2.json
",12,True,168,56,0.35663700103759766,2.35,47,20,0.41323399543762207,8.692081919990384e-09
2.226898518972675e-15,125,"3,5",20,1.0,5,18,301,18610,930.5,4,0.2,/Users/ivanbesevic/Documents/poussiere/benchmarks/smale17_candidate_suite/301_ks3x5_seed2.json,9.697021187062789e-14,1.3877586726976163e-15,3.705124901730197,2.1530154724152665e-15,3.2754037149170875e-14,3,20,20,0,0.01624140739440918,2,4920,246.0,,"========================================================================================================================
301 autonomous ANCHORED FULL-CUBIC HALLEY NumPy Pandrosion
No dependency on previous Python scripts; anchored divided-difference Q plus full cubic finite-slope Halley only; no raw Pandrosion-step acceptance, no Newton/Jacobian fallback path.
========================================================================================================================
case=ks(3,5), seed=684844376, terms=168, Bezout=125
roots=20/20 success=True trials=42 duplicates=18 failures=4
seconds: generation=0.01, extract=0.32, total=0.32
best_root: residual=2.227e-15, trial=31, Lambda=1048576.0, theta=24.000000000000004, startopt_ratio=3.061003537928286e-08
out=/Users/ivanbesevic/Documents/poussiere/benchmarks/smale17_candidate_suite/301_ks3x5_seed2.json
",15,True,168,56,0.3248281478881836,2.1,42,20,0.3803586959838867,4.357099558093108e-09
1.903635937714726e-15,125,"3,5",20,1.0,5,21,200,18159,907.95,1,0.05,/Users/ivanbesevic/Documents/poussiere/benchmarks/smale17_candidate_suite/200_ks3x5_seed3.json,8.145254709421318e-14,2.3463629694977666e-15,3.6400865024189737,6.693507945825555e-15,1.0615635422717605e-13,3,20,20,0,0.014348912239074706,3,4600,230.0,,"========================================================================================================================
200 autonomous 118-BACKBONE + EQUAL-VALUE SAFE + GATED FINITE-SLOPE HALLEY NumPy Pandrosion
No dependency on previous Python scripts; 118-style homothetic/Mobius starts + 120 equal-value-safe probes + gated finite-slope Halley correction; no Newton/Jacobian fallback path.
========================================================================================================================
case=ks(3,5), seed=1039904220, terms=168, Bezout=125
roots=20/20 success=True trials=42 duplicates=21 failures=1
seconds: generation=0.01, extract=0.28, total=0.29
best_root: residual=1.088e-14, trial=28, Lambda=1048576.0, theta=90.0, startopt_ratio=1.3855964799176307e-08
out=/Users/ivanbesevic/Documents/poussiere/benchmarks/smale17_candidate_suite/200_ks3x5_seed3.json
",12,True,168,56,0.28697824478149414,2.1,42,20,0.3430197238922119,2.756323681084133e-09
1.501881869810782e-15,125,"3,5",20,1.0,5,21,201,18159,907.95,1,0.05,/Users/ivanbesevic/Documents/poussiere/benchmarks/smale17_candidate_suite/201_ks3x5_seed3.json,1.0655180030361197e-13,1.7628576819100946e-15,3.640086502352889,4.483161881809401e-15,1.6591606146602866e-13,3,20,20,0,0.014472854137420655,3,4600,230.0,,"========================================================================================================================
201 autonomous LOG-STABLE OPTIMAL-PROBE TENSOR-HALLEY NumPy Pandrosion
No dependency on previous Python scripts; 118/120/200 backbone + logarithmic stability + optimal-probe energy + tensorial gated finite-slope Halley; no Newton/Jacobian fallback path.
========================================================================================================================
case=ks(3,5), seed=1039904220, terms=168, Bezout=125
roots=20/20 success=True trials=42 duplicates=21 failures=1
seconds: generation=0.01, extract=0.28, total=0.29
best_root: residual=2.380e-14, trial=28, Lambda=1048576.0, theta=90.0, startopt_ratio=1.3855964799176307e-08
out=/Users/ivanbesevic/Documents/poussiere/benchmarks/smale17_candidate_suite/201_ks3x5_seed3.json
",12,True,168,56,0.2894570827484131,2.1,42,20,0.34490299224853516,3.943416841797415e-09
3.3583099550713978e-15,125,"3,5",20,1.0,5,16,301,17042,852.1,5,0.25,/Users/ivanbesevic/Documents/poussiere/benchmarks/smale17_candidate_suite/301_ks3x5_seed3.json,1.2510395820910254e-13,1.5733861557364786e-15,3.7652933059390126,4.2622313325149016e-15,4.3702191653813493e-14,3,20,20,0,0.014882898330688477,3,4526,226.3,,"========================================================================================================================
301 autonomous ANCHORED FULL-CUBIC HALLEY NumPy Pandrosion
No dependency on previous Python scripts; anchored divided-difference Q plus full cubic finite-slope Halley only; no raw Pandrosion-step acceptance, no Newton/Jacobian fallback path.
========================================================================================================================
case=ks(3,5), seed=1039904220, terms=168, Bezout=125
roots=20/20 success=True trials=41 duplicates=16 failures=5
seconds: generation=0.01, extract=0.29, total=0.30
best_root: residual=7.247e-15, trial=2, Lambda=1048576.0, theta=164.0, startopt_ratio=4.437062817589748e-06
out=/Users/ivanbesevic/Documents/poussiere/benchmarks/smale17_candidate_suite/301_ks3x5_seed3.json
",12,True,168,56,0.29765796661376953,2.05,41,20,0.3563680648803711,9.771432022057412e-09
3.784541690934187e-15,125,"3,5",20,1.0,5,29,200,21816,1090.8,2,0.1,/Users/ivanbesevic/Documents/poussiere/benchmarks/smale17_candidate_suite/200_ks3x5_seed4.json,1.1793725230331966e-13,2.637846684236567e-13,4.288098868695828,4.804306233126547e-15,5.1260697611895416e-12,3,20,20,0,0.017128002643585206,4,5690,284.5,,"========================================================================================================================
200 autonomous 118-BACKBONE + EQUAL-VALUE SAFE + GATED FINITE-SLOPE HALLEY NumPy Pandrosion
No dependency on previous Python scripts; 118-style homothetic/Mobius starts + 120 equal-value-safe probes + gated finite-slope Halley correction; no Newton/Jacobian fallback path.
========================================================================================================================
case=ks(3,5), seed=1878905540, terms=168, Bezout=125
roots=20/20 success=True trials=51 duplicates=29 failures=2
seconds: generation=0.01, extract=0.33, total=0.34
best_root: residual=9.018e-09, trial=9, Lambda=1048576.0, theta=90.0, startopt_ratio=5.2521708879748296e-08
out=/Users/ivanbesevic/Documents/poussiere/benchmarks/smale17_candidate_suite/200_ks3x5_seed4.json
",13,True,168,56,0.3425600528717041,2.55,51,20,0.3986020088195801,9.018162804709428e-09
3.7625956247252635e-15,125,"3,5",20,1.0,5,29,201,21853,1092.65,2,0.1,/Users/ivanbesevic/Documents/poussiere/benchmarks/smale17_candidate_suite/201_ks3x5_seed4.json,9.903089807584105e-14,1.4584720986559044e-13,4.288098868699711,5.820073494453168e-15,7.256215974114285e-12,3,20,20,0,0.017660439014434814,4,5696,284.8,,"========================================================================================================================
201 autonomous LOG-STABLE OPTIMAL-PROBE TENSOR-HALLEY NumPy Pandrosion
No dependency on previous Python scripts; 118/120/200 backbone + logarithmic stability + optimal-probe energy + tensorial gated finite-slope Halley; no Newton/Jacobian fallback path.
========================================================================================================================
case=ks(3,5), seed=1878905540, terms=168, Bezout=125
roots=20/20 success=True trials=51 duplicates=29 failures=2
seconds: generation=0.01, extract=0.34, total=0.35
best_root: residual=6.806e-15, trial=9, Lambda=1048576.0, theta=90.0, startopt_ratio=5.2521708879748296e-08
out=/Users/ivanbesevic/Documents/poussiere/benchmarks/smale17_candidate_suite/201_ks3x5_seed4.json
",11,True,168,56,0.3532087802886963,2.55,51,20,0.41007399559020996,6.14936122188069e-09
3.391749510770782e-15,125,"3,5",20,1.0,5,21,301,17895,894.75,3,0.15,/Users/ivanbesevic/Documents/poussiere/benchmarks/smale17_candidate_suite/301_ks3x5_seed4.json,2.608766145426361e-13,7.069496726066481e-13,4.251312332645819,7.868948017592664e-15,6.184265406614608e-12,3,20,20,0,0.01576099395751953,4,4750,237.5,,"========================================================================================================================
301 autonomous ANCHORED FULL-CUBIC HALLEY NumPy Pandrosion
No dependency on previous Python scripts; anchored divided-difference Q plus full cubic finite-slope Halley only; no raw Pandrosion-step acceptance, no Newton/Jacobian fallback path.
========================================================================================================================
case=ks(3,5), seed=1878905540, terms=168, Bezout=125
roots=20/20 success=True trials=44 duplicates=21 failures=3
seconds: generation=0.01, extract=0.31, total=0.32
best_root: residual=2.863e-14, trial=15, Lambda=1048576.0, theta=12.000000000000002, startopt_ratio=5.2521725893884616e-08
out=/Users/ivanbesevic/Documents/poussiere/benchmarks/smale17_candidate_suite/301_ks3x5_seed4.json
",12,True,168,56,0.3152198791503906,2.2,44,20,0.3712656497955322,9.096027296668062e-09
1.554064397076773e-15,125,"3,5",20,1.0,5,24,200,17624,881.2,1,0.05,/Users/ivanbesevic/Documents/poussiere/benchmarks/smale17_candidate_suite/200_ks3x5_seed5.json,3.1036975184181237e-13,3.8892953034165595e-14,4.014309630987437,4.3260674471548944e-15,4.6146346813281086e-12,3,20,20,0,0.013514399528503418,5,4388,219.4,,"========================================================================================================================
200 autonomous 118-BACKBONE + EQUAL-VALUE SAFE + GATED FINITE-SLOPE HALLEY NumPy Pandrosion
No dependency on previous Python scripts; 118-style homothetic/Mobius starts + 120 equal-value-safe probes + gated finite-slope Halley correction; no Newton/Jacobian fallback path.
========================================================================================================================
case=ks(3,5), seed=246198606, terms=168, Bezout=125
roots=20/20 success=True trials=45 duplicates=24 failures=1
seconds: generation=0.01, extract=0.26, total=0.27
best_root: residual=2.505e-10, trial=17, Lambda=1048576.0, theta=18.0, startopt_ratio=4.013899075960535e-08
out=/Users/ivanbesevic/Documents/poussiere/benchmarks/smale17_candidate_suite/200_ks3x5_seed5.json
",11,True,168,56,0.27028799057006836,2.25,45,20,0.32669901847839355,6.7457311897328316e-09
1.884928529521895e-15,125,"3,5",20,1.0,5,24,201,17661,883.05,1,0.05,/Users/ivanbesevic/Documents/poussiere/benchmarks/smale17_candidate_suite/201_ks3x5_seed5.json,4.18919028475775e-13,4.330351478301668e-14,4.014309630965543,2.9021061336182494e-15,8.024682191564912e-13,3,20,20,0,0.014006590843200684,5,4390,219.5,,"========================================================================================================================
201 autonomous LOG-STABLE OPTIMAL-PROBE TENSOR-HALLEY NumPy Pandrosion
No dependency on previous Python scripts; 118/120/200 backbone + logarithmic stability + optimal-probe energy + tensorial gated finite-slope Halley; no Newton/Jacobian fallback path.
========================================================================================================================
case=ks(3,5), seed=246198606, terms=168, Bezout=125
roots=20/20 success=True trials=45 duplicates=24 failures=1
seconds: generation=0.01, extract=0.27, total=0.28
best_root: residual=4.318e-10, trial=17, Lambda=1048576.0, theta=18.0, startopt_ratio=4.013899075960535e-08
out=/Users/ivanbesevic/Documents/poussiere/benchmarks/smale17_candidate_suite/201_ks3x5_seed5.json
",11,True,168,56,0.28013181686401367,2.25,45,20,0.3358449935913086,8.38145707569311e-09
2.5480767312854315e-15,125,"3,5",20,1.0,5,20,301,17985,899.25,5,0.25,/Users/ivanbesevic/Documents/poussiere/benchmarks/smale17_candidate_suite/301_ks3x5_seed5.json,1.7200647734987787e-13,1.6445060306600958e-15,3.163247380097531,5.544763872512707e-15,1.7291045521628427e-13,3,20,20,0,0.01566205024719238,5,4796,239.8,,"========================================================================================================================
301 autonomous ANCHORED FULL-CUBIC HALLEY NumPy Pandrosion
No dependency on previous Python scripts; anchored divided-difference Q plus full cubic finite-slope Halley only; no raw Pandrosion-step acceptance, no Newton/Jacobian fallback path.
========================================================================================================================
case=ks(3,5), seed=246198606, terms=168, Bezout=125
roots=20/20 success=True trials=45 duplicates=20 failures=5
seconds: generation=0.01, extract=0.30, total=0.31
best_root: residual=6.499e-15, trial=11, Lambda=279648.689680901, theta=56.0, startopt_ratio=4.108112366045226e-08
out=/Users/ivanbesevic/Documents/poussiere/benchmarks/smale17_candidate_suite/301_ks3x5_seed5.json
",11,True,168,56,0.31324100494384766,2.25,45,20,0.36913609504699707,6.566980938076246e-09
2.8438631499186663e-15,125,"3,5",20,1.0,5,20,200,17623,881.15,2,0.1,/Users/ivanbesevic/Documents/poussiere/benchmarks/smale17_candidate_suite/200_ks3x5_seed6.json,1.178745279476613e-13,1.0860925753106682e-13,3.4228013878274535,3.708992358445817e-15,2.2608246488741053e-12,3,20,20,0,0.013843142986297607,6,4570,228.5,,"========================================================================================================================
200 autonomous 118-BACKBONE + EQUAL-VALUE SAFE + GATED FINITE-SLOPE HALLEY NumPy Pandrosion
No dependency on previous Python scripts; 118-style homothetic/Mobius starts + 120 equal-value-safe probes + gated finite-slope Halley correction; no Newton/Jacobian fallback path.
========================================================================================================================
case=ks(3,5), seed=352794560, terms=168, Bezout=125
roots=20/20 success=True trials=42 duplicates=20 failures=2
seconds: generation=0.01, extract=0.27, total=0.28
best_root: residual=8.149e-12, trial=4, Lambda=1048576.0, theta=140.0, startopt_ratio=0.0001889558333978609
out=/Users/ivanbesevic/Documents/poussiere/benchmarks/smale17_candidate_suite/200_ks3x5_seed6.json
",14,True,168,56,0.27686285972595215,2.1,42,20,0.33287715911865234,8.002791759664272e-09
5.494780354587821e-15,125,"3,5",20,1.0,5,20,201,17660,883.0,2,0.1,/Users/ivanbesevic/Documents/poussiere/benchmarks/smale17_candidate_suite/201_ks3x5_seed6.json,8.810107639351428e-14,9.648343443981951e-14,3.4228013878274606,4.346365498980329e-15,1.8646814656647625e-12,3,20,20,0,0.01420450210571289,6,4574,228.7,,"========================================================================================================================
201 autonomous LOG-STABLE OPTIMAL-PROBE TENSOR-HALLEY NumPy Pandrosion
No dependency on previous Python scripts; 118/120/200 backbone + logarithmic stability + optimal-probe energy + tensorial gated finite-slope Halley; no Newton/Jacobian fallback path.
========================================================================================================================
case=ks(3,5), seed=352794560, terms=168, Bezout=125
roots=20/20 success=True trials=42 duplicates=20 failures=2
seconds: generation=0.01, extract=0.28, total=0.28
best_root: residual=1.484e-11, trial=4, Lambda=1048576.0, theta=140.0, startopt_ratio=0.0001889558333978609
out=/Users/ivanbesevic/Documents/poussiere/benchmarks/smale17_candidate_suite/201_ks3x5_seed6.json
",14,True,168,56,0.2840900421142578,2.1,42,20,0.33963489532470703,3.6192637243698663e-09
4.202770669327397e-15,125,"3,5",20,1.0,5,16,301,17949,897.45,7,0.35,/Users/ivanbesevic/Documents/poussiere/benchmarks/smale17_candidate_suite/301_ks3x5_seed6.json,3.7772548068920776e-13,1.664360949964881e-15,3.816250990307518,3.288899009425454e-15,6.973194951210054e-14,3,20,20,0,0.01569075584411621,6,4816,240.8,,"========================================================================================================================
301 autonomous ANCHORED FULL-CUBIC HALLEY NumPy Pandrosion
No dependency on previous Python scripts; anchored divided-difference Q plus full cubic finite-slope Halley only; no raw Pandrosion-step acceptance, no Newton/Jacobian fallback path.
========================================================================================================================
case=ks(3,5), seed=352794560, terms=168, Bezout=125
roots=20/20 success=True trials=43 duplicates=16 failures=7
seconds: generation=0.01, extract=0.31, total=0.31
best_root: residual=1.126e-13, trial=23, Lambda=503699.4809249195, theta=91.0, startopt_ratio=0.0014348915715150078
out=/Users/ivanbesevic/Documents/poussiere/benchmarks/smale17_candidate_suite/301_ks3x5_seed6.json
",14,True,168,56,0.3138151168823242,2.15,43,20,0.370495080947876,1.6571941051501466e-09
1.1647424834813783e-15,125,"3,5",20,1.0,5,24,200,20689,1034.45,0,0.0,/Users/ivanbesevic/Documents/poussiere/benchmarks/smale17_candidate_suite/200_ks3x5_seed7.json,5.411332257568737e-14,3.862705717504322e-15,3.690208608538327,3.799381835618999e-15,3.866878664554577e-14,3,20,20,0,0.016068911552429198,7,5282,264.1,,"========================================================================================================================
200 autonomous 118-BACKBONE + EQUAL-VALUE SAFE + GATED FINITE-SLOPE HALLEY NumPy Pandrosion
No dependency on previous Python scripts; 118-style homothetic/Mobius starts + 120 equal-value-safe probes + gated finite-slope Halley correction; no Newton/Jacobian fallback path.
========================================================================================================================
case=ks(3,5), seed=1669638782, terms=168, Bezout=125
roots=20/20 success=True trials=44 duplicates=24 failures=0
seconds: generation=0.01, extract=0.31, total=0.32
best_root: residual=1.165e-15, trial=27, Lambda=19928.363595183317, theta=89.0, startopt_ratio=5.260195328944478e-08
out=/Users/ivanbesevic/Documents/poussiere/benchmarks/smale17_candidate_suite/200_ks3x5_seed7.json
",14,True,168,56,0.321378231048584,2.2,44,20,0.37732505798339844,1.6703007652693527e-09
1.5439311811632285e-15,125,"3,5",20,1.0,5,24,201,20689,1034.45,0,0.0,/Users/ivanbesevic/Documents/poussiere/benchmarks/smale17_candidate_suite/201_ks3x5_seed7.json,9.352480803022575e-14,9.471510254895302e-15,3.690208608591975,3.55893435933977e-15,7.048720895929241e-14,3,20,20,0,0.01677786111831665,7,5282,264.1,,"========================================================================================================================
201 autonomous LOG-STABLE OPTIMAL-PROBE TENSOR-HALLEY NumPy Pandrosion
No dependency on previous Python scripts; 118/120/200 backbone + logarithmic stability + optimal-probe energy + tensorial gated finite-slope Halley; no Newton/Jacobian fallback path.
========================================================================================================================
case=ks(3,5), seed=1669638782, terms=168, Bezout=125
roots=20/20 success=True trials=44 duplicates=24 failures=0
seconds: generation=0.01, extract=0.33, total=0.34
best_root: residual=1.544e-15, trial=27, Lambda=19928.363595183317, theta=89.0, startopt_ratio=5.260195328944478e-08
out=/Users/ivanbesevic/Documents/poussiere/benchmarks/smale17_candidate_suite/201_ks3x5_seed7.json
",13,True,168,56,0.335557222366333,2.2,44,20,0.39345717430114746,2.69345865693795e-09
3.1647746642985215e-15,125,"3,5",20,1.0,5,12,301,15213,760.65,9,0.45,/Users/ivanbesevic/Documents/poussiere/benchmarks/smale17_candidate_suite/301_ks3x5_seed7.json,2.9587974758849806e-13,1.4244733482637355e-15,3.8105077869103248,3.269271799435111e-15,1.0284477146264328e-13,3,20,20,0,0.013482904434204102,7,3978,198.9,,"========================================================================================================================
301 autonomous ANCHORED FULL-CUBIC HALLEY NumPy Pandrosion
No dependency on previous Python scripts; anchored divided-difference Q plus full cubic finite-slope Halley only; no raw Pandrosion-step acceptance, no Newton/Jacobian fallback path.
========================================================================================================================
case=ks(3,5), seed=1669638782, terms=168, Bezout=125
roots=20/20 success=True trials=41 duplicates=12 failures=9
seconds: generation=0.01, extract=0.26, total=0.27
best_root: residual=1.141e-09, trial=4, Lambda=1048576.0, theta=108.0, startopt_ratio=0.00018895653092655714
out=/Users/ivanbesevic/Documents/poussiere/benchmarks/smale17_candidate_suite/301_ks3x5_seed7.json
",12,True,168,56,0.26965808868408203,2.05,41,20,0.327343225479126,2.5096349628161425e-09
1.137640067256873e-15,16,"4,2",16,1.0,2,678,200,182295,11393.4375,80,5.0,/Users/ivanbesevic/Documents/poussiere/benchmarks/smale17_candidate_suite/200_ks4x2_seed0.json,4.822727545054401e-14,1.48497837608239e-14,8.58574198703147,2.4249704868575185e-15,7.185064582134422e-14,4,16,16,0,0.152712881565094,0,36016,2251.0,,"========================================================================================================================
200 autonomous 118-BACKBONE + EQUAL-VALUE SAFE + GATED FINITE-SLOPE HALLEY NumPy Pandrosion
No dependency on previous Python scripts; 118-style homothetic/Mobius starts + 120 equal-value-safe probes + gated finite-slope Halley correction; no Newton/Jacobian fallback path.
========================================================================================================================
case=ks(4,2), seed=1664500989, terms=60, Bezout=16
roots=16/16 success=True trials=774 duplicates=678 failures=80
seconds: generation=0.01, extract=2.43, total=2.44
best_root: residual=1.138e-15, trial=0, Lambda=1.2339460808244847e-06, theta=0.0, startopt_ratio=0.9999999653002452
out=/Users/ivanbesevic/Documents/poussiere/benchmarks/smale17_candidate_suite/200_ks4x2_seed0.json
",11,True,60,15,2.443406105041504,48.375,774,16,2.5032999515533447,3.7163140779693563e-09
1.4128276408010783e-15,16,"4,2",16,1.0,2,678,201,182947,11434.1875,80,5.0,/Users/ivanbesevic/Documents/poussiere/benchmarks/smale17_candidate_suite/201_ks4x2_seed0.json,3.5226101173883144e-14,2.4852377555097927e-14,8.58574198703147,2.7937657133766375e-15,1.111106965374951e-13,4,16,16,0,0.1551271229982376,0,36124,2257.75,,"========================================================================================================================
201 autonomous LOG-STABLE OPTIMAL-PROBE TENSOR-HALLEY NumPy Pandrosion
No dependency on previous Python scripts; 118/120/200 backbone + logarithmic stability + optimal-probe energy + tensorial gated finite-slope Halley; no Newton/Jacobian fallback path.
========================================================================================================================
case=ks(4,2), seed=1664500989, terms=60, Bezout=16
roots=16/16 success=True trials=774 duplicates=678 failures=80
seconds: generation=0.01, extract=2.47, total=2.48
best_root: residual=1.413e-15, trial=0, Lambda=1.2339460808244847e-06, theta=0.0, startopt_ratio=0.9999999653002452
out=/Users/ivanbesevic/Documents/poussiere/benchmarks/smale17_candidate_suite/201_ks4x2_seed0.json
",11,True,60,15,2.4820339679718018,48.375,774,16,2.5406882762908936,5.482012877746418e-09
1.9714275608739575e-15,16,"4,2",16,1.0,2,187,301,48614,3038.375,43,2.6875,/Users/ivanbesevic/Documents/poussiere/benchmarks/smale17_candidate_suite/301_ks4x2_seed0.json,5.3855887878884695e-14,1.3697321787752196e-14,8.585741987031465,2.1547543064518474e-15,9.50869563357174e-14,4,16,16,0,0.04881644248962402,0,11102,693.875,,"========================================================================================================================
301 autonomous ANCHORED FULL-CUBIC HALLEY NumPy Pandrosion
No dependency on previous Python scripts; anchored divided-difference Q plus full cubic finite-slope Halley only; no raw Pandrosion-step acceptance, no Newton/Jacobian fallback path.
========================================================================================================================
case=ks(4,2), seed=1664500989, terms=60, Bezout=16
roots=16/16 success=True trials=246 duplicates=187 failures=43
seconds: generation=0.01, extract=0.77, total=0.78
best_root: residual=3.912e-10, trial=0, Lambda=1.2339460808244847e-06, theta=0.0, startopt_ratio=0.9999999653002452
out=/Users/ivanbesevic/Documents/poussiere/benchmarks/smale17_candidate_suite/301_ks4x2_seed0.json
",12,True,60,15,0.7810630798339844,15.375,246,16,0.8386380672454834,5.700615353241437e-09
1.748301791825975e-15,16,"4,2",16,1.0,2,614,200,170223,10638.9375,74,4.625,/Users/ivanbesevic/Documents/poussiere/benchmarks/smale17_candidate_suite/200_ks4x2_seed1.json,7.25484662803742e-14,3.325440263014164e-14,11.441301326405286,5.201857796497318e-15,7.580278908872582e-14,4,16,16,0,0.14082543551921844,1,34524,2157.75,,"========================================================================================================================
200 autonomous 118-BACKBONE + EQUAL-VALUE SAFE + GATED FINITE-SLOPE HALLEY NumPy Pandrosion
No dependency on previous Python scripts; 118-style homothetic/Mobius starts + 120 equal-value-safe probes + gated finite-slope Halley correction; no Newton/Jacobian fallback path.
========================================================================================================================
case=ks(4,2), seed=1977060929, terms=60, Bezout=16
roots=16/16 success=True trials=704 duplicates=614 failures=74
seconds: generation=0.01, extract=2.24, total=2.25
best_root: residual=1.748e-15, trial=4, Lambda=1048576.0, theta=140.0, startopt_ratio=0.0324000035986543
out=/Users/ivanbesevic/Documents/poussiere/benchmarks/smale17_candidate_suite/200_ks4x2_seed1.json
",8,True,60,15,2.253206968307495,44.0,704,16,2.310594081878662,7.557994441371773e-09
7.627735156646329e-16,16,"4,2",16,1.0,2,614,201,170615,10663.4375,74,4.625,/Users/ivanbesevic/Documents/poussiere/benchmarks/smale17_candidate_suite/201_ks4x2_seed1.json,5.684341886080802e-14,3.24480469125326e-14,11.44130132640529,3.722676161531303e-15,1.4262110096729653e-13,4,16,16,0,0.14830875396728516,1,34610,2163.125,,"========================================================================================================================
201 autonomous LOG-STABLE OPTIMAL-PROBE TENSOR-HALLEY NumPy Pandrosion
No dependency on previous Python scripts; 118/120/200 backbone + logarithmic stability + optimal-probe energy + tensorial gated finite-slope Halley; no Newton/Jacobian fallback path.
========================================================================================================================
case=ks(4,2), seed=1977060929, terms=60, Bezout=16
roots=16/16 success=True trials=704 duplicates=614 failures=74
seconds: generation=0.01, extract=2.36, total=2.37
best_root: residual=1.313e-15, trial=4, Lambda=1048576.0, theta=140.0, startopt_ratio=0.0324000035986543
out=/Users/ivanbesevic/Documents/poussiere/benchmarks/smale17_candidate_suite/201_ks4x2_seed1.json
",9,True,60,15,2.3729400634765625,44.0,704,16,2.4323577880859375,1.152555608212386e-09
5.0988088282317264e-15,16,"4,2",16,1.0,2,338,301,123047,7690.4375,244,15.25,/Users/ivanbesevic/Documents/poussiere/benchmarks/smale17_candidate_suite/301_ks4x2_seed1.json,3.666359205665212e-14,2.801661531390515e-14,11.441301326405274,3.2775571828065258e-15,8.953465151918836e-14,4,16,16,0,0.1253519356250763,1,28206,1762.875,,"========================================================================================================================
301 autonomous ANCHORED FULL-CUBIC HALLEY NumPy Pandrosion
No dependency on previous Python scripts; anchored divided-difference Q plus full cubic finite-slope Halley only; no raw Pandrosion-step acceptance, no Newton/Jacobian fallback path.
========================================================================================================================
case=ks(4,2), seed=1977060929, terms=60, Bezout=16
roots=16/16 success=True trials=598 duplicates=338 failures=244
seconds: generation=0.01, extract=2.00, total=2.01
best_root: residual=5.364e-15, trial=45, Lambda=1179.2964497108885, theta=100.0, startopt_ratio=0.0012117037395354394
out=/Users/ivanbesevic/Documents/poussiere/benchmarks/smale17_candidate_suite/301_ks4x2_seed1.json
",10,True,60,15,2.0056309700012207,37.375,598,16,2.063538074493408,6.600575536437561e-10
2.2945008461622106e-15,16,"4,2",16,1.0,2,299,200,84096,5256.0,41,2.5625,/Users/ivanbesevic/Documents/poussiere/benchmarks/smale17_candidate_suite/200_ks4x2_seed2.json,2.4501492788668817e-14,3.0079022053676943e-12,5.717549491124593,2.061776301142896e-15,3.9182640849141734e-11,4,16,16,0,0.069650799036026,2,16766,1047.875,,"========================================================================================================================
200 autonomous 118-BACKBONE + EQUAL-VALUE SAFE + GATED FINITE-SLOPE HALLEY NumPy Pandrosion
No dependency on previous Python scripts; 118-style homothetic/Mobius starts + 120 equal-value-safe probes + gated finite-slope Halley correction; no Newton/Jacobian fallback path.
========================================================================================================================
case=ks(4,2), seed=345646764, terms=60, Bezout=16
roots=16/16 success=True trials=356 duplicates=299 failures=41
seconds: generation=0.01, extract=1.11, total=1.11
best_root: residual=6.342e-11, trial=14, Lambda=1048576.0, theta=24.000000000000004, startopt_ratio=0.0011130995981104084
out=/Users/ivanbesevic/Documents/poussiere/benchmarks/smale17_candidate_suite/200_ks4x2_seed2.json
",10,True,60,15,1.114412784576416,22.25,356,16,1.172368049621582,1.3366476370199428e-09
1.904558900508863e-15,16,"4,2",16,1.0,2,299,201,84253,5265.8125,41,2.5625,/Users/ivanbesevic/Documents/poussiere/benchmarks/smale17_candidate_suite/201_ks4x2_seed2.json,4.3875025059429585e-14,4.968270622833049e-12,5.717549491124599,1.7192024464586803e-15,5.917190266165446e-11,4,16,16,0,0.07265618443489075,2,16794,1049.625,,"========================================================================================================================
201 autonomous LOG-STABLE OPTIMAL-PROBE TENSOR-HALLEY NumPy Pandrosion
No dependency on previous Python scripts; 118/120/200 backbone + logarithmic stability + optimal-probe energy + tensorial gated finite-slope Halley; no Newton/Jacobian fallback path.
========================================================================================================================
case=ks(4,2), seed=345646764, terms=60, Bezout=16
roots=16/16 success=True trials=356 duplicates=299 failures=41
seconds: generation=0.01, extract=1.15, total=1.16
best_root: residual=1.517e-10, trial=14, Lambda=1048576.0, theta=24.000000000000004, startopt_ratio=0.0011130995981104084
out=/Users/ivanbesevic/Documents/poussiere/benchmarks/smale17_candidate_suite/201_ks4x2_seed2.json
",10,True,60,15,1.162498950958252,22.25,356,16,1.2205009460449219,2.354433512571319e-09
1.924014019207424e-15,16,"4,2",16,1.0,2,391,301,107886,6742.875,112,7.0,/Users/ivanbesevic/Documents/poussiere/benchmarks/smale17_candidate_suite/301_ks4x2_seed2.json,3.9879112138130155e-14,4.958401734095989e-15,5.717549491187186,1.8463255298116628e-15,2.1677913319445742e-14,4,16,16,0,0.10941275954246521,2,24618,1538.625,,"========================================================================================================================
301 autonomous ANCHORED FULL-CUBIC HALLEY NumPy Pandrosion
No dependency on previous Python scripts; anchored divided-difference Q plus full cubic finite-slope Halley only; no raw Pandrosion-step acceptance, no Newton/Jacobian fallback path.
========================================================================================================================
case=ks(4,2), seed=345646764, terms=60, Bezout=16
roots=16/16 success=True trials=519 duplicates=391 failures=112
seconds: generation=0.01, extract=1.74, total=1.75
best_root: residual=2.666e-15, trial=25, Lambda=41.729379035134464, theta=80.0, startopt_ratio=0.3362242959484018
out=/Users/ivanbesevic/Documents/poussiere/benchmarks/smale17_candidate_suite/301_ks4x2_seed2.json
",11,True,60,15,1.7506041526794434,32.4375,519,16,1.808800220489502,1.8052948148436977e-09
8.289582644243109e-16,16,"4,2",16,1.0,2,478,200,138543,8658.9375,78,4.875,/Users/ivanbesevic/Documents/poussiere/benchmarks/smale17_candidate_suite/200_ks4x2_seed3.json,7.834745636426877e-15,1.790236952041102e-11,6.962850114750621,2.0858673696390123e-15,5.408704841293455e-11,4,16,16,0,0.11292749643325806,3,27576,1723.5,,"========================================================================================================================
200 autonomous 118-BACKBONE + EQUAL-VALUE SAFE + GATED FINITE-SLOPE HALLEY NumPy Pandrosion
No dependency on previous Python scripts; 118-style homothetic/Mobius starts + 120 equal-value-safe probes + gated finite-slope Halley correction; no Newton/Jacobian fallback path.
========================================================================================================================
case=ks(4,2), seed=230920569, terms=60, Bezout=16
roots=16/16 success=True trials=572 duplicates=478 failures=78
seconds: generation=0.01, extract=1.80, total=1.81
best_root: residual=5.409e-11, trial=2, Lambda=1048576.0, theta=164.0, startopt_ratio=0.007224995401822945
out=/Users/ivanbesevic/Documents/poussiere/benchmarks/smale17_candidate_suite/200_ks4x2_seed3.json
",11,True,60,15,1.806839942932129,35.75,572,16,1.8644521236419678,5.3570642665872065e-09
1.093668518804416e-15,16,"4,2",16,1.0,2,478,201,138783,8673.9375,78,4.875,/Users/ivanbesevic/Documents/poussiere/benchmarks/smale17_candidate_suite/201_ks4x2_seed3.json,8.200633644425975e-15,3.3553874670255736e-11,6.962850115096206,2.5721782882414277e-15,9.990256744804316e-11,4,16,16,0,0.11892032623291016,3,27624,1726.5,,"========================================================================================================================
201 autonomous LOG-STABLE OPTIMAL-PROBE TENSOR-HALLEY NumPy Pandrosion
No dependency on previous Python scripts; 118/120/200 backbone + logarithmic stability + optimal-probe energy + tensorial gated finite-slope Halley; no Newton/Jacobian fallback path.
========================================================================================================================
case=ks(4,2), seed=230920569, terms=60, Bezout=16
roots=16/16 success=True trials=572 duplicates=478 failures=78
seconds: generation=0.01, extract=1.89, total=1.90
best_root: residual=9.990e-11, trial=2, Lambda=1048576.0, theta=164.0, startopt_ratio=0.007224995401822945
out=/Users/ivanbesevic/Documents/poussiere/benchmarks/smale17_candidate_suite/201_ks4x2_seed3.json
",9,True,60,15,1.9027252197265625,35.75,572,16,1.960561752319336,8.971532778526865e-09
2.1391609448248796e-15,16,"4,2",16,1.0,2,285,301,86590,5411.875,78,4.875,/Users/ivanbesevic/Documents/poussiere/benchmarks/smale17_candidate_suite/301_ks4x2_seed3.json,8.131199457573037e-15,2.607207286985104e-15,6.962850114218616,1.7019612156431736e-15,9.775007782344476e-15,4,16,16,0,0.08923287689685822,3,19872,1242.0,,"========================================================================================================================
301 autonomous ANCHORED FULL-CUBIC HALLEY NumPy Pandrosion
No dependency on previous Python scripts; anchored divided-difference Q plus full cubic finite-slope Halley only; no raw Pandrosion-step acceptance, no Newton/Jacobian fallback path.
========================================================================================================================
case=ks(4,2), seed=230920569, terms=60, Bezout=16
roots=16/16 success=True trials=379 duplicates=285 failures=78
seconds: generation=0.01, extract=1.42, total=1.43
best_root: residual=5.509e-15, trial=107, Lambda=1048576.0, theta=40.0, startopt_ratio=0.0010802596881280921
out=/Users/ivanbesevic/Documents/poussiere/benchmarks/smale17_candidate_suite/301_ks4x2_seed3.json
",15,True,60,15,1.4277260303497314,23.6875,379,16,1.4856650829315186,2.619555113619661e-09
1.7895352222091343e-15,16,"4,2",16,1.0,2,463,200,135893,8493.3125,54,3.375,/Users/ivanbesevic/Documents/poussiere/benchmarks/smale17_candidate_suite/200_ks4x2_seed4.json,1.7763568394002505e-14,5.0865485432432956e-14,7.532359093631785,1.374972976378014e-15,1.161598860037983e-13,4,16,16,0,0.10753455758094788,4,25632,1602.0,,"========================================================================================================================
200 autonomous 118-BACKBONE + EQUAL-VALUE SAFE + GATED FINITE-SLOPE HALLEY NumPy Pandrosion
No dependency on previous Python scripts; 118-style homothetic/Mobius starts + 120 equal-value-safe probes + gated finite-slope Halley correction; no Newton/Jacobian fallback path.
========================================================================================================================
case=ks(4,2), seed=261529078, terms=60, Bezout=16
roots=16/16 success=True trials=533 duplicates=463 failures=54
seconds: generation=0.01, extract=1.71, total=1.72
best_root: residual=9.190e-15, trial=23, Lambda=5.622597009364583, theta=86.0, startopt_ratio=0.07332155216590917
out=/Users/ivanbesevic/Documents/poussiere/benchmarks/smale17_candidate_suite/200_ks4x2_seed4.json
",14,True,60,15,1.720552921295166,33.3125,533,16,1.7784807682037354,5.1700183320887705e-09
2.27261222646171e-15,16,"4,2",16,1.0,2,463,201,136170,8510.625,54,3.375,/Users/ivanbesevic/Documents/poussiere/benchmarks/smale17_candidate_suite/201_ks4x2_seed4.json,1.1234667099445444e-14,1.038132566422392e-13,7.532359093631789,1.6552243048944801e-15,1.9380514070220258e-13,4,16,16,0,0.11196437478065491,4,25688,1605.5,,"========================================================================================================================
201 autonomous LOG-STABLE OPTIMAL-PROBE TENSOR-HALLEY NumPy Pandrosion
No dependency on previous Python scripts; 118/120/200 backbone + logarithmic stability + optimal-probe energy + tensorial gated finite-slope Halley; no Newton/Jacobian fallback path.
========================================================================================================================
case=ks(4,2), seed=261529078, terms=60, Bezout=16
roots=16/16 success=True trials=533 duplicates=463 failures=54
seconds: generation=0.01, extract=1.78, total=1.79
best_root: residual=9.359e-15, trial=23, Lambda=5.622597009364583, theta=86.0, startopt_ratio=0.07332155216590917
out=/Users/ivanbesevic/Documents/poussiere/benchmarks/smale17_candidate_suite/201_ks4x2_seed4.json
",14,True,60,15,1.7914299964904785,33.3125,533,16,1.8515541553497314,8.852837757155253e-09
1.0963013188876744e-15,16,"4,2",16,1.0,2,485,301,138215,8638.4375,128,8.0,/Users/ivanbesevic/Documents/poussiere/benchmarks/smale17_candidate_suite/301_ks4x2_seed4.json,1.7130564986077266e-14,2.161012525121125e-15,7.5323590936317775,1.6014204232737272e-15,1.1617623272539762e-14,4,16,16,0,0.14060313999652863,4,31686,1980.375,,"========================================================================================================================
301 autonomous ANCHORED FULL-CUBIC HALLEY NumPy Pandrosion
No dependency on previous Python scripts; anchored divided-difference Q plus full cubic finite-slope Halley only; no raw Pandrosion-step acceptance, no Newton/Jacobian fallback path.
========================================================================================================================
case=ks(4,2), seed=261529078, terms=60, Bezout=16
roots=16/16 success=True trials=629 duplicates=485 failures=128
seconds: generation=0.01, extract=2.24, total=2.25
best_root: residual=1.162e-14, trial=24, Lambda=78728.5946156934, theta=18.0, startopt_ratio=0.16000026487475327
out=/Users/ivanbesevic/Documents/poussiere/benchmarks/smale17_candidate_suite/301_ks4x2_seed4.json
",14,True,60,15,2.249650239944458,39.3125,629,16,2.308385133743286,3.629597669484892e-09
6.690187733356917e-16,16,"4,2",16,1.0,2,121,200,36969,2310.5625,15,0.9375,/Users/ivanbesevic/Documents/poussiere/benchmarks/smale17_candidate_suite/200_ks4x2_seed5.json,1.2631196225257117e-14,9.715751335172036e-14,7.1220903462070275,3.035234583587461e-15,3.411178265041048e-13,4,16,16,0,0.030837252736091614,5,7330,458.125,,"========================================================================================================================
200 autonomous 118-BACKBONE + EQUAL-VALUE SAFE + GATED FINITE-SLOPE HALLEY NumPy Pandrosion
No dependency on previous Python scripts; 118-style homothetic/Mobius starts + 120 equal-value-safe probes + gated finite-slope Halley correction; no Newton/Jacobian fallback path.
========================================================================================================================
case=ks(4,2), seed=970643016, terms=60, Bezout=16
roots=16/16 success=True trials=152 duplicates=121 failures=15
seconds: generation=0.01, extract=0.48, total=0.49
best_root: residual=5.604e-13, trial=83, Lambda=178.98213804230215, theta=80.0, startopt_ratio=0.001331586227676294
out=/Users/ivanbesevic/Documents/poussiere/benchmarks/smale17_candidate_suite/200_ks4x2_seed5.json
",11,True,60,15,0.4933960437774658,9.5,152,16,0.5517170429229736,6.418138572101111e-09
8.370791253021939e-16,16,"4,2",16,1.0,2,121,201,37177,2323.5625,15,0.9375,/Users/ivanbesevic/Documents/poussiere/benchmarks/smale17_candidate_suite/201_ks4x2_seed5.json,5.773159728050814e-15,1.874568125330422e-13,7.122090346333859,3.4932981948885207e-15,7.737444071964756e-13,4,16,16,0,0.032352566719055176,5,7366,460.375,,"========================================================================================================================
201 autonomous LOG-STABLE OPTIMAL-PROBE TENSOR-HALLEY NumPy Pandrosion
No dependency on previous Python scripts; 118/120/200 backbone + logarithmic stability + optimal-probe energy + tensorial gated finite-slope Halley; no Newton/Jacobian fallback path.
========================================================================================================================
case=ks(4,2), seed=970643016, terms=60, Bezout=16
roots=16/16 success=True trials=152 duplicates=121 failures=15
seconds: generation=0.01, extract=0.51, total=0.52
best_root: residual=1.527e-12, trial=83, Lambda=178.98213804230215, theta=80.0, startopt_ratio=0.001331586227676294
out=/Users/ivanbesevic/Documents/poussiere/benchmarks/smale17_candidate_suite/201_ks4x2_seed5.json
",12,True,60,15,0.5176410675048828,9.5,152,16,0.575800895690918,4.331686783011214e-09
1.0013487476193083e-15,16,"4,2",16,1.0,2,218,301,58066,3629.125,43,2.6875,/Users/ivanbesevic/Documents/poussiere/benchmarks/smale17_candidate_suite/301_ks4x2_seed5.json,9.317939867851026e-15,3.336879128870223e-15,7.122090346629766,2.7744335494527125e-15,1.1397103136903177e-14,4,16,16,0,0.05849587917327881,5,13278,829.875,,"========================================================================================================================
301 autonomous ANCHORED FULL-CUBIC HALLEY NumPy Pandrosion
No dependency on previous Python scripts; anchored divided-difference Q plus full cubic finite-slope Halley only; no raw Pandrosion-step acceptance, no Newton/Jacobian fallback path.
========================================================================================================================
case=ks(4,2), seed=970643016, terms=60, Bezout=16
roots=16/16 success=True trials=277 duplicates=218 failures=43
seconds: generation=0.01, extract=0.93, total=0.94
best_root: residual=1.140e-14, trial=23, Lambda=250811.09205317183, theta=86.0, startopt_ratio=0.07290097546268316
out=/Users/ivanbesevic/Documents/poussiere/benchmarks/smale17_candidate_suite/301_ks4x2_seed5.json
",15,True,60,15,0.9359340667724609,17.3125,277,16,0.9941079616546631,4.934266825151817e-10
1.7832046073691874e-15,16,"4,2",16,1.0,2,721,200,214516,13407.25,99,6.1875,/Users/ivanbesevic/Documents/poussiere/benchmarks/smale17_candidate_suite/200_ks4x2_seed6.json,7.778029494762758e-14,8.019424701316918e-15,6.972794293494809,4.945643751520011e-15,3.857509800738956e-14,4,16,16,0,0.1797555685043335,6,41976,2623.5,,"========================================================================================================================
200 autonomous 118-BACKBONE + EQUAL-VALUE SAFE + GATED FINITE-SLOPE HALLEY NumPy Pandrosion
No dependency on previous Python scripts; 118-style homothetic/Mobius starts + 120 equal-value-safe probes + gated finite-slope Halley correction; no Newton/Jacobian fallback path.
========================================================================================================================
case=ks(4,2), seed=543720110, terms=60, Bezout=16
roots=16/16 success=True trials=836 duplicates=721 failures=99
seconds: generation=0.01, extract=2.87, total=2.88
best_root: residual=1.110e-14, trial=0, Lambda=1.2339460808244847e-06, theta=0.0, startopt_ratio=0.9999998938828356
out=/Users/ivanbesevic/Documents/poussiere/benchmarks/smale17_candidate_suite/200_ks4x2_seed6.json
",9,True,60,15,2.876089096069336,52.25,836,16,2.9346988201141357,8.520313947503249e-09
2.4267510422392823e-15,16,"4,2",16,1.0,2,721,201,215237,13452.3125,99,6.1875,/Users/ivanbesevic/Documents/poussiere/benchmarks/smale17_candidate_suite/201_ks4x2_seed6.json,7.261911009784177e-14,8.032775748569327e-15,6.972794293722529,4.880441679877471e-15,2.588129664730482e-14,4,16,16,0,0.1842706948518753,6,42102,2631.375,,"========================================================================================================================
201 autonomous LOG-STABLE OPTIMAL-PROBE TENSOR-HALLEY NumPy Pandrosion
No dependency on previous Python scripts; 118/120/200 backbone + logarithmic stability + optimal-probe energy + tensorial gated finite-slope Halley; no Newton/Jacobian fallback path.
========================================================================================================================
case=ks(4,2), seed=543720110, terms=60, Bezout=16
roots=16/16 success=True trials=836 duplicates=721 failures=99
seconds: generation=0.01, extract=2.94, total=2.95
best_root: residual=1.442e-14, trial=0, Lambda=1.2339460808244847e-06, theta=0.0, startopt_ratio=0.9999998938828356
out=/Users/ivanbesevic/Documents/poussiere/benchmarks/smale17_candidate_suite/201_ks4x2_seed6.json
",8,True,60,15,2.948331117630005,52.25,836,16,3.0114998817443848,2.0218774548829717e-09
1.107443988915824e-15,16,"4,2",16,1.0,2,290,301,76729,4795.5625,72,4.5,/Users/ivanbesevic/Documents/poussiere/benchmarks/smale17_candidate_suite/301_ks4x2_seed6.json,6.97096297506163e-14,1.4324814089949287e-14,6.9727942941921,2.912524437139084e-15,1.3398253154500904e-13,4,16,16,0,0.0778491199016571,6,17504,1094.0,,"========================================================================================================================
301 autonomous ANCHORED FULL-CUBIC HALLEY NumPy Pandrosion
No dependency on previous Python scripts; anchored divided-difference Q plus full cubic finite-slope Halley only; no raw Pandrosion-step acceptance, no Newton/Jacobian fallback path.
========================================================================================================================
case=ks(4,2), seed=543720110, terms=60, Bezout=16
roots=16/16 success=True trials=378 duplicates=290 failures=72
seconds: generation=0.01, extract=1.24, total=1.25
best_root: residual=1.107e-15, trial=2, Lambda=1048576.0, theta=164.0, startopt_ratio=0.007225003088574853
out=/Users/ivanbesevic/Documents/poussiere/benchmarks/smale17_candidate_suite/301_ks4x2_seed6.json
",9,True,60,15,1.2455859184265137,23.625,378,16,1.303919792175293,3.838297641612106e-09
7.771561172376096e-16,16,"4,2",16,1.0,2,664,200,186366,11647.875,98,6.125,/Users/ivanbesevic/Documents/poussiere/benchmarks/smale17_candidate_suite/200_ks4x2_seed7.json,1.2450348102600539e-14,4.775693529778353e-13,6.450978910523214,1.502522243686745e-15,2.037609854616888e-12,4,16,16,0,0.15164893865585327,7,36712,2294.5,,"========================================================================================================================
200 autonomous 118-BACKBONE + EQUAL-VALUE SAFE + GATED FINITE-SLOPE HALLEY NumPy Pandrosion
No dependency on previous Python scripts; 118-style homothetic/Mobius starts + 120 equal-value-safe probes + gated finite-slope Halley correction; no Newton/Jacobian fallback path.
========================================================================================================================
case=ks(4,2), seed=499434832, terms=60, Bezout=16
roots=16/16 success=True trials=778 duplicates=664 failures=98
seconds: generation=0.01, extract=2.42, total=2.43
best_root: residual=2.207e-15, trial=6, Lambda=1048576.0, theta=116.00000000000001, startopt_ratio=0.160000337181387
out=/Users/ivanbesevic/Documents/poussiere/benchmarks/smale17_candidate_suite/200_ks4x2_seed7.json
",11,True,60,15,2.4263830184936523,48.625,778,16,2.4848458766937256,6.63013482499821e-09
1.1960688787401997e-15,16,"4,2",16,1.0,2,664,201,186800,11675.0,98,6.125,/Users/ivanbesevic/Documents/poussiere/benchmarks/smale17_candidate_suite/201_ks4x2_seed7.json,1.03578512786223e-14,7.766944470689528e-13,6.450978910523606,1.4823734349092483e-15,1.6645858639194204e-12,4,16,16,0,0.1652178019285202,7,36792,2299.5,,"========================================================================================================================
201 autonomous LOG-STABLE OPTIMAL-PROBE TENSOR-HALLEY NumPy Pandrosion
No dependency on previous Python scripts; 118/120/200 backbone + logarithmic stability + optimal-probe energy + tensorial gated finite-slope Halley; no Newton/Jacobian fallback path.
========================================================================================================================
case=ks(4,2), seed=499434832, terms=60, Bezout=16
roots=16/16 success=True trials=778 duplicates=664 failures=98
seconds: generation=0.01, extract=2.63, total=2.64
best_root: residual=2.725e-15, trial=6, Lambda=1048576.0, theta=116.00000000000001, startopt_ratio=0.160000337181387
out=/Users/ivanbesevic/Documents/poussiere/benchmarks/smale17_candidate_suite/201_ks4x2_seed7.json
",12,True,60,15,2.6434848308563232,48.625,778,16,2.702333927154541,8.747367604110684e-09
2.3569779219553545e-15,16,"4,2",16,1.0,2,126,301,41603,2600.1875,54,3.375,/Users/ivanbesevic/Documents/poussiere/benchmarks/smale17_candidate_suite/301_ks4x2_seed7.json,1.7393336573304677e-14,3.7101798238915e-11,6.450978910273571,1.5304720705084696e-15,1.295306235854445e-10,4,16,16,0,0.04272957146167755,7,9486,592.875,,"========================================================================================================================
301 autonomous ANCHORED FULL-CUBIC HALLEY NumPy Pandrosion
No dependency on previous Python scripts; anchored divided-difference Q plus full cubic finite-slope Halley only; no raw Pandrosion-step acceptance, no Newton/Jacobian fallback path.
========================================================================================================================
case=ks(4,2), seed=499434832, terms=60, Bezout=16
roots=16/16 success=True trials=196 duplicates=126 failures=54
seconds: generation=0.01, extract=0.67, total=0.68
best_root: residual=8.979e-13, trial=120, Lambda=43.50421235093513, theta=24.000000000000004, startopt_ratio=0.0012994158146581536
out=/Users/ivanbesevic/Documents/poussiere/benchmarks/smale17_candidate_suite/301_ks4x2_seed7.json
",10,True,60,15,0.6836731433868408,12.25,196,16,0.742419958114624,4.37490399696116e-09
1.9782541917041054e-15,81,"4,3",20,1.0,3,26,200,18266,913.3,0,0.0,/Users/ivanbesevic/Documents/poussiere/benchmarks/smale17_candidate_suite/200_ks4x3_seed0.json,3.4809342861069267e-14,1.1942408211276134e-13,6.007373854866781,2.2226380872329435e-15,1.9816389520082716e-12,4,20,20,0,0.013663601875305176,0,4088,204.4,,"========================================================================================================================
200 autonomous 118-BACKBONE + EQUAL-VALUE SAFE + GATED FINITE-SLOPE HALLEY NumPy Pandrosion
No dependency on previous Python scripts; 118-style homothetic/Mobius starts + 120 equal-value-safe probes + gated finite-slope Halley correction; no Newton/Jacobian fallback path.
========================================================================================================================
case=ks(4,3), seed=1871591907, terms=140, Bezout=81
roots=20/20 success=True trials=46 duplicates=26 failures=0
seconds: generation=0.01, extract=0.26, total=0.27
best_root: residual=6.416e-15, trial=2, Lambda=1048576.0, theta=164.0, startopt_ratio=0.0006141227555696251
out=/Users/ivanbesevic/Documents/poussiere/benchmarks/smale17_candidate_suite/200_ks4x3_seed0.json
",13,True,140,35,0.2732720375061035,2.3,46,20,0.3305318355560303,3.087519695048296e-09
2.2183634043813167e-15,81,"4,3",20,1.0,3,26,201,18266,913.3,0,0.0,/Users/ivanbesevic/Documents/poussiere/benchmarks/smale17_candidate_suite/201_ks4x3_seed0.json,3.265263874808242e-14,2.566745939100039e-13,6.00737385501291,2.965671931973668e-15,4.025091120748005e-12,4,20,20,0,0.013982844352722169,0,4088,204.4,,"========================================================================================================================
201 autonomous LOG-STABLE OPTIMAL-PROBE TENSOR-HALLEY NumPy Pandrosion
No dependency on previous Python scripts; 118/120/200 backbone + logarithmic stability + optimal-probe energy + tensorial gated finite-slope Halley; no Newton/Jacobian fallback path.
========================================================================================================================
case=ks(4,3), seed=1871591907, terms=140, Bezout=81
roots=20/20 success=True trials=46 duplicates=26 failures=0
seconds: generation=0.01, extract=0.27, total=0.28
best_root: residual=1.723e-14, trial=2, Lambda=1048576.0, theta=164.0, startopt_ratio=0.0006141227555696251
out=/Users/ivanbesevic/Documents/poussiere/benchmarks/smale17_candidate_suite/201_ks4x3_seed0.json
",13,True,140,35,0.27965688705444336,2.3,46,20,0.33614587783813477,4.905843455587689e-09
1.5479799859192621e-15,81,"4,3",20,1.0,3,19,301,15152,757.6,4,0.2,/Users/ivanbesevic/Documents/poussiere/benchmarks/smale17_candidate_suite/301_ks4x3_seed0.json,4.6758186436388165e-14,2.3913447932851393e-15,5.880252984635263,2.1691732246823008e-15,3.014904605523881e-14,4,20,20,0,0.013376939296722411,0,3666,183.3,,"========================================================================================================================
301 autonomous ANCHORED FULL-CUBIC HALLEY NumPy Pandrosion
No dependency on previous Python scripts; anchored divided-difference Q plus full cubic finite-slope Halley only; no raw Pandrosion-step acceptance, no Newton/Jacobian fallback path.
========================================================================================================================
case=ks(4,3), seed=1871591907, terms=140, Bezout=81
roots=20/20 success=True trials=43 duplicates=19 failures=4
seconds: generation=0.01, extract=0.26, total=0.27
best_root: residual=5.768e-15, trial=19, Lambda=1048576.0, theta=24.000000000000004, startopt_ratio=0.00016637422757967416
out=/Users/ivanbesevic/Documents/poussiere/benchmarks/smale17_candidate_suite/301_ks4x3_seed0.json
",13,True,140,35,0.26753878593444824,2.15,43,20,0.3232109546661377,4.3335380533183576e-09
2.55848601617897e-15,81,"4,3",20,1.0,3,30,200,20877,1043.85,2,0.1,/Users/ivanbesevic/Documents/poussiere/benchmarks/smale17_candidate_suite/200_ks4x3_seed1.json,8.092452105819845e-15,2.2279621173117696e-14,5.255266072291088,2.641001644516892e-15,4.0954800074792694e-13,4,20,20,0,0.01593360900878906,1,4820,241.0,,"========================================================================================================================
200 autonomous 118-BACKBONE + EQUAL-VALUE SAFE + GATED FINITE-SLOPE HALLEY NumPy Pandrosion
No dependency on previous Python scripts; 118-style homothetic/Mobius starts + 120 equal-value-safe probes + gated finite-slope Halley correction; no Newton/Jacobian fallback path.
========================================================================================================================
case=ks(4,3), seed=1974394753, terms=140, Bezout=81
roots=20/20 success=True trials=52 duplicates=30 failures=2
seconds: generation=0.01, extract=0.31, total=0.32
best_root: residual=4.095e-13, trial=5, Lambda=267387.1786557695, theta=108.0, startopt_ratio=0.019683002567904225
out=/Users/ivanbesevic/Documents/poussiere/benchmarks/smale17_candidate_suite/200_ks4x3_seed1.json
",17,True,140,35,0.31867218017578125,2.6,52,20,0.3744802474975586,5.049475240363543e-09
5.009554625647218e-15,81,"4,3",20,1.0,3,30,201,20863,1043.15,2,0.1,/Users/ivanbesevic/Documents/poussiere/benchmarks/smale17_candidate_suite/201_ks4x3_seed1.json,8.461263440449989e-15,4.7285883667110905e-14,5.255266072291096,2.1799188274480795e-15,8.159201488269574e-13,4,20,20,0,0.016401791572570802,1,4820,241.0,,"========================================================================================================================
201 autonomous LOG-STABLE OPTIMAL-PROBE TENSOR-HALLEY NumPy Pandrosion
No dependency on previous Python scripts; 118/120/200 backbone + logarithmic stability + optimal-probe energy + tensorial gated finite-slope Halley; no Newton/Jacobian fallback path.
========================================================================================================================
case=ks(4,3), seed=1974394753, terms=140, Bezout=81
roots=20/20 success=True trials=52 duplicates=30 failures=2
seconds: generation=0.01, extract=0.32, total=0.33
best_root: residual=8.159e-13, trial=5, Lambda=267387.1786557695, theta=108.0, startopt_ratio=0.019683002567904225
out=/Users/ivanbesevic/Documents/poussiere/benchmarks/smale17_candidate_suite/201_ks4x3_seed1.json
",17,True,140,35,0.328035831451416,2.6,52,20,0.38764500617980957,7.686068738542748e-09
1.7620419017000313e-15,81,"4,3",20,1.0,3,20,301,15794,789.7,4,0.2,/Users/ivanbesevic/Documents/poussiere/benchmarks/smale17_candidate_suite/301_ks4x3_seed1.json,3.045817500343561e-14,1.8431927898148813e-15,5.20830170941964,2.3888356196558973e-15,1.79897244661201e-14,4,20,20,0,0.014048159122467041,1,3850,192.5,,"========================================================================================================================
301 autonomous ANCHORED FULL-CUBIC HALLEY NumPy Pandrosion
No dependency on previous Python scripts; anchored divided-difference Q plus full cubic finite-slope Halley only; no raw Pandrosion-step acceptance, no Newton/Jacobian fallback path.
========================================================================================================================
case=ks(4,3), seed=1974394753, terms=140, Bezout=81
roots=20/20 success=True trials=44 duplicates=20 failures=4
seconds: generation=0.01, extract=0.27, total=0.28
best_root: residual=6.831e-15, trial=12, Lambda=1048576.0, theta=72.0, startopt_ratio=4.2874986275205816e-05
out=/Users/ivanbesevic/Documents/poussiere/benchmarks/smale17_candidate_suite/301_ks4x3_seed1.json
",15,True,140,35,0.2809631824493408,2.2,44,20,0.337054967880249,7.908199713704632e-09
7.900898956603058e-16,81,"4,3",20,1.0,3,24,200,16989,849.45,1,0.05,/Users/ivanbesevic/Documents/poussiere/benchmarks/smale17_candidate_suite/200_ks4x3_seed2.json,1.8910328106566525e-14,1.522216865931623e-13,6.798581828131477,2.8453764239198573e-15,8.727898956357667e-13,4,20,20,0,0.013093245029449464,2,3866,193.3,,"========================================================================================================================
200 autonomous 118-BACKBONE + EQUAL-VALUE SAFE + GATED FINITE-SLOPE HALLEY NumPy Pandrosion
No dependency on previous Python scripts; 118-style homothetic/Mobius starts + 120 equal-value-safe probes + gated finite-slope Halley correction; no Newton/Jacobian fallback path.
========================================================================================================================
case=ks(4,3), seed=1457122822, terms=140, Bezout=81
roots=20/20 success=True trials=45 duplicates=24 failures=1
seconds: generation=0.01, extract=0.25, total=0.26
best_root: residual=7.901e-16, trial=12, Lambda=1048576.0, theta=89.0, startopt_ratio=4.2876384310108985e-05
out=/Users/ivanbesevic/Documents/poussiere/benchmarks/smale17_candidate_suite/200_ks4x3_seed2.json
",14,True,140,35,0.26186490058898926,2.25,45,20,0.3181476593017578,6.597055291674831e-09
7.1406579022980835e-16,81,"4,3",20,1.0,3,24,201,16989,849.45,1,0.05,/Users/ivanbesevic/Documents/poussiere/benchmarks/smale17_candidate_suite/201_ks4x3_seed2.json,3.573814641751016e-14,2.9402664458191715e-13,6.798581828322369,2.939795807278453e-15,1.943586592194052e-12,4,20,20,0,0.013633489608764648,2,3866,193.3,,"========================================================================================================================
201 autonomous LOG-STABLE OPTIMAL-PROBE TENSOR-HALLEY NumPy Pandrosion
No dependency on previous Python scripts; 118/120/200 backbone + logarithmic stability + optimal-probe energy + tensorial gated finite-slope Halley; no Newton/Jacobian fallback path.
========================================================================================================================
case=ks(4,3), seed=1457122822, terms=140, Bezout=81
roots=20/20 success=True trials=45 duplicates=24 failures=1
seconds: generation=0.01, extract=0.26, total=0.27
best_root: residual=7.141e-16, trial=12, Lambda=1048576.0, theta=89.0, startopt_ratio=4.2876384310108985e-05
out=/Users/ivanbesevic/Documents/poussiere/benchmarks/smale17_candidate_suite/201_ks4x3_seed2.json
",14,True,140,35,0.27266979217529297,2.25,45,20,0.32885098457336426,8.895287566549908e-09
1.289365242278177e-15,81,"4,3",20,1.0,3,16,301,14867,743.35,5,0.25,/Users/ivanbesevic/Documents/poussiere/benchmarks/smale17_candidate_suite/301_ks4x3_seed2.json,9.133998540407931e-14,9.482205811479916e-15,7.7616951747674054,4.339642273858421e-15,6.774726086115216e-14,4,20,20,0,0.01323554515838623,2,3652,182.6,,"========================================================================================================================
301 autonomous ANCHORED FULL-CUBIC HALLEY NumPy Pandrosion
No dependency on previous Python scripts; anchored divided-difference Q plus full cubic finite-slope Halley only; no raw Pandrosion-step acceptance, no Newton/Jacobian fallback path.
========================================================================================================================
case=ks(4,3), seed=1457122822, terms=140, Bezout=81
roots=20/20 success=True trials=41 duplicates=16 failures=5
seconds: generation=0.01, extract=0.26, total=0.26
best_root: residual=7.426e-15, trial=20, Lambda=1048576.0, theta=100.0, startopt_ratio=0.0006141244786187506
out=/Users/ivanbesevic/Documents/poussiere/benchmarks/smale17_candidate_suite/301_ks4x3_seed2.json
",15,True,140,35,0.2647109031677246,2.05,41,20,0.32239484786987305,8.959358245668208e-09
4.7207330545682824e-15,81,"4,3",20,1.0,3,22,200,17563,878.15,2,0.1,/Users/ivanbesevic/Documents/poussiere/benchmarks/smale17_candidate_suite/200_ks4x3_seed3.json,1.954497105020304e-14,1.4706876703201796e-12,6.153072811967315,2.4627108356830174e-15,5.2097545620852036e-12,4,20,20,0,0.013240301609039306,3,4000,200.0,,"========================================================================================================================
200 autonomous 118-BACKBONE + EQUAL-VALUE SAFE + GATED FINITE-SLOPE HALLEY NumPy Pandrosion
No dependency on previous Python scripts; 118-style homothetic/Mobius starts + 120 equal-value-safe probes + gated finite-slope Halley correction; no Newton/Jacobian fallback path.
========================================================================================================================
case=ks(4,3), seed=1220765943, terms=140, Bezout=81
roots=20/20 success=True trials=44 duplicates=22 failures=2
seconds: generation=0.01, extract=0.26, total=0.26
best_root: residual=4.721e-15, trial=34, Lambda=1048576.0, theta=40.0, startopt_ratio=1.6445676959778923e-05
out=/Users/ivanbesevic/Documents/poussiere/benchmarks/smale17_candidate_suite/200_ks4x3_seed3.json
",14,True,140,35,0.26480603218078613,2.2,44,20,0.3202230930328369,6.370725254945151e-09
4.288393621505008e-15,81,"4,3",20,1.0,3,22,201,17563,878.15,2,0.1,/Users/ivanbesevic/Documents/poussiere/benchmarks/smale17_candidate_suite/201_ks4x3_seed3.json,1.4895204919483637e-14,2.3890179292106913e-12,6.153072810569691,2.3524340182665045e-15,8.506974613209666e-12,4,20,20,0,0.013922441005706786,3,4000,200.0,,"========================================================================================================================
201 autonomous LOG-STABLE OPTIMAL-PROBE TENSOR-HALLEY NumPy Pandrosion
No dependency on previous Python scripts; 118/120/200 backbone + logarithmic stability + optimal-probe energy + tensorial gated finite-slope Halley; no Newton/Jacobian fallback path.
========================================================================================================================
case=ks(4,3), seed=1220765943, terms=140, Bezout=81
roots=20/20 success=True trials=44 duplicates=22 failures=2
seconds: generation=0.01, extract=0.27, total=0.28
best_root: residual=4.288e-15, trial=34, Lambda=1048576.0, theta=40.0, startopt_ratio=1.6445676959778923e-05
out=/Users/ivanbesevic/Documents/poussiere/benchmarks/smale17_candidate_suite/201_ks4x3_seed3.json
",13,True,140,35,0.27844882011413574,2.2,44,20,0.33480072021484375,9.250861373481197e-09
1.689802320923109e-15,81,"4,3",20,1.0,3,19,301,15427,771.35,4,0.2,/Users/ivanbesevic/Documents/poussiere/benchmarks/smale17_candidate_suite/301_ks4x3_seed3.json,2.2030584920451557e-14,2.6478877262636027e-15,6.889391725313272,1.9522639205815214e-15,1.6046971915483892e-14,4,20,20,0,0.013686609268188477,3,3782,189.1,,"========================================================================================================================
301 autonomous ANCHORED FULL-CUBIC HALLEY NumPy Pandrosion
No dependency on previous Python scripts; anchored divided-difference Q plus full cubic finite-slope Halley only; no raw Pandrosion-step acceptance, no Newton/Jacobian fallback path.
========================================================================================================================
case=ks(4,3), seed=1220765943, terms=140, Bezout=81
roots=20/20 success=True trials=43 duplicates=19 failures=4
seconds: generation=0.01, extract=0.27, total=0.27
best_root: residual=2.410e-14, trial=12, Lambda=1048576.0, theta=89.0, startopt_ratio=4.2873262636909245e-05
out=/Users/ivanbesevic/Documents/poussiere/benchmarks/smale17_candidate_suite/301_ks4x3_seed3.json
",17,True,140,35,0.27373218536376953,2.15,43,20,0.33025097846984863,3.007434746810472e-09
2.6622212897024597e-15,81,"4,3",20,1.0,3,24,200,16878,843.9,1,0.05,/Users/ivanbesevic/Documents/poussiere/benchmarks/smale17_candidate_suite/200_ks4x3_seed4.json,9.953940410498703e-14,9.879061312335973e-15,6.191944574935734,3.7717347402653e-15,8.207116736880234e-14,4,20,20,0,0.012787795066833496,4,3772,188.6,,"========================================================================================================================
200 autonomous 118-BACKBONE + EQUAL-VALUE SAFE + GATED FINITE-SLOPE HALLEY NumPy Pandrosion
No dependency on previous Python scripts; 118-style homothetic/Mobius starts + 120 equal-value-safe probes + gated finite-slope Halley correction; no Newton/Jacobian fallback path.
========================================================================================================================
case=ks(4,3), seed=1699960147, terms=140, Bezout=81
roots=20/20 success=True trials=45 duplicates=24 failures=1
seconds: generation=0.01, extract=0.25, total=0.26
best_root: residual=3.028e-11, trial=7, Lambda=1001870.393220411, theta=89.0, startopt_ratio=0.19511200010940324
out=/Users/ivanbesevic/Documents/poussiere/benchmarks/smale17_candidate_suite/200_ks4x3_seed4.json
",16,True,140,35,0.2557559013366699,2.25,45,20,0.31153297424316406,1.3712188304122163e-09
8.473409486550036e-16,81,"4,3",20,1.0,3,24,201,16915,845.75,1,0.05,/Users/ivanbesevic/Documents/poussiere/benchmarks/smale17_candidate_suite/201_ks4x3_seed4.json,1.01935645598442e-13,2.0146694421645482e-14,6.191944574935732,4.0503111001268235e-15,1.874206500809937e-13,4,20,20,0,0.013179302215576172,4,3778,188.9,,"========================================================================================================================
201 autonomous LOG-STABLE OPTIMAL-PROBE TENSOR-HALLEY NumPy Pandrosion
No dependency on previous Python scripts; 118/120/200 backbone + logarithmic stability + optimal-probe energy + tensorial gated finite-slope Halley; no Newton/Jacobian fallback path.
========================================================================================================================
case=ks(4,3), seed=1699960147, terms=140, Bezout=81
roots=20/20 success=True trials=45 duplicates=24 failures=1
seconds: generation=0.01, extract=0.25, total=0.26
best_root: residual=6.120e-11, trial=7, Lambda=1001870.393220411, theta=89.0, startopt_ratio=0.19511200010940324
out=/Users/ivanbesevic/Documents/poussiere/benchmarks/smale17_candidate_suite/201_ks4x3_seed4.json
",12,True,140,35,0.26358604431152344,2.25,45,20,0.3224201202392578,2.534668789874643e-09
2.0267272597439194e-15,81,"4,3",20,1.0,3,11,301,13271,663.55,9,0.45,/Users/ivanbesevic/Documents/poussiere/benchmarks/smale17_candidate_suite/301_ks4x3_seed4.json,1.2924445701094853e-14,1.8298849614666872e-15,5.903679393868749,2.7615144139757522e-15,1.5189940870535437e-14,4,20,20,0,0.011855602264404297,4,3200,160.0,,"========================================================================================================================
301 autonomous ANCHORED FULL-CUBIC HALLEY NumPy Pandrosion
No dependency on previous Python scripts; anchored divided-difference Q plus full cubic finite-slope Halley only; no raw Pandrosion-step acceptance, no Newton/Jacobian fallback path.
========================================================================================================================
case=ks(4,3), seed=1699960147, terms=140, Bezout=81
roots=20/20 success=True trials=40 duplicates=11 failures=9
seconds: generation=0.01, extract=0.23, total=0.24
best_root: residual=7.839e-15, trial=35, Lambda=18632.777115691573, theta=18.0, startopt_ratio=3.375583262706059e-05
out=/Users/ivanbesevic/Documents/poussiere/benchmarks/smale17_candidate_suite/301_ks4x3_seed4.json
",17,True,140,35,0.23711204528808594,2.0,40,20,0.2922699451446533,1.7342326819891413e-09
2.405675588714699e-15,81,"4,3",20,1.0,3,24,200,18085,904.25,2,0.1,/Users/ivanbesevic/Documents/poussiere/benchmarks/smale17_candidate_suite/200_ks4x3_seed5.json,2.0245062214497933e-14,8.352530118685484e-13,6.929148823918524,1.460244759854282e-15,3.035415074017936e-12,4,20,20,0,0.013788509368896484,5,4098,204.9,,"========================================================================================================================
200 autonomous 118-BACKBONE + EQUAL-VALUE SAFE + GATED FINITE-SLOPE HALLEY NumPy Pandrosion
No dependency on previous Python scripts; 118-style homothetic/Mobius starts + 120 equal-value-safe probes + gated finite-slope Halley correction; no Newton/Jacobian fallback path.
========================================================================================================================
case=ks(4,3), seed=712334690, terms=140, Bezout=81
roots=20/20 success=True trials=46 duplicates=24 failures=2
seconds: generation=0.01, extract=0.27, total=0.28
best_root: residual=5.610e-15, trial=29, Lambda=1048576.0, theta=56.0, startopt_ratio=3.5827199355243184e-05
out=/Users/ivanbesevic/Documents/poussiere/benchmarks/smale17_candidate_suite/200_ks4x3_seed5.json
",14,True,140,35,0.2757701873779297,2.3,46,20,0.33222460746765137,9.850646789857027e-09
2.7745859463539168e-15,81,"4,3",20,1.0,3,24,201,18122,906.1,2,0.1,/Users/ivanbesevic/Documents/poussiere/benchmarks/smale17_candidate_suite/201_ks4x3_seed5.json,1.669474224346991e-14,5.544034748748403e-13,6.929148823918537,1.9517932642926477e-15,4.926635984375814e-12,4,20,20,0,0.014316987991333009,5,4104,205.2,,"========================================================================================================================
201 autonomous LOG-STABLE OPTIMAL-PROBE TENSOR-HALLEY NumPy Pandrosion
No dependency on previous Python scripts; 118/120/200 backbone + logarithmic stability + optimal-probe energy + tensorial gated finite-slope Halley; no Newton/Jacobian fallback path.
========================================================================================================================
case=ks(4,3), seed=712334690, terms=140, Bezout=81
roots=20/20 success=True trials=46 duplicates=24 failures=2
seconds: generation=0.01, extract=0.28, total=0.29
best_root: residual=7.256e-15, trial=29, Lambda=1048576.0, theta=56.0, startopt_ratio=3.5827199355243184e-05
out=/Users/ivanbesevic/Documents/poussiere/benchmarks/smale17_candidate_suite/201_ks4x3_seed5.json
",15,True,140,35,0.28633975982666016,2.3,46,20,0.3424053192138672,2.23777771359805e-09
4.228332160525659e-15,81,"4,3",20,1.0,3,24,301,15805,790.25,2,0.1,/Users/ivanbesevic/Documents/poussiere/benchmarks/smale17_candidate_suite/301_ks4x3_seed5.json,6.283038424959892e-14,3.1322987467603998e-15,6.649027794076248,2.4661536454736043e-15,2.7619350016767564e-14,4,20,20,0,0.013908803462982178,5,3816,190.8,,"========================================================================================================================
301 autonomous ANCHORED FULL-CUBIC HALLEY NumPy Pandrosion
No dependency on previous Python scripts; anchored divided-difference Q plus full cubic finite-slope Halley only; no raw Pandrosion-step acceptance, no Newton/Jacobian fallback path.
========================================================================================================================
case=ks(4,3), seed=712334690, terms=140, Bezout=81
roots=20/20 success=True trials=46 duplicates=24 failures=2
seconds: generation=0.01, extract=0.27, total=0.28
best_root: residual=3.618e-11, trial=12, Lambda=1048576.0, theta=89.0, startopt_ratio=4.2875095224297847e-05
out=/Users/ivanbesevic/Documents/poussiere/benchmarks/smale17_candidate_suite/301_ks4x3_seed5.json
",16,True,140,35,0.27817606925964355,2.3,46,20,0.3351480960845947,4.450195395115965e-09
2.802428460366273e-15,81,"4,3",20,1.0,3,22,200,16469,823.45,0,0.0,/Users/ivanbesevic/Documents/poussiere/benchmarks/smale17_candidate_suite/200_ks4x3_seed6.json,3.250102008440879e-13,5.6245378031624614e-15,6.955858107198843,4.488054600059107e-15,9.401275223125965e-14,4,20,20,0,0.012841856479644776,6,3886,194.3,,"========================================================================================================================
200 autonomous 118-BACKBONE + EQUAL-VALUE SAFE + GATED FINITE-SLOPE HALLEY NumPy Pandrosion
No dependency on previous Python scripts; 118-style homothetic/Mobius starts + 120 equal-value-safe probes + gated finite-slope Halley correction; no Newton/Jacobian fallback path.
========================================================================================================================
case=ks(4,3), seed=1183601719, terms=140, Bezout=81
roots=20/20 success=True trials=42 duplicates=22 failures=0
seconds: generation=0.01, extract=0.25, total=0.26
best_root: residual=9.702e-15, trial=34, Lambda=1048576.0, theta=86.0, startopt_ratio=3.058737626101307e-05
out=/Users/ivanbesevic/Documents/poussiere/benchmarks/smale17_candidate_suite/200_ks4x3_seed6.json
",9,True,140,35,0.2568371295928955,2.1,42,20,0.31392502784729004,9.952014229786134e-09
4.091288590732551e-15,81,"4,3",20,1.0,3,22,201,16492,824.6,0,0.0,/Users/ivanbesevic/Documents/poussiere/benchmarks/smale17_candidate_suite/201_ks4x3_seed6.json,2.817416187341854e-13,6.1749437805718865e-15,6.955858107190615,7.871662295110816e-15,6.453824896576403e-14,4,20,20,0,0.01341550350189209,6,3892,194.6,,"========================================================================================================================
201 autonomous LOG-STABLE OPTIMAL-PROBE TENSOR-HALLEY NumPy Pandrosion
No dependency on previous Python scripts; 118/120/200 backbone + logarithmic stability + optimal-probe energy + tensorial gated finite-slope Halley; no Newton/Jacobian fallback path.
========================================================================================================================
case=ks(4,3), seed=1183601719, terms=140, Bezout=81
roots=20/20 success=True trials=42 duplicates=22 failures=0
seconds: generation=0.01, extract=0.26, total=0.27
best_root: residual=4.455e-14, trial=34, Lambda=1048576.0, theta=86.0, startopt_ratio=3.058737626101307e-05
out=/Users/ivanbesevic/Documents/poussiere/benchmarks/smale17_candidate_suite/201_ks4x3_seed6.json
",8,True,140,35,0.2683100700378418,2.1,42,20,0.3237733840942383,6.508730428309914e-09
3.330437769380321e-15,81,"4,3",20,1.0,3,11,301,16844,842.2,12,0.6,/Users/ivanbesevic/Documents/poussiere/benchmarks/smale17_candidate_suite/301_ks4x3_seed6.json,3.1667017269028515e-13,2.449596609682701e-15,5.098858794294031,3.746068779742204e-15,2.974486189263519e-14,4,20,20,0,0.014890599250793456,6,4158,207.9,,"========================================================================================================================
301 autonomous ANCHORED FULL-CUBIC HALLEY NumPy Pandrosion
No dependency on previous Python scripts; anchored divided-difference Q plus full cubic finite-slope Halley only; no raw Pandrosion-step acceptance, no Newton/Jacobian fallback path.
========================================================================================================================
case=ks(4,3), seed=1183601719, terms=140, Bezout=81
roots=20/20 success=True trials=43 duplicates=11 failures=12
seconds: generation=0.01, extract=0.29, total=0.30
best_root: residual=1.296e-10, trial=8, Lambda=3720.109023667323, theta=116.00000000000001, startopt_ratio=4.616018006079846e-05
out=/Users/ivanbesevic/Documents/poussiere/benchmarks/smale17_candidate_suite/301_ks4x3_seed6.json
",15,True,140,35,0.29781198501586914,2.15,43,20,0.3543729782104492,1.0329571614821322e-09
1.4510751904014365e-15,81,"4,3",20,1.0,3,25,200,16239,811.95,0,0.0,/Users/ivanbesevic/Documents/poussiere/benchmarks/smale17_candidate_suite/200_ks4x3_seed7.json,4.392893112058271e-14,1.8014191183134178e-13,4.726205793431101,2.722917919604858e-15,4.944122020929074e-12,4,20,20,0,0.012515747547149658,7,3702,185.1,,"========================================================================================================================
200 autonomous 118-BACKBONE + EQUAL-VALUE SAFE + GATED FINITE-SLOPE HALLEY NumPy Pandrosion
No dependency on previous Python scripts; 118-style homothetic/Mobius starts + 120 equal-value-safe probes + gated finite-slope Halley correction; no Newton/Jacobian fallback path.
========================================================================================================================
case=ks(4,3), seed=1312791395, terms=140, Bezout=81
roots=20/20 success=True trials=45 duplicates=25 failures=0
seconds: generation=0.01, extract=0.24, total=0.25
best_root: residual=6.381e-09, trial=34, Lambda=33617.718561154164, theta=24.000000000000004, startopt_ratio=2.7096497209701796e-05
out=/Users/ivanbesevic/Documents/poussiere/benchmarks/smale17_candidate_suite/200_ks4x3_seed7.json
",16,True,140,35,0.25031495094299316,2.25,45,20,0.3066680431365967,6.381120285882162e-09
1.5646859574064868e-15,81,"4,3",20,1.0,3,25,201,16313,815.65,0,0.0,/Users/ivanbesevic/Documents/poussiere/benchmarks/smale17_candidate_suite/201_ks4x3_seed7.json,4.3131557237566224e-14,3.732559950073991e-13,4.726205792856232,2.6095018407871554e-15,1.0351474697395593e-11,4,20,20,0,0.013013505935668945,7,3714,185.7,,"========================================================================================================================
201 autonomous LOG-STABLE OPTIMAL-PROBE TENSOR-HALLEY NumPy Pandrosion
No dependency on previous Python scripts; 118/120/200 backbone + logarithmic stability + optimal-probe energy + tensorial gated finite-slope Halley; no Newton/Jacobian fallback path.
========================================================================================================================
case=ks(4,3), seed=1312791395, terms=140, Bezout=81
roots=20/20 success=True trials=45 duplicates=25 failures=0
seconds: generation=0.01, extract=0.25, total=0.26
best_root: residual=9.477e-09, trial=34, Lambda=33617.718561154164, theta=24.000000000000004, startopt_ratio=2.7096497209701796e-05
out=/Users/ivanbesevic/Documents/poussiere/benchmarks/smale17_candidate_suite/201_ks4x3_seed7.json
",16,True,140,35,0.2602701187133789,2.25,45,20,0.3170149326324463,9.477317922078742e-09
1.511086543539286e-15,81,"4,3",20,1.0,3,4,301,11823,591.15,15,0.75,/Users/ivanbesevic/Documents/poussiere/benchmarks/smale17_candidate_suite/301_ks4x3_seed7.json,3.4554592547771755e-13,1.7723498950223367e-15,4.385186349606283,2.9324312792267664e-15,1.9446341466721254e-14,4,20,20,0,0.010715305805206299,7,2864,143.2,,"========================================================================================================================
301 autonomous ANCHORED FULL-CUBIC HALLEY NumPy Pandrosion
No dependency on previous Python scripts; anchored divided-difference Q plus full cubic finite-slope Halley only; no raw Pandrosion-step acceptance, no Newton/Jacobian fallback path.
========================================================================================================================
case=ks(4,3), seed=1312791395, terms=140, Bezout=81
roots=20/20 success=True trials=39 duplicates=4 failures=15
seconds: generation=0.01, extract=0.21, total=0.21
best_root: residual=4.878e-15, trial=1, Lambda=356304.8104436325, theta=116.00000000000001, startopt_ratio=0.0001663759313463648
out=/Users/ivanbesevic/Documents/poussiere/benchmarks/smale17_candidate_suite/301_ks4x3_seed7.json
",15,True,140,35,0.21430611610412598,1.95,39,20,0.27010393142700195,3.9693314100547216e-09
1.4228624520802642e-15,32,"5,2",20,1.0,2,33,200,15646,782.3,11,0.55,/Users/ivanbesevic/Documents/poussiere/benchmarks/smale17_candidate_suite/200_ks5x2_seed0.json,2.8400885119807173e-14,2.1714722532487073e-14,9.28610645577944,2.1678428176003865e-15,6.390411325652577e-14,5,20,20,0,0.01176670789718628,0,3158,157.9,,"========================================================================================================================
200 autonomous 118-BACKBONE + EQUAL-VALUE SAFE + GATED FINITE-SLOPE HALLEY NumPy Pandrosion
No dependency on previous Python scripts; 118-style homothetic/Mobius starts + 120 equal-value-safe probes + gated finite-slope Halley correction; no Newton/Jacobian fallback path.
========================================================================================================================
case=ks(5,2), seed=1312772530, terms=105, Bezout=32
roots=20/20 success=True trials=64 duplicates=33 failures=11
seconds: generation=0.01, extract=0.23, total=0.24
best_root: residual=1.512e-09, trial=12, Lambda=111202.09954002744, theta=18.0, startopt_ratio=0.001225045230377573
out=/Users/ivanbesevic/Documents/poussiere/benchmarks/smale17_candidate_suite/200_ks5x2_seed0.json
",15,True,105,21,0.23533415794372559,3.2,64,20,0.29144906997680664,3.6973074182487867e-09
1.4998287152352736e-15,32,"5,2",20,1.0,2,33,201,15646,782.3,11,0.55,/Users/ivanbesevic/Documents/poussiere/benchmarks/smale17_candidate_suite/201_ks5x2_seed0.json,3.2076032105522416e-14,1.479900486348946e-14,9.286106455951714,2.001091825352011e-15,1.0035728370269376e-13,5,20,20,0,0.012288856506347656,0,3158,157.9,,"========================================================================================================================
201 autonomous LOG-STABLE OPTIMAL-PROBE TENSOR-HALLEY NumPy Pandrosion
No dependency on previous Python scripts; 118/120/200 backbone + logarithmic stability + optimal-probe energy + tensorial gated finite-slope Halley; no Newton/Jacobian fallback path.
========================================================================================================================
case=ks(5,2), seed=1312772530, terms=105, Bezout=32
roots=20/20 success=True trials=64 duplicates=33 failures=11
seconds: generation=0.01, extract=0.24, total=0.25
best_root: residual=2.490e-09, trial=12, Lambda=111202.09954002744, theta=18.0, startopt_ratio=0.001225045230377573
out=/Users/ivanbesevic/Documents/poussiere/benchmarks/smale17_candidate_suite/201_ks5x2_seed0.json
",12,True,105,21,0.24577713012695312,3.2,64,20,0.30375194549560547,5.663095238658673e-09
1.8157376394455478e-15,32,"5,2",20,1.0,2,55,301,25231,1261.55,16,0.8,/Users/ivanbesevic/Documents/poussiere/benchmarks/smale17_candidate_suite/301_ks5x2_seed0.json,1.8324062015184766e-14,6.820809418368854e-15,9.653591569622156,3.2009039821549097e-15,2.5531267629035526e-14,5,20,20,0,0.022207558155059814,0,5784,289.2,,"========================================================================================================================
301 autonomous ANCHORED FULL-CUBIC HALLEY NumPy Pandrosion
No dependency on previous Python scripts; anchored divided-difference Q plus full cubic finite-slope Halley only; no raw Pandrosion-step acceptance, no Newton/Jacobian fallback path.
========================================================================================================================
case=ks(5,2), seed=1312772530, terms=105, Bezout=32
roots=20/20 success=True trials=91 duplicates=55 failures=16
seconds: generation=0.01, extract=0.44, total=0.44
best_root: residual=1.980e-13, trial=41, Lambda=1048576.0, theta=140.0, startopt_ratio=0.07290000399269257
out=/Users/ivanbesevic/Documents/poussiere/benchmarks/smale17_candidate_suite/301_ks5x2_seed0.json
",17,True,105,21,0.4441511631011963,4.55,91,20,0.5008261203765869,1.4714301557183294e-09
1.487336976737884e-15,32,"5,2",20,1.0,2,54,200,20381,1019.05,18,0.9,/Users/ivanbesevic/Documents/poussiere/benchmarks/smale17_candidate_suite/200_ks5x2_seed1.json,6.417242744580076e-15,1.3158368981870602e-12,8.818557904120096,1.6472583861754104e-15,4.705612593143512e-12,5,20,20,0,0.015153098106384277,1,4070,203.5,,"========================================================================================================================
200 autonomous 118-BACKBONE + EQUAL-VALUE SAFE + GATED FINITE-SLOPE HALLEY NumPy Pandrosion
No dependency on previous Python scripts; 118-style homothetic/Mobius starts + 120 equal-value-safe probes + gated finite-slope Halley correction; no Newton/Jacobian fallback path.
========================================================================================================================
case=ks(5,2), seed=579057075, terms=105, Bezout=32
roots=20/20 success=True trials=92 duplicates=54 failures=18
seconds: generation=0.01, extract=0.29, total=0.30
best_root: residual=2.661e-15, trial=20, Lambda=496874.6237714528, theta=80.0, startopt_ratio=0.0072250509382205015
out=/Users/ivanbesevic/Documents/poussiere/benchmarks/smale17_candidate_suite/200_ks5x2_seed1.json
",16,True,105,21,0.30306196212768555,4.6,92,20,0.3599722385406494,3.675922280293807e-09
1.3137069015444054e-15,32,"5,2",20,1.0,2,54,201,20390,1019.5,18,0.9,/Users/ivanbesevic/Documents/poussiere/benchmarks/smale17_candidate_suite/201_ks5x2_seed1.json,7.537261513809702e-15,2.438260314525879e-12,8.818557904062304,2.3033217840496508e-15,8.465490551859194e-12,5,20,20,0,0.015803194046020506,1,4076,203.8,,"========================================================================================================================
201 autonomous LOG-STABLE OPTIMAL-PROBE TENSOR-HALLEY NumPy Pandrosion
No dependency on previous Python scripts; 118/120/200 backbone + logarithmic stability + optimal-probe energy + tensorial gated finite-slope Halley; no Newton/Jacobian fallback path.
========================================================================================================================
case=ks(5,2), seed=579057075, terms=105, Bezout=32
roots=20/20 success=True trials=92 duplicates=54 failures=18
seconds: generation=0.01, extract=0.31, total=0.32
best_root: residual=4.443e-15, trial=20, Lambda=496874.6237714528, theta=80.0, startopt_ratio=0.0072250509382205015
out=/Users/ivanbesevic/Documents/poussiere/benchmarks/smale17_candidate_suite/201_ks5x2_seed1.json
",14,True,105,21,0.31606388092041016,4.6,92,20,0.3745310306549072,7.181218760031994e-09
8.325588411920918e-16,32,"5,2",20,1.0,2,55,301,22072,1103.6,17,0.85,/Users/ivanbesevic/Documents/poussiere/benchmarks/smale17_candidate_suite/301_ks5x2_seed1.json,4.0194366942304644e-14,3.2735916733787935e-15,8.57884496902027,2.1632063526880567e-15,1.393805308722557e-14,5,20,20,0,0.019491589069366454,1,5010,250.5,,"========================================================================================================================
301 autonomous ANCHORED FULL-CUBIC HALLEY NumPy Pandrosion
No dependency on previous Python scripts; anchored divided-difference Q plus full cubic finite-slope Halley only; no raw Pandrosion-step acceptance, no Newton/Jacobian fallback path.
========================================================================================================================
case=ks(5,2), seed=579057075, terms=105, Bezout=32
roots=20/20 success=True trials=92 duplicates=55 failures=17
seconds: generation=0.01, extract=0.38, total=0.39
best_root: residual=1.295e-11, trial=90, Lambda=4.081110223674671, theta=6.000000000000001, startopt_ratio=0.0018972012198229412
out=/Users/ivanbesevic/Documents/poussiere/benchmarks/smale17_candidate_suite/301_ks5x2_seed1.json
",15,True,105,21,0.3898317813873291,4.6,92,20,0.4465320110321045,5.019970906634631e-09
1.3495033736202998e-15,32,"5,2",20,1.0,2,68,200,27434,1371.7,25,1.25,/Users/ivanbesevic/Documents/poussiere/benchmarks/smale17_candidate_suite/200_ks5x2_seed2.json,1.172002802772449e-14,5.238855056775294e-13,8.784328056267984,2.20975694394777e-15,4.441025147369553e-12,5,20,20,0,0.020032501220703124,2,5396,269.8,,"========================================================================================================================
200 autonomous 118-BACKBONE + EQUAL-VALUE SAFE + GATED FINITE-SLOPE HALLEY NumPy Pandrosion
No dependency on previous Python scripts; 118-style homothetic/Mobius starts + 120 equal-value-safe probes + gated finite-slope Halley correction; no Newton/Jacobian fallback path.
========================================================================================================================
case=ks(5,2), seed=918334497, terms=105, Bezout=32
roots=20/20 success=True trials=113 duplicates=68 failures=25
seconds: generation=0.01, extract=0.39, total=0.40
best_root: residual=4.441e-12, trial=53, Lambda=748.01313827549, theta=128.0, startopt_ratio=0.001447085810744251
out=/Users/ivanbesevic/Documents/poussiere/benchmarks/smale17_candidate_suite/200_ks5x2_seed2.json
",12,True,105,21,0.4006500244140625,5.65,113,20,0.45833396911621094,2.89134903332941e-09
1.9397156336316165e-15,32,"5,2",20,1.0,2,68,201,27494,1374.7,25,1.25,/Users/ivanbesevic/Documents/poussiere/benchmarks/smale17_candidate_suite/201_ks5x2_seed2.json,7.676260952214569e-15,1.1596833274316503e-12,8.784328056244739,2.3163165717437498e-15,9.83998906116445e-12,5,20,20,0,0.020595061779022216,2,5408,270.4,,"========================================================================================================================
201 autonomous LOG-STABLE OPTIMAL-PROBE TENSOR-HALLEY NumPy Pandrosion
No dependency on previous Python scripts; 118/120/200 backbone + logarithmic stability + optimal-probe energy + tensorial gated finite-slope Halley; no Newton/Jacobian fallback path.
========================================================================================================================
case=ks(5,2), seed=918334497, terms=105, Bezout=32
roots=20/20 success=True trials=113 duplicates=68 failures=25
seconds: generation=0.01, extract=0.40, total=0.41
best_root: residual=9.840e-12, trial=53, Lambda=748.01313827549, theta=128.0, startopt_ratio=0.001447085810744251
out=/Users/ivanbesevic/Documents/poussiere/benchmarks/smale17_candidate_suite/201_ks5x2_seed2.json
",13,True,105,21,0.41190123558044434,5.65,113,20,0.4697129726409912,5.274417019784439e-09
3.441455291961335e-15,32,"5,2",20,1.0,2,36,301,17830,891.5,8,0.4,/Users/ivanbesevic/Documents/poussiere/benchmarks/smale17_candidate_suite/301_ks5x2_seed2.json,1.680512433959125e-14,4.052547602207936e-15,10.220706426079914,2.2977654630466403e-15,9.195477075734296e-15,5,20,20,0,0.01604984998703003,2,4090,204.5,,"========================================================================================================================
301 autonomous ANCHORED FULL-CUBIC HALLEY NumPy Pandrosion
No dependency on previous Python scripts; anchored divided-difference Q plus full cubic finite-slope Halley only; no raw Pandrosion-step acceptance, no Newton/Jacobian fallback path.
========================================================================================================================
case=ks(5,2), seed=918334497, terms=105, Bezout=32
roots=20/20 success=True trials=64 duplicates=36 failures=8
seconds: generation=0.01, extract=0.31, total=0.32
best_root: residual=7.156e-15, trial=9, Lambda=1048576.0, theta=90.0, startopt_ratio=0.0012249987516641612
out=/Users/ivanbesevic/Documents/poussiere/benchmarks/smale17_candidate_suite/301_ks5x2_seed2.json
",17,True,105,21,0.3209969997406006,3.2,64,20,0.3774740695953369,5.887837022908082e-09
1.151276259109623e-15,32,"5,2",20,1.0,2,58,200,22719,1135.95,17,0.85,/Users/ivanbesevic/Documents/poussiere/benchmarks/smale17_candidate_suite/200_ks5x2_seed3.json,1.634706798308546e-14,1.6835532565042096e-14,8.621901691227826,2.095839108071912e-15,3.6583701794017206e-14,5,20,20,0,0.01678769588470459,3,4476,223.8,,"========================================================================================================================
200 autonomous 118-BACKBONE + EQUAL-VALUE SAFE + GATED FINITE-SLOPE HALLEY NumPy Pandrosion
No dependency on previous Python scripts; 118-style homothetic/Mobius starts + 120 equal-value-safe probes + gated finite-slope Halley correction; no Newton/Jacobian fallback path.
========================================================================================================================
case=ks(5,2), seed=508800681, terms=105, Bezout=32
roots=20/20 success=True trials=95 duplicates=58 failures=17
seconds: generation=0.01, extract=0.33, total=0.34
best_root: residual=3.658e-14, trial=8, Lambda=1048576.0, theta=56.0, startopt_ratio=0.0017588793068739966
out=/Users/ivanbesevic/Documents/poussiere/benchmarks/smale17_candidate_suite/200_ks5x2_seed3.json
",15,True,105,21,0.3357539176940918,4.75,95,20,0.393359899520874,3.560507179910814e-09
2.5395972510939554e-15,32,"5,2",20,1.0,2,58,201,22867,1143.35,17,0.85,/Users/ivanbesevic/Documents/poussiere/benchmarks/smale17_candidate_suite/201_ks5x2_seed3.json,1.5359645649156717e-14,2.6098393073847863e-14,8.62190169122763,2.4302885599160413e-15,7.627735156646329e-14,5,20,20,0,0.017341601848602294,3,4500,225.0,,"========================================================================================================================
201 autonomous LOG-STABLE OPTIMAL-PROBE TENSOR-HALLEY NumPy Pandrosion
No dependency on previous Python scripts; 118/120/200 backbone + logarithmic stability + optimal-probe energy + tensorial gated finite-slope Halley; no Newton/Jacobian fallback path.
========================================================================================================================
case=ks(5,2), seed=508800681, terms=105, Bezout=32
roots=20/20 success=True trials=95 duplicates=58 failures=17
seconds: generation=0.01, extract=0.34, total=0.35
best_root: residual=7.628e-14, trial=8, Lambda=1048576.0, theta=56.0, startopt_ratio=0.0017588793068739966
out=/Users/ivanbesevic/Documents/poussiere/benchmarks/smale17_candidate_suite/201_ks5x2_seed3.json
",15,True,105,21,0.3468320369720459,4.75,95,20,0.4042351245880127,5.086747124844681e-09
3.778277111831141e-15,32,"5,2",20,1.0,2,39,301,16638,831.9,10,0.5,/Users/ivanbesevic/Documents/poussiere/benchmarks/smale17_candidate_suite/301_ks5x2_seed3.json,1.722957397604427e-14,4.3168406724278204e-15,8.621901691226384,2.7269542741670894e-15,2.8200757543505397e-14,5,20,20,0,0.014749062061309815,3,3764,188.2,,"========================================================================================================================
301 autonomous ANCHORED FULL-CUBIC HALLEY NumPy Pandrosion
No dependency on previous Python scripts; anchored divided-difference Q plus full cubic finite-slope Halley only; no raw Pandrosion-step acceptance, no Newton/Jacobian fallback path.
========================================================================================================================
case=ks(5,2), seed=508800681, terms=105, Bezout=32
roots=20/20 success=True trials=69 duplicates=39 failures=10
seconds: generation=0.01, extract=0.29, total=0.29
best_root: residual=2.579e-13, trial=64, Lambda=313.6220508231788, theta=100.0, startopt_ratio=0.000620543272585155
out=/Users/ivanbesevic/Documents/poussiere/benchmarks/smale17_candidate_suite/301_ks5x2_seed3.json
",14,True,105,21,0.2949812412261963,3.45,69,20,0.35263586044311523,7.138786266965246e-09
1.6136471996107275e-15,32,"5,2",20,1.0,2,39,200,18685,934.25,10,0.5,/Users/ivanbesevic/Documents/poussiere/benchmarks/smale17_candidate_suite/200_ks5x2_seed4.json,3.416890603644046e-14,1.0825623023666204e-13,14.397743218402505,2.081271581995997e-15,3.706941120389714e-13,5,20,20,0,0.014138758182525635,4,3760,188.0,,"========================================================================================================================
200 autonomous 118-BACKBONE + EQUAL-VALUE SAFE + GATED FINITE-SLOPE HALLEY NumPy Pandrosion
No dependency on previous Python scripts; 118-style homothetic/Mobius starts + 120 equal-value-safe probes + gated finite-slope Halley correction; no Newton/Jacobian fallback path.
========================================================================================================================
case=ks(5,2), seed=515968252, terms=105, Bezout=32
roots=20/20 success=True trials=69 duplicates=39 failures=10
seconds: generation=0.01, extract=0.27, total=0.28
best_root: residual=7.119e-15, trial=17, Lambda=1048576.0, theta=152.0, startopt_ratio=0.0009744348743470526
out=/Users/ivanbesevic/Documents/poussiere/benchmarks/smale17_candidate_suite/200_ks5x2_seed4.json
",15,True,105,21,0.2827751636505127,3.45,69,20,0.3388059139251709,2.1670234346910877e-09
1.375792117052491e-15,32,"5,2",20,1.0,2,39,201,18685,934.25,10,0.5,/Users/ivanbesevic/Documents/poussiere/benchmarks/smale17_candidate_suite/201_ks5x2_seed4.json,2.628768063130725e-14,2.936307228857872e-13,14.397743218403189,2.2530301069537756e-15,8.173814857695999e-13,5,20,20,0,0.014340353012084962,4,3760,188.0,,"========================================================================================================================
201 autonomous LOG-STABLE OPTIMAL-PROBE TENSOR-HALLEY NumPy Pandrosion
No dependency on previous Python scripts; 118/120/200 backbone + logarithmic stability + optimal-probe energy + tensorial gated finite-slope Halley; no Newton/Jacobian fallback path.
========================================================================================================================
case=ks(5,2), seed=515968252, terms=105, Bezout=32
roots=20/20 success=True trials=69 duplicates=39 failures=10
seconds: generation=0.01, extract=0.28, total=0.29
best_root: residual=1.763e-14, trial=17, Lambda=1048576.0, theta=152.0, startopt_ratio=0.0009744348743470526
out=/Users/ivanbesevic/Documents/poussiere/benchmarks/smale17_candidate_suite/201_ks5x2_seed4.json
",14,True,105,21,0.2868070602416992,3.45,69,20,0.3441181182861328,3.305148001962503e-09
3.453868856157474e-15,32,"5,2",20,1.0,2,16,301,13606,680.3,9,0.45,/Users/ivanbesevic/Documents/poussiere/benchmarks/smale17_candidate_suite/301_ks5x2_seed4.json,2.5822412863435213e-14,3.3132470168735634e-14,16.099941544428866,2.742162792479778e-15,1.3185608050032667e-13,5,20,20,0,0.012298142910003662,4,3160,158.0,,"========================================================================================================================
301 autonomous ANCHORED FULL-CUBIC HALLEY NumPy Pandrosion
No dependency on previous Python scripts; anchored divided-difference Q plus full cubic finite-slope Halley only; no raw Pandrosion-step acceptance, no Newton/Jacobian fallback path.
========================================================================================================================
case=ks(5,2), seed=515968252, terms=105, Bezout=32
roots=20/20 success=True trials=45 duplicates=16 failures=9
seconds: generation=0.01, extract=0.24, total=0.25
best_root: residual=4.326e-13, trial=6, Lambda=1048576.0, theta=116.00000000000001, startopt_ratio=0.15999999287259414
out=/Users/ivanbesevic/Documents/poussiere/benchmarks/smale17_candidate_suite/301_ks5x2_seed4.json
",13,True,105,21,0.24596285820007324,2.25,45,20,0.3014872074127197,5.586310682263673e-09
7.142680465120772e-16,32,"5,2",20,1.0,2,30,200,16121,806.05,18,0.9,/Users/ivanbesevic/Documents/poussiere/benchmarks/smale17_candidate_suite/200_ks5x2_seed5.json,3.275440170573378e-14,7.467912799044524e-14,7.547728450894956,2.453614227671195e-15,1.9755049418885136e-13,5,20,20,0,0.012402200698852539,5,3340,167.0,,"========================================================================================================================
200 autonomous 118-BACKBONE + EQUAL-VALUE SAFE + GATED FINITE-SLOPE HALLEY NumPy Pandrosion
No dependency on previous Python scripts; 118-style homothetic/Mobius starts + 120 equal-value-safe probes + gated finite-slope Halley correction; no Newton/Jacobian fallback path.
========================================================================================================================
case=ks(5,2), seed=549339166, terms=105, Bezout=32
roots=20/20 success=True trials=68 duplicates=30 failures=18
seconds: generation=0.01, extract=0.24, total=0.25
best_root: residual=4.534e-15, trial=20, Lambda=10537.974087052364, theta=24.000000000000004, startopt_ratio=0.0072262527419945525
out=/Users/ivanbesevic/Documents/poussiere/benchmarks/smale17_candidate_suite/200_ks5x2_seed5.json
",17,True,105,21,0.24804401397705078,3.4,68,20,0.30474400520324707,1.6477846519208307e-09
1.4136282786843916e-15,32,"5,2",20,1.0,2,30,201,16121,806.05,18,0.9,/Users/ivanbesevic/Documents/poussiere/benchmarks/smale17_candidate_suite/201_ks5x2_seed5.json,2.781856480880731e-14,1.8119007738354366e-13,7.547728450912222,1.9585724874583558e-15,5.28075145422117e-13,5,20,20,0,0.012721645832061767,5,3340,167.0,,"========================================================================================================================
201 autonomous LOG-STABLE OPTIMAL-PROBE TENSOR-HALLEY NumPy Pandrosion
No dependency on previous Python scripts; 118/120/200 backbone + logarithmic stability + optimal-probe energy + tensorial gated finite-slope Halley; no Newton/Jacobian fallback path.
========================================================================================================================
case=ks(5,2), seed=549339166, terms=105, Bezout=32
roots=20/20 success=True trials=68 duplicates=30 failures=18
seconds: generation=0.01, extract=0.25, total=0.25
best_root: residual=6.326e-15, trial=20, Lambda=10537.974087052364, theta=24.000000000000004, startopt_ratio=0.0072262527419945525
out=/Users/ivanbesevic/Documents/poussiere/benchmarks/smale17_candidate_suite/201_ks5x2_seed5.json
",16,True,105,21,0.25443291664123535,3.4,68,20,0.3109109401702881,2.240516269650262e-09
3.3939065708105725e-15,32,"5,2",20,1.0,2,26,301,16875,843.75,23,1.15,/Users/ivanbesevic/Documents/poussiere/benchmarks/smale17_candidate_suite/301_ks5x2_seed5.json,8.959162745828316e-15,2.855283693492994e-15,7.494166494315596,1.831261446108784e-15,1.363191580351183e-14,5,20,20,0,0.015144944190979004,5,3834,191.7,,"========================================================================================================================
301 autonomous ANCHORED FULL-CUBIC HALLEY NumPy Pandrosion
No dependency on previous Python scripts; anchored divided-difference Q plus full cubic finite-slope Halley only; no raw Pandrosion-step acceptance, no Newton/Jacobian fallback path.
========================================================================================================================
case=ks(5,2), seed=549339166, terms=105, Bezout=32
roots=20/20 success=True trials=69 duplicates=26 failures=23
seconds: generation=0.01, extract=0.29, total=0.30
best_root: residual=5.350e-15, trial=5, Lambda=54196.77506235822, theta=64.0, startopt_ratio=0.07289575591870265
out=/Users/ivanbesevic/Documents/poussiere/benchmarks/smale17_candidate_suite/301_ks5x2_seed5.json
",14,True,105,21,0.3028988838195801,3.45,69,20,0.3588371276855469,6.851225175123633e-09
1.148423626505646e-15,32,"5,2",20,1.0,2,59,200,23078,1153.9,16,0.8,/Users/ivanbesevic/Documents/poussiere/benchmarks/smale17_candidate_suite/200_ks5x2_seed6.json,6.361539179744168e-15,4.1981058866161e-14,7.6599879657117835,1.663336532647652e-15,1.4391595433294458e-13,5,20,20,0,0.01677805185317993,6,4522,226.1,,"========================================================================================================================
200 autonomous 118-BACKBONE + EQUAL-VALUE SAFE + GATED FINITE-SLOPE HALLEY NumPy Pandrosion
No dependency on previous Python scripts; 118-style homothetic/Mobius starts + 120 equal-value-safe probes + gated finite-slope Halley correction; no Newton/Jacobian fallback path.
========================================================================================================================
case=ks(5,2), seed=2139449542, terms=105, Bezout=32
roots=20/20 success=True trials=95 duplicates=59 failures=16
seconds: generation=0.01, extract=0.33, total=0.34
best_root: residual=3.783e-12, trial=21, Lambda=21673.503727156363, theta=72.0, startopt_ratio=0.014399960734928592
out=/Users/ivanbesevic/Documents/poussiere/benchmarks/smale17_candidate_suite/200_ks5x2_seed6.json
",18,True,105,21,0.33556103706359863,4.75,95,20,0.39311981201171875,3.9842402742612975e-09
1.0488523176472411e-15,32,"5,2",20,1.0,2,59,201,23138,1156.9,16,0.8,/Users/ivanbesevic/Documents/poussiere/benchmarks/smale17_candidate_suite/201_ks5x2_seed6.json,4.891600313707879e-15,1.0189523338378843e-13,7.659987965712282,1.707546769473952e-15,3.5265119855067405e-13,5,20,20,0,0.017357802391052245,6,4534,226.7,,"========================================================================================================================
201 autonomous LOG-STABLE OPTIMAL-PROBE TENSOR-HALLEY NumPy Pandrosion
No dependency on previous Python scripts; 118/120/200 backbone + logarithmic stability + optimal-probe energy + tensorial gated finite-slope Halley; no Newton/Jacobian fallback path.
========================================================================================================================
case=ks(5,2), seed=2139449542, terms=105, Bezout=32
roots=20/20 success=True trials=95 duplicates=59 failures=16
seconds: generation=0.01, extract=0.34, total=0.35
best_root: residual=9.109e-12, trial=21, Lambda=21673.503727156363, theta=72.0, startopt_ratio=0.014399960734928592
out=/Users/ivanbesevic/Documents/poussiere/benchmarks/smale17_candidate_suite/201_ks5x2_seed6.json
",18,True,105,21,0.3471560478210449,4.75,95,20,0.40473127365112305,5.923740213860988e-09
1.279337099825094e-15,32,"5,2",20,1.0,2,25,301,16750,837.5,35,1.75,/Users/ivanbesevic/Documents/poussiere/benchmarks/smale17_candidate_suite/301_ks5x2_seed6.json,8.140289677804162e-15,2.141665458589139e-14,7.619696592183463,2.1310418089008956e-15,1.3652520467976675e-13,5,20,20,0,0.014876461029052735,6,3752,187.6,,"========================================================================================================================
301 autonomous ANCHORED FULL-CUBIC HALLEY NumPy Pandrosion
No dependency on previous Python scripts; anchored divided-difference Q plus full cubic finite-slope Halley only; no raw Pandrosion-step acceptance, no Newton/Jacobian fallback path.
========================================================================================================================
case=ks(5,2), seed=2139449542, terms=105, Bezout=32
roots=20/20 success=True trials=80 duplicates=25 failures=35
seconds: generation=0.01, extract=0.29, total=0.30
best_root: residual=2.426e-12, trial=30, Lambda=2921.335327468223, theta=152.0, startopt_ratio=0.0012253047379387266
out=/Users/ivanbesevic/Documents/poussiere/benchmarks/smale17_candidate_suite/301_ks5x2_seed6.json
",17,True,105,21,0.2975292205810547,4.0,80,20,0.3550431728363037,3.2346983949132813e-09
1.508024561581292e-15,32,"5,2",20,1.0,2,29,200,18128,906.4,21,1.05,/Users/ivanbesevic/Documents/poussiere/benchmarks/smale17_candidate_suite/200_ks5x2_seed7.json,5.013489861623786e-14,2.041156616755434e-12,7.0396179217998025,2.260149716506612e-15,4.97048457892765e-12,5,20,20,0,0.013615059852600097,7,3714,185.7,,"========================================================================================================================
200 autonomous 118-BACKBONE + EQUAL-VALUE SAFE + GATED FINITE-SLOPE HALLEY NumPy Pandrosion
No dependency on previous Python scripts; 118-style homothetic/Mobius starts + 120 equal-value-safe probes + gated finite-slope Halley correction; no Newton/Jacobian fallback path.
========================================================================================================================
case=ks(5,2), seed=1891283395, terms=105, Bezout=32
roots=20/20 success=True trials=70 duplicates=29 failures=21
seconds: generation=0.01, extract=0.26, total=0.27
best_root: residual=7.411e-12, trial=19, Lambda=1048576.0, theta=64.0, startopt_ratio=0.0030249961635562496
out=/Users/ivanbesevic/Documents/poussiere/benchmarks/smale17_candidate_suite/200_ks5x2_seed7.json
",14,True,105,21,0.27230119705200195,3.5,70,20,0.3282938003540039,8.841812098774193e-09
2.733748078408146e-15,32,"5,2",20,1.0,2,34,201,20024,1001.2,26,1.3,/Users/ivanbesevic/Documents/poussiere/benchmarks/smale17_candidate_suite/201_ks5x2_seed7.json,1.3747053888270339e-14,3.525877326692295e-13,7.187597055059687,1.7605736416934756e-15,2.6330180164936927e-12,5,20,20,0,0.015071403980255128,7,3888,194.4,,"========================================================================================================================
201 autonomous LOG-STABLE OPTIMAL-PROBE TENSOR-HALLEY NumPy Pandrosion
No dependency on previous Python scripts; 118/120/200 backbone + logarithmic stability + optimal-probe energy + tensorial gated finite-slope Halley; no Newton/Jacobian fallback path.
========================================================================================================================
case=ks(5,2), seed=1891283395, terms=105, Bezout=32
roots=20/20 success=True trials=80 duplicates=34 failures=26
seconds: generation=0.01, extract=0.29, total=0.30
best_root: residual=1.309e-11, trial=19, Lambda=1048576.0, theta=64.0, startopt_ratio=0.0030249961635562496
out=/Users/ivanbesevic/Documents/poussiere/benchmarks/smale17_candidate_suite/201_ks5x2_seed7.json
",15,True,105,21,0.30142807960510254,4.0,80,20,0.359774112701416,4.185778083783265e-09
4.806525277255028e-15,32,"5,2",20,1.0,2,26,301,15862,793.1,5,0.25,/Users/ivanbesevic/Documents/poussiere/benchmarks/smale17_candidate_suite/301_ks5x2_seed7.json,8.251579053847122e-15,4.101796854132465e-15,7.658803938589958,2.1134760041283076e-15,1.9100999153570946e-14,5,20,20,0,0.014350295066833496,7,3658,182.9,,"========================================================================================================================
301 autonomous ANCHORED FULL-CUBIC HALLEY NumPy Pandrosion
No dependency on previous Python scripts; anchored divided-difference Q plus full cubic finite-slope Halley only; no raw Pandrosion-step acceptance, no Newton/Jacobian fallback path.
========================================================================================================================
case=ks(5,2), seed=1891283395, terms=105, Bezout=32
roots=20/20 success=True trials=51 duplicates=26 failures=5
seconds: generation=0.01, extract=0.28, total=0.29
best_root: residual=1.910e-14, trial=12, Lambda=1048576.0, theta=72.0, startopt_ratio=0.0012250025082104962
out=/Users/ivanbesevic/Documents/poussiere/benchmarks/smale17_candidate_suite/301_ks5x2_seed7.json
",18,True,105,21,0.2870059013366699,2.55,51,20,0.344027042388916,2.08691714001851e-09
2.1333911138316658e-15,64,"6,2",20,1.0,2,11,200,10903,545.15,17,0.85,/Users/ivanbesevic/Documents/poussiere/benchmarks/smale17_candidate_suite/200_ks6x2_seed0.json,7.179632983345004e-15,2.2535107432205608e-13,8.731548662798318,2.340937479038926e-15,1.0653318960204405e-12,6,20,20,0,0.009180557727813721,0,2260,113.0,,"========================================================================================================================
200 autonomous 118-BACKBONE + EQUAL-VALUE SAFE + GATED FINITE-SLOPE HALLEY NumPy Pandrosion
No dependency on previous Python scripts; 118-style homothetic/Mobius starts + 120 equal-value-safe probes + gated finite-slope Halley correction; no Newton/Jacobian fallback path.
========================================================================================================================
case=ks(6,2), seed=1944501729, terms=168, Bezout=64
roots=20/20 success=True trials=48 duplicates=11 failures=17
seconds: generation=0.01, extract=0.17, total=0.18
best_root: residual=1.858e-10, trial=34, Lambda=5105.316359304669, theta=94.0, startopt_ratio=0.0006727258828523501
out=/Users/ivanbesevic/Documents/poussiere/benchmarks/smale17_candidate_suite/200_ks6x2_seed0.json
",16,True,168,28,0.18361115455627441,2.4,48,20,0.24201297760009766,7.635677799202763e-09
1.6422765583542515e-15,64,"6,2",20,1.0,2,11,201,10926,546.3,17,0.85,/Users/ivanbesevic/Documents/poussiere/benchmarks/smale17_candidate_suite/201_ks6x2_seed0.json,7.705459692291254e-15,2.396424222476339e-13,8.731548662789463,2.456251009830153e-15,9.84097261402264e-13,6,20,20,0,0.009440100193023682,0,2266,113.3,,"========================================================================================================================
201 autonomous LOG-STABLE OPTIMAL-PROBE TENSOR-HALLEY NumPy Pandrosion
No dependency on previous Python scripts; 118/120/200 backbone + logarithmic stability + optimal-probe energy + tensorial gated finite-slope Halley; no Newton/Jacobian fallback path.
========================================================================================================================
case=ks(6,2), seed=1944501729, terms=168, Bezout=64
roots=20/20 success=True trials=48 duplicates=11 failures=17
seconds: generation=0.01, extract=0.18, total=0.19
best_root: residual=2.836e-10, trial=34, Lambda=5105.316359304669, theta=94.0, startopt_ratio=0.0006727258828523501
out=/Users/ivanbesevic/Documents/poussiere/benchmarks/smale17_candidate_suite/201_ks6x2_seed0.json
",17,True,168,28,0.18880200386047363,2.4,48,20,0.2457118034362793,9.567808874665091e-09
6.274479225496417e-15,64,"6,2",20,1.0,2,17,301,12059,602.95,5,0.25,/Users/ivanbesevic/Documents/poussiere/benchmarks/smale17_candidate_suite/301_ks6x2_seed0.json,1.443119118362539e-14,3.4430067155355956e-14,9.233194975978336,2.421268342824033e-15,2.558089972720477e-13,6,20,20,0,0.011784505844116212,0,2736,136.8,,"========================================================================================================================
301 autonomous ANCHORED FULL-CUBIC HALLEY NumPy Pandrosion
No dependency on previous Python scripts; anchored divided-difference Q plus full cubic finite-slope Halley only; no raw Pandrosion-step acceptance, no Newton/Jacobian fallback path.
========================================================================================================================
case=ks(6,2), seed=1944501729, terms=168, Bezout=64
roots=20/20 success=True trials=42 duplicates=17 failures=5
seconds: generation=0.01, extract=0.23, total=0.24
best_root: residual=1.226e-10, trial=11, Lambda=542401.1946679661, theta=86.0, startopt_ratio=0.001212983105697585
out=/Users/ivanbesevic/Documents/poussiere/benchmarks/smale17_candidate_suite/301_ks6x2_seed0.json
",13,True,168,28,0.23569011688232422,2.1,42,20,0.29378509521484375,7.954592024048668e-09
8.35207654333374e-16,64,"6,2",20,1.0,2,15,200,11552,577.6,15,0.75,/Users/ivanbesevic/Documents/poussiere/benchmarks/smale17_candidate_suite/200_ks6x2_seed1.json,1.0463280592500296e-14,5.531957613529934e-15,8.738241766024256,3.200477164610966e-15,4.077875013109461e-14,6,20,20,0,0.009652459621429443,1,2408,120.4,,"========================================================================================================================
200 autonomous 118-BACKBONE + EQUAL-VALUE SAFE + GATED FINITE-SLOPE HALLEY NumPy Pandrosion
No dependency on previous Python scripts; 118-style homothetic/Mobius starts + 120 equal-value-safe probes + gated finite-slope Halley correction; no Newton/Jacobian fallback path.
========================================================================================================================
case=ks(6,2), seed=1642342212, terms=168, Bezout=64
roots=20/20 success=True trials=50 duplicates=15 failures=15
seconds: generation=0.01, extract=0.18, total=0.19
best_root: residual=8.352e-16, trial=0, Lambda=1.2339460808244847e-06, theta=0.0, startopt_ratio=0.9999999613833072
out=/Users/ivanbesevic/Documents/poussiere/benchmarks/smale17_candidate_suite/200_ks6x2_seed1.json
",15,True,168,28,0.19304919242858887,2.5,50,20,0.2499220371246338,4.765518923703427e-09
1.0751479677798862e-15,64,"6,2",20,1.0,2,15,201,11552,577.6,15,0.75,/Users/ivanbesevic/Documents/poussiere/benchmarks/smale17_candidate_suite/201_ks6x2_seed1.json,2.6073227859738637e-14,1.5266276629071496e-14,8.738241766024242,3.403390627069473e-15,1.0926056991455067e-13,6,20,20,0,0.009963750839233398,1,2408,120.4,,"========================================================================================================================
201 autonomous LOG-STABLE OPTIMAL-PROBE TENSOR-HALLEY NumPy Pandrosion
No dependency on previous Python scripts; 118/120/200 backbone + logarithmic stability + optimal-probe energy + tensorial gated finite-slope Halley; no Newton/Jacobian fallback path.
========================================================================================================================
case=ks(6,2), seed=1642342212, terms=168, Bezout=64
roots=20/20 success=True trials=50 duplicates=15 failures=15
seconds: generation=0.01, extract=0.19, total=0.20
best_root: residual=1.075e-15, trial=0, Lambda=1.2339460808244847e-06, theta=0.0, startopt_ratio=0.9999999613833072
out=/Users/ivanbesevic/Documents/poussiere/benchmarks/smale17_candidate_suite/201_ks6x2_seed1.json
",13,True,168,28,0.19927501678466797,2.5,50,20,0.2553679943084717,6.806572998207445e-09
1.858224904927247e-15,64,"6,2",20,1.0,2,17,301,12923,646.15,9,0.45,/Users/ivanbesevic/Documents/poussiere/benchmarks/smale17_candidate_suite/301_ks6x2_seed1.json,1.9840403012673026e-14,4.452218388287576e-15,8.3781215320816,3.2240478900180653e-15,1.9737317490254217e-14,6,20,20,0,0.012429189682006837,1,2930,146.5,,"========================================================================================================================
301 autonomous ANCHORED FULL-CUBIC HALLEY NumPy Pandrosion
No dependency on previous Python scripts; anchored divided-difference Q plus full cubic finite-slope Halley only; no raw Pandrosion-step acceptance, no Newton/Jacobian fallback path.
========================================================================================================================
case=ks(6,2), seed=1642342212, terms=168, Bezout=64
roots=20/20 success=True trials=46 duplicates=17 failures=9
seconds: generation=0.01, extract=0.24, total=0.25
best_root: residual=1.540e-11, trial=0, Lambda=1.2339460808244847e-06, theta=0.0, startopt_ratio=0.9999999613833072
out=/Users/ivanbesevic/Documents/poussiere/benchmarks/smale17_candidate_suite/301_ks6x2_seed1.json
",16,True,168,28,0.24858379364013672,2.3,46,20,0.3057589530944824,7.928830744110541e-09
1.804966230688388e-15,64,"6,2",20,1.0,2,14,200,12128,606.4,14,0.7,/Users/ivanbesevic/Documents/poussiere/benchmarks/smale17_candidate_suite/200_ks6x2_seed2.json,4.3992298411654095e-14,1.3761193635457202e-14,9.798080919244214,2.026726629684231e-15,9.721513485576778e-14,6,20,20,0,0.010077500343322754,2,2534,126.7,,"========================================================================================================================
200 autonomous 118-BACKBONE + EQUAL-VALUE SAFE + GATED FINITE-SLOPE HALLEY NumPy Pandrosion
No dependency on previous Python scripts; 118-style homothetic/Mobius starts + 120 equal-value-safe probes + gated finite-slope Halley correction; no Newton/Jacobian fallback path.
========================================================================================================================
case=ks(6,2), seed=1491427429, terms=168, Bezout=64
roots=20/20 success=True trials=48 duplicates=14 failures=14
seconds: generation=0.01, extract=0.19, total=0.20
best_root: residual=1.112e-13, trial=12, Lambda=19110.170886504086, theta=116.00000000000001, startopt_ratio=0.0012249635634309793
out=/Users/ivanbesevic/Documents/poussiere/benchmarks/smale17_candidate_suite/200_ks6x2_seed2.json
",12,True,168,28,0.20155000686645508,2.4,48,20,0.25791478157043457,8.300296043411238e-09
1.2888423398670572e-15,64,"6,2",20,1.0,2,14,201,12114,605.7,14,0.7,/Users/ivanbesevic/Documents/poussiere/benchmarks/smale17_candidate_suite/201_ks6x2_seed2.json,4.2363992531209546e-14,2.3036640319869116e-14,9.798080919064759,2.305770783261087e-15,1.928787252643399e-13,6,20,20,0,0.010322439670562743,2,2534,126.7,,"========================================================================================================================
201 autonomous LOG-STABLE OPTIMAL-PROBE TENSOR-HALLEY NumPy Pandrosion
No dependency on previous Python scripts; 118/120/200 backbone + logarithmic stability + optimal-probe energy + tensorial gated finite-slope Halley; no Newton/Jacobian fallback path.
========================================================================================================================
case=ks(6,2), seed=1491427429, terms=168, Bezout=64
roots=20/20 success=True trials=48 duplicates=14 failures=14
seconds: generation=0.01, extract=0.20, total=0.21
best_root: residual=2.242e-13, trial=12, Lambda=19110.170886504086, theta=116.00000000000001, startopt_ratio=0.0012249635634309793
out=/Users/ivanbesevic/Documents/poussiere/benchmarks/smale17_candidate_suite/201_ks6x2_seed2.json
",12,True,168,28,0.20644879341125488,2.4,48,20,0.263383150100708,9.266768788550234e-09
6.898586760908813e-15,64,"6,2",20,1.0,2,22,301,14601,730.05,7,0.35,/Users/ivanbesevic/Documents/poussiere/benchmarks/smale17_candidate_suite/301_ks6x2_seed2.json,4.325711579826191e-14,4.1121810695050584e-14,14.232403233597834,4.674914829097343e-15,1.3251877995807823e-13,6,20,20,0,0.013706457614898682,2,3320,166.0,,"========================================================================================================================
301 autonomous ANCHORED FULL-CUBIC HALLEY NumPy Pandrosion
No dependency on previous Python scripts; anchored divided-difference Q plus full cubic finite-slope Halley only; no raw Pandrosion-step acceptance, no Newton/Jacobian fallback path.
========================================================================================================================
case=ks(6,2), seed=1491427429, terms=168, Bezout=64
roots=20/20 success=True trials=49 duplicates=22 failures=7
seconds: generation=0.01, extract=0.27, total=0.27
best_root: residual=2.629e-09, trial=8, Lambda=265594.01377470564, theta=48.00000000000001, startopt_ratio=0.0017323914723537117
out=/Users/ivanbesevic/Documents/poussiere/benchmarks/smale17_candidate_suite/301_ks6x2_seed2.json
",14,True,168,28,0.27412915229797363,2.45,49,20,0.32999706268310547,2.628649949606759e-09
2.347275097832166e-15,64,"6,2",20,1.0,2,10,200,10426,521.3,17,0.85,/Users/ivanbesevic/Documents/poussiere/benchmarks/smale17_candidate_suite/200_ks6x2_seed3.json,5.295426327528139e-15,3.925657104975904e-13,9.085266726853547,2.519222573289252e-15,1.825168608883924e-12,6,20,20,0,0.008832097053527832,3,2144,107.2,,"========================================================================================================================
200 autonomous 118-BACKBONE + EQUAL-VALUE SAFE + GATED FINITE-SLOPE HALLEY NumPy Pandrosion
No dependency on previous Python scripts; 118-style homothetic/Mobius starts + 120 equal-value-safe probes + gated finite-slope Halley correction; no Newton/Jacobian fallback path.
========================================================================================================================
case=ks(6,2), seed=431075947, terms=168, Bezout=64
roots=20/20 success=True trials=47 duplicates=10 failures=17
seconds: generation=0.01, extract=0.17, total=0.18
best_root: residual=6.956e-15, trial=5, Lambda=30208.84804564755, theta=56.0, startopt_ratio=0.07289961198727984
out=/Users/ivanbesevic/Documents/poussiere/benchmarks/smale17_candidate_suite/200_ks6x2_seed3.json
",17,True,168,28,0.17664194107055664,2.35,47,20,0.2325599193572998,8.864101233015735e-09
1.5045723833145274e-15,64,"6,2",20,1.0,2,10,201,10463,523.15,17,0.85,/Users/ivanbesevic/Documents/poussiere/benchmarks/smale17_candidate_suite/201_ks6x2_seed3.json,5.330299139033217e-15,2.7869582142471837e-13,9.085266726870064,1.875266657885754e-15,1.1292421076117151e-12,6,20,20,0,0.009011352062225341,3,2150,107.5,,"========================================================================================================================
201 autonomous LOG-STABLE OPTIMAL-PROBE TENSOR-HALLEY NumPy Pandrosion
No dependency on previous Python scripts; 118/120/200 backbone + logarithmic stability + optimal-probe energy + tensorial gated finite-slope Halley; no Newton/Jacobian fallback path.
========================================================================================================================
case=ks(6,2), seed=431075947, terms=168, Bezout=64
roots=20/20 success=True trials=47 duplicates=10 failures=17
seconds: generation=0.01, extract=0.17, total=0.18
best_root: residual=1.467e-14, trial=5, Lambda=30208.84804564755, theta=56.0, startopt_ratio=0.07289961198727984
out=/Users/ivanbesevic/Documents/poussiere/benchmarks/smale17_candidate_suite/201_ks6x2_seed3.json
",18,True,168,28,0.18022704124450684,2.35,47,20,0.23840808868408203,5.622248005562616e-09
2.231045929887776e-15,64,"6,2",20,1.0,2,18,301,12576,628.8,5,0.25,/Users/ivanbesevic/Documents/poussiere/benchmarks/smale17_candidate_suite/301_ks6x2_seed3.json,3.4523651981322026e-14,2.6858546674325307e-15,9.240872525259329,2.7529129016750707e-15,1.0902395754684296e-14,6,20,20,0,0.012307548522949218,3,2852,142.6,,"========================================================================================================================
301 autonomous ANCHORED FULL-CUBIC HALLEY NumPy Pandrosion
No dependency on previous Python scripts; anchored divided-difference Q plus full cubic finite-slope Halley only; no raw Pandrosion-step acceptance, no Newton/Jacobian fallback path.
========================================================================================================================
case=ks(6,2), seed=431075947, terms=168, Bezout=64
roots=20/20 success=True trials=43 duplicates=18 failures=5
seconds: generation=0.01, extract=0.24, total=0.25
best_root: residual=1.325e-14, trial=9, Lambda=522258.34038767614, theta=80.0, startopt_ratio=0.0012250099847844482
out=/Users/ivanbesevic/Documents/poussiere/benchmarks/smale17_candidate_suite/301_ks6x2_seed3.json
",17,True,168,28,0.24615097045898438,2.15,43,20,0.304232120513916,4.332043439894051e-09
1.5556901093616333e-15,64,"6,2",20,1.0,2,15,200,11888,594.4,13,0.65,/Users/ivanbesevic/Documents/poussiere/benchmarks/smale17_candidate_suite/200_ks6x2_seed4.json,8.887333578484258e-15,9.595860392686269e-14,11.637136398404111,2.9381758869826002e-15,4.4717592493110504e-13,6,20,20,0,0.010518550872802734,4,2416,120.8,,"========================================================================================================================
200 autonomous 118-BACKBONE + EQUAL-VALUE SAFE + GATED FINITE-SLOPE HALLEY NumPy Pandrosion
No dependency on previous Python scripts; 118-style homothetic/Mobius starts + 120 equal-value-safe probes + gated finite-slope Halley correction; no Newton/Jacobian fallback path.
========================================================================================================================
case=ks(6,2), seed=108546015, terms=168, Bezout=64
roots=20/20 success=True trials=48 duplicates=15 failures=13
seconds: generation=0.01, extract=0.20, total=0.21
best_root: residual=7.603e-15, trial=47, Lambda=25.33142078143467, theta=140.0, startopt_ratio=0.0011657577949505192
out=/Users/ivanbesevic/Documents/poussiere/benchmarks/smale17_candidate_suite/200_ks6x2_seed4.json
",14,True,168,28,0.2103710174560547,2.4,48,20,0.269683837890625,2.9999013377412085e-09
1.778212566298971e-15,64,"6,2",20,1.0,2,15,201,11888,594.4,13,0.65,/Users/ivanbesevic/Documents/poussiere/benchmarks/smale17_candidate_suite/201_ks6x2_seed4.json,1.2761288066710296e-14,2.0287333862834734e-13,11.637136398515265,2.826225469137055e-15,9.466599867608078e-13,6,20,20,0,0.009931504726409912,4,2416,120.8,,"========================================================================================================================
201 autonomous LOG-STABLE OPTIMAL-PROBE TENSOR-HALLEY NumPy Pandrosion
No dependency on previous Python scripts; 118/120/200 backbone + logarithmic stability + optimal-probe energy + tensorial gated finite-slope Halley; no Newton/Jacobian fallback path.
========================================================================================================================
case=ks(6,2), seed=108546015, terms=168, Bezout=64
roots=20/20 success=True trials=48 duplicates=15 failures=13
seconds: generation=0.01, extract=0.19, total=0.20
best_root: residual=9.442e-15, trial=47, Lambda=25.33142078143467, theta=140.0, startopt_ratio=0.0011657577949505192
out=/Users/ivanbesevic/Documents/poussiere/benchmarks/smale17_candidate_suite/201_ks6x2_seed4.json
",13,True,168,28,0.19863009452819824,2.4,48,20,0.256939172744751,3.882416458800953e-09
2.681835366417615e-15,64,"6,2",20,1.0,2,19,301,13161,658.05,3,0.15,/Users/ivanbesevic/Documents/poussiere/benchmarks/smale17_candidate_suite/301_ks6x2_seed4.json,1.6011864169946884e-14,9.663686605239701e-15,12.047430940701432,3.715836254603007e-15,4.588392061023988e-14,6,20,20,0,0.012470865249633789,4,2996,149.8,,"========================================================================================================================
301 autonomous ANCHORED FULL-CUBIC HALLEY NumPy Pandrosion
No dependency on previous Python scripts; anchored divided-difference Q plus full cubic finite-slope Halley only; no raw Pandrosion-step acceptance, no Newton/Jacobian fallback path.
========================================================================================================================
case=ks(6,2), seed=108546015, terms=168, Bezout=64
roots=20/20 success=True trials=42 duplicates=19 failures=3
seconds: generation=0.01, extract=0.24, total=0.25
best_root: residual=4.288e-15, trial=29, Lambda=1048576.0, theta=40.0, startopt_ratio=0.0016024099609703321
out=/Users/ivanbesevic/Documents/poussiere/benchmarks/smale17_candidate_suite/301_ks6x2_seed4.json
",13,True,168,28,0.24941730499267578,2.1,42,20,0.306988000869751,3.710842417761747e-09
9.454799948965012e-16,64,"6,2",20,1.0,2,12,200,11258,562.9,15,0.75,/Users/ivanbesevic/Documents/poussiere/benchmarks/smale17_candidate_suite/200_ks6x2_seed5.json,3.218344867404965e-14,9.978759012283856e-14,10.409913990446737,3.8338777789386905e-15,4.3576324784895984e-13,6,20,20,0,0.009467661380767822,5,2330,116.5,,"========================================================================================================================
200 autonomous 118-BACKBONE + EQUAL-VALUE SAFE + GATED FINITE-SLOPE HALLEY NumPy Pandrosion
No dependency on previous Python scripts; 118-style homothetic/Mobius starts + 120 equal-value-safe probes + gated finite-slope Halley correction; no Newton/Jacobian fallback path.
========================================================================================================================
case=ks(6,2), seed=1227391750, terms=168, Bezout=64
roots=20/20 success=True trials=47 duplicates=12 failures=15
seconds: generation=0.01, extract=0.18, total=0.19
best_root: residual=4.431e-14, trial=0, Lambda=1.2339460808244847e-06, theta=0.0, startopt_ratio=0.9999999986791154
out=/Users/ivanbesevic/Documents/poussiere/benchmarks/smale17_candidate_suite/200_ks6x2_seed5.json
",14,True,168,28,0.18935322761535645,2.35,47,20,0.24572229385375977,8.871826778662864e-10
1.5803626013929105e-15,64,"6,2",20,1.0,2,12,201,11258,562.9,15,0.75,/Users/ivanbesevic/Documents/poussiere/benchmarks/smale17_candidate_suite/201_ks6x2_seed5.json,4.004197534914713e-14,1.6994512227962833e-13,10.409913990446736,3.170631111515815e-15,7.919395360550254e-13,6,20,20,0,0.009662950038909912,5,2330,116.5,,"========================================================================================================================
201 autonomous LOG-STABLE OPTIMAL-PROBE TENSOR-HALLEY NumPy Pandrosion
No dependency on previous Python scripts; 118/120/200 backbone + logarithmic stability + optimal-probe energy + tensorial gated finite-slope Halley; no Newton/Jacobian fallback path.
========================================================================================================================
case=ks(6,2), seed=1227391750, terms=168, Bezout=64
roots=20/20 success=True trials=47 duplicates=12 failures=15
seconds: generation=0.01, extract=0.18, total=0.19
best_root: residual=7.956e-14, trial=0, Lambda=1.2339460808244847e-06, theta=0.0, startopt_ratio=0.9999999986791154
out=/Users/ivanbesevic/Documents/poussiere/benchmarks/smale17_candidate_suite/201_ks6x2_seed5.json
",14,True,168,28,0.19325900077819824,2.35,47,20,0.2503657341003418,1.278070639915071e-09
4.439694931350381e-15,64,"6,2",20,1.0,2,24,301,12214,610.7,1,0.05,/Users/ivanbesevic/Documents/poussiere/benchmarks/smale17_candidate_suite/301_ks6x2_seed5.json,2.1083716942039423e-14,4.3601384670642e-15,8.822907557233028,3.421187753617209e-15,1.972763536793319e-14,6,20,20,0,0.011708903312683105,5,2764,138.2,,"========================================================================================================================
301 autonomous ANCHORED FULL-CUBIC HALLEY NumPy Pandrosion
No dependency on previous Python scripts; anchored divided-difference Q plus full cubic finite-slope Halley only; no raw Pandrosion-step acceptance, no Newton/Jacobian fallback path.
========================================================================================================================
case=ks(6,2), seed=1227391750, terms=168, Bezout=64
roots=20/20 success=True trials=45 duplicates=24 failures=1
seconds: generation=0.01, extract=0.23, total=0.23
best_root: residual=9.945e-11, trial=14, Lambda=1048576.0, theta=48.00000000000001, startopt_ratio=0.0013122900031071576
out=/Users/ivanbesevic/Documents/poussiere/benchmarks/smale17_candidate_suite/301_ks6x2_seed5.json
",18,True,168,28,0.2341780662536621,2.25,45,20,0.29128098487854004,1.868258469965948e-10
1.9295615482511576e-15,64,"6,2",20,1.0,2,29,200,15007,750.35,13,0.65,/Users/ivanbesevic/Documents/poussiere/benchmarks/smale17_candidate_suite/200_ks6x2_seed6.json,1.7776054015095464e-14,1.0494402991905876e-12,10.147442865308847,2.6757983268594017e-15,3.731520123252398e-12,6,20,20,0,0.012273645401000977,6,3054,152.7,,"========================================================================================================================
200 autonomous 118-BACKBONE + EQUAL-VALUE SAFE + GATED FINITE-SLOPE HALLEY NumPy Pandrosion
No dependency on previous Python scripts; 118-style homothetic/Mobius starts + 120 equal-value-safe probes + gated finite-slope Halley correction; no Newton/Jacobian fallback path.
========================================================================================================================
case=ks(6,2), seed=874013192, terms=168, Bezout=64
roots=20/20 success=True trials=62 duplicates=29 failures=13
seconds: generation=0.01, extract=0.24, total=0.25
best_root: residual=4.645e-12, trial=18, Lambda=901.4318285876925, theta=12.000000000000002, startopt_ratio=0.0012099695776089572
out=/Users/ivanbesevic/Documents/poussiere/benchmarks/smale17_candidate_suite/200_ks6x2_seed6.json
",15,True,168,28,0.24547290802001953,3.1,62,20,0.30179405212402344,4.4836576627472866e-09
3.937869670294875e-15,64,"6,2",20,1.0,2,29,201,15007,750.35,13,0.65,/Users/ivanbesevic/Documents/poussiere/benchmarks/smale17_candidate_suite/201_ks6x2_seed6.json,9.39582605005009e-15,1.8036016717440385e-12,10.147442865309234,2.7846859541607828e-15,7.750956762399911e-12,6,20,20,0,0.012546885013580322,6,3054,152.7,,"========================================================================================================================
201 autonomous LOG-STABLE OPTIMAL-PROBE TENSOR-HALLEY NumPy Pandrosion
No dependency on previous Python scripts; 118/120/200 backbone + logarithmic stability + optimal-probe energy + tensorial gated finite-slope Halley; no Newton/Jacobian fallback path.
========================================================================================================================
case=ks(6,2), seed=874013192, terms=168, Bezout=64
roots=20/20 success=True trials=62 duplicates=29 failures=13
seconds: generation=0.01, extract=0.24, total=0.25
best_root: residual=8.416e-12, trial=18, Lambda=901.4318285876925, theta=12.000000000000002, startopt_ratio=0.0012099695776089572
out=/Users/ivanbesevic/Documents/poussiere/benchmarks/smale17_candidate_suite/201_ks6x2_seed6.json
",16,True,168,28,0.25093770027160645,3.1,62,20,0.3074929714202881,6.294466439751409e-09
4.384162079745893e-15,64,"6,2",20,1.0,2,17,301,12716,635.8,7,0.35,/Users/ivanbesevic/Documents/poussiere/benchmarks/smale17_candidate_suite/301_ks6x2_seed6.json,1.5988753456670228e-14,4.9672369214520125e-15,11.247577573666,3.46642810762824e-15,1.8103445204280818e-14,6,20,20,0,0.01193004846572876,6,2878,143.9,,"========================================================================================================================
301 autonomous ANCHORED FULL-CUBIC HALLEY NumPy Pandrosion
No dependency on previous Python scripts; anchored divided-difference Q plus full cubic finite-slope Halley only; no raw Pandrosion-step acceptance, no Newton/Jacobian fallback path.
========================================================================================================================
case=ks(6,2), seed=874013192, terms=168, Bezout=64
roots=20/20 success=True trials=44 duplicates=17 failures=7
seconds: generation=0.01, extract=0.23, total=0.24
best_root: residual=1.592e-14, trial=12, Lambda=59482.68149456686, theta=0.0, startopt_ratio=0.0012249383766617964
out=/Users/ivanbesevic/Documents/poussiere/benchmarks/smale17_candidate_suite/301_ks6x2_seed6.json
",17,True,168,28,0.2386009693145752,2.2,44,20,0.2968330383300781,3.898414768414666e-09
1.1571320778487717e-15,64,"6,2",20,1.0,2,18,200,12308,615.4,13,0.65,/Users/ivanbesevic/Documents/poussiere/benchmarks/smale17_candidate_suite/200_ks6x2_seed7.json,2.1992786737138997e-14,3.183709131400583e-15,11.121932687011983,3.428311424747766e-15,1.5977957017470975e-14,6,20,20,0,0.010105597972869872,7,2498,124.9,,"========================================================================================================================
200 autonomous 118-BACKBONE + EQUAL-VALUE SAFE + GATED FINITE-SLOPE HALLEY NumPy Pandrosion
No dependency on previous Python scripts; 118-style homothetic/Mobius starts + 120 equal-value-safe probes + gated finite-slope Halley correction; no Newton/Jacobian fallback path.
========================================================================================================================
case=ks(6,2), seed=1290644083, terms=168, Bezout=64
roots=20/20 success=True trials=51 duplicates=18 failures=13
seconds: generation=0.01, extract=0.19, total=0.20
best_root: residual=1.598e-14, trial=11, Lambda=945087.6438169323, theta=18.0, startopt_ratio=0.0014266688960818314
out=/Users/ivanbesevic/Documents/poussiere/benchmarks/smale17_candidate_suite/200_ks6x2_seed7.json
",15,True,168,28,0.20211195945739746,2.55,51,20,0.25771594047546387,3.2858241769978974e-09
1.2646502971445388e-15,64,"6,2",20,1.0,2,18,201,12308,615.4,13,0.65,/Users/ivanbesevic/Documents/poussiere/benchmarks/smale17_candidate_suite/201_ks6x2_seed7.json,2.4062979572782204e-14,3.2938915125128084e-15,11.121932686982436,2.4579128662172424e-15,1.6662492078234054e-14,6,20,20,0,0.010289692878723144,7,2498,124.9,,"========================================================================================================================
201 autonomous LOG-STABLE OPTIMAL-PROBE TENSOR-HALLEY NumPy Pandrosion
No dependency on previous Python scripts; 118/120/200 backbone + logarithmic stability + optimal-probe energy + tensorial gated finite-slope Halley; no Newton/Jacobian fallback path.
========================================================================================================================
case=ks(6,2), seed=1290644083, terms=168, Bezout=64
roots=20/20 success=True trials=51 duplicates=18 failures=13
seconds: generation=0.01, extract=0.20, total=0.21
best_root: residual=1.194e-14, trial=11, Lambda=945087.6438169323, theta=18.0, startopt_ratio=0.0014266688960818314
out=/Users/ivanbesevic/Documents/poussiere/benchmarks/smale17_candidate_suite/201_ks6x2_seed7.json
",15,True,168,28,0.2057938575744629,2.55,51,20,0.2617981433868408,4.2711294813349405e-09
4.062021616455132e-15,64,"6,2",20,1.0,2,24,301,12948,647.4,0,0.0,/Users/ivanbesevic/Documents/poussiere/benchmarks/smale17_candidate_suite/301_ks6x2_seed7.json,1.4511256247735198e-14,9.335627772020995e-15,10.18200995831345,2.4607549309972203e-15,5.762560178017969e-14,6,20,20,0,0.01223679780960083,7,2938,146.9,,"========================================================================================================================
301 autonomous ANCHORED FULL-CUBIC HALLEY NumPy Pandrosion
No dependency on previous Python scripts; anchored divided-difference Q plus full cubic finite-slope Halley only; no raw Pandrosion-step acceptance, no Newton/Jacobian fallback path.
========================================================================================================================
case=ks(6,2), seed=1290644083, terms=168, Bezout=64
roots=20/20 success=True trials=44 duplicates=24 failures=0
seconds: generation=0.01, extract=0.24, total=0.24
best_root: residual=1.111e-14, trial=29, Lambda=1048576.0, theta=91.0, startopt_ratio=0.0014868866259509451
out=/Users/ivanbesevic/Documents/poussiere/benchmarks/smale17_candidate_suite/301_ks6x2_seed7.json
",16,True,168,28,0.2447359561920166,2.2,44,20,0.30132198333740234,9.124175788793029e-09
